solid OpenSCAD_Model
  facet normal 0.998803 -0.0489125 0
    outer loop
      vertex -11.0144 -0.294051 1.6
      vertex -11 0 5.72205e-07
      vertex -11 0 1.6
    endloop
  endfacet
  facet normal 0.998803 -0.0489125 0
    outer loop
      vertex -11 0 5.72205e-07
      vertex -11.0144 -0.294051 1.6
      vertex -11.0144 -0.294051 5.72205e-07
    endloop
  endfacet
  facet normal -0.998803 -0.0489125 0
    outer loop
      vertex -16.9856 -0.294051 5.72205e-07
      vertex -17 0 1.6
      vertex -17 0 5.72205e-07
    endloop
  endfacet
  facet normal -0.998803 -0.0489125 0
    outer loop
      vertex -17 0 1.6
      vertex -16.9856 -0.294051 5.72205e-07
      vertex -16.9856 -0.294051 1.6
    endloop
  endfacet
  facet normal 0.0490738 -0.998795 0
    outer loop
      vertex -14 -3 5.72205e-07
      vertex -13.7059 -2.98555 1.6
      vertex -14 -3 1.6
    endloop
  endfacet
  facet normal 0.0490738 -0.998795 0
    outer loop
      vertex -13.7059 -2.98555 1.6
      vertex -14 -3 5.72205e-07
      vertex -13.7059 -2.98555 5.72205e-07
    endloop
  endfacet
  facet normal -0.0490738 0.998795 0
    outer loop
      vertex -14 3 5.72205e-07
      vertex -14.2941 2.98555 1.6
      vertex -14 3 1.6
    endloop
  endfacet
  facet normal -0.0490738 0.998795 0
    outer loop
      vertex -14.2941 2.98555 1.6
      vertex -14 3 5.72205e-07
      vertex -14.2941 2.98555 5.72205e-07
    endloop
  endfacet
  facet normal 0.740969 -0.671539 0
    outer loop
      vertex -11.8787 -2.12132 1.6
      vertex -11.681 -1.90318 5.72205e-07
      vertex -11.681 -1.90318 1.6
    endloop
  endfacet
  facet normal 0.740969 -0.671539 0
    outer loop
      vertex -11.681 -1.90318 5.72205e-07
      vertex -11.8787 -2.12132 1.6
      vertex -11.8787 -2.12132 5.72205e-07
    endloop
  endfacet
  facet normal -0.671625 -0.740891 0
    outer loop
      vertex -16.1213 -2.12132 5.72205e-07
      vertex -15.9032 -2.31903 1.6
      vertex -16.1213 -2.12132 1.6
    endloop
  endfacet
  facet normal -0.671625 -0.740891 -0
    outer loop
      vertex -15.9032 -2.31903 1.6
      vertex -16.1213 -2.12132 5.72205e-07
      vertex -15.9032 -2.31903 5.72205e-07
    endloop
  endfacet
  facet normal -0.336986 -0.94151 0
    outer loop
      vertex -15.148 -2.77164 5.72205e-07
      vertex -14.8709 -2.87082 1.6
      vertex -15.148 -2.77164 1.6
    endloop
  endfacet
  facet normal -0.336986 -0.94151 -0
    outer loop
      vertex -14.8709 -2.87082 1.6
      vertex -15.148 -2.77164 5.72205e-07
      vertex -14.8709 -2.87082 5.72205e-07
    endloop
  endfacet
  facet normal -0.969979 0.243189 0
    outer loop
      vertex -16.9424 0.585271 5.72205e-07
      vertex -16.8708 0.870853 1.6
      vertex -16.8708 0.870853 5.72205e-07
    endloop
  endfacet
  facet normal -0.969979 0.243189 0
    outer loop
      vertex -16.8708 0.870853 1.6
      vertex -16.9424 0.585271 5.72205e-07
      vertex -16.9424 0.585271 1.6
    endloop
  endfacet
  facet normal 0.904088 -0.427347 0
    outer loop
      vertex -11.3542 -1.41419 1.6
      vertex -11.2284 -1.14805 5.72205e-07
      vertex -11.2284 -1.14805 1.6
    endloop
  endfacet
  facet normal 0.904088 -0.427347 0
    outer loop
      vertex -11.2284 -1.14805 5.72205e-07
      vertex -11.3542 -1.41419 1.6
      vertex -11.3542 -1.41419 5.72205e-07
    endloop
  endfacet
  facet normal 0.857661 -0.514216 0
    outer loop
      vertex -11.5056 -1.66671 1.6
      vertex -11.3542 -1.41419 5.72205e-07
      vertex -11.3542 -1.41419 1.6
    endloop
  endfacet
  facet normal 0.857661 -0.514216 0
    outer loop
      vertex -11.3542 -1.41419 5.72205e-07
      vertex -11.5056 -1.66671 1.6
      vertex -11.5056 -1.66671 5.72205e-07
    endloop
  endfacet
  facet normal 0.427491 -0.90402 0
    outer loop
      vertex -12.852 -2.77164 5.72205e-07
      vertex -12.5858 -2.64576 1.6
      vertex -12.852 -2.77164 1.6
    endloop
  endfacet
  facet normal 0.427491 -0.90402 0
    outer loop
      vertex -12.5858 -2.64576 1.6
      vertex -12.852 -2.77164 5.72205e-07
      vertex -12.5858 -2.64576 5.72205e-07
    endloop
  endfacet
  facet normal -0.857661 -0.514216 0
    outer loop
      vertex -16.4944 -1.66671 5.72205e-07
      vertex -16.6458 -1.41419 1.6
      vertex -16.6458 -1.41419 5.72205e-07
    endloop
  endfacet
  facet normal -0.857661 -0.514216 0
    outer loop
      vertex -16.6458 -1.41419 1.6
      vertex -16.4944 -1.66671 5.72205e-07
      vertex -16.4944 -1.66671 1.6
    endloop
  endfacet
  facet normal -0.803172 -0.595747 0
    outer loop
      vertex -16.319 -1.90318 5.72205e-07
      vertex -16.4944 -1.66671 1.6
      vertex -16.4944 -1.66671 5.72205e-07
    endloop
  endfacet
  facet normal -0.803172 -0.595747 0
    outer loop
      vertex -16.4944 -1.66671 1.6
      vertex -16.319 -1.90318 5.72205e-07
      vertex -16.319 -1.90318 1.6
    endloop
  endfacet
  facet normal -0.146712 -0.989179 0
    outer loop
      vertex -14.5853 -2.94236 5.72205e-07
      vertex -14.2941 -2.98555 1.6
      vertex -14.5853 -2.94236 1.6
    endloop
  endfacet
  facet normal -0.146712 -0.989179 -0
    outer loop
      vertex -14.2941 -2.98555 1.6
      vertex -14.5853 -2.94236 5.72205e-07
      vertex -14.2941 -2.98555 5.72205e-07
    endloop
  endfacet
  facet normal 0.857661 0.514216 0
    outer loop
      vertex -11.3542 1.41419 1.6
      vertex -11.5056 1.66671 5.72205e-07
      vertex -11.5056 1.66671 1.6
    endloop
  endfacet
  facet normal 0.857661 0.514216 0
    outer loop
      vertex -11.5056 1.66671 5.72205e-07
      vertex -11.3542 1.41419 1.6
      vertex -11.3542 1.41419 5.72205e-07
    endloop
  endfacet
  facet normal 0.242983 0.970031 -0
    outer loop
      vertex -13.1291 2.87082 5.72205e-07
      vertex -13.4147 2.94236 1.6
      vertex -13.1291 2.87082 1.6
    endloop
  endfacet
  facet normal 0.242983 0.970031 0
    outer loop
      vertex -13.4147 2.94236 1.6
      vertex -13.1291 2.87082 5.72205e-07
      vertex -13.4147 2.94236 5.72205e-07
    endloop
  endfacet
  facet normal 0.671625 0.740891 -0
    outer loop
      vertex -11.8787 2.12132 5.72205e-07
      vertex -12.0968 2.31903 1.6
      vertex -11.8787 2.12132 1.6
    endloop
  endfacet
  facet normal 0.671625 0.740891 0
    outer loop
      vertex -12.0968 2.31903 1.6
      vertex -11.8787 2.12132 5.72205e-07
      vertex -12.0968 2.31903 5.72205e-07
    endloop
  endfacet
  facet normal 0.969979 0.243189 0
    outer loop
      vertex -11.0576 0.585271 1.6
      vertex -11.1292 0.870853 5.72205e-07
      vertex -11.1292 0.870853 1.6
    endloop
  endfacet
  facet normal 0.969979 0.243189 0
    outer loop
      vertex -11.1292 0.870853 5.72205e-07
      vertex -11.0576 0.585271 1.6
      vertex -11.0576 0.585271 5.72205e-07
    endloop
  endfacet
  facet normal -0.336986 0.94151 0
    outer loop
      vertex -14.8709 2.87082 5.72205e-07
      vertex -15.148 2.77164 1.6
      vertex -14.8709 2.87082 1.6
    endloop
  endfacet
  facet normal -0.336986 0.94151 0
    outer loop
      vertex -15.148 2.77164 1.6
      vertex -14.8709 2.87082 5.72205e-07
      vertex -15.148 2.77164 5.72205e-07
    endloop
  endfacet
  facet normal -0.740969 0.671539 0
    outer loop
      vertex -16.319 1.90318 5.72205e-07
      vertex -16.1213 2.12132 1.6
      vertex -16.1213 2.12132 5.72205e-07
    endloop
  endfacet
  facet normal -0.740969 0.671539 0
    outer loop
      vertex -16.1213 2.12132 1.6
      vertex -16.319 1.90318 5.72205e-07
      vertex -16.319 1.90318 1.6
    endloop
  endfacet
  facet normal -0.803172 0.595747 0
    outer loop
      vertex -16.4944 1.66671 5.72205e-07
      vertex -16.319 1.90318 1.6
      vertex -16.319 1.90318 5.72205e-07
    endloop
  endfacet
  facet normal -0.803172 0.595747 0
    outer loop
      vertex -16.319 1.90318 1.6
      vertex -16.4944 1.66671 5.72205e-07
      vertex -16.4944 1.66671 1.6
    endloop
  endfacet
  facet normal 0 0 1
    outer loop
      vertex -11.0144 0.294051 1.6
      vertex -11.0144 -0.294051 1.6
      vertex -11 0 1.6
    endloop
  endfacet
  facet normal 0 0 1
    outer loop
      vertex -11.0576 0.585271 1.6
      vertex -11.0144 -0.294051 1.6
      vertex -11.0144 0.294051 1.6
    endloop
  endfacet
  facet normal 0 0 1
    outer loop
      vertex -11.0576 0.585271 1.6
      vertex -11.0576 -0.585271 1.6
      vertex -11.0144 -0.294051 1.6
    endloop
  endfacet
  facet normal 0 0 1
    outer loop
      vertex -11.1292 0.870853 1.6
      vertex -11.0576 -0.585271 1.6
      vertex -11.0576 0.585271 1.6
    endloop
  endfacet
  facet normal 0 0 1
    outer loop
      vertex -11.1292 0.870853 1.6
      vertex -11.1292 -0.870853 1.6
      vertex -11.0576 -0.585271 1.6
    endloop
  endfacet
  facet normal 0 0 1
    outer loop
      vertex -11.2284 1.14805 1.6
      vertex -11.1292 -0.870853 1.6
      vertex -11.1292 0.870853 1.6
    endloop
  endfacet
  facet normal 0 0 1
    outer loop
      vertex -11.2284 1.14805 1.6
      vertex -11.2284 -1.14805 1.6
      vertex -11.1292 -0.870853 1.6
    endloop
  endfacet
  facet normal 0 0 1
    outer loop
      vertex -11.3542 1.41419 1.6
      vertex -11.2284 -1.14805 1.6
      vertex -11.2284 1.14805 1.6
    endloop
  endfacet
  facet normal 0 0 1
    outer loop
      vertex -11.3542 1.41419 1.6
      vertex -11.3542 -1.41419 1.6
      vertex -11.2284 -1.14805 1.6
    endloop
  endfacet
  facet normal 0 0 1
    outer loop
      vertex -11.5056 1.66671 1.6
      vertex -11.3542 -1.41419 1.6
      vertex -11.3542 1.41419 1.6
    endloop
  endfacet
  facet normal 0 0 1
    outer loop
      vertex -11.5056 1.66671 1.6
      vertex -11.5056 -1.66671 1.6
      vertex -11.3542 -1.41419 1.6
    endloop
  endfacet
  facet normal 0 0 1
    outer loop
      vertex -11.681 1.90318 1.6
      vertex -11.5056 -1.66671 1.6
      vertex -11.5056 1.66671 1.6
    endloop
  endfacet
  facet normal 0 0 1
    outer loop
      vertex -11.681 1.90318 1.6
      vertex -11.681 -1.90318 1.6
      vertex -11.5056 -1.66671 1.6
    endloop
  endfacet
  facet normal 0 0 1
    outer loop
      vertex -11.8787 2.12132 1.6
      vertex -11.681 -1.90318 1.6
      vertex -11.681 1.90318 1.6
    endloop
  endfacet
  facet normal 0 0 1
    outer loop
      vertex -11.8787 2.12132 1.6
      vertex -11.8787 -2.12132 1.6
      vertex -11.681 -1.90318 1.6
    endloop
  endfacet
  facet normal 0 0 1
    outer loop
      vertex -12.0968 2.31903 1.6
      vertex -11.8787 -2.12132 1.6
      vertex -11.8787 2.12132 1.6
    endloop
  endfacet
  facet normal 0 0 1
    outer loop
      vertex -12.0968 2.31903 1.6
      vertex -12.0968 -2.31903 1.6
      vertex -11.8787 -2.12132 1.6
    endloop
  endfacet
  facet normal 0 0 1
    outer loop
      vertex -12.3333 2.49441 1.6
      vertex -12.0968 -2.31903 1.6
      vertex -12.0968 2.31903 1.6
    endloop
  endfacet
  facet normal 0 0 1
    outer loop
      vertex -12.3333 2.49441 1.6
      vertex -12.3333 -2.49441 1.6
      vertex -12.0968 -2.31903 1.6
    endloop
  endfacet
  facet normal 0 0 1
    outer loop
      vertex -12.5858 2.64576 1.6
      vertex -12.3333 -2.49441 1.6
      vertex -12.3333 2.49441 1.6
    endloop
  endfacet
  facet normal 0 0 1
    outer loop
      vertex -12.5858 2.64576 1.6
      vertex -12.5858 -2.64576 1.6
      vertex -12.3333 -2.49441 1.6
    endloop
  endfacet
  facet normal 0 0 1
    outer loop
      vertex -12.852 2.77164 1.6
      vertex -12.5858 -2.64576 1.6
      vertex -12.5858 2.64576 1.6
    endloop
  endfacet
  facet normal 0 0 1
    outer loop
      vertex -12.852 2.77164 1.6
      vertex -12.852 -2.77164 1.6
      vertex -12.5858 -2.64576 1.6
    endloop
  endfacet
  facet normal 0 0 1
    outer loop
      vertex -13.1291 2.87082 1.6
      vertex -12.852 -2.77164 1.6
      vertex -12.852 2.77164 1.6
    endloop
  endfacet
  facet normal 0 0 1
    outer loop
      vertex -13.1291 2.87082 1.6
      vertex -13.1291 -2.87082 1.6
      vertex -12.852 -2.77164 1.6
    endloop
  endfacet
  facet normal 0 0 1
    outer loop
      vertex -13.4147 2.94236 1.6
      vertex -13.1291 -2.87082 1.6
      vertex -13.1291 2.87082 1.6
    endloop
  endfacet
  facet normal 0 0 1
    outer loop
      vertex -13.4147 2.94236 1.6
      vertex -13.4147 -2.94236 1.6
      vertex -13.1291 -2.87082 1.6
    endloop
  endfacet
  facet normal 0 0 1
    outer loop
      vertex -13.7059 2.98555 1.6
      vertex -13.4147 -2.94236 1.6
      vertex -13.4147 2.94236 1.6
    endloop
  endfacet
  facet normal 0 0 1
    outer loop
      vertex -13.7059 2.98555 1.6
      vertex -13.7059 -2.98555 1.6
      vertex -13.4147 -2.94236 1.6
    endloop
  endfacet
  facet normal 0 0 1
    outer loop
      vertex -14 3 1.6
      vertex -13.7059 -2.98555 1.6
      vertex -13.7059 2.98555 1.6
    endloop
  endfacet
  facet normal 0 0 1
    outer loop
      vertex -14 3 1.6
      vertex -14 -3 1.6
      vertex -13.7059 -2.98555 1.6
    endloop
  endfacet
  facet normal -0 0 1
    outer loop
      vertex -14.2941 2.98555 1.6
      vertex -14 -3 1.6
      vertex -14 3 1.6
    endloop
  endfacet
  facet normal 0 0 1
    outer loop
      vertex -14.2941 2.98555 1.6
      vertex -14.2941 -2.98555 1.6
      vertex -14 -3 1.6
    endloop
  endfacet
  facet normal -0 0 1
    outer loop
      vertex -14.5853 2.94236 1.6
      vertex -14.2941 -2.98555 1.6
      vertex -14.2941 2.98555 1.6
    endloop
  endfacet
  facet normal 0 0 1
    outer loop
      vertex -14.5853 2.94236 1.6
      vertex -14.5853 -2.94236 1.6
      vertex -14.2941 -2.98555 1.6
    endloop
  endfacet
  facet normal -0 0 1
    outer loop
      vertex -14.8709 2.87082 1.6
      vertex -14.5853 -2.94236 1.6
      vertex -14.5853 2.94236 1.6
    endloop
  endfacet
  facet normal 0 0 1
    outer loop
      vertex -14.8709 2.87082 1.6
      vertex -14.8709 -2.87082 1.6
      vertex -14.5853 -2.94236 1.6
    endloop
  endfacet
  facet normal -0 0 1
    outer loop
      vertex -15.148 2.77164 1.6
      vertex -14.8709 -2.87082 1.6
      vertex -14.8709 2.87082 1.6
    endloop
  endfacet
  facet normal 0 0 1
    outer loop
      vertex -15.148 2.77164 1.6
      vertex -15.148 -2.77164 1.6
      vertex -14.8709 -2.87082 1.6
    endloop
  endfacet
  facet normal -0 0 1
    outer loop
      vertex -15.4142 2.64576 1.6
      vertex -15.148 -2.77164 1.6
      vertex -15.148 2.77164 1.6
    endloop
  endfacet
  facet normal 0 0 1
    outer loop
      vertex -15.4142 2.64576 1.6
      vertex -15.4142 -2.64576 1.6
      vertex -15.148 -2.77164 1.6
    endloop
  endfacet
  facet normal -0 0 1
    outer loop
      vertex -15.6667 2.49441 1.6
      vertex -15.4142 -2.64576 1.6
      vertex -15.4142 2.64576 1.6
    endloop
  endfacet
  facet normal 0 0 1
    outer loop
      vertex -15.6667 2.49441 1.6
      vertex -15.6667 -2.49441 1.6
      vertex -15.4142 -2.64576 1.6
    endloop
  endfacet
  facet normal -0 0 1
    outer loop
      vertex -15.9032 2.31903 1.6
      vertex -15.6667 -2.49441 1.6
      vertex -15.6667 2.49441 1.6
    endloop
  endfacet
  facet normal 0 0 1
    outer loop
      vertex -15.9032 2.31903 1.6
      vertex -15.9032 -2.31903 1.6
      vertex -15.6667 -2.49441 1.6
    endloop
  endfacet
  facet normal -0 0 1
    outer loop
      vertex -16.1213 2.12132 1.6
      vertex -15.9032 -2.31903 1.6
      vertex -15.9032 2.31903 1.6
    endloop
  endfacet
  facet normal 0 0 1
    outer loop
      vertex -16.1213 2.12132 1.6
      vertex -16.1213 -2.12132 1.6
      vertex -15.9032 -2.31903 1.6
    endloop
  endfacet
  facet normal -0 0 1
    outer loop
      vertex -16.319 1.90318 1.6
      vertex -16.1213 -2.12132 1.6
      vertex -16.1213 2.12132 1.6
    endloop
  endfacet
  facet normal 0 0 1
    outer loop
      vertex -16.319 1.90318 1.6
      vertex -16.319 -1.90318 1.6
      vertex -16.1213 -2.12132 1.6
    endloop
  endfacet
  facet normal -0 0 1
    outer loop
      vertex -16.4944 1.66671 1.6
      vertex -16.319 -1.90318 1.6
      vertex -16.319 1.90318 1.6
    endloop
  endfacet
  facet normal 0 0 1
    outer loop
      vertex -16.4944 1.66671 1.6
      vertex -16.4944 -1.66671 1.6
      vertex -16.319 -1.90318 1.6
    endloop
  endfacet
  facet normal -0 0 1
    outer loop
      vertex -16.6458 1.41419 1.6
      vertex -16.4944 -1.66671 1.6
      vertex -16.4944 1.66671 1.6
    endloop
  endfacet
  facet normal 0 0 1
    outer loop
      vertex -16.6458 1.41419 1.6
      vertex -16.6458 -1.41419 1.6
      vertex -16.4944 -1.66671 1.6
    endloop
  endfacet
  facet normal -0 0 1
    outer loop
      vertex -16.7716 1.14805 1.6
      vertex -16.6458 -1.41419 1.6
      vertex -16.6458 1.41419 1.6
    endloop
  endfacet
  facet normal 0 0 1
    outer loop
      vertex -16.7716 1.14805 1.6
      vertex -16.7716 -1.14805 1.6
      vertex -16.6458 -1.41419 1.6
    endloop
  endfacet
  facet normal -0 0 1
    outer loop
      vertex -16.8708 0.870853 1.6
      vertex -16.7716 -1.14805 1.6
      vertex -16.7716 1.14805 1.6
    endloop
  endfacet
  facet normal 0 0 1
    outer loop
      vertex -16.8708 0.870853 1.6
      vertex -16.8708 -0.870853 1.6
      vertex -16.7716 -1.14805 1.6
    endloop
  endfacet
  facet normal -0 0 1
    outer loop
      vertex -16.9424 0.585271 1.6
      vertex -16.8708 -0.870853 1.6
      vertex -16.8708 0.870853 1.6
    endloop
  endfacet
  facet normal 0 0 1
    outer loop
      vertex -16.9424 0.585271 1.6
      vertex -16.9424 -0.585271 1.6
      vertex -16.8708 -0.870853 1.6
    endloop
  endfacet
  facet normal -0 0 1
    outer loop
      vertex -16.9856 0.294051 1.6
      vertex -16.9424 -0.585271 1.6
      vertex -16.9424 0.585271 1.6
    endloop
  endfacet
  facet normal 0 0 1
    outer loop
      vertex -16.9856 0.294051 1.6
      vertex -16.9856 -0.294051 1.6
      vertex -16.9424 -0.585271 1.6
    endloop
  endfacet
  facet normal 0 -0 1
    outer loop
      vertex -16.9856 -0.294051 1.6
      vertex -16.9856 0.294051 1.6
      vertex -17 0 1.6
    endloop
  endfacet
  facet normal 0.969979 -0.243189 0
    outer loop
      vertex -11.1292 -0.870853 1.6
      vertex -11.0576 -0.585271 5.72205e-07
      vertex -11.0576 -0.585271 1.6
    endloop
  endfacet
  facet normal 0.969979 -0.243189 0
    outer loop
      vertex -11.0576 -0.585271 5.72205e-07
      vertex -11.1292 -0.870853 1.6
      vertex -11.1292 -0.870853 5.72205e-07
    endloop
  endfacet
  facet normal 0.989176 -0.146736 0
    outer loop
      vertex -11.0576 -0.585271 1.6
      vertex -11.0144 -0.294051 5.72205e-07
      vertex -11.0144 -0.294051 1.6
    endloop
  endfacet
  facet normal 0.989176 -0.146736 0
    outer loop
      vertex -11.0144 -0.294051 5.72205e-07
      vertex -11.0576 -0.585271 1.6
      vertex -11.0576 -0.585271 5.72205e-07
    endloop
  endfacet
  facet normal 0.941525 -0.336942 0
    outer loop
      vertex -11.2284 -1.14805 1.6
      vertex -11.1292 -0.870853 5.72205e-07
      vertex -11.1292 -0.870853 1.6
    endloop
  endfacet
  facet normal 0.941525 -0.336942 0
    outer loop
      vertex -11.1292 -0.870853 5.72205e-07
      vertex -11.2284 -1.14805 1.6
      vertex -11.2284 -1.14805 5.72205e-07
    endloop
  endfacet
  facet normal 0.242983 -0.970031 0
    outer loop
      vertex -13.4147 -2.94236 5.72205e-07
      vertex -13.1291 -2.87082 1.6
      vertex -13.4147 -2.94236 1.6
    endloop
  endfacet
  facet normal 0.242983 -0.970031 0
    outer loop
      vertex -13.1291 -2.87082 1.6
      vertex -13.4147 -2.94236 5.72205e-07
      vertex -13.1291 -2.87082 5.72205e-07
    endloop
  endfacet
  facet normal 0.146712 -0.989179 0
    outer loop
      vertex -13.7059 -2.98555 5.72205e-07
      vertex -13.4147 -2.94236 1.6
      vertex -13.7059 -2.98555 1.6
    endloop
  endfacet
  facet normal 0.146712 -0.989179 0
    outer loop
      vertex -13.4147 -2.94236 1.6
      vertex -13.7059 -2.98555 5.72205e-07
      vertex -13.4147 -2.94236 5.72205e-07
    endloop
  endfacet
  facet normal 0.595655 -0.803241 0
    outer loop
      vertex -12.3333 -2.49441 5.72205e-07
      vertex -12.0968 -2.31903 1.6
      vertex -12.3333 -2.49441 1.6
    endloop
  endfacet
  facet normal 0.595655 -0.803241 0
    outer loop
      vertex -12.0968 -2.31903 1.6
      vertex -12.3333 -2.49441 5.72205e-07
      vertex -12.0968 -2.31903 5.72205e-07
    endloop
  endfacet
  facet normal 0.671625 -0.740891 0
    outer loop
      vertex -12.0968 -2.31903 5.72205e-07
      vertex -11.8787 -2.12132 1.6
      vertex -12.0968 -2.31903 1.6
    endloop
  endfacet
  facet normal 0.671625 -0.740891 0
    outer loop
      vertex -11.8787 -2.12132 1.6
      vertex -12.0968 -2.31903 5.72205e-07
      vertex -11.8787 -2.12132 5.72205e-07
    endloop
  endfacet
  facet normal -0.969979 -0.243189 0
    outer loop
      vertex -16.8708 -0.870853 5.72205e-07
      vertex -16.9424 -0.585271 1.6
      vertex -16.9424 -0.585271 5.72205e-07
    endloop
  endfacet
  facet normal -0.969979 -0.243189 0
    outer loop
      vertex -16.9424 -0.585271 1.6
      vertex -16.8708 -0.870853 5.72205e-07
      vertex -16.8708 -0.870853 1.6
    endloop
  endfacet
  facet normal -0.904088 -0.427347 0
    outer loop
      vertex -16.6458 -1.41419 5.72205e-07
      vertex -16.7716 -1.14805 1.6
      vertex -16.7716 -1.14805 5.72205e-07
    endloop
  endfacet
  facet normal -0.904088 -0.427347 0
    outer loop
      vertex -16.7716 -1.14805 1.6
      vertex -16.6458 -1.41419 5.72205e-07
      vertex -16.6458 -1.41419 1.6
    endloop
  endfacet
  facet normal -0.989176 -0.146736 0
    outer loop
      vertex -16.9424 -0.585271 5.72205e-07
      vertex -16.9856 -0.294051 1.6
      vertex -16.9856 -0.294051 5.72205e-07
    endloop
  endfacet
  facet normal -0.989176 -0.146736 0
    outer loop
      vertex -16.9856 -0.294051 1.6
      vertex -16.9424 -0.585271 5.72205e-07
      vertex -16.9424 -0.585271 1.6
    endloop
  endfacet
  facet normal 0 0 -1
    outer loop
      vertex -12.4534 -0.135794 5.72205e-07
      vertex -11 0 5.72205e-07
      vertex -11.0144 -0.294051 5.72205e-07
    endloop
  endfacet
  facet normal 0 0 -1
    outer loop
      vertex -12.4742 -0.286733 5.72205e-07
      vertex -11.0144 -0.294051 5.72205e-07
      vertex -11.0576 -0.585271 5.72205e-07
    endloop
  endfacet
  facet normal -0 0 -1
    outer loop
      vertex -11 0 5.72205e-07
      vertex -12.4534 -0.135794 5.72205e-07
      vertex -12.4467 0 5.72205e-07
    endloop
  endfacet
  facet normal 0 0 -1
    outer loop
      vertex -12.4806 -0.319006 5.72205e-07
      vertex -11.0576 -0.585271 5.72205e-07
      vertex -11.1292 -0.870853 5.72205e-07
    endloop
  endfacet
  facet normal 0 0 -1
    outer loop
      vertex -11 0 5.72205e-07
      vertex -12.4534 0.135794 5.72205e-07
      vertex -11.0144 0.294051 5.72205e-07
    endloop
  endfacet
  facet normal 0 0 -1
    outer loop
      vertex -12.5192 -0.466398 5.72205e-07
      vertex -11.1292 -0.870853 5.72205e-07
      vertex -11.2284 -1.14805 5.72205e-07
    endloop
  endfacet
  facet normal 0 0 -1
    outer loop
      vertex -12.4542 0.152246 5.72205e-07
      vertex -11.0144 0.294051 5.72205e-07
      vertex -12.4534 0.135794 5.72205e-07
    endloop
  endfacet
  facet normal 0 0 -1
    outer loop
      vertex -12.572 -0.6093 5.72205e-07
      vertex -11.2284 -1.14805 5.72205e-07
      vertex -11.3542 -1.41419 5.72205e-07
    endloop
  endfacet
  facet normal 0 0 -1
    outer loop
      vertex -12.4742 0.286733 5.72205e-07
      vertex -11.0144 0.294051 5.72205e-07
      vertex -12.4542 0.152246 5.72205e-07
    endloop
  endfacet
  facet normal 0 0 -1
    outer loop
      vertex -12.7 -0.848819 5.72205e-07
      vertex -11.3542 -1.41419 5.72205e-07
      vertex -11.5056 -1.66671 5.72205e-07
    endloop
  endfacet
  facet normal -0 0 -1
    outer loop
      vertex -11.0144 0.294051 5.72205e-07
      vertex -12.4742 0.286733 5.72205e-07
      vertex -11.0576 0.585271 5.72205e-07
    endloop
  endfacet
  facet normal 0 0 -1
    outer loop
      vertex -12.7895 -0.972151 5.72205e-07
      vertex -11.5056 -1.66671 5.72205e-07
      vertex -11.681 -1.90318 5.72205e-07
    endloop
  endfacet
  facet normal 0 0 -1
    outer loop
      vertex -12.4766 0.303027 5.72205e-07
      vertex -11.0576 0.585271 5.72205e-07
      vertex -12.4742 0.286733 5.72205e-07
    endloop
  endfacet
  facet normal 0 0 -1
    outer loop
      vertex -12.8104 -0.997586 5.72205e-07
      vertex -11.681 -1.90318 5.72205e-07
      vertex -11.8787 -2.12132 5.72205e-07
    endloop
  endfacet
  facet normal 0 0 -1
    outer loop
      vertex -12.4806 0.319006 5.72205e-07
      vertex -11.0576 0.585271 5.72205e-07
      vertex -12.4766 0.303027 5.72205e-07
    endloop
  endfacet
  facet normal 0 0 -1
    outer loop
      vertex -13.0024 -1.18963 5.72205e-07
      vertex -11.8787 -2.12132 5.72205e-07
      vertex -12.0968 -2.31903 5.72205e-07
    endloop
  endfacet
  facet normal -0 0 -1
    outer loop
      vertex -11.0576 0.585271 5.72205e-07
      vertex -12.4806 0.319006 5.72205e-07
      vertex -11.1292 0.870853 5.72205e-07
    endloop
  endfacet
  facet normal 0 0 -1
    outer loop
      vertex -13.0278 -1.2105 5.72205e-07
      vertex -12.0968 -2.31903 5.72205e-07
      vertex -12.3333 -2.49441 5.72205e-07
    endloop
  endfacet
  facet normal 0 0 -1
    outer loop
      vertex -12.5136 0.450889 5.72205e-07
      vertex -11.1292 0.870853 5.72205e-07
      vertex -12.4806 0.319006 5.72205e-07
    endloop
  endfacet
  facet normal 0 0 -1
    outer loop
      vertex -12.5192 0.466398 5.72205e-07
      vertex -11.1292 0.870853 5.72205e-07
      vertex -12.5136 0.450889 5.72205e-07
    endloop
  endfacet
  facet normal 0 0 -1
    outer loop
      vertex -12.4534 0.135794 5.72205e-07
      vertex -11 0 5.72205e-07
      vertex -12.4467 0 5.72205e-07
    endloop
  endfacet
  facet normal 0 0 -1
    outer loop
      vertex -11.0144 -0.294051 5.72205e-07
      vertex -12.4542 -0.152246 5.72205e-07
      vertex -12.4534 -0.135794 5.72205e-07
    endloop
  endfacet
  facet normal 0 0 -1
    outer loop
      vertex -11.0144 -0.294051 5.72205e-07
      vertex -12.4742 -0.286733 5.72205e-07
      vertex -12.4542 -0.152246 5.72205e-07
    endloop
  endfacet
  facet normal 0 0 -1
    outer loop
      vertex -11.0576 -0.585271 5.72205e-07
      vertex -12.4766 -0.303027 5.72205e-07
      vertex -12.4742 -0.286733 5.72205e-07
    endloop
  endfacet
  facet normal 0 0 -1
    outer loop
      vertex -11.0576 -0.585271 5.72205e-07
      vertex -12.4806 -0.319006 5.72205e-07
      vertex -12.4766 -0.303027 5.72205e-07
    endloop
  endfacet
  facet normal 0 0 -1
    outer loop
      vertex -11.1292 -0.870853 5.72205e-07
      vertex -12.5136 -0.450889 5.72205e-07
      vertex -12.4806 -0.319006 5.72205e-07
    endloop
  endfacet
  facet normal 0 0 -1
    outer loop
      vertex -11.1292 -0.870853 5.72205e-07
      vertex -12.5192 -0.466398 5.72205e-07
      vertex -12.5136 -0.450889 5.72205e-07
    endloop
  endfacet
  facet normal 0 0 -1
    outer loop
      vertex -11.2284 -1.14805 5.72205e-07
      vertex -12.565 -0.594409 5.72205e-07
      vertex -12.5192 -0.466398 5.72205e-07
    endloop
  endfacet
  facet normal 0 0 -1
    outer loop
      vertex -11.2284 -1.14805 5.72205e-07
      vertex -12.572 -0.6093 5.72205e-07
      vertex -12.565 -0.594409 5.72205e-07
    endloop
  endfacet
  facet normal 0 0 -1
    outer loop
      vertex -13.1512 -1.29996 5.72205e-07
      vertex -12.3333 -2.49441 5.72205e-07
      vertex -12.5858 -2.64576 5.72205e-07
    endloop
  endfacet
  facet normal 0 0 -1
    outer loop
      vertex -11.3542 -1.41419 5.72205e-07
      vertex -12.6301 -0.732204 5.72205e-07
      vertex -12.572 -0.6093 5.72205e-07
    endloop
  endfacet
  facet normal 0 0 -1
    outer loop
      vertex -11.3542 -1.41419 5.72205e-07
      vertex -12.7 -0.848819 5.72205e-07
      vertex -12.6301 -0.732204 5.72205e-07
    endloop
  endfacet
  facet normal 0 0 -1
    outer loop
      vertex -11.5056 -1.66671 5.72205e-07
      vertex -12.7085 -0.862948 5.72205e-07
      vertex -12.7 -0.848819 5.72205e-07
    endloop
  endfacet
  facet normal 0 0 -1
    outer loop
      vertex -11.5056 -1.66671 5.72205e-07
      vertex -12.7895 -0.972151 5.72205e-07
      vertex -12.7085 -0.862948 5.72205e-07
    endloop
  endfacet
  facet normal 0 0 -1
    outer loop
      vertex -11.681 -1.90318 5.72205e-07
      vertex -12.7993 -0.985381 5.72205e-07
      vertex -12.7895 -0.972151 5.72205e-07
    endloop
  endfacet
  facet normal 0 0 -1
    outer loop
      vertex -11.681 -1.90318 5.72205e-07
      vertex -12.8104 -0.997586 5.72205e-07
      vertex -12.7993 -0.985381 5.72205e-07
    endloop
  endfacet
  facet normal 0 0 -1
    outer loop
      vertex -13.3907 -1.42799 5.72205e-07
      vertex -12.5858 -2.64576 5.72205e-07
      vertex -12.852 -2.77164 5.72205e-07
    endloop
  endfacet
  facet normal 0 0 -1
    outer loop
      vertex -11.8787 -2.12132 5.72205e-07
      vertex -12.9017 -1.09833 5.72205e-07
      vertex -12.8104 -0.997586 5.72205e-07
    endloop
  endfacet
  facet normal 0 0 -1
    outer loop
      vertex -11.8787 -2.12132 5.72205e-07
      vertex -13.0024 -1.18963 5.72205e-07
      vertex -12.9017 -1.09833 5.72205e-07
    endloop
  endfacet
  facet normal 0 0 -1
    outer loop
      vertex -12.0968 -2.31903 5.72205e-07
      vertex -13.0146 -1.20069 5.72205e-07
      vertex -13.0024 -1.18963 5.72205e-07
    endloop
  endfacet
  facet normal 0 0 -1
    outer loop
      vertex -12.0968 -2.31903 5.72205e-07
      vertex -13.0278 -1.2105 5.72205e-07
      vertex -13.0146 -1.20069 5.72205e-07
    endloop
  endfacet
  facet normal 0 0 -1
    outer loop
      vertex -13.5336 -1.48083 5.72205e-07
      vertex -12.852 -2.77164 5.72205e-07
      vertex -13.1291 -2.87082 5.72205e-07
    endloop
  endfacet
  facet normal 0 0 -1
    outer loop
      vertex -12.3333 -2.49441 5.72205e-07
      vertex -13.1371 -1.29149 5.72205e-07
      vertex -13.0278 -1.2105 5.72205e-07
    endloop
  endfacet
  facet normal 0 0 -1
    outer loop
      vertex -12.3333 -2.49441 5.72205e-07
      vertex -13.1512 -1.29996 5.72205e-07
      vertex -13.1371 -1.29149 5.72205e-07
    endloop
  endfacet
  facet normal 0 0 -1
    outer loop
      vertex -12.5858 -2.64576 5.72205e-07
      vertex -13.2678 -1.36986 5.72205e-07
      vertex -13.1512 -1.29996 5.72205e-07
    endloop
  endfacet
  facet normal 0 0 -1
    outer loop
      vertex -12.5858 -2.64576 5.72205e-07
      vertex -13.3907 -1.42799 5.72205e-07
      vertex -13.2678 -1.36986 5.72205e-07
    endloop
  endfacet
  facet normal 0 0 -1
    outer loop
      vertex -12.852 -2.77164 5.72205e-07
      vertex -13.4056 -1.43503 5.72205e-07
      vertex -13.3907 -1.42799 5.72205e-07
    endloop
  endfacet
  facet normal 0 0 -1
    outer loop
      vertex -13.681 -1.51942 5.72205e-07
      vertex -13.1291 -2.87082 5.72205e-07
      vertex -13.4147 -2.94236 5.72205e-07
    endloop
  endfacet
  facet normal 0 0 -1
    outer loop
      vertex -12.852 -2.77164 5.72205e-07
      vertex -13.5336 -1.48083 5.72205e-07
      vertex -13.4056 -1.43503 5.72205e-07
    endloop
  endfacet
  facet normal 0 0 -1
    outer loop
      vertex -13.1291 -2.87082 5.72205e-07
      vertex -13.5491 -1.48638 5.72205e-07
      vertex -13.5336 -1.48083 5.72205e-07
    endloop
  endfacet
  facet normal 0 0 -1
    outer loop
      vertex -13.1291 -2.87082 5.72205e-07
      vertex -13.681 -1.51942 5.72205e-07
      vertex -13.5491 -1.48638 5.72205e-07
    endloop
  endfacet
  facet normal 0 0 -1
    outer loop
      vertex -13.4147 -2.94236 5.72205e-07
      vertex -13.697 -1.52342 5.72205e-07
      vertex -13.681 -1.51942 5.72205e-07
    endloop
  endfacet
  facet normal 0 0 -1
    outer loop
      vertex -13.7133 -1.52584 5.72205e-07
      vertex -13.4147 -2.94236 5.72205e-07
      vertex -13.7059 -2.98555 5.72205e-07
    endloop
  endfacet
  facet normal 0 0 -1
    outer loop
      vertex -13.4147 -2.94236 5.72205e-07
      vertex -13.7133 -1.52584 5.72205e-07
      vertex -13.697 -1.52342 5.72205e-07
    endloop
  endfacet
  facet normal 0 0 -1
    outer loop
      vertex -13.7059 -2.98555 5.72205e-07
      vertex -13.8478 -1.54579 5.72205e-07
      vertex -13.7133 -1.52584 5.72205e-07
    endloop
  endfacet
  facet normal 0 0 -1
    outer loop
      vertex -13.7059 -2.98555 5.72205e-07
      vertex -13.8642 -1.5466 5.72205e-07
      vertex -13.8478 -1.54579 5.72205e-07
    endloop
  endfacet
  facet normal 0 0 -1
    outer loop
      vertex -14 -3 5.72205e-07
      vertex -13.8642 -1.5466 5.72205e-07
      vertex -13.7059 -2.98555 5.72205e-07
    endloop
  endfacet
  facet normal 0 0 -1
    outer loop
      vertex -14 -3 5.72205e-07
      vertex -14 -1.55327 5.72205e-07
      vertex -13.8642 -1.5466 5.72205e-07
    endloop
  endfacet
  facet normal 0 0 -1
    outer loop
      vertex -14 -3 5.72205e-07
      vertex -14.1358 -1.5466 5.72205e-07
      vertex -14 -1.55327 5.72205e-07
    endloop
  endfacet
  facet normal 0 0 -1
    outer loop
      vertex -14.2941 -2.98555 5.72205e-07
      vertex -14.1358 -1.5466 5.72205e-07
      vertex -14 -3 5.72205e-07
    endloop
  endfacet
  facet normal -0 0 -1
    outer loop
      vertex -14.1358 -1.5466 5.72205e-07
      vertex -14.2941 -2.98555 5.72205e-07
      vertex -14.1522 -1.54579 5.72205e-07
    endloop
  endfacet
  facet normal -0 0 -1
    outer loop
      vertex -14.1522 -1.54579 5.72205e-07
      vertex -14.2941 -2.98555 5.72205e-07
      vertex -14.2867 -1.52584 5.72205e-07
    endloop
  endfacet
  facet normal 0 0 -1
    outer loop
      vertex -14.5853 -2.94236 5.72205e-07
      vertex -14.2867 -1.52584 5.72205e-07
      vertex -14.2941 -2.98555 5.72205e-07
    endloop
  endfacet
  facet normal -0 0 -1
    outer loop
      vertex -14.2867 -1.52584 5.72205e-07
      vertex -14.5853 -2.94236 5.72205e-07
      vertex -14.303 -1.52342 5.72205e-07
    endloop
  endfacet
  facet normal -0 0 -1
    outer loop
      vertex -14.303 -1.52342 5.72205e-07
      vertex -14.5853 -2.94236 5.72205e-07
      vertex -14.319 -1.51942 5.72205e-07
    endloop
  endfacet
  facet normal 0 0 -1
    outer loop
      vertex -14.8709 -2.87082 5.72205e-07
      vertex -14.319 -1.51942 5.72205e-07
      vertex -14.5853 -2.94236 5.72205e-07
    endloop
  endfacet
  facet normal -0 0 -1
    outer loop
      vertex -14.319 -1.51942 5.72205e-07
      vertex -14.8709 -2.87082 5.72205e-07
      vertex -14.4509 -1.48638 5.72205e-07
    endloop
  endfacet
  facet normal -0 0 -1
    outer loop
      vertex -14.4509 -1.48638 5.72205e-07
      vertex -14.8709 -2.87082 5.72205e-07
      vertex -14.4664 -1.48083 5.72205e-07
    endloop
  endfacet
  facet normal 0 0 -1
    outer loop
      vertex -15.148 -2.77164 5.72205e-07
      vertex -14.4664 -1.48083 5.72205e-07
      vertex -14.8709 -2.87082 5.72205e-07
    endloop
  endfacet
  facet normal -0 0 -1
    outer loop
      vertex -14.4664 -1.48083 5.72205e-07
      vertex -15.148 -2.77164 5.72205e-07
      vertex -14.5944 -1.43503 5.72205e-07
    endloop
  endfacet
  facet normal -0 0 -1
    outer loop
      vertex -14.5944 -1.43503 5.72205e-07
      vertex -15.148 -2.77164 5.72205e-07
      vertex -14.6093 -1.42799 5.72205e-07
    endloop
  endfacet
  facet normal 0 0 -1
    outer loop
      vertex -15.4142 -2.64576 5.72205e-07
      vertex -14.6093 -1.42799 5.72205e-07
      vertex -15.148 -2.77164 5.72205e-07
    endloop
  endfacet
  facet normal -0 0 -1
    outer loop
      vertex -14.6093 -1.42799 5.72205e-07
      vertex -15.4142 -2.64576 5.72205e-07
      vertex -14.7322 -1.36986 5.72205e-07
    endloop
  endfacet
  facet normal -0 0 -1
    outer loop
      vertex -14.7322 -1.36986 5.72205e-07
      vertex -15.4142 -2.64576 5.72205e-07
      vertex -14.8488 -1.29996 5.72205e-07
    endloop
  endfacet
  facet normal 0 0 -1
    outer loop
      vertex -15.6667 -2.49441 5.72205e-07
      vertex -14.8488 -1.29996 5.72205e-07
      vertex -15.4142 -2.64576 5.72205e-07
    endloop
  endfacet
  facet normal -0 0 -1
    outer loop
      vertex -14.8488 -1.29996 5.72205e-07
      vertex -15.6667 -2.49441 5.72205e-07
      vertex -14.8629 -1.29149 5.72205e-07
    endloop
  endfacet
  facet normal -0 0 -1
    outer loop
      vertex -14.8629 -1.29149 5.72205e-07
      vertex -15.6667 -2.49441 5.72205e-07
      vertex -14.9722 -1.2105 5.72205e-07
    endloop
  endfacet
  facet normal 0 0 -1
    outer loop
      vertex -15.9032 -2.31903 5.72205e-07
      vertex -14.9722 -1.2105 5.72205e-07
      vertex -15.6667 -2.49441 5.72205e-07
    endloop
  endfacet
  facet normal -0 0 -1
    outer loop
      vertex -14.9722 -1.2105 5.72205e-07
      vertex -15.9032 -2.31903 5.72205e-07
      vertex -14.9854 -1.20069 5.72205e-07
    endloop
  endfacet
  facet normal -0 0 -1
    outer loop
      vertex -14.9854 -1.20069 5.72205e-07
      vertex -15.9032 -2.31903 5.72205e-07
      vertex -14.9976 -1.18963 5.72205e-07
    endloop
  endfacet
  facet normal 0 0 -1
    outer loop
      vertex -16.1213 -2.12132 5.72205e-07
      vertex -14.9976 -1.18963 5.72205e-07
      vertex -15.9032 -2.31903 5.72205e-07
    endloop
  endfacet
  facet normal -0 0 -1
    outer loop
      vertex -14.9976 -1.18963 5.72205e-07
      vertex -16.1213 -2.12132 5.72205e-07
      vertex -15.0983 -1.09833 5.72205e-07
    endloop
  endfacet
  facet normal -0 0 -1
    outer loop
      vertex -15.0983 -1.09833 5.72205e-07
      vertex -16.1213 -2.12132 5.72205e-07
      vertex -15.1896 -0.997586 5.72205e-07
    endloop
  endfacet
  facet normal 0 0 -1
    outer loop
      vertex -16.319 -1.90318 5.72205e-07
      vertex -15.1896 -0.997586 5.72205e-07
      vertex -16.1213 -2.12132 5.72205e-07
    endloop
  endfacet
  facet normal -0 0 -1
    outer loop
      vertex -15.1896 -0.997586 5.72205e-07
      vertex -16.319 -1.90318 5.72205e-07
      vertex -15.2007 -0.985381 5.72205e-07
    endloop
  endfacet
  facet normal -0 0 -1
    outer loop
      vertex -15.2007 -0.985381 5.72205e-07
      vertex -16.319 -1.90318 5.72205e-07
      vertex -15.2105 -0.972151 5.72205e-07
    endloop
  endfacet
  facet normal 0 0 -1
    outer loop
      vertex -16.4944 -1.66671 5.72205e-07
      vertex -15.2105 -0.972151 5.72205e-07
      vertex -16.319 -1.90318 5.72205e-07
    endloop
  endfacet
  facet normal -0 0 -1
    outer loop
      vertex -15.2105 -0.972151 5.72205e-07
      vertex -16.4944 -1.66671 5.72205e-07
      vertex -15.2915 -0.862948 5.72205e-07
    endloop
  endfacet
  facet normal -0 0 -1
    outer loop
      vertex -15.2915 -0.862948 5.72205e-07
      vertex -16.4944 -1.66671 5.72205e-07
      vertex -15.3 -0.848819 5.72205e-07
    endloop
  endfacet
  facet normal 0 0 -1
    outer loop
      vertex -16.6458 -1.41419 5.72205e-07
      vertex -15.3 -0.848819 5.72205e-07
      vertex -16.4944 -1.66671 5.72205e-07
    endloop
  endfacet
  facet normal -0 0 -1
    outer loop
      vertex -15.3 -0.848819 5.72205e-07
      vertex -16.6458 -1.41419 5.72205e-07
      vertex -15.3699 -0.732204 5.72205e-07
    endloop
  endfacet
  facet normal -0 0 -1
    outer loop
      vertex -15.3699 -0.732204 5.72205e-07
      vertex -16.6458 -1.41419 5.72205e-07
      vertex -15.428 -0.6093 5.72205e-07
    endloop
  endfacet
  facet normal 0 0 -1
    outer loop
      vertex -16.7716 -1.14805 5.72205e-07
      vertex -15.428 -0.6093 5.72205e-07
      vertex -16.6458 -1.41419 5.72205e-07
    endloop
  endfacet
  facet normal 0 0 -1
    outer loop
      vertex -16.8708 -0.870853 5.72205e-07
      vertex -15.4808 -0.466398 5.72205e-07
      vertex -16.7716 -1.14805 5.72205e-07
    endloop
  endfacet
  facet normal -0 0 -1
    outer loop
      vertex -15.435 -0.594409 5.72205e-07
      vertex -16.7716 -1.14805 5.72205e-07
      vertex -15.4808 -0.466398 5.72205e-07
    endloop
  endfacet
  facet normal -0 0 -1
    outer loop
      vertex -15.428 -0.6093 5.72205e-07
      vertex -16.7716 -1.14805 5.72205e-07
      vertex -15.435 -0.594409 5.72205e-07
    endloop
  endfacet
  facet normal -0 0 -1
    outer loop
      vertex -11.1292 0.870853 5.72205e-07
      vertex -12.5192 0.466398 5.72205e-07
      vertex -11.2284 1.14805 5.72205e-07
    endloop
  endfacet
  facet normal 0 0 -1
    outer loop
      vertex -12.565 0.594409 5.72205e-07
      vertex -11.2284 1.14805 5.72205e-07
      vertex -12.5192 0.466398 5.72205e-07
    endloop
  endfacet
  facet normal 0 0 -1
    outer loop
      vertex -12.572 0.6093 5.72205e-07
      vertex -11.2284 1.14805 5.72205e-07
      vertex -12.565 0.594409 5.72205e-07
    endloop
  endfacet
  facet normal -0 0 -1
    outer loop
      vertex -11.2284 1.14805 5.72205e-07
      vertex -12.572 0.6093 5.72205e-07
      vertex -11.3542 1.41419 5.72205e-07
    endloop
  endfacet
  facet normal 0 0 -1
    outer loop
      vertex -12.6301 0.732204 5.72205e-07
      vertex -11.3542 1.41419 5.72205e-07
      vertex -12.572 0.6093 5.72205e-07
    endloop
  endfacet
  facet normal 0 0 -1
    outer loop
      vertex -12.7 0.848819 5.72205e-07
      vertex -11.3542 1.41419 5.72205e-07
      vertex -12.6301 0.732204 5.72205e-07
    endloop
  endfacet
  facet normal -0 0 -1
    outer loop
      vertex -11.3542 1.41419 5.72205e-07
      vertex -12.7 0.848819 5.72205e-07
      vertex -11.5056 1.66671 5.72205e-07
    endloop
  endfacet
  facet normal 0 0 -1
    outer loop
      vertex -12.7085 0.862948 5.72205e-07
      vertex -11.5056 1.66671 5.72205e-07
      vertex -12.7 0.848819 5.72205e-07
    endloop
  endfacet
  facet normal 0 0 -1
    outer loop
      vertex -12.7895 0.972151 5.72205e-07
      vertex -11.5056 1.66671 5.72205e-07
      vertex -12.7085 0.862948 5.72205e-07
    endloop
  endfacet
  facet normal -0 0 -1
    outer loop
      vertex -11.5056 1.66671 5.72205e-07
      vertex -12.7895 0.972151 5.72205e-07
      vertex -11.681 1.90318 5.72205e-07
    endloop
  endfacet
  facet normal 0 0 -1
    outer loop
      vertex -12.7993 0.985381 5.72205e-07
      vertex -11.681 1.90318 5.72205e-07
      vertex -12.7895 0.972151 5.72205e-07
    endloop
  endfacet
  facet normal 0 0 -1
    outer loop
      vertex -12.8104 0.997586 5.72205e-07
      vertex -11.681 1.90318 5.72205e-07
      vertex -12.7993 0.985381 5.72205e-07
    endloop
  endfacet
  facet normal -0 0 -1
    outer loop
      vertex -11.681 1.90318 5.72205e-07
      vertex -12.8104 0.997586 5.72205e-07
      vertex -11.8787 2.12132 5.72205e-07
    endloop
  endfacet
  facet normal 0 0 -1
    outer loop
      vertex -12.9017 1.09833 5.72205e-07
      vertex -11.8787 2.12132 5.72205e-07
      vertex -12.8104 0.997586 5.72205e-07
    endloop
  endfacet
  facet normal 0 0 -1
    outer loop
      vertex -13.0024 1.18963 5.72205e-07
      vertex -11.8787 2.12132 5.72205e-07
      vertex -12.9017 1.09833 5.72205e-07
    endloop
  endfacet
  facet normal -0 0 -1
    outer loop
      vertex -11.8787 2.12132 5.72205e-07
      vertex -13.0024 1.18963 5.72205e-07
      vertex -12.0968 2.31903 5.72205e-07
    endloop
  endfacet
  facet normal 0 0 -1
    outer loop
      vertex -13.0146 1.20069 5.72205e-07
      vertex -12.0968 2.31903 5.72205e-07
      vertex -13.0024 1.18963 5.72205e-07
    endloop
  endfacet
  facet normal 0 0 -1
    outer loop
      vertex -13.0278 1.2105 5.72205e-07
      vertex -12.0968 2.31903 5.72205e-07
      vertex -13.0146 1.20069 5.72205e-07
    endloop
  endfacet
  facet normal -0 0 -1
    outer loop
      vertex -12.0968 2.31903 5.72205e-07
      vertex -13.0278 1.2105 5.72205e-07
      vertex -12.3333 2.49441 5.72205e-07
    endloop
  endfacet
  facet normal 0 0 -1
    outer loop
      vertex -13.1371 1.29149 5.72205e-07
      vertex -12.3333 2.49441 5.72205e-07
      vertex -13.0278 1.2105 5.72205e-07
    endloop
  endfacet
  facet normal 0 0 -1
    outer loop
      vertex -13.1512 1.29996 5.72205e-07
      vertex -12.3333 2.49441 5.72205e-07
      vertex -13.1371 1.29149 5.72205e-07
    endloop
  endfacet
  facet normal -0 0 -1
    outer loop
      vertex -12.3333 2.49441 5.72205e-07
      vertex -13.1512 1.29996 5.72205e-07
      vertex -12.5858 2.64576 5.72205e-07
    endloop
  endfacet
  facet normal 0 0 -1
    outer loop
      vertex -13.2678 1.36986 5.72205e-07
      vertex -12.5858 2.64576 5.72205e-07
      vertex -13.1512 1.29996 5.72205e-07
    endloop
  endfacet
  facet normal 0 0 -1
    outer loop
      vertex -13.3907 1.42799 5.72205e-07
      vertex -12.5858 2.64576 5.72205e-07
      vertex -13.2678 1.36986 5.72205e-07
    endloop
  endfacet
  facet normal -0 0 -1
    outer loop
      vertex -12.5858 2.64576 5.72205e-07
      vertex -13.3907 1.42799 5.72205e-07
      vertex -12.852 2.77164 5.72205e-07
    endloop
  endfacet
  facet normal 0 0 -1
    outer loop
      vertex -13.4056 1.43503 5.72205e-07
      vertex -12.852 2.77164 5.72205e-07
      vertex -13.3907 1.42799 5.72205e-07
    endloop
  endfacet
  facet normal 0 0 -1
    outer loop
      vertex -13.5336 1.48083 5.72205e-07
      vertex -12.852 2.77164 5.72205e-07
      vertex -13.4056 1.43503 5.72205e-07
    endloop
  endfacet
  facet normal -0 0 -1
    outer loop
      vertex -12.852 2.77164 5.72205e-07
      vertex -13.5336 1.48083 5.72205e-07
      vertex -13.1291 2.87082 5.72205e-07
    endloop
  endfacet
  facet normal 0 0 -1
    outer loop
      vertex -13.5491 1.48638 5.72205e-07
      vertex -13.1291 2.87082 5.72205e-07
      vertex -13.5336 1.48083 5.72205e-07
    endloop
  endfacet
  facet normal 0 0 -1
    outer loop
      vertex -13.681 1.51942 5.72205e-07
      vertex -13.1291 2.87082 5.72205e-07
      vertex -13.5491 1.48638 5.72205e-07
    endloop
  endfacet
  facet normal -0 0 -1
    outer loop
      vertex -13.1291 2.87082 5.72205e-07
      vertex -13.681 1.51942 5.72205e-07
      vertex -13.4147 2.94236 5.72205e-07
    endloop
  endfacet
  facet normal 0 0 -1
    outer loop
      vertex -13.697 1.52342 5.72205e-07
      vertex -13.4147 2.94236 5.72205e-07
      vertex -13.681 1.51942 5.72205e-07
    endloop
  endfacet
  facet normal 0 0 -1
    outer loop
      vertex -13.7133 1.52584 5.72205e-07
      vertex -13.4147 2.94236 5.72205e-07
      vertex -13.697 1.52342 5.72205e-07
    endloop
  endfacet
  facet normal -0 0 -1
    outer loop
      vertex -13.4147 2.94236 5.72205e-07
      vertex -13.7133 1.52584 5.72205e-07
      vertex -13.7059 2.98555 5.72205e-07
    endloop
  endfacet
  facet normal 0 0 -1
    outer loop
      vertex -13.8478 1.54579 5.72205e-07
      vertex -13.7059 2.98555 5.72205e-07
      vertex -13.7133 1.52584 5.72205e-07
    endloop
  endfacet
  facet normal 0 0 -1
    outer loop
      vertex -13.8642 1.5466 5.72205e-07
      vertex -13.7059 2.98555 5.72205e-07
      vertex -13.8478 1.54579 5.72205e-07
    endloop
  endfacet
  facet normal 0 0 -1
    outer loop
      vertex -14 3 5.72205e-07
      vertex -13.8642 1.5466 5.72205e-07
      vertex -14 1.55327 5.72205e-07
    endloop
  endfacet
  facet normal 0 0 -1
    outer loop
      vertex -13.8642 1.5466 5.72205e-07
      vertex -14 3 5.72205e-07
      vertex -13.7059 2.98555 5.72205e-07
    endloop
  endfacet
  facet normal 0 0 -1
    outer loop
      vertex -14.1358 1.5466 5.72205e-07
      vertex -14 3 5.72205e-07
      vertex -14 1.55327 5.72205e-07
    endloop
  endfacet
  facet normal 0 0 -1
    outer loop
      vertex -14.2941 2.98555 5.72205e-07
      vertex -14.1358 1.5466 5.72205e-07
      vertex -14.1522 1.54579 5.72205e-07
    endloop
  endfacet
  facet normal 0 0 -1
    outer loop
      vertex -14.2941 2.98555 5.72205e-07
      vertex -14.1522 1.54579 5.72205e-07
      vertex -14.2867 1.52584 5.72205e-07
    endloop
  endfacet
  facet normal 0 0 -1
    outer loop
      vertex -14.1358 1.5466 5.72205e-07
      vertex -14.2941 2.98555 5.72205e-07
      vertex -14 3 5.72205e-07
    endloop
  endfacet
  facet normal 0 0 -1
    outer loop
      vertex -14.5853 2.94236 5.72205e-07
      vertex -14.2867 1.52584 5.72205e-07
      vertex -14.303 1.52342 5.72205e-07
    endloop
  endfacet
  facet normal 0 0 -1
    outer loop
      vertex -14.5853 2.94236 5.72205e-07
      vertex -14.303 1.52342 5.72205e-07
      vertex -14.319 1.51942 5.72205e-07
    endloop
  endfacet
  facet normal 0 0 -1
    outer loop
      vertex -14.8709 2.87082 5.72205e-07
      vertex -14.319 1.51942 5.72205e-07
      vertex -14.4509 1.48638 5.72205e-07
    endloop
  endfacet
  facet normal 0 0 -1
    outer loop
      vertex -14.8709 2.87082 5.72205e-07
      vertex -14.4509 1.48638 5.72205e-07
      vertex -14.4664 1.48083 5.72205e-07
    endloop
  endfacet
  facet normal 0 0 -1
    outer loop
      vertex -14.2867 1.52584 5.72205e-07
      vertex -14.5853 2.94236 5.72205e-07
      vertex -14.2941 2.98555 5.72205e-07
    endloop
  endfacet
  facet normal 0 0 -1
    outer loop
      vertex -15.148 2.77164 5.72205e-07
      vertex -14.4664 1.48083 5.72205e-07
      vertex -14.5944 1.43503 5.72205e-07
    endloop
  endfacet
  facet normal 0 0 -1
    outer loop
      vertex -15.148 2.77164 5.72205e-07
      vertex -14.5944 1.43503 5.72205e-07
      vertex -14.6093 1.42799 5.72205e-07
    endloop
  endfacet
  facet normal 0 0 -1
    outer loop
      vertex -15.4142 2.64576 5.72205e-07
      vertex -14.6093 1.42799 5.72205e-07
      vertex -14.7322 1.36986 5.72205e-07
    endloop
  endfacet
  facet normal 0 0 -1
    outer loop
      vertex -15.4142 2.64576 5.72205e-07
      vertex -14.7322 1.36986 5.72205e-07
      vertex -14.8488 1.29996 5.72205e-07
    endloop
  endfacet
  facet normal 0 0 -1
    outer loop
      vertex -15.6667 2.49441 5.72205e-07
      vertex -14.8488 1.29996 5.72205e-07
      vertex -14.8629 1.29149 5.72205e-07
    endloop
  endfacet
  facet normal 0 0 -1
    outer loop
      vertex -14.319 1.51942 5.72205e-07
      vertex -14.8709 2.87082 5.72205e-07
      vertex -14.5853 2.94236 5.72205e-07
    endloop
  endfacet
  facet normal 0 0 -1
    outer loop
      vertex -15.6667 2.49441 5.72205e-07
      vertex -14.8629 1.29149 5.72205e-07
      vertex -14.9722 1.2105 5.72205e-07
    endloop
  endfacet
  facet normal 0 0 -1
    outer loop
      vertex -15.9032 2.31903 5.72205e-07
      vertex -14.9722 1.2105 5.72205e-07
      vertex -14.9854 1.20069 5.72205e-07
    endloop
  endfacet
  facet normal 0 0 -1
    outer loop
      vertex -15.9032 2.31903 5.72205e-07
      vertex -14.9854 1.20069 5.72205e-07
      vertex -14.9976 1.18963 5.72205e-07
    endloop
  endfacet
  facet normal 0 0 -1
    outer loop
      vertex -16.1213 2.12132 5.72205e-07
      vertex -14.9976 1.18963 5.72205e-07
      vertex -15.0983 1.09833 5.72205e-07
    endloop
  endfacet
  facet normal 0 0 -1
    outer loop
      vertex -14.4664 1.48083 5.72205e-07
      vertex -15.148 2.77164 5.72205e-07
      vertex -14.8709 2.87082 5.72205e-07
    endloop
  endfacet
  facet normal 0 0 -1
    outer loop
      vertex -16.1213 2.12132 5.72205e-07
      vertex -15.0983 1.09833 5.72205e-07
      vertex -15.1896 0.997586 5.72205e-07
    endloop
  endfacet
  facet normal 0 0 -1
    outer loop
      vertex -16.319 1.90318 5.72205e-07
      vertex -15.1896 0.997586 5.72205e-07
      vertex -15.2007 0.985381 5.72205e-07
    endloop
  endfacet
  facet normal 0 0 -1
    outer loop
      vertex -16.319 1.90318 5.72205e-07
      vertex -15.2007 0.985381 5.72205e-07
      vertex -15.2105 0.972151 5.72205e-07
    endloop
  endfacet
  facet normal 0 0 -1
    outer loop
      vertex -16.4944 1.66671 5.72205e-07
      vertex -15.2105 0.972151 5.72205e-07
      vertex -15.2915 0.862948 5.72205e-07
    endloop
  endfacet
  facet normal 0 0 -1
    outer loop
      vertex -16.4944 1.66671 5.72205e-07
      vertex -15.2915 0.862948 5.72205e-07
      vertex -15.3 0.848819 5.72205e-07
    endloop
  endfacet
  facet normal 0 0 -1
    outer loop
      vertex -16.6458 1.41419 5.72205e-07
      vertex -15.3 0.848819 5.72205e-07
      vertex -15.3699 0.732204 5.72205e-07
    endloop
  endfacet
  facet normal 0 0 -1
    outer loop
      vertex -14.6093 1.42799 5.72205e-07
      vertex -15.4142 2.64576 5.72205e-07
      vertex -15.148 2.77164 5.72205e-07
    endloop
  endfacet
  facet normal 0 0 -1
    outer loop
      vertex -16.6458 1.41419 5.72205e-07
      vertex -15.3699 0.732204 5.72205e-07
      vertex -15.428 0.6093 5.72205e-07
    endloop
  endfacet
  facet normal 0 0 -1
    outer loop
      vertex -16.7716 1.14805 5.72205e-07
      vertex -15.428 0.6093 5.72205e-07
      vertex -15.435 0.594409 5.72205e-07
    endloop
  endfacet
  facet normal 0 0 -1
    outer loop
      vertex -16.7716 1.14805 5.72205e-07
      vertex -15.435 0.594409 5.72205e-07
      vertex -15.4808 0.466398 5.72205e-07
    endloop
  endfacet
  facet normal 0 0 -1
    outer loop
      vertex -16.8708 0.870853 5.72205e-07
      vertex -15.4808 0.466398 5.72205e-07
      vertex -15.4864 0.450889 5.72205e-07
    endloop
  endfacet
  facet normal 0 0 -1
    outer loop
      vertex -16.8708 0.870853 5.72205e-07
      vertex -15.4864 0.450889 5.72205e-07
      vertex -15.5194 0.319006 5.72205e-07
    endloop
  endfacet
  facet normal 0 0 -1
    outer loop
      vertex -16.9424 0.585271 5.72205e-07
      vertex -15.5194 0.319006 5.72205e-07
      vertex -15.5234 0.303027 5.72205e-07
    endloop
  endfacet
  facet normal 0 0 -1
    outer loop
      vertex -16.9424 0.585271 5.72205e-07
      vertex -15.5234 0.303027 5.72205e-07
      vertex -15.5258 0.286733 5.72205e-07
    endloop
  endfacet
  facet normal 0 0 -1
    outer loop
      vertex -16.9856 0.294051 5.72205e-07
      vertex -15.5258 0.286733 5.72205e-07
      vertex -15.5458 0.152246 5.72205e-07
    endloop
  endfacet
  facet normal 0 0 -1
    outer loop
      vertex -14.8488 1.29996 5.72205e-07
      vertex -15.6667 2.49441 5.72205e-07
      vertex -15.4142 2.64576 5.72205e-07
    endloop
  endfacet
  facet normal 0 0 -1
    outer loop
      vertex -16.9856 0.294051 5.72205e-07
      vertex -15.5458 0.152246 5.72205e-07
      vertex -15.5466 0.135794 5.72205e-07
    endloop
  endfacet
  facet normal 0 0 -1
    outer loop
      vertex -17 0 5.72205e-07
      vertex -15.5466 0.135794 5.72205e-07
      vertex -15.5533 0 5.72205e-07
    endloop
  endfacet
  facet normal -0 0 -1
    outer loop
      vertex -15.4808 -0.466398 5.72205e-07
      vertex -16.8708 -0.870853 5.72205e-07
      vertex -15.4864 -0.450889 5.72205e-07
    endloop
  endfacet
  facet normal -0 0 -1
    outer loop
      vertex -15.4864 -0.450889 5.72205e-07
      vertex -16.8708 -0.870853 5.72205e-07
      vertex -15.5194 -0.319006 5.72205e-07
    endloop
  endfacet
  facet normal 0 0 -1
    outer loop
      vertex -14.9722 1.2105 5.72205e-07
      vertex -15.9032 2.31903 5.72205e-07
      vertex -15.6667 2.49441 5.72205e-07
    endloop
  endfacet
  facet normal 0 0 -1
    outer loop
      vertex -16.9424 -0.585271 5.72205e-07
      vertex -15.5194 -0.319006 5.72205e-07
      vertex -16.8708 -0.870853 5.72205e-07
    endloop
  endfacet
  facet normal 0 0 -1
    outer loop
      vertex -14.9976 1.18963 5.72205e-07
      vertex -16.1213 2.12132 5.72205e-07
      vertex -15.9032 2.31903 5.72205e-07
    endloop
  endfacet
  facet normal -0 0 -1
    outer loop
      vertex -15.5194 -0.319006 5.72205e-07
      vertex -16.9424 -0.585271 5.72205e-07
      vertex -15.5234 -0.303027 5.72205e-07
    endloop
  endfacet
  facet normal 0 0 -1
    outer loop
      vertex -15.1896 0.997586 5.72205e-07
      vertex -16.319 1.90318 5.72205e-07
      vertex -16.1213 2.12132 5.72205e-07
    endloop
  endfacet
  facet normal -0 0 -1
    outer loop
      vertex -15.5234 -0.303027 5.72205e-07
      vertex -16.9424 -0.585271 5.72205e-07
      vertex -15.5258 -0.286733 5.72205e-07
    endloop
  endfacet
  facet normal 0 0 -1
    outer loop
      vertex -15.2105 0.972151 5.72205e-07
      vertex -16.4944 1.66671 5.72205e-07
      vertex -16.319 1.90318 5.72205e-07
    endloop
  endfacet
  facet normal 0 0 -1
    outer loop
      vertex -16.9856 -0.294051 5.72205e-07
      vertex -15.5258 -0.286733 5.72205e-07
      vertex -16.9424 -0.585271 5.72205e-07
    endloop
  endfacet
  facet normal 0 0 -1
    outer loop
      vertex -15.3 0.848819 5.72205e-07
      vertex -16.6458 1.41419 5.72205e-07
      vertex -16.4944 1.66671 5.72205e-07
    endloop
  endfacet
  facet normal -0 0 -1
    outer loop
      vertex -15.5258 -0.286733 5.72205e-07
      vertex -16.9856 -0.294051 5.72205e-07
      vertex -15.5458 -0.152246 5.72205e-07
    endloop
  endfacet
  facet normal 0 0 -1
    outer loop
      vertex -15.428 0.6093 5.72205e-07
      vertex -16.7716 1.14805 5.72205e-07
      vertex -16.6458 1.41419 5.72205e-07
    endloop
  endfacet
  facet normal -0 0 -1
    outer loop
      vertex -15.5458 -0.152246 5.72205e-07
      vertex -16.9856 -0.294051 5.72205e-07
      vertex -15.5466 -0.135794 5.72205e-07
    endloop
  endfacet
  facet normal 0 0 -1
    outer loop
      vertex -15.4808 0.466398 5.72205e-07
      vertex -16.8708 0.870853 5.72205e-07
      vertex -16.7716 1.14805 5.72205e-07
    endloop
  endfacet
  facet normal 0 0 -1
    outer loop
      vertex -17 0 5.72205e-07
      vertex -15.5466 -0.135794 5.72205e-07
      vertex -16.9856 -0.294051 5.72205e-07
    endloop
  endfacet
  facet normal 0 0 -1
    outer loop
      vertex -15.5194 0.319006 5.72205e-07
      vertex -16.9424 0.585271 5.72205e-07
      vertex -16.8708 0.870853 5.72205e-07
    endloop
  endfacet
  facet normal 0 0 -1
    outer loop
      vertex -15.5466 -0.135794 5.72205e-07
      vertex -17 0 5.72205e-07
      vertex -15.5533 0 5.72205e-07
    endloop
  endfacet
  facet normal 0 0 -1
    outer loop
      vertex -15.5258 0.286733 5.72205e-07
      vertex -16.9856 0.294051 5.72205e-07
      vertex -16.9424 0.585271 5.72205e-07
    endloop
  endfacet
  facet normal -0 0 -1
    outer loop
      vertex -15.5466 0.135794 5.72205e-07
      vertex -17 0 5.72205e-07
      vertex -16.9856 0.294051 5.72205e-07
    endloop
  endfacet
  facet normal -0.514121 -0.857718 0
    outer loop
      vertex -15.6667 -2.49441 5.72205e-07
      vertex -15.4142 -2.64576 1.6
      vertex -15.6667 -2.49441 1.6
    endloop
  endfacet
  facet normal -0.514121 -0.857718 -0
    outer loop
      vertex -15.4142 -2.64576 1.6
      vertex -15.6667 -2.49441 5.72205e-07
      vertex -15.4142 -2.64576 5.72205e-07
    endloop
  endfacet
  facet normal -0.0490738 -0.998795 0
    outer loop
      vertex -14.2941 -2.98555 5.72205e-07
      vertex -14 -3 1.6
      vertex -14.2941 -2.98555 1.6
    endloop
  endfacet
  facet normal -0.0490738 -0.998795 -0
    outer loop
      vertex -14 -3 1.6
      vertex -14.2941 -2.98555 5.72205e-07
      vertex -14 -3 5.72205e-07
    endloop
  endfacet
  facet normal 0.998803 0.0489125 0
    outer loop
      vertex -11 0 1.6
      vertex -11.0144 0.294051 5.72205e-07
      vertex -11.0144 0.294051 1.6
    endloop
  endfacet
  facet normal 0.998803 0.0489125 0
    outer loop
      vertex -11.0144 0.294051 5.72205e-07
      vertex -11 0 1.6
      vertex -11 0 5.72205e-07
    endloop
  endfacet
  facet normal 0.0490738 0.998795 -0
    outer loop
      vertex -13.7059 2.98555 5.72205e-07
      vertex -14 3 1.6
      vertex -13.7059 2.98555 1.6
    endloop
  endfacet
  facet normal 0.0490738 0.998795 0
    outer loop
      vertex -14 3 1.6
      vertex -13.7059 2.98555 5.72205e-07
      vertex -14 3 5.72205e-07
    endloop
  endfacet
  facet normal 0.427491 0.90402 -0
    outer loop
      vertex -12.5858 2.64576 5.72205e-07
      vertex -12.852 2.77164 1.6
      vertex -12.5858 2.64576 1.6
    endloop
  endfacet
  facet normal 0.427491 0.90402 0
    outer loop
      vertex -12.852 2.77164 1.6
      vertex -12.5858 2.64576 5.72205e-07
      vertex -12.852 2.77164 5.72205e-07
    endloop
  endfacet
  facet normal 0.595655 0.803241 -0
    outer loop
      vertex -12.0968 2.31903 5.72205e-07
      vertex -12.3333 2.49441 1.6
      vertex -12.0968 2.31903 1.6
    endloop
  endfacet
  facet normal 0.595655 0.803241 0
    outer loop
      vertex -12.3333 2.49441 1.6
      vertex -12.0968 2.31903 5.72205e-07
      vertex -12.3333 2.49441 5.72205e-07
    endloop
  endfacet
  facet normal 0.514121 0.857718 -0
    outer loop
      vertex -12.3333 2.49441 5.72205e-07
      vertex -12.5858 2.64576 1.6
      vertex -12.3333 2.49441 1.6
    endloop
  endfacet
  facet normal 0.514121 0.857718 0
    outer loop
      vertex -12.5858 2.64576 1.6
      vertex -12.3333 2.49441 5.72205e-07
      vertex -12.5858 2.64576 5.72205e-07
    endloop
  endfacet
  facet normal 0.740969 0.671539 0
    outer loop
      vertex -11.681 1.90318 1.6
      vertex -11.8787 2.12132 5.72205e-07
      vertex -11.8787 2.12132 1.6
    endloop
  endfacet
  facet normal 0.740969 0.671539 0
    outer loop
      vertex -11.8787 2.12132 5.72205e-07
      vertex -11.681 1.90318 1.6
      vertex -11.681 1.90318 5.72205e-07
    endloop
  endfacet
  facet normal 0.803172 0.595747 0
    outer loop
      vertex -11.5056 1.66671 1.6
      vertex -11.681 1.90318 5.72205e-07
      vertex -11.681 1.90318 1.6
    endloop
  endfacet
  facet normal 0.803172 0.595747 0
    outer loop
      vertex -11.681 1.90318 5.72205e-07
      vertex -11.5056 1.66671 1.6
      vertex -11.5056 1.66671 5.72205e-07
    endloop
  endfacet
  facet normal -0.671625 0.740891 0
    outer loop
      vertex -15.9032 2.31903 5.72205e-07
      vertex -16.1213 2.12132 1.6
      vertex -15.9032 2.31903 1.6
    endloop
  endfacet
  facet normal -0.671625 0.740891 0
    outer loop
      vertex -16.1213 2.12132 1.6
      vertex -15.9032 2.31903 5.72205e-07
      vertex -16.1213 2.12132 5.72205e-07
    endloop
  endfacet
  facet normal -0.595655 0.803241 0
    outer loop
      vertex -15.6667 2.49441 5.72205e-07
      vertex -15.9032 2.31903 1.6
      vertex -15.6667 2.49441 1.6
    endloop
  endfacet
  facet normal -0.595655 0.803241 0
    outer loop
      vertex -15.9032 2.31903 1.6
      vertex -15.6667 2.49441 5.72205e-07
      vertex -15.9032 2.31903 5.72205e-07
    endloop
  endfacet
  facet normal -0.514121 0.857718 0
    outer loop
      vertex -15.4142 2.64576 5.72205e-07
      vertex -15.6667 2.49441 1.6
      vertex -15.4142 2.64576 1.6
    endloop
  endfacet
  facet normal -0.514121 0.857718 0
    outer loop
      vertex -15.6667 2.49441 1.6
      vertex -15.4142 2.64576 5.72205e-07
      vertex -15.6667 2.49441 5.72205e-07
    endloop
  endfacet
  facet normal -0.146712 0.989179 0
    outer loop
      vertex -14.2941 2.98555 5.72205e-07
      vertex -14.5853 2.94236 1.6
      vertex -14.2941 2.98555 1.6
    endloop
  endfacet
  facet normal -0.146712 0.989179 0
    outer loop
      vertex -14.5853 2.94236 1.6
      vertex -14.2941 2.98555 5.72205e-07
      vertex -14.5853 2.94236 5.72205e-07
    endloop
  endfacet
  facet normal -0.904088 0.427347 0
    outer loop
      vertex -16.7716 1.14805 5.72205e-07
      vertex -16.6458 1.41419 1.6
      vertex -16.6458 1.41419 5.72205e-07
    endloop
  endfacet
  facet normal -0.904088 0.427347 0
    outer loop
      vertex -16.6458 1.41419 1.6
      vertex -16.7716 1.14805 5.72205e-07
      vertex -16.7716 1.14805 1.6
    endloop
  endfacet
  facet normal -0.941525 0.336942 0
    outer loop
      vertex -16.8708 0.870853 5.72205e-07
      vertex -16.7716 1.14805 1.6
      vertex -16.7716 1.14805 5.72205e-07
    endloop
  endfacet
  facet normal -0.941525 0.336942 0
    outer loop
      vertex -16.7716 1.14805 1.6
      vertex -16.8708 0.870853 5.72205e-07
      vertex -16.8708 0.870853 1.6
    endloop
  endfacet
  facet normal -0.998803 0.0489125 0
    outer loop
      vertex -17 0 5.72205e-07
      vertex -16.9856 0.294051 1.6
      vertex -16.9856 0.294051 5.72205e-07
    endloop
  endfacet
  facet normal -0.998803 0.0489125 0
    outer loop
      vertex -16.9856 0.294051 1.6
      vertex -17 0 5.72205e-07
      vertex -17 0 1.6
    endloop
  endfacet
  facet normal 0.803172 -0.595747 0
    outer loop
      vertex -11.681 -1.90318 1.6
      vertex -11.5056 -1.66671 5.72205e-07
      vertex -11.5056 -1.66671 1.6
    endloop
  endfacet
  facet normal 0.803172 -0.595747 0
    outer loop
      vertex -11.5056 -1.66671 5.72205e-07
      vertex -11.681 -1.90318 1.6
      vertex -11.681 -1.90318 5.72205e-07
    endloop
  endfacet
  facet normal 0.336986 -0.94151 0
    outer loop
      vertex -13.1291 -2.87082 5.72205e-07
      vertex -12.852 -2.77164 1.6
      vertex -13.1291 -2.87082 1.6
    endloop
  endfacet
  facet normal 0.336986 -0.94151 0
    outer loop
      vertex -12.852 -2.77164 1.6
      vertex -13.1291 -2.87082 5.72205e-07
      vertex -12.852 -2.77164 5.72205e-07
    endloop
  endfacet
  facet normal 0.514121 -0.857718 0
    outer loop
      vertex -12.5858 -2.64576 5.72205e-07
      vertex -12.3333 -2.49441 1.6
      vertex -12.5858 -2.64576 1.6
    endloop
  endfacet
  facet normal 0.514121 -0.857718 0
    outer loop
      vertex -12.3333 -2.49441 1.6
      vertex -12.5858 -2.64576 5.72205e-07
      vertex -12.3333 -2.49441 5.72205e-07
    endloop
  endfacet
  facet normal -0.740969 -0.671539 0
    outer loop
      vertex -16.1213 -2.12132 5.72205e-07
      vertex -16.319 -1.90318 1.6
      vertex -16.319 -1.90318 5.72205e-07
    endloop
  endfacet
  facet normal -0.740969 -0.671539 0
    outer loop
      vertex -16.319 -1.90318 1.6
      vertex -16.1213 -2.12132 5.72205e-07
      vertex -16.1213 -2.12132 1.6
    endloop
  endfacet
  facet normal -0.941525 -0.336942 0
    outer loop
      vertex -16.7716 -1.14805 5.72205e-07
      vertex -16.8708 -0.870853 1.6
      vertex -16.8708 -0.870853 5.72205e-07
    endloop
  endfacet
  facet normal -0.941525 -0.336942 0
    outer loop
      vertex -16.8708 -0.870853 1.6
      vertex -16.7716 -1.14805 5.72205e-07
      vertex -16.7716 -1.14805 1.6
    endloop
  endfacet
  facet normal -0.595655 -0.803241 0
    outer loop
      vertex -15.9032 -2.31903 5.72205e-07
      vertex -15.6667 -2.49441 1.6
      vertex -15.9032 -2.31903 1.6
    endloop
  endfacet
  facet normal -0.595655 -0.803241 -0
    outer loop
      vertex -15.6667 -2.49441 1.6
      vertex -15.9032 -2.31903 5.72205e-07
      vertex -15.6667 -2.49441 5.72205e-07
    endloop
  endfacet
  facet normal -0.427491 -0.90402 0
    outer loop
      vertex -15.4142 -2.64576 5.72205e-07
      vertex -15.148 -2.77164 1.6
      vertex -15.4142 -2.64576 1.6
    endloop
  endfacet
  facet normal -0.427491 -0.90402 -0
    outer loop
      vertex -15.148 -2.77164 1.6
      vertex -15.4142 -2.64576 5.72205e-07
      vertex -15.148 -2.77164 5.72205e-07
    endloop
  endfacet
  facet normal -0.242983 -0.970031 0
    outer loop
      vertex -14.8709 -2.87082 5.72205e-07
      vertex -14.5853 -2.94236 1.6
      vertex -14.8709 -2.87082 1.6
    endloop
  endfacet
  facet normal -0.242983 -0.970031 -0
    outer loop
      vertex -14.5853 -2.94236 1.6
      vertex -14.8709 -2.87082 5.72205e-07
      vertex -14.5853 -2.94236 5.72205e-07
    endloop
  endfacet
  facet normal 0.146712 0.989179 -0
    outer loop
      vertex -13.4147 2.94236 5.72205e-07
      vertex -13.7059 2.98555 1.6
      vertex -13.4147 2.94236 1.6
    endloop
  endfacet
  facet normal 0.146712 0.989179 0
    outer loop
      vertex -13.7059 2.98555 1.6
      vertex -13.4147 2.94236 5.72205e-07
      vertex -13.7059 2.98555 5.72205e-07
    endloop
  endfacet
  facet normal 0.336986 0.94151 -0
    outer loop
      vertex -12.852 2.77164 5.72205e-07
      vertex -13.1291 2.87082 1.6
      vertex -12.852 2.77164 1.6
    endloop
  endfacet
  facet normal 0.336986 0.94151 0
    outer loop
      vertex -13.1291 2.87082 1.6
      vertex -12.852 2.77164 5.72205e-07
      vertex -13.1291 2.87082 5.72205e-07
    endloop
  endfacet
  facet normal 0.904088 0.427347 0
    outer loop
      vertex -11.2284 1.14805 1.6
      vertex -11.3542 1.41419 5.72205e-07
      vertex -11.3542 1.41419 1.6
    endloop
  endfacet
  facet normal 0.904088 0.427347 0
    outer loop
      vertex -11.3542 1.41419 5.72205e-07
      vertex -11.2284 1.14805 1.6
      vertex -11.2284 1.14805 5.72205e-07
    endloop
  endfacet
  facet normal 0.941525 0.336942 0
    outer loop
      vertex -11.1292 0.870853 1.6
      vertex -11.2284 1.14805 5.72205e-07
      vertex -11.2284 1.14805 1.6
    endloop
  endfacet
  facet normal 0.941525 0.336942 0
    outer loop
      vertex -11.2284 1.14805 5.72205e-07
      vertex -11.1292 0.870853 1.6
      vertex -11.1292 0.870853 5.72205e-07
    endloop
  endfacet
  facet normal 0.989176 0.146736 0
    outer loop
      vertex -11.0144 0.294051 1.6
      vertex -11.0576 0.585271 5.72205e-07
      vertex -11.0576 0.585271 1.6
    endloop
  endfacet
  facet normal 0.989176 0.146736 0
    outer loop
      vertex -11.0576 0.585271 5.72205e-07
      vertex -11.0144 0.294051 1.6
      vertex -11.0144 0.294051 5.72205e-07
    endloop
  endfacet
  facet normal -0.427491 0.90402 0
    outer loop
      vertex -15.148 2.77164 5.72205e-07
      vertex -15.4142 2.64576 1.6
      vertex -15.148 2.77164 1.6
    endloop
  endfacet
  facet normal -0.427491 0.90402 0
    outer loop
      vertex -15.4142 2.64576 1.6
      vertex -15.148 2.77164 5.72205e-07
      vertex -15.4142 2.64576 5.72205e-07
    endloop
  endfacet
  facet normal -0.242983 0.970031 0
    outer loop
      vertex -14.5853 2.94236 5.72205e-07
      vertex -14.8709 2.87082 1.6
      vertex -14.5853 2.94236 1.6
    endloop
  endfacet
  facet normal -0.242983 0.970031 0
    outer loop
      vertex -14.8709 2.87082 1.6
      vertex -14.5853 2.94236 5.72205e-07
      vertex -14.8709 2.87082 5.72205e-07
    endloop
  endfacet
  facet normal -0.857661 0.514216 0
    outer loop
      vertex -16.6458 1.41419 5.72205e-07
      vertex -16.4944 1.66671 1.6
      vertex -16.4944 1.66671 5.72205e-07
    endloop
  endfacet
  facet normal -0.857661 0.514216 0
    outer loop
      vertex -16.4944 1.66671 1.6
      vertex -16.6458 1.41419 5.72205e-07
      vertex -16.6458 1.41419 1.6
    endloop
  endfacet
  facet normal -0.989176 0.146736 0
    outer loop
      vertex -16.9856 0.294051 5.72205e-07
      vertex -16.9424 0.585271 1.6
      vertex -16.9424 0.585271 5.72205e-07
    endloop
  endfacet
  facet normal -0.989176 0.146736 0
    outer loop
      vertex -16.9424 0.585271 1.6
      vertex -16.9856 0.294051 5.72205e-07
      vertex -16.9856 0.294051 1.6
    endloop
  endfacet
  facet normal -0.149343 0.249119 -0.956889
    outer loop
      vertex -13.2899 -1.32859 0.0141941
      vertex -13.1512 -1.29996 5.72205e-07
      vertex -13.2678 -1.36986 5.72205e-07
    endloop
  endfacet
  facet normal -0.149405 0.249467 -0.956789
    outer loop
      vertex -13.1512 -1.29996 5.72205e-07
      vertex -13.2899 -1.32859 0.0141941
      vertex -13.163 -1.25259 0.0141941
    endloop
  endfacet
  facet normal 0.0286633 0.193203 -0.98074
    outer loop
      vertex -14.0892 -0.905348 0.132895
      vertex -14.1477 -1.49922 0.0141941
      vertex -14.2939 -1.47753 0.0141941
    endloop
  endfacet
  facet normal 0.0142562 -0.290254 -0.956843
    outer loop
      vertex -14 1.50648 0.0141941
      vertex -14.1358 1.5466 5.72205e-07
      vertex -14 1.55327 5.72205e-07
    endloop
  endfacet
  facet normal 0.0142656 -0.290225 -0.956852
    outer loop
      vertex -14.1358 1.5466 5.72205e-07
      vertex -14 1.50648 0.0141941
      vertex -14.1477 1.49922 0.0141941
    endloop
  endfacet
  facet normal -0.0835123 0.176559 -0.980741
    outer loop
      vertex -13.5712 -0.802309 0.132895
      vertex -13.4235 -1.3918 0.0141941
      vertex -13.6519 -0.84048 0.132895
    endloop
  endfacet
  facet normal -0.0426495 -0.287476 -0.956838
    outer loop
      vertex -13.8523 1.49922 0.0141941
      vertex -13.7133 1.52584 5.72205e-07
      vertex -13.7061 1.47753 0.0141941
    endloop
  endfacet
  facet normal -0.0426441 -0.287501 -0.956831
    outer loop
      vertex -13.7133 1.52584 5.72205e-07
      vertex -13.8523 1.49922 0.0141941
      vertex -13.8478 1.54579 5.72205e-07
    endloop
  endfacet
  facet normal -0.0658413 0.18389 -0.980739
    outer loop
      vertex -13.6519 -0.84048 0.132895
      vertex -13.5627 -1.44161 0.0141941
      vertex -13.7359 -0.870556 0.132895
    endloop
  endfacet
  facet normal 0.1839 -0.0658521 -0.980737
    outer loop
      vertex -14.8405 0.348138 0.132895
      vertex -14.8706 0.26408 0.132895
      vertex -15.4416 0.437306 0.0141941
    endloop
  endfacet
  facet normal -0.0970707 -0.0144629 -0.995172
    outer loop
      vertex -13.1078 0.177479 0.132895
      vertex -13.6972 0.0298185 0.192532
      vertex -13.7016 0.05935 0.192532
    endloop
  endfacet
  facet normal 0.183909 -0.065796 -0.980739
    outer loop
      vertex -15.3918 0.576504 0.0141941
      vertex -14.8405 0.348138 0.132895
      vertex -15.4416 0.437306 0.0141941
    endloop
  endfacet
  facet normal 0.249016 -0.149808 -0.956843
    outer loop
      vertex -15.2915 0.862948 5.72205e-07
      vertex -15.2526 0.836953 0.0141941
      vertex -15.3 0.848819 5.72205e-07
    endloop
  endfacet
  facet normal 0.0142562 0.290254 -0.956843
    outer loop
      vertex -14.1358 -1.5466 5.72205e-07
      vertex -14 -1.50648 0.0141941
      vertex -14 -1.55327 5.72205e-07
    endloop
  endfacet
  facet normal 0.0142656 0.290225 -0.956852
    outer loop
      vertex -14 -1.50648 0.0141941
      vertex -14.1358 -1.5466 5.72205e-07
      vertex -14.1477 -1.49922 0.0141941
    endloop
  endfacet
  facet normal -0.0727397 0.0658681 -0.995174
    outer loop
      vertex -13.2968 -0.577126 0.132895
      vertex -13.3567 -0.643275 0.132895
      vertex -13.7849 -0.215116 0.192532
    endloop
  endfacet
  facet normal 0.124146 -0.262752 -0.956843
    outer loop
      vertex -14.5944 1.43503 5.72205e-07
      vertex -14.5765 1.3918 0.0141941
      vertex -14.6093 1.42799 5.72205e-07
    endloop
  endfacet
  facet normal -0.173299 -0.233185 -0.956866
    outer loop
      vertex -13.0278 1.2105 5.72205e-07
      vertex -13.0146 1.20069 5.72205e-07
      vertex -13.0443 1.16452 0.0141941
    endloop
  endfacet
  facet normal -0.176566 0.0834976 -0.980741
    outer loop
      vertex -12.6082 -0.576504 0.0141941
      vertex -12.6714 -0.710148 0.0141941
      vertex -13.1977 -0.428843 0.132895
    endloop
  endfacet
  facet normal 0.273763 0.0979475 -0.956797
    outer loop
      vertex -15.4808 -0.466398 5.72205e-07
      vertex -15.3918 -0.576504 0.0141941
      vertex -15.435 -0.594409 5.72205e-07
    endloop
  endfacet
  facet normal 0.273753 0.097939 -0.9568
    outer loop
      vertex -15.3918 -0.576504 0.0141941
      vertex -15.4808 -0.466398 5.72205e-07
      vertex -15.4416 -0.437306 0.0141941
    endloop
  endfacet
  facet normal 0.156858 -0.116373 -0.980741
    outer loop
      vertex -14.7032 0.577126 0.132895
      vertex -14.7564 0.505418 0.132895
      vertex -15.2526 0.836953 0.0141941
    endloop
  endfacet
  facet normal -0.116377 0.156852 -0.980741
    outer loop
      vertex -13.0443 -1.16452 0.0141941
      vertex -13.163 -1.25259 0.0141941
      vertex -13.4229 -0.70323 0.132895
    endloop
  endfacet
  facet normal 0.149793 0.24936 -0.956756
    outer loop
      vertex -14.837 -1.25259 0.0141941
      vertex -14.8488 -1.29996 5.72205e-07
      vertex -14.8629 -1.29149 5.72205e-07
    endloop
  endfacet
  facet normal 0.124146 0.262752 -0.956843
    outer loop
      vertex -14.5765 -1.3918 0.0141941
      vertex -14.5944 -1.43503 5.72205e-07
      vertex -14.6093 -1.42799 5.72205e-07
    endloop
  endfacet
  facet normal 0.0706116 0.281896 -0.956843
    outer loop
      vertex -14.319 -1.51942 5.72205e-07
      vertex -14.4373 -1.44161 0.0141941
      vertex -14.2939 -1.47753 0.0141941
    endloop
  endfacet
  facet normal 0.0706137 0.281899 -0.956842
    outer loop
      vertex -14.4373 -1.44161 0.0141941
      vertex -14.319 -1.51942 5.72205e-07
      vertex -14.4509 -1.48638 5.72205e-07
    endloop
  endfacet
  facet normal 0.0704911 0.281964 -0.956832
    outer loop
      vertex -14.2939 -1.47753 0.0141941
      vertex -14.303 -1.52342 5.72205e-07
      vertex -14.319 -1.51942 5.72205e-07
    endloop
  endfacet
  facet normal -0.167521 -0.100414 -0.980741
    outer loop
      vertex -12.7474 0.836953 0.0141941
      vertex -13.1977 0.428843 0.132895
      vertex -13.2436 0.505418 0.132895
    endloop
  endfacet
  facet normal -0.263102 0.12368 -0.956808
    outer loop
      vertex -12.565 -0.594409 5.72205e-07
      vertex -12.572 -0.6093 5.72205e-07
      vertex -12.6082 -0.576504 0.0141941
    endloop
  endfacet
  facet normal -0.287465 -0.0423417 -0.956855
    outer loop
      vertex -12.4766 0.303027 5.72205e-07
      vertex -12.4742 0.286733 5.72205e-07
      vertex -12.5225 0.293899 0.0141941
    endloop
  endfacet
  facet normal -0.124198 -0.262582 -0.956883
    outer loop
      vertex -13.2899 1.32859 0.0141941
      vertex -13.3907 1.42799 5.72205e-07
      vertex -13.2678 1.36986 5.72205e-07
    endloop
  endfacet
  facet normal -0.124266 -0.262648 -0.956856
    outer loop
      vertex -13.3907 1.42799 5.72205e-07
      vertex -13.2899 1.32859 0.0141941
      vertex -13.4235 1.3918 0.0141941
    endloop
  endfacet
  facet normal -0.116377 -0.156852 -0.980741
    outer loop
      vertex -13.163 1.25259 0.0141941
      vertex -13.0443 1.16452 0.0141941
      vertex -13.4229 0.70323 0.132895
    endloop
  endfacet
  facet normal -0.281854 -0.0705584 -0.956859
    outer loop
      vertex -12.5584 0.437306 0.0141941
      vertex -12.4806 0.319006 5.72205e-07
      vertex -12.5225 0.293899 0.0141941
    endloop
  endfacet
  facet normal -0.281782 -0.0705081 -0.956884
    outer loop
      vertex -12.4806 0.319006 5.72205e-07
      vertex -12.5584 0.437306 0.0141941
      vertex -12.5136 0.450889 5.72205e-07
    endloop
  endfacet
  facet normal -0.249112 -0.14932 -0.956894
    outer loop
      vertex -12.6714 0.710148 0.0141941
      vertex -12.7 0.848819 5.72205e-07
      vertex -12.6301 0.732204 5.72205e-07
    endloop
  endfacet
  facet normal -0.249149 -0.149326 -0.956884
    outer loop
      vertex -12.7 0.848819 5.72205e-07
      vertex -12.6714 0.710148 0.0141941
      vertex -12.7474 0.836953 0.0141941
    endloop
  endfacet
  facet normal -0.195138 -0.215252 -0.956863
    outer loop
      vertex -13.0146 1.20069 5.72205e-07
      vertex -13.0024 1.18963 5.72205e-07
      vertex -13.0443 1.16452 0.0141941
    endloop
  endfacet
  facet normal 0.173299 -0.233185 -0.956866
    outer loop
      vertex -14.9722 1.2105 5.72205e-07
      vertex -14.9557 1.16452 0.0141941
      vertex -14.9854 1.20069 5.72205e-07
    endloop
  endfacet
  facet normal 0.149793 -0.24936 -0.956756
    outer loop
      vertex -14.8488 1.29996 5.72205e-07
      vertex -14.837 1.25259 0.0141941
      vertex -14.8629 1.29149 5.72205e-07
    endloop
  endfacet
  facet normal 0.09244 -0.0328853 -0.995175
    outer loop
      vertex -14.2811 0.11642 0.192532
      vertex -14.2911 0.0883102 0.192532
      vertex -14.8706 0.26408 0.132895
    endloop
  endfacet
  facet normal 0.084172 -0.0504538 -0.995173
    outer loop
      vertex -14.7564 0.505418 0.132895
      vertex -14.2683 0.143408 0.192532
      vertex -14.8023 0.428843 0.132895
    endloop
  endfacet
  facet normal 0.124266 -0.262648 -0.956856
    outer loop
      vertex -14.7101 1.32859 0.0141941
      vertex -14.6093 1.42799 5.72205e-07
      vertex -14.5765 1.3918 0.0141941
    endloop
  endfacet
  facet normal 0.124198 -0.262582 -0.956883
    outer loop
      vertex -14.6093 1.42799 5.72205e-07
      vertex -14.7101 1.32859 0.0141941
      vertex -14.7322 1.36986 5.72205e-07
    endloop
  endfacet
  facet normal 0.0979634 0.273592 -0.956844
    outer loop
      vertex -14.4373 -1.44161 0.0141941
      vertex -14.4509 -1.48638 5.72205e-07
      vertex -14.4664 -1.48083 5.72205e-07
    endloop
  endfacet
  facet normal 0.167528 -0.100407 -0.980741
    outer loop
      vertex -15.2526 0.836953 0.0141941
      vertex -14.8023 0.428843 0.132895
      vertex -15.3286 0.710148 0.0141941
    endloop
  endfacet
  facet normal 0.193194 -0.0286676 -0.980742
    outer loop
      vertex -15.4775 0.293899 0.0141941
      vertex -14.9053 0.0891685 0.132895
      vertex -15.4992 0.14766 0.0141941
    endloop
  endfacet
  facet normal 0.100353 0.167563 -0.98074
    outer loop
      vertex -14.4288 -0.802309 0.132895
      vertex -14.7101 -1.32859 0.0141941
      vertex -14.837 -1.25259 0.0141941
    endloop
  endfacet
  facet normal 0.167528 0.100407 -0.980741
    outer loop
      vertex -14.8023 -0.428843 0.132895
      vertex -15.2526 -0.836953 0.0141941
      vertex -15.3286 -0.710148 0.0141941
    endloop
  endfacet
  facet normal -0.0286633 0.193203 -0.98074
    outer loop
      vertex -13.7061 -1.47753 0.0141941
      vertex -13.8523 -1.49922 0.0141941
      vertex -13.9108 -0.905348 0.132895
    endloop
  endfacet
  facet normal 0.0419605 0.0887116 -0.995173
    outer loop
      vertex -14.1164 -0.281062 0.192532
      vertex -14.3481 -0.84048 0.132895
      vertex -14.4288 -0.802309 0.132895
    endloop
  endfacet
  facet normal 0.0143351 0.290241 -0.956846
    outer loop
      vertex -14.1477 -1.49922 0.0141941
      vertex -14.1358 -1.5466 5.72205e-07
      vertex -14.1522 -1.54579 5.72205e-07
    endloop
  endfacet
  facet normal 0.195148 0.215237 -0.956865
    outer loop
      vertex -14.9976 -1.18963 5.72205e-07
      vertex -15.0652 -1.06524 0.0141941
      vertex -14.9557 -1.16452 0.0141941
    endloop
  endfacet
  facet normal 0.195143 0.215234 -0.956867
    outer loop
      vertex -15.0652 -1.06524 0.0141941
      vertex -14.9976 -1.18963 5.72205e-07
      vertex -15.0983 -1.09833 5.72205e-07
    endloop
  endfacet
  facet normal 0.195138 0.215252 -0.956863
    outer loop
      vertex -14.9557 -1.16452 0.0141941
      vertex -14.9854 -1.20069 5.72205e-07
      vertex -14.9976 -1.18963 5.72205e-07
    endloop
  endfacet
  facet normal -0.0286632 0.193203 -0.98074
    outer loop
      vertex -13.8225 -0.892248 0.132895
      vertex -13.7061 -1.47753 0.0141941
      vertex -13.9108 -0.905348 0.132895
    endloop
  endfacet
  facet normal -0.0426441 0.287501 -0.956831
    outer loop
      vertex -13.8523 -1.49922 0.0141941
      vertex -13.7133 -1.52584 5.72205e-07
      vertex -13.8478 -1.54579 5.72205e-07
    endloop
  endfacet
  facet normal -0.0426495 0.287476 -0.956838
    outer loop
      vertex -13.7133 -1.52584 5.72205e-07
      vertex -13.8523 -1.49922 0.0141941
      vertex -13.7061 -1.47753 0.0141941
    endloop
  endfacet
  facet normal -0.00481286 0.0980153 -0.995173
    outer loop
      vertex -14 -0.304219 0.192532
      vertex -13.9108 -0.905348 0.132895
      vertex -14 -0.909728 0.132895
    endloop
  endfacet
  facet normal -0.156857 0.116376 -0.980741
    outer loop
      vertex -12.7474 -0.836953 0.0141941
      vertex -12.8355 -0.955698 0.0141941
      vertex -13.2968 -0.577126 0.132895
    endloop
  endfacet
  facet normal -0.0970707 0.0144629 -0.995172
    outer loop
      vertex -13.6972 -0.0298185 0.192532
      vertex -13.1078 -0.177479 0.132895
      vertex -13.7016 -0.05935 0.192532
    endloop
  endfacet
  facet normal -0.195143 0.215234 -0.956867
    outer loop
      vertex -13.0024 -1.18963 5.72205e-07
      vertex -12.9348 -1.06524 0.0141941
      vertex -12.9017 -1.09833 5.72205e-07
    endloop
  endfacet
  facet normal -0.195148 0.215237 -0.956865
    outer loop
      vertex -12.9348 -1.06524 0.0141941
      vertex -13.0024 -1.18963 5.72205e-07
      vertex -13.0443 -1.16452 0.0141941
    endloop
  endfacet
  facet normal -0.131124 -0.144782 -0.980737
    outer loop
      vertex -12.9348 1.06524 0.0141941
      vertex -13.3567 0.643275 0.132895
      vertex -13.4229 0.70323 0.132895
    endloop
  endfacet
  facet normal -0.173077 -0.233271 -0.956885
    outer loop
      vertex -13.163 1.25259 0.0141941
      vertex -13.0278 1.2105 5.72205e-07
      vertex -13.0443 1.16452 0.0141941
    endloop
  endfacet
  facet normal -0.173214 -0.233761 -0.956741
    outer loop
      vertex -13.0278 1.2105 5.72205e-07
      vertex -13.163 1.25259 0.0141941
      vertex -13.1371 1.29149 5.72205e-07
    endloop
  endfacet
  facet normal -0.023844 -0.0951915 -0.995173
    outer loop
      vertex -13.8225 0.892248 0.132895
      vertex -13.7359 0.870556 0.132895
      vertex -13.9117 0.29112 0.192532
    endloop
  endfacet
  facet normal -0.0474582 -0.189465 -0.98074
    outer loop
      vertex -13.7061 1.47753 0.0141941
      vertex -13.7359 0.870556 0.132895
      vertex -13.8225 0.892248 0.132895
    endloop
  endfacet
  facet normal 0.13119 -0.144695 -0.980741
    outer loop
      vertex -14.9557 1.16452 0.0141941
      vertex -14.5771 0.70323 0.132895
      vertex -15.0652 1.06524 0.0141941
    endloop
  endfacet
  facet normal 0.0419605 -0.0887116 -0.995173
    outer loop
      vertex -14.3481 0.84048 0.132895
      vertex -14.1164 0.281062 0.192532
      vertex -14.4288 0.802309 0.132895
    endloop
  endfacet
  facet normal 0.0474582 -0.189465 -0.98074
    outer loop
      vertex -14.1775 0.892248 0.132895
      vertex -14.2641 0.870556 0.132895
      vertex -14.2939 1.47753 0.0141941
    endloop
  endfacet
  facet normal 0.176548 -0.0835654 -0.980738
    outer loop
      vertex -14.8023 0.428843 0.132895
      vertex -14.8405 0.348138 0.132895
      vertex -15.3918 0.576504 0.0141941
    endloop
  endfacet
  facet normal 0.189487 -0.0474356 -0.980737
    outer loop
      vertex -15.4416 0.437306 0.0141941
      vertex -14.8706 0.26408 0.132895
      vertex -15.4775 0.293899 0.0141941
    endloop
  endfacet
  facet normal 0.0048185 0.0980145 -0.995173
    outer loop
      vertex -14.0298 -0.302754 0.192532
      vertex -14 -0.304219 0.192532
      vertex -14.0892 -0.905348 0.132895
    endloop
  endfacet
  facet normal 0.0835327 0.176554 -0.98074
    outer loop
      vertex -14.4288 -0.802309 0.132895
      vertex -14.5765 -1.3918 0.0141941
      vertex -14.7101 -1.32859 0.0141941
    endloop
  endfacet
  facet normal -0.0704911 0.281964 -0.956832
    outer loop
      vertex -13.681 -1.51942 5.72205e-07
      vertex -13.697 -1.52342 5.72205e-07
      vertex -13.7061 -1.47753 0.0141941
    endloop
  endfacet
  facet normal -0.0426811 0.28748 -0.956835
    outer loop
      vertex -13.7061 -1.47753 0.0141941
      vertex -13.697 -1.52342 5.72205e-07
      vertex -13.7133 -1.52584 5.72205e-07
    endloop
  endfacet
  facet normal 0.0789693 0.0582909 -0.995171
    outer loop
      vertex -14.2529 -0.169015 0.192532
      vertex -14.2352 -0.192994 0.192532
      vertex -14.7032 -0.577126 0.132895
    endloop
  endfacet
  facet normal 0.156857 0.116376 -0.980741
    outer loop
      vertex -14.7032 -0.577126 0.132895
      vertex -15.1645 -0.955698 0.0141941
      vertex -15.2526 -0.836953 0.0141941
    endloop
  endfacet
  facet normal 0.0658413 0.18389 -0.980739
    outer loop
      vertex -14.3481 -0.84048 0.132895
      vertex -14.2641 -0.870556 0.132895
      vertex -14.4373 -1.44161 0.0141941
    endloop
  endfacet
  facet normal -0.0979634 0.273592 -0.956844
    outer loop
      vertex -13.5336 -1.48083 5.72205e-07
      vertex -13.5491 -1.48638 5.72205e-07
      vertex -13.5627 -1.44161 0.0141941
    endloop
  endfacet
  facet normal -0.0142562 0.290254 -0.956843
    outer loop
      vertex -14 -1.50648 0.0141941
      vertex -13.8642 -1.5466 5.72205e-07
      vertex -14 -1.55327 5.72205e-07
    endloop
  endfacet
  facet normal -0.0142656 0.290225 -0.956852
    outer loop
      vertex -13.8642 -1.5466 5.72205e-07
      vertex -14 -1.50648 0.0141941
      vertex -13.8523 -1.49922 0.0141941
    endloop
  endfacet
  facet normal -0.0143351 0.290241 -0.956846
    outer loop
      vertex -13.8523 -1.49922 0.0141941
      vertex -13.8478 -1.54579 5.72205e-07
      vertex -13.8642 -1.5466 5.72205e-07
    endloop
  endfacet
  facet normal -0.262569 0.124123 -0.956897
    outer loop
      vertex -12.6714 -0.710148 0.0141941
      vertex -12.572 -0.6093 5.72205e-07
      vertex -12.6301 -0.732204 5.72205e-07
    endloop
  endfacet
  facet normal -0.262647 0.124205 -0.956864
    outer loop
      vertex -12.572 -0.6093 5.72205e-07
      vertex -12.6714 -0.710148 0.0141941
      vertex -12.6082 -0.576504 0.0141941
    endloop
  endfacet
  facet normal -0.0980511 -0.00460357 -0.995171
    outer loop
      vertex -13.0947 0.0891685 0.132895
      vertex -13.6958 0 0.192532
      vertex -13.6972 0.0298185 0.192532
    endloop
  endfacet
  facet normal -0.084172 -0.0504538 -0.995173
    outer loop
      vertex -13.2436 0.505418 0.132895
      vertex -13.1977 0.428843 0.132895
      vertex -13.7317 0.143408 0.192532
    endloop
  endfacet
  facet normal -0.1839 0.0658521 -0.980737
    outer loop
      vertex -13.1294 -0.26408 0.132895
      vertex -12.5584 -0.437306 0.0141941
      vertex -13.1595 -0.348138 0.132895
    endloop
  endfacet
  facet normal 0.0504394 0.0841811 -0.995173
    outer loop
      vertex -14.1434 -0.268297 0.192532
      vertex -14.4288 -0.802309 0.132895
      vertex -14.5054 -0.756412 0.132895
    endloop
  endfacet
  facet normal -0.183909 0.065796 -0.980739
    outer loop
      vertex -12.5584 -0.437306 0.0141941
      vertex -12.6082 -0.576504 0.0141941
      vertex -13.1595 -0.348138 0.132895
    endloop
  endfacet
  facet normal -0.214911 0.195454 -0.956876
    outer loop
      vertex -12.7993 -0.985381 5.72205e-07
      vertex -12.8104 -0.997586 5.72205e-07
      vertex -12.8355 -0.955698 0.0141941
    endloop
  endfacet
  facet normal -0.124146 -0.262752 -0.956843
    outer loop
      vertex -13.4056 1.43503 5.72205e-07
      vertex -13.3907 1.42799 5.72205e-07
      vertex -13.4235 1.3918 0.0141941
    endloop
  endfacet
  facet normal -0.193194 0.0286676 -0.980742
    outer loop
      vertex -12.5008 -0.14766 0.0141941
      vertex -12.5225 -0.293899 0.0141941
      vertex -13.0947 -0.0891685 0.132895
    endloop
  endfacet
  facet normal -0.263102 -0.12368 -0.956808
    outer loop
      vertex -12.572 0.6093 5.72205e-07
      vertex -12.565 0.594409 5.72205e-07
      vertex -12.6082 0.576504 0.0141941
    endloop
  endfacet
  facet normal -0.215325 -0.195192 -0.956836
    outer loop
      vertex -12.9348 1.06524 0.0141941
      vertex -12.8104 0.997586 5.72205e-07
      vertex -12.8355 0.955698 0.0141941
    endloop
  endfacet
  facet normal -0.215276 -0.195095 -0.956867
    outer loop
      vertex -12.8104 0.997586 5.72205e-07
      vertex -12.9348 1.06524 0.0141941
      vertex -12.9017 1.09833 5.72205e-07
    endloop
  endfacet
  facet normal -0.214911 -0.195454 -0.956876
    outer loop
      vertex -12.8104 0.997586 5.72205e-07
      vertex -12.7993 0.985381 5.72205e-07
      vertex -12.8355 0.955698 0.0141941
    endloop
  endfacet
  facet normal -0.195143 -0.215234 -0.956867
    outer loop
      vertex -12.9348 1.06524 0.0141941
      vertex -13.0024 1.18963 5.72205e-07
      vertex -12.9017 1.09833 5.72205e-07
    endloop
  endfacet
  facet normal -0.195148 -0.215237 -0.956865
    outer loop
      vertex -13.0024 1.18963 5.72205e-07
      vertex -12.9348 1.06524 0.0141941
      vertex -13.0443 1.16452 0.0141941
    endloop
  endfacet
  facet normal -0.13119 -0.144695 -0.980741
    outer loop
      vertex -13.0443 1.16452 0.0141941
      vertex -12.9348 1.06524 0.0141941
      vertex -13.4229 0.70323 0.132895
    endloop
  endfacet
  facet normal -0.0504601 -0.0841658 -0.995173
    outer loop
      vertex -13.4946 0.756412 0.132895
      vertex -13.831 0.252949 0.192532
      vertex -13.8566 0.268297 0.192532
    endloop
  endfacet
  facet normal -0.0504394 -0.0841811 -0.995173
    outer loop
      vertex -13.5712 0.802309 0.132895
      vertex -13.4946 0.756412 0.132895
      vertex -13.8566 0.268297 0.192532
    endloop
  endfacet
  facet normal 0.100384 -0.167536 -0.980742
    outer loop
      vertex -14.4288 0.802309 0.132895
      vertex -14.5054 0.756412 0.132895
      vertex -14.837 1.25259 0.0141941
    endloop
  endfacet
  facet normal 0.116351 -0.156865 -0.980742
    outer loop
      vertex -14.5054 0.756412 0.132895
      vertex -14.5771 0.70323 0.132895
      vertex -14.837 1.25259 0.0141941
    endloop
  endfacet
  facet normal 0.0143351 -0.290241 -0.956846
    outer loop
      vertex -14.1358 1.5466 5.72205e-07
      vertex -14.1477 1.49922 0.0141941
      vertex -14.1522 1.54579 5.72205e-07
    endloop
  endfacet
  facet normal -0.0142656 -0.290225 -0.956852
    outer loop
      vertex -14 1.50648 0.0141941
      vertex -13.8642 1.5466 5.72205e-07
      vertex -13.8523 1.49922 0.0141941
    endloop
  endfacet
  facet normal -0.0142562 -0.290254 -0.956843
    outer loop
      vertex -13.8642 1.5466 5.72205e-07
      vertex -14 1.50648 0.0141941
      vertex -14 1.55327 5.72205e-07
    endloop
  endfacet
  facet normal 0.215325 -0.195192 -0.956836
    outer loop
      vertex -15.1896 0.997586 5.72205e-07
      vertex -15.0652 1.06524 0.0141941
      vertex -15.1645 0.955698 0.0141941
    endloop
  endfacet
  facet normal 0.215276 -0.195095 -0.956867
    outer loop
      vertex -15.0652 1.06524 0.0141941
      vertex -15.1896 0.997586 5.72205e-07
      vertex -15.0983 1.09833 5.72205e-07
    endloop
  endfacet
  facet normal 0.233411 -0.172897 -0.956884
    outer loop
      vertex -15.2007 0.985381 5.72205e-07
      vertex -15.1645 0.955698 0.0141941
      vertex -15.2105 0.972151 5.72205e-07
    endloop
  endfacet
  facet normal 0.233328 -0.173112 -0.956865
    outer loop
      vertex -15.2526 0.836953 0.0141941
      vertex -15.2105 0.972151 5.72205e-07
      vertex -15.1645 0.955698 0.0141941
    endloop
  endfacet
  facet normal 0.233423 -0.173139 -0.956837
    outer loop
      vertex -15.2105 0.972151 5.72205e-07
      vertex -15.2526 0.836953 0.0141941
      vertex -15.2915 0.862948 5.72205e-07
    endloop
  endfacet
  facet normal 0.009589 -0.195082 -0.98074
    outer loop
      vertex -14 1.50648 0.0141941
      vertex -14.0892 0.905348 0.132895
      vertex -14.1477 1.49922 0.0141941
    endloop
  endfacet
  facet normal -0.0286632 -0.193203 -0.98074
    outer loop
      vertex -13.7061 1.47753 0.0141941
      vertex -13.8225 0.892248 0.132895
      vertex -13.9108 0.905348 0.132895
    endloop
  endfacet
  facet normal 0.0286632 -0.193203 -0.98074
    outer loop
      vertex -14.0892 0.905348 0.132895
      vertex -14.1775 0.892248 0.132895
      vertex -14.2939 1.47753 0.0141941
    endloop
  endfacet
  facet normal 0.023844 -0.0951915 -0.995173
    outer loop
      vertex -14.1775 0.892248 0.132895
      vertex -14.0883 0.29112 0.192532
      vertex -14.2641 0.870556 0.132895
    endloop
  endfacet
  facet normal 0.0970707 0.0144629 -0.995172
    outer loop
      vertex -14.3028 -0.0298185 0.192532
      vertex -14.2984 -0.05935 0.192532
      vertex -14.8922 -0.177479 0.132895
    endloop
  endfacet
  facet normal 0.06594 -0.0726856 -0.995173
    outer loop
      vertex -14.193 0.235165 0.192532
      vertex -14.2151 0.215116 0.192532
      vertex -14.5771 0.70323 0.132895
    endloop
  endfacet
  facet normal 0.0886632 -0.0420516 -0.995174
    outer loop
      vertex -14.2683 0.143408 0.192532
      vertex -14.2811 0.11642 0.192532
      vertex -14.8023 0.428843 0.132895
    endloop
  endfacet
  facet normal 0.290067 0.0141049 -0.956902
    outer loop
      vertex -15.4992 -0.14766 0.0141941
      vertex -15.5458 -0.152246 5.72205e-07
      vertex -15.5466 -0.135794 5.72205e-07
    endloop
  endfacet
  facet normal 0.273242 -0.0986625 -0.956872
    outer loop
      vertex -15.4808 0.466398 5.72205e-07
      vertex -15.4416 0.437306 0.0141941
      vertex -15.4864 0.450889 5.72205e-07
    endloop
  endfacet
  facet normal 0.273753 -0.097939 -0.9568
    outer loop
      vertex -15.4808 0.466398 5.72205e-07
      vertex -15.3918 0.576504 0.0141941
      vertex -15.4416 0.437306 0.0141941
    endloop
  endfacet
  facet normal 0.273763 -0.0979475 -0.956797
    outer loop
      vertex -15.3918 0.576504 0.0141941
      vertex -15.4808 0.466398 5.72205e-07
      vertex -15.435 0.594409 5.72205e-07
    endloop
  endfacet
  facet normal 0.287505 0.0426621 -0.956829
    outer loop
      vertex -15.5258 -0.286733 5.72205e-07
      vertex -15.4992 -0.14766 0.0141941
      vertex -15.4775 -0.293899 0.0141941
    endloop
  endfacet
  facet normal 0.287251 0.0427181 -0.956902
    outer loop
      vertex -15.4992 -0.14766 0.0141941
      vertex -15.5258 -0.286733 5.72205e-07
      vertex -15.5458 -0.152246 5.72205e-07
    endloop
  endfacet
  facet normal 0.0980167 0.00483661 -0.995173
    outer loop
      vertex -14.3042 0 0.192532
      vertex -14.9053 -0.0891685 0.132895
      vertex -14.9097 0 0.132895
    endloop
  endfacet
  facet normal 0.0143682 0.0970781 -0.995173
    outer loop
      vertex -14.0594 -0.298373 0.192532
      vertex -14.0298 -0.302754 0.192532
      vertex -14.1775 -0.892248 0.132895
    endloop
  endfacet
  facet normal -0.156858 0.116373 -0.980741
    outer loop
      vertex -13.2436 -0.505418 0.132895
      vertex -12.7474 -0.836953 0.0141941
      vertex -13.2968 -0.577126 0.132895
    endloop
  endfacet
  facet normal 0.00481286 0.0980153 -0.995173
    outer loop
      vertex -14 -0.304219 0.192532
      vertex -14 -0.909728 0.132895
      vertex -14.0892 -0.905348 0.132895
    endloop
  endfacet
  facet normal 0.0658034 0.183896 -0.980741
    outer loop
      vertex -14.3481 -0.84048 0.132895
      vertex -14.4373 -1.44161 0.0141941
      vertex -14.5765 -1.3918 0.0141941
    endloop
  endfacet
  facet normal 0.0979123 0.273628 -0.956839
    outer loop
      vertex -14.4664 -1.48083 5.72205e-07
      vertex -14.5765 -1.3918 0.0141941
      vertex -14.4373 -1.44161 0.0141941
    endloop
  endfacet
  facet normal 0.0979039 0.273618 -0.956843
    outer loop
      vertex -14.5765 -1.3918 0.0141941
      vertex -14.4664 -1.48083 5.72205e-07
      vertex -14.5944 -1.43503 5.72205e-07
    endloop
  endfacet
  facet normal 0.149343 0.249119 -0.956889
    outer loop
      vertex -14.8488 -1.29996 5.72205e-07
      vertex -14.7101 -1.32859 0.0141941
      vertex -14.7322 -1.36986 5.72205e-07
    endloop
  endfacet
  facet normal 0.149405 0.249467 -0.956789
    outer loop
      vertex -14.7101 -1.32859 0.0141941
      vertex -14.8488 -1.29996 5.72205e-07
      vertex -14.837 -1.25259 0.0141941
    endloop
  endfacet
  facet normal 0.124266 0.262648 -0.956856
    outer loop
      vertex -14.6093 -1.42799 5.72205e-07
      vertex -14.7101 -1.32859 0.0141941
      vertex -14.5765 -1.3918 0.0141941
    endloop
  endfacet
  facet normal 0.124198 0.262582 -0.956883
    outer loop
      vertex -14.7101 -1.32859 0.0141941
      vertex -14.6093 -1.42799 5.72205e-07
      vertex -14.7322 -1.36986 5.72205e-07
    endloop
  endfacet
  facet normal 0.173214 0.233761 -0.956741
    outer loop
      vertex -14.9722 -1.2105 5.72205e-07
      vertex -14.837 -1.25259 0.0141941
      vertex -14.8629 -1.29149 5.72205e-07
    endloop
  endfacet
  facet normal 0.173077 0.233271 -0.956885
    outer loop
      vertex -14.837 -1.25259 0.0141941
      vertex -14.9722 -1.2105 5.72205e-07
      vertex -14.9557 -1.16452 0.0141941
    endloop
  endfacet
  facet normal 0.173299 0.233185 -0.956866
    outer loop
      vertex -14.9557 -1.16452 0.0141941
      vertex -14.9722 -1.2105 5.72205e-07
      vertex -14.9854 -1.20069 5.72205e-07
    endloop
  endfacet
  facet normal -0.167528 0.100407 -0.980741
    outer loop
      vertex -12.6714 -0.710148 0.0141941
      vertex -12.7474 -0.836953 0.0141941
      vertex -13.1977 -0.428843 0.132895
    endloop
  endfacet
  facet normal -0.195065 -0.00962546 -0.980743
    outer loop
      vertex -12.4935 0 0.0141941
      vertex -13.0903 0 0.132895
      vertex -13.0947 0.0891685 0.132895
    endloop
  endfacet
  facet normal -0.0923902 -0.0330836 -0.995173
    outer loop
      vertex -13.1595 0.348138 0.132895
      vertex -13.1294 0.26408 0.132895
      vertex -13.7189 0.11642 0.192532
    endloop
  endfacet
  facet normal -0.189497 -0.0472643 -0.980743
    outer loop
      vertex -12.5225 0.293899 0.0141941
      vertex -13.1078 0.177479 0.132895
      vertex -13.1294 0.26408 0.132895
    endloop
  endfacet
  facet normal -0.0979039 0.273618 -0.956843
    outer loop
      vertex -13.5336 -1.48083 5.72205e-07
      vertex -13.4235 -1.3918 0.0141941
      vertex -13.4056 -1.43503 5.72205e-07
    endloop
  endfacet
  facet normal -0.0979123 0.273628 -0.956839
    outer loop
      vertex -13.4235 -1.3918 0.0141941
      vertex -13.5336 -1.48083 5.72205e-07
      vertex -13.5627 -1.44161 0.0141941
    endloop
  endfacet
  facet normal -0.100353 -0.167563 -0.98074
    outer loop
      vertex -13.2899 1.32859 0.0141941
      vertex -13.163 1.25259 0.0141941
      vertex -13.5712 0.802309 0.132895
    endloop
  endfacet
  facet normal 0.0144011 -0.0970699 -0.995173
    outer loop
      vertex -14.0892 0.905348 0.132895
      vertex -14.0298 0.302754 0.192532
      vertex -14.1775 0.892248 0.132895
    endloop
  endfacet
  facet normal -0.0286633 -0.193203 -0.98074
    outer loop
      vertex -13.8523 1.49922 0.0141941
      vertex -13.7061 1.47753 0.0141941
      vertex -13.9108 0.905348 0.132895
    endloop
  endfacet
  facet normal -0.233411 -0.172897 -0.956884
    outer loop
      vertex -12.7993 0.985381 5.72205e-07
      vertex -12.7895 0.972151 5.72205e-07
      vertex -12.8355 0.955698 0.0141941
    endloop
  endfacet
  facet normal -0.273242 -0.0986625 -0.956872
    outer loop
      vertex -12.5192 0.466398 5.72205e-07
      vertex -12.5136 0.450889 5.72205e-07
      vertex -12.5584 0.437306 0.0141941
    endloop
  endfacet
  facet normal -0.144709 -0.131179 -0.98074
    outer loop
      vertex -12.9348 1.06524 0.0141941
      vertex -12.8355 0.955698 0.0141941
      vertex -13.2968 0.577126 0.132895
    endloop
  endfacet
  facet normal -0.156858 -0.116373 -0.980741
    outer loop
      vertex -12.7474 0.836953 0.0141941
      vertex -13.2436 0.505418 0.132895
      vertex -13.2968 0.577126 0.132895
    endloop
  endfacet
  facet normal -0.0788089 -0.0584682 -0.995174
    outer loop
      vertex -13.2968 0.577126 0.132895
      vertex -13.2436 0.505418 0.132895
      vertex -13.7471 0.169015 0.192532
    endloop
  endfacet
  facet normal -0.0330705 -0.0923922 -0.995173
    outer loop
      vertex -13.7359 0.870556 0.132895
      vertex -13.8836 0.281062 0.192532
      vertex -13.9117 0.29112 0.192532
    endloop
  endfacet
  facet normal -0.0658735 -0.072735 -0.995174
    outer loop
      vertex -13.4229 0.70323 0.132895
      vertex -13.3567 0.643275 0.132895
      vertex -13.7849 0.215116 0.192532
    endloop
  endfacet
  facet normal -0.0726408 -0.0660012 -0.995172
    outer loop
      vertex -13.2968 0.577126 0.132895
      vertex -13.7648 0.192994 0.192532
      vertex -13.7849 0.215116 0.192532
    endloop
  endfacet
  facet normal 0.0835123 -0.176559 -0.980741
    outer loop
      vertex -14.3481 0.84048 0.132895
      vertex -14.4288 0.802309 0.132895
      vertex -14.5765 1.3918 0.0141941
    endloop
  endfacet
  facet normal 0.0835327 -0.176554 -0.98074
    outer loop
      vertex -14.5765 1.3918 0.0141941
      vertex -14.4288 0.802309 0.132895
      vertex -14.7101 1.32859 0.0141941
    endloop
  endfacet
  facet normal 0.0474588 -0.189465 -0.98074
    outer loop
      vertex -14.2939 1.47753 0.0141941
      vertex -14.2641 0.870556 0.132895
      vertex -14.4373 1.44161 0.0141941
    endloop
  endfacet
  facet normal 0.0658413 -0.18389 -0.980739
    outer loop
      vertex -14.2641 0.870556 0.132895
      vertex -14.3481 0.84048 0.132895
      vertex -14.4373 1.44161 0.0141941
    endloop
  endfacet
  facet normal 0.0286633 -0.193203 -0.98074
    outer loop
      vertex -14.1477 1.49922 0.0141941
      vertex -14.0892 0.905348 0.132895
      vertex -14.2939 1.47753 0.0141941
    endloop
  endfacet
  facet normal 0.0426441 -0.287501 -0.956831
    outer loop
      vertex -14.1477 1.49922 0.0141941
      vertex -14.2867 1.52584 5.72205e-07
      vertex -14.1522 1.54579 5.72205e-07
    endloop
  endfacet
  facet normal 0.0426495 -0.287476 -0.956838
    outer loop
      vertex -14.2867 1.52584 5.72205e-07
      vertex -14.1477 1.49922 0.0141941
      vertex -14.2939 1.47753 0.0141941
    endloop
  endfacet
  facet normal 0.195138 -0.215252 -0.956863
    outer loop
      vertex -14.9854 1.20069 5.72205e-07
      vertex -14.9557 1.16452 0.0141941
      vertex -14.9976 1.18963 5.72205e-07
    endloop
  endfacet
  facet normal 0.195148 -0.215237 -0.956865
    outer loop
      vertex -15.0652 1.06524 0.0141941
      vertex -14.9976 1.18963 5.72205e-07
      vertex -14.9557 1.16452 0.0141941
    endloop
  endfacet
  facet normal 0.195143 -0.215234 -0.956867
    outer loop
      vertex -14.9976 1.18963 5.72205e-07
      vertex -15.0652 1.06524 0.0141941
      vertex -15.0983 1.09833 5.72205e-07
    endloop
  endfacet
  facet normal 0.214911 -0.195454 -0.956876
    outer loop
      vertex -15.1896 0.997586 5.72205e-07
      vertex -15.1645 0.955698 0.0141941
      vertex -15.2007 0.985381 5.72205e-07
    endloop
  endfacet
  facet normal -0.0144011 -0.0970699 -0.995173
    outer loop
      vertex -13.9108 0.905348 0.132895
      vertex -13.8225 0.892248 0.132895
      vertex -13.9702 0.302754 0.192532
    endloop
  endfacet
  facet normal -0.0048185 -0.0980145 -0.995173
    outer loop
      vertex -13.9108 0.905348 0.132895
      vertex -13.9702 0.302754 0.192532
      vertex -14 0.304219 0.192532
    endloop
  endfacet
  facet normal -0.00481286 -0.0980153 -0.995173
    outer loop
      vertex -14 0.909728 0.132895
      vertex -13.9108 0.905348 0.132895
      vertex -14 0.304219 0.192532
    endloop
  endfacet
  facet normal 0.0330705 -0.0923922 -0.995173
    outer loop
      vertex -14.0883 0.29112 0.192532
      vertex -14.1164 0.281062 0.192532
      vertex -14.2641 0.870556 0.132895
    endloop
  endfacet
  facet normal 0.03308 -0.0923898 -0.995173
    outer loop
      vertex -14.2641 0.870556 0.132895
      vertex -14.1164 0.281062 0.192532
      vertex -14.3481 0.84048 0.132895
    endloop
  endfacet
  facet normal 0.195065 -0.00962546 -0.980743
    outer loop
      vertex -14.9053 0.0891685 0.132895
      vertex -14.9097 0 0.132895
      vertex -15.5065 0 0.0141941
    endloop
  endfacet
  facet normal 0.281854 -0.0705584 -0.956859
    outer loop
      vertex -15.5194 0.319006 5.72205e-07
      vertex -15.4416 0.437306 0.0141941
      vertex -15.4775 0.293899 0.0141941
    endloop
  endfacet
  facet normal 0.281782 -0.0705081 -0.956884
    outer loop
      vertex -15.4416 0.437306 0.0141941
      vertex -15.5194 0.319006 5.72205e-07
      vertex -15.4864 0.450889 5.72205e-07
    endloop
  endfacet
  facet normal 0.097086 0.0144018 -0.995172
    outer loop
      vertex -14.3028 -0.0298185 0.192532
      vertex -14.8922 -0.177479 0.132895
      vertex -14.9053 -0.0891685 0.132895
    endloop
  endfacet
  facet normal 0.193197 -0.0286589 -0.980741
    outer loop
      vertex -14.8922 0.177479 0.132895
      vertex -14.9053 0.0891685 0.132895
      vertex -15.4775 0.293899 0.0141941
    endloop
  endfacet
  facet normal 0.144709 -0.131179 -0.98074
    outer loop
      vertex -15.0652 1.06524 0.0141941
      vertex -14.7032 0.577126 0.132895
      vertex -15.1645 0.955698 0.0141941
    endloop
  endfacet
  facet normal 0.156857 -0.116376 -0.980741
    outer loop
      vertex -15.1645 0.955698 0.0141941
      vertex -14.7032 0.577126 0.132895
      vertex -15.2526 0.836953 0.0141941
    endloop
  endfacet
  facet normal 0.290121 0.014343 -0.956883
    outer loop
      vertex -15.5466 -0.135794 5.72205e-07
      vertex -15.5065 0 0.0141941
      vertex -15.4992 -0.14766 0.0141941
    endloop
  endfacet
  facet normal 0.290197 0.0143182 -0.95686
    outer loop
      vertex -15.5065 0 0.0141941
      vertex -15.5466 -0.135794 5.72205e-07
      vertex -15.5533 0 5.72205e-07
    endloop
  endfacet
  facet normal 0.290067 -0.0141049 -0.956902
    outer loop
      vertex -15.5458 0.152246 5.72205e-07
      vertex -15.4992 0.14766 0.0141941
      vertex -15.5466 0.135794 5.72205e-07
    endloop
  endfacet
  facet normal 0.287465 -0.0423417 -0.956855
    outer loop
      vertex -15.5234 0.303027 5.72205e-07
      vertex -15.4775 0.293899 0.0141941
      vertex -15.5258 0.286733 5.72205e-07
    endloop
  endfacet
  facet normal 0.263102 -0.12368 -0.956808
    outer loop
      vertex -15.428 0.6093 5.72205e-07
      vertex -15.3918 0.576504 0.0141941
      vertex -15.435 0.594409 5.72205e-07
    endloop
  endfacet
  facet normal 0.144709 0.131179 -0.98074
    outer loop
      vertex -14.7032 -0.577126 0.132895
      vertex -15.0652 -1.06524 0.0141941
      vertex -15.1645 -0.955698 0.0141941
    endloop
  endfacet
  facet normal 0.116377 0.156852 -0.980741
    outer loop
      vertex -14.5771 -0.70323 0.132895
      vertex -14.837 -1.25259 0.0141941
      vertex -14.9557 -1.16452 0.0141941
    endloop
  endfacet
  facet normal 0.183909 0.065796 -0.980739
    outer loop
      vertex -14.8405 -0.348138 0.132895
      vertex -15.3918 -0.576504 0.0141941
      vertex -15.4416 -0.437306 0.0141941
    endloop
  endfacet
  facet normal 0.0886632 0.0420516 -0.995174
    outer loop
      vertex -14.2811 -0.11642 0.192532
      vertex -14.2683 -0.143408 0.192532
      vertex -14.8023 -0.428843 0.132895
    endloop
  endfacet
  facet normal 0.131124 0.144782 -0.980737
    outer loop
      vertex -14.6433 -0.643275 0.132895
      vertex -14.5771 -0.70323 0.132895
      vertex -15.0652 -1.06524 0.0141941
    endloop
  endfacet
  facet normal -0.100384 0.167536 -0.980742
    outer loop
      vertex -13.4946 -0.756412 0.132895
      vertex -13.163 -1.25259 0.0141941
      vertex -13.5712 -0.802309 0.132895
    endloop
  endfacet
  facet normal 0.009589 0.195082 -0.98074
    outer loop
      vertex -14.0892 -0.905348 0.132895
      vertex -14 -1.50648 0.0141941
      vertex -14.1477 -1.49922 0.0141941
    endloop
  endfacet
  facet normal 0.00957907 0.195081 -0.98074
    outer loop
      vertex -14 -0.909728 0.132895
      vertex -14 -1.50648 0.0141941
      vertex -14.0892 -0.905348 0.132895
    endloop
  endfacet
  facet normal -0.009589 0.195082 -0.98074
    outer loop
      vertex -13.9108 -0.905348 0.132895
      vertex -13.8523 -1.49922 0.0141941
      vertex -14 -1.50648 0.0141941
    endloop
  endfacet
  facet normal 0.03308 0.0923898 -0.995173
    outer loop
      vertex -14.1164 -0.281062 0.192532
      vertex -14.2641 -0.870556 0.132895
      vertex -14.3481 -0.84048 0.132895
    endloop
  endfacet
  facet normal 0.0474588 0.189465 -0.98074
    outer loop
      vertex -14.2641 -0.870556 0.132895
      vertex -14.2939 -1.47753 0.0141941
      vertex -14.4373 -1.44161 0.0141941
    endloop
  endfacet
  facet normal -0.176548 0.0835654 -0.980738
    outer loop
      vertex -13.1595 -0.348138 0.132895
      vertex -12.6082 -0.576504 0.0141941
      vertex -13.1977 -0.428843 0.132895
    endloop
  endfacet
  facet normal -0.03308 0.0923898 -0.995173
    outer loop
      vertex -13.6519 -0.84048 0.132895
      vertex -13.7359 -0.870556 0.132895
      vertex -13.8836 -0.281062 0.192532
    endloop
  endfacet
  facet normal -0.124146 0.262752 -0.956843
    outer loop
      vertex -13.3907 -1.42799 5.72205e-07
      vertex -13.4056 -1.43503 5.72205e-07
      vertex -13.4235 -1.3918 0.0141941
    endloop
  endfacet
  facet normal -0.0658735 0.072735 -0.995174
    outer loop
      vertex -13.3567 -0.643275 0.132895
      vertex -13.4229 -0.70323 0.132895
      vertex -13.7849 -0.215116 0.192532
    endloop
  endfacet
  facet normal -0.215276 0.195095 -0.956867
    outer loop
      vertex -12.9348 -1.06524 0.0141941
      vertex -12.8104 -0.997586 5.72205e-07
      vertex -12.9017 -1.09833 5.72205e-07
    endloop
  endfacet
  facet normal -0.215325 0.195192 -0.956836
    outer loop
      vertex -12.8104 -0.997586 5.72205e-07
      vertex -12.9348 -1.06524 0.0141941
      vertex -12.8355 -0.955698 0.0141941
    endloop
  endfacet
  facet normal 0.0426811 0.28748 -0.956835
    outer loop
      vertex -14.2939 -1.47753 0.0141941
      vertex -14.2867 -1.52584 5.72205e-07
      vertex -14.303 -1.52342 5.72205e-07
    endloop
  endfacet
  facet normal 0.0426441 0.287501 -0.956831
    outer loop
      vertex -14.2867 -1.52584 5.72205e-07
      vertex -14.1477 -1.49922 0.0141941
      vertex -14.1522 -1.54579 5.72205e-07
    endloop
  endfacet
  facet normal 0.0426495 0.287476 -0.956838
    outer loop
      vertex -14.1477 -1.49922 0.0141941
      vertex -14.2867 -1.52584 5.72205e-07
      vertex -14.2939 -1.47753 0.0141941
    endloop
  endfacet
  facet normal 0.233328 0.173112 -0.956865
    outer loop
      vertex -15.2105 -0.972151 5.72205e-07
      vertex -15.2526 -0.836953 0.0141941
      vertex -15.1645 -0.955698 0.0141941
    endloop
  endfacet
  facet normal 0.233423 0.173139 -0.956837
    outer loop
      vertex -15.2526 -0.836953 0.0141941
      vertex -15.2105 -0.972151 5.72205e-07
      vertex -15.2915 -0.862948 5.72205e-07
    endloop
  endfacet
  facet normal 0.214911 0.195454 -0.956876
    outer loop
      vertex -15.1645 -0.955698 0.0141941
      vertex -15.1896 -0.997586 5.72205e-07
      vertex -15.2007 -0.985381 5.72205e-07
    endloop
  endfacet
  facet normal -0.189487 0.0474356 -0.980737
    outer loop
      vertex -12.5225 -0.293899 0.0141941
      vertex -12.5584 -0.437306 0.0141941
      vertex -13.1294 -0.26408 0.132895
    endloop
  endfacet
  facet normal -0.281782 0.0705081 -0.956884
    outer loop
      vertex -12.5584 -0.437306 0.0141941
      vertex -12.4806 -0.319006 5.72205e-07
      vertex -12.5136 -0.450889 5.72205e-07
    endloop
  endfacet
  facet normal -0.281854 0.0705584 -0.956859
    outer loop
      vertex -12.4806 -0.319006 5.72205e-07
      vertex -12.5584 -0.437306 0.0141941
      vertex -12.5225 -0.293899 0.0141941
    endloop
  endfacet
  facet normal -0.0980167 0.00483661 -0.995173
    outer loop
      vertex -13.0903 0 0.132895
      vertex -13.0947 -0.0891685 0.132895
      vertex -13.6958 0 0.192532
    endloop
  endfacet
  facet normal -0.193194 -0.0286676 -0.980742
    outer loop
      vertex -12.5225 0.293899 0.0141941
      vertex -12.5008 0.14766 0.0141941
      vertex -13.0947 0.0891685 0.132895
    endloop
  endfacet
  facet normal -0.09244 -0.0328853 -0.995175
    outer loop
      vertex -13.1294 0.26408 0.132895
      vertex -13.7089 0.0883102 0.192532
      vertex -13.7189 0.11642 0.192532
    endloop
  endfacet
  facet normal -0.176548 -0.0835654 -0.980738
    outer loop
      vertex -12.6082 0.576504 0.0141941
      vertex -13.1595 0.348138 0.132895
      vertex -13.1977 0.428843 0.132895
    endloop
  endfacet
  facet normal -0.249016 0.149808 -0.956843
    outer loop
      vertex -12.7 -0.848819 5.72205e-07
      vertex -12.7085 -0.862948 5.72205e-07
      vertex -12.7474 -0.836953 0.0141941
    endloop
  endfacet
  facet normal -0.233423 0.173139 -0.956837
    outer loop
      vertex -12.7895 -0.972151 5.72205e-07
      vertex -12.7474 -0.836953 0.0141941
      vertex -12.7085 -0.862948 5.72205e-07
    endloop
  endfacet
  facet normal -0.233328 0.173112 -0.956865
    outer loop
      vertex -12.7474 -0.836953 0.0141941
      vertex -12.7895 -0.972151 5.72205e-07
      vertex -12.8355 -0.955698 0.0141941
    endloop
  endfacet
  facet normal -0.173214 0.233761 -0.956741
    outer loop
      vertex -13.163 -1.25259 0.0141941
      vertex -13.0278 -1.2105 5.72205e-07
      vertex -13.1371 -1.29149 5.72205e-07
    endloop
  endfacet
  facet normal -0.173077 0.233271 -0.956885
    outer loop
      vertex -13.0278 -1.2105 5.72205e-07
      vertex -13.163 -1.25259 0.0141941
      vertex -13.0443 -1.16452 0.0141941
    endloop
  endfacet
  facet normal -0.149793 0.24936 -0.956756
    outer loop
      vertex -13.1371 -1.29149 5.72205e-07
      vertex -13.1512 -1.29996 5.72205e-07
      vertex -13.163 -1.25259 0.0141941
    endloop
  endfacet
  facet normal -0.0143351 -0.290241 -0.956846
    outer loop
      vertex -13.8478 1.54579 5.72205e-07
      vertex -13.8523 1.49922 0.0141941
      vertex -13.8642 1.5466 5.72205e-07
    endloop
  endfacet
  facet normal 0.0979634 -0.273592 -0.956844
    outer loop
      vertex -14.4509 1.48638 5.72205e-07
      vertex -14.4373 1.44161 0.0141941
      vertex -14.4664 1.48083 5.72205e-07
    endloop
  endfacet
  facet normal -0.149405 -0.249467 -0.956789
    outer loop
      vertex -13.2899 1.32859 0.0141941
      vertex -13.1512 1.29996 5.72205e-07
      vertex -13.163 1.25259 0.0141941
    endloop
  endfacet
  facet normal -0.149343 -0.249119 -0.956889
    outer loop
      vertex -13.1512 1.29996 5.72205e-07
      vertex -13.2899 1.32859 0.0141941
      vertex -13.2678 1.36986 5.72205e-07
    endloop
  endfacet
  facet normal -0.149793 -0.24936 -0.956756
    outer loop
      vertex -13.1512 1.29996 5.72205e-07
      vertex -13.1371 1.29149 5.72205e-07
      vertex -13.163 1.25259 0.0141941
    endloop
  endfacet
  facet normal -0.0426811 -0.28748 -0.956835
    outer loop
      vertex -13.697 1.52342 5.72205e-07
      vertex -13.7061 1.47753 0.0141941
      vertex -13.7133 1.52584 5.72205e-07
    endloop
  endfacet
  facet normal -0.0979634 -0.273592 -0.956844
    outer loop
      vertex -13.5491 1.48638 5.72205e-07
      vertex -13.5336 1.48083 5.72205e-07
      vertex -13.5627 1.44161 0.0141941
    endloop
  endfacet
  facet normal -0.0835123 -0.176559 -0.980741
    outer loop
      vertex -13.4235 1.3918 0.0141941
      vertex -13.5712 0.802309 0.132895
      vertex -13.6519 0.84048 0.132895
    endloop
  endfacet
  facet normal -0.0979039 -0.273618 -0.956843
    outer loop
      vertex -13.4235 1.3918 0.0141941
      vertex -13.5336 1.48083 5.72205e-07
      vertex -13.4056 1.43503 5.72205e-07
    endloop
  endfacet
  facet normal -0.0979123 -0.273628 -0.956839
    outer loop
      vertex -13.5336 1.48083 5.72205e-07
      vertex -13.4235 1.3918 0.0141941
      vertex -13.5627 1.44161 0.0141941
    endloop
  endfacet
  facet normal -0.281855 -0.0705565 -0.956859
    outer loop
      vertex -12.4806 0.319006 5.72205e-07
      vertex -12.4766 0.303027 5.72205e-07
      vertex -12.5225 0.293899 0.0141941
    endloop
  endfacet
  facet normal -0.183909 -0.065796 -0.980739
    outer loop
      vertex -12.6082 0.576504 0.0141941
      vertex -12.5584 0.437306 0.0141941
      vertex -13.1595 0.348138 0.132895
    endloop
  endfacet
  facet normal -0.273753 -0.097939 -0.9568
    outer loop
      vertex -12.6082 0.576504 0.0141941
      vertex -12.5192 0.466398 5.72205e-07
      vertex -12.5584 0.437306 0.0141941
    endloop
  endfacet
  facet normal -0.273763 -0.0979475 -0.956797
    outer loop
      vertex -12.5192 0.466398 5.72205e-07
      vertex -12.6082 0.576504 0.0141941
      vertex -12.565 0.594409 5.72205e-07
    endloop
  endfacet
  facet normal -0.100384 -0.167536 -0.980742
    outer loop
      vertex -13.163 1.25259 0.0141941
      vertex -13.4946 0.756412 0.132895
      vertex -13.5712 0.802309 0.132895
    endloop
  endfacet
  facet normal -0.0835327 -0.176554 -0.98074
    outer loop
      vertex -13.4235 1.3918 0.0141941
      vertex -13.2899 1.32859 0.0141941
      vertex -13.5712 0.802309 0.132895
    endloop
  endfacet
  facet normal -0.0419452 -0.0887208 -0.995173
    outer loop
      vertex -13.5712 0.802309 0.132895
      vertex -13.8566 0.268297 0.192532
      vertex -13.8836 0.281062 0.192532
    endloop
  endfacet
  facet normal -0.0727397 -0.0658681 -0.995174
    outer loop
      vertex -13.3567 0.643275 0.132895
      vertex -13.2968 0.577126 0.132895
      vertex -13.7849 0.215116 0.192532
    endloop
  endfacet
  facet normal -0.144793 -0.131115 -0.980736
    outer loop
      vertex -12.9348 1.06524 0.0141941
      vertex -13.2968 0.577126 0.132895
      vertex -13.3567 0.643275 0.132895
    endloop
  endfacet
  facet normal 0.0504394 -0.0841811 -0.995173
    outer loop
      vertex -14.4288 0.802309 0.132895
      vertex -14.1434 0.268297 0.192532
      vertex -14.5054 0.756412 0.132895
    endloop
  endfacet
  facet normal 0.0584623 -0.0788189 -0.995173
    outer loop
      vertex -14.5054 0.756412 0.132895
      vertex -14.169 0.252949 0.192532
      vertex -14.5771 0.70323 0.132895
    endloop
  endfacet
  facet normal 0.0658034 -0.183896 -0.980741
    outer loop
      vertex -14.4373 1.44161 0.0141941
      vertex -14.3481 0.84048 0.132895
      vertex -14.5765 1.3918 0.0141941
    endloop
  endfacet
  facet normal 0.0979123 -0.273628 -0.956839
    outer loop
      vertex -14.5765 1.3918 0.0141941
      vertex -14.4664 1.48083 5.72205e-07
      vertex -14.4373 1.44161 0.0141941
    endloop
  endfacet
  facet normal 0.0979039 -0.273618 -0.956843
    outer loop
      vertex -14.4664 1.48083 5.72205e-07
      vertex -14.5765 1.3918 0.0141941
      vertex -14.5944 1.43503 5.72205e-07
    endloop
  endfacet
  facet normal 0.0706116 -0.281896 -0.956843
    outer loop
      vertex -14.4373 1.44161 0.0141941
      vertex -14.319 1.51942 5.72205e-07
      vertex -14.2939 1.47753 0.0141941
    endloop
  endfacet
  facet normal 0.0706137 -0.281899 -0.956842
    outer loop
      vertex -14.319 1.51942 5.72205e-07
      vertex -14.4373 1.44161 0.0141941
      vertex -14.4509 1.48638 5.72205e-07
    endloop
  endfacet
  facet normal 0.116377 -0.156852 -0.980741
    outer loop
      vertex -14.837 1.25259 0.0141941
      vertex -14.5771 0.70323 0.132895
      vertex -14.9557 1.16452 0.0141941
    endloop
  endfacet
  facet normal 0.173077 -0.233271 -0.956885
    outer loop
      vertex -14.9722 1.2105 5.72205e-07
      vertex -14.837 1.25259 0.0141941
      vertex -14.9557 1.16452 0.0141941
    endloop
  endfacet
  facet normal 0.173214 -0.233761 -0.956741
    outer loop
      vertex -14.837 1.25259 0.0141941
      vertex -14.9722 1.2105 5.72205e-07
      vertex -14.8629 1.29149 5.72205e-07
    endloop
  endfacet
  facet normal 0.00481286 -0.0980153 -0.995173
    outer loop
      vertex -14 0.909728 0.132895
      vertex -14 0.304219 0.192532
      vertex -14.0892 0.905348 0.132895
    endloop
  endfacet
  facet normal 0.00957907 -0.195081 -0.98074
    outer loop
      vertex -14 1.50648 0.0141941
      vertex -14 0.909728 0.132895
      vertex -14.0892 0.905348 0.132895
    endloop
  endfacet
  facet normal 0.189487 0.0474356 -0.980737
    outer loop
      vertex -14.8706 -0.26408 0.132895
      vertex -15.4416 -0.437306 0.0141941
      vertex -15.4775 -0.293899 0.0141941
    endloop
  endfacet
  facet normal 0.193194 0.0286676 -0.980742
    outer loop
      vertex -14.9053 -0.0891685 0.132895
      vertex -15.4775 -0.293899 0.0141941
      vertex -15.4992 -0.14766 0.0141941
    endloop
  endfacet
  facet normal 0.287505 -0.0426621 -0.956829
    outer loop
      vertex -15.4992 0.14766 0.0141941
      vertex -15.5258 0.286733 5.72205e-07
      vertex -15.4775 0.293899 0.0141941
    endloop
  endfacet
  facet normal 0.287251 -0.0427181 -0.956902
    outer loop
      vertex -15.5258 0.286733 5.72205e-07
      vertex -15.4992 0.14766 0.0141941
      vertex -15.5458 0.152246 5.72205e-07
    endloop
  endfacet
  facet normal 0.189497 -0.0472643 -0.980743
    outer loop
      vertex -14.8706 0.26408 0.132895
      vertex -14.8922 0.177479 0.132895
      vertex -15.4775 0.293899 0.0141941
    endloop
  endfacet
  facet normal 0.167521 -0.100414 -0.980741
    outer loop
      vertex -14.7564 0.505418 0.132895
      vertex -14.8023 0.428843 0.132895
      vertex -15.2526 0.836953 0.0141941
    endloop
  endfacet
  facet normal 0.176566 -0.0834976 -0.980741
    outer loop
      vertex -15.3286 0.710148 0.0141941
      vertex -14.8023 0.428843 0.132895
      vertex -15.3918 0.576504 0.0141941
    endloop
  endfacet
  facet normal 0.0789693 -0.0582909 -0.995171
    outer loop
      vertex -14.2352 0.192994 0.192532
      vertex -14.2529 0.169015 0.192532
      vertex -14.7032 0.577126 0.132895
    endloop
  endfacet
  facet normal 0.0788089 -0.0584682 -0.995174
    outer loop
      vertex -14.7032 0.577126 0.132895
      vertex -14.2529 0.169015 0.192532
      vertex -14.7564 0.505418 0.132895
    endloop
  endfacet
  facet normal 0.215276 0.195095 -0.956867
    outer loop
      vertex -15.1896 -0.997586 5.72205e-07
      vertex -15.0652 -1.06524 0.0141941
      vertex -15.0983 -1.09833 5.72205e-07
    endloop
  endfacet
  facet normal 0.215325 0.195192 -0.956836
    outer loop
      vertex -15.0652 -1.06524 0.0141941
      vertex -15.1896 -0.997586 5.72205e-07
      vertex -15.1645 -0.955698 0.0141941
    endloop
  endfacet
  facet normal 0.167521 0.100414 -0.980741
    outer loop
      vertex -14.8023 -0.428843 0.132895
      vertex -14.7564 -0.505418 0.132895
      vertex -15.2526 -0.836953 0.0141941
    endloop
  endfacet
  facet normal 0.0658735 0.072735 -0.995174
    outer loop
      vertex -14.2151 -0.215116 0.192532
      vertex -14.5771 -0.70323 0.132895
      vertex -14.6433 -0.643275 0.132895
    endloop
  endfacet
  facet normal 0.13119 0.144695 -0.980741
    outer loop
      vertex -14.5771 -0.70323 0.132895
      vertex -14.9557 -1.16452 0.0141941
      vertex -15.0652 -1.06524 0.0141941
    endloop
  endfacet
  facet normal -0.00957907 0.195081 -0.98074
    outer loop
      vertex -14 -0.909728 0.132895
      vertex -13.9108 -0.905348 0.132895
      vertex -14 -1.50648 0.0141941
    endloop
  endfacet
  facet normal -0.0144011 0.0970699 -0.995173
    outer loop
      vertex -13.8225 -0.892248 0.132895
      vertex -13.9108 -0.905348 0.132895
      vertex -13.9702 -0.302754 0.192532
    endloop
  endfacet
  facet normal 0.0238884 0.0951849 -0.995173
    outer loop
      vertex -14.0883 -0.29112 0.192532
      vertex -14.0594 -0.298373 0.192532
      vertex -14.1775 -0.892248 0.132895
    endloop
  endfacet
  facet normal 0.0474582 0.189465 -0.98074
    outer loop
      vertex -14.2641 -0.870556 0.132895
      vertex -14.1775 -0.892248 0.132895
      vertex -14.2939 -1.47753 0.0141941
    endloop
  endfacet
  facet normal 0.023844 0.0951915 -0.995173
    outer loop
      vertex -14.0883 -0.29112 0.192532
      vertex -14.1775 -0.892248 0.132895
      vertex -14.2641 -0.870556 0.132895
    endloop
  endfacet
  facet normal 0.0835123 0.176559 -0.980741
    outer loop
      vertex -14.4288 -0.802309 0.132895
      vertex -14.3481 -0.84048 0.132895
      vertex -14.5765 -1.3918 0.0141941
    endloop
  endfacet
  facet normal -0.131124 0.144782 -0.980737
    outer loop
      vertex -13.3567 -0.643275 0.132895
      vertex -12.9348 -1.06524 0.0141941
      vertex -13.4229 -0.70323 0.132895
    endloop
  endfacet
  facet normal -0.13119 0.144695 -0.980741
    outer loop
      vertex -12.9348 -1.06524 0.0141941
      vertex -13.0443 -1.16452 0.0141941
      vertex -13.4229 -0.70323 0.132895
    endloop
  endfacet
  facet normal -0.193197 0.0286589 -0.980741
    outer loop
      vertex -13.0947 -0.0891685 0.132895
      vertex -12.5225 -0.293899 0.0141941
      vertex -13.1078 -0.177479 0.132895
    endloop
  endfacet
  facet normal -0.0658034 0.183896 -0.980741
    outer loop
      vertex -13.4235 -1.3918 0.0141941
      vertex -13.5627 -1.44161 0.0141941
      vertex -13.6519 -0.84048 0.132895
    endloop
  endfacet
  facet normal -0.124198 0.262582 -0.956883
    outer loop
      vertex -13.3907 -1.42799 5.72205e-07
      vertex -13.2899 -1.32859 0.0141941
      vertex -13.2678 -1.36986 5.72205e-07
    endloop
  endfacet
  facet normal -0.124266 0.262648 -0.956856
    outer loop
      vertex -13.2899 -1.32859 0.0141941
      vertex -13.3907 -1.42799 5.72205e-07
      vertex -13.4235 -1.3918 0.0141941
    endloop
  endfacet
  facet normal -0.0330705 0.0923922 -0.995173
    outer loop
      vertex -13.8836 -0.281062 0.192532
      vertex -13.7359 -0.870556 0.132895
      vertex -13.9117 -0.29112 0.192532
    endloop
  endfacet
  facet normal -0.0706137 0.281899 -0.956842
    outer loop
      vertex -13.681 -1.51942 5.72205e-07
      vertex -13.5627 -1.44161 0.0141941
      vertex -13.5491 -1.48638 5.72205e-07
    endloop
  endfacet
  facet normal -0.0706116 0.281896 -0.956843
    outer loop
      vertex -13.5627 -1.44161 0.0141941
      vertex -13.681 -1.51942 5.72205e-07
      vertex -13.7061 -1.47753 0.0141941
    endloop
  endfacet
  facet normal -0.173299 0.233185 -0.956866
    outer loop
      vertex -13.0146 -1.20069 5.72205e-07
      vertex -13.0278 -1.2105 5.72205e-07
      vertex -13.0443 -1.16452 0.0141941
    endloop
  endfacet
  facet normal -0.195138 0.215252 -0.956863
    outer loop
      vertex -13.0024 -1.18963 5.72205e-07
      vertex -13.0146 -1.20069 5.72205e-07
      vertex -13.0443 -1.16452 0.0141941
    endloop
  endfacet
  facet normal 0.0286632 0.193203 -0.98074
    outer loop
      vertex -14.1775 -0.892248 0.132895
      vertex -14.0892 -0.905348 0.132895
      vertex -14.2939 -1.47753 0.0141941
    endloop
  endfacet
  facet normal 0.0144011 0.0970699 -0.995173
    outer loop
      vertex -14.0298 -0.302754 0.192532
      vertex -14.0892 -0.905348 0.132895
      vertex -14.1775 -0.892248 0.132895
    endloop
  endfacet
  facet normal -0.0887027 0.0419856 -0.995173
    outer loop
      vertex -13.1595 -0.348138 0.132895
      vertex -13.1977 -0.428843 0.132895
      vertex -13.7189 -0.11642 0.192532
    endloop
  endfacet
  facet normal -0.249112 0.14932 -0.956894
    outer loop
      vertex -12.7 -0.848819 5.72205e-07
      vertex -12.6714 -0.710148 0.0141941
      vertex -12.6301 -0.732204 5.72205e-07
    endloop
  endfacet
  facet normal -0.249149 0.149326 -0.956884
    outer loop
      vertex -12.6714 -0.710148 0.0141941
      vertex -12.7 -0.848819 5.72205e-07
      vertex -12.7474 -0.836953 0.0141941
    endloop
  endfacet
  facet normal -0.195068 0.00964375 -0.980742
    outer loop
      vertex -12.4935 0 0.0141941
      vertex -12.5008 -0.14766 0.0141941
      vertex -13.0947 -0.0891685 0.132895
    endloop
  endfacet
  facet normal -0.290197 0.0143182 -0.95686
    outer loop
      vertex -12.4534 -0.135794 5.72205e-07
      vertex -12.4935 0 0.0141941
      vertex -12.4467 0 5.72205e-07
    endloop
  endfacet
  facet normal -0.290121 0.014343 -0.956883
    outer loop
      vertex -12.4935 0 0.0141941
      vertex -12.4534 -0.135794 5.72205e-07
      vertex -12.5008 -0.14766 0.0141941
    endloop
  endfacet
  facet normal -0.195065 0.00962546 -0.980743
    outer loop
      vertex -13.0903 0 0.132895
      vertex -12.4935 0 0.0141941
      vertex -13.0947 -0.0891685 0.132895
    endloop
  endfacet
  facet normal -0.0980167 -0.00483661 -0.995173
    outer loop
      vertex -13.0947 0.0891685 0.132895
      vertex -13.0903 0 0.132895
      vertex -13.6958 0 0.192532
    endloop
  endfacet
  facet normal -0.097086 -0.0144018 -0.995172
    outer loop
      vertex -13.1078 0.177479 0.132895
      vertex -13.0947 0.0891685 0.132895
      vertex -13.6972 0.0298185 0.192532
    endloop
  endfacet
  facet normal -0.193197 -0.0286589 -0.980741
    outer loop
      vertex -12.5225 0.293899 0.0141941
      vertex -13.0947 0.0891685 0.132895
      vertex -13.1078 0.177479 0.132895
    endloop
  endfacet
  facet normal -0.0887027 -0.0419856 -0.995173
    outer loop
      vertex -13.1977 0.428843 0.132895
      vertex -13.1595 0.348138 0.132895
      vertex -13.7189 0.11642 0.192532
    endloop
  endfacet
  facet normal -0.0886632 -0.0420516 -0.995174
    outer loop
      vertex -13.1977 0.428843 0.132895
      vertex -13.7189 0.11642 0.192532
      vertex -13.7317 0.143408 0.192532
    endloop
  endfacet
  facet normal -0.233411 0.172897 -0.956884
    outer loop
      vertex -12.7895 -0.972151 5.72205e-07
      vertex -12.7993 -0.985381 5.72205e-07
      vertex -12.8355 -0.955698 0.0141941
    endloop
  endfacet
  facet normal -0.00957907 -0.195081 -0.98074
    outer loop
      vertex -14 1.50648 0.0141941
      vertex -13.9108 0.905348 0.132895
      vertex -14 0.909728 0.132895
    endloop
  endfacet
  facet normal -0.009589 -0.195082 -0.98074
    outer loop
      vertex -13.8523 1.49922 0.0141941
      vertex -13.9108 0.905348 0.132895
      vertex -14 1.50648 0.0141941
    endloop
  endfacet
  facet normal -0.0704911 -0.281964 -0.956832
    outer loop
      vertex -13.697 1.52342 5.72205e-07
      vertex -13.681 1.51942 5.72205e-07
      vertex -13.7061 1.47753 0.0141941
    endloop
  endfacet
  facet normal -0.0706137 -0.281899 -0.956842
    outer loop
      vertex -13.5627 1.44161 0.0141941
      vertex -13.681 1.51942 5.72205e-07
      vertex -13.5491 1.48638 5.72205e-07
    endloop
  endfacet
  facet normal -0.0706116 -0.281896 -0.956843
    outer loop
      vertex -13.681 1.51942 5.72205e-07
      vertex -13.5627 1.44161 0.0141941
      vertex -13.7061 1.47753 0.0141941
    endloop
  endfacet
  facet normal -0.0474588 -0.189465 -0.98074
    outer loop
      vertex -13.7061 1.47753 0.0141941
      vertex -13.5627 1.44161 0.0141941
      vertex -13.7359 0.870556 0.132895
    endloop
  endfacet
  facet normal -0.1839 -0.0658521 -0.980737
    outer loop
      vertex -12.5584 0.437306 0.0141941
      vertex -13.1294 0.26408 0.132895
      vertex -13.1595 0.348138 0.132895
    endloop
  endfacet
  facet normal -0.189487 -0.0474356 -0.980737
    outer loop
      vertex -12.5584 0.437306 0.0141941
      vertex -12.5225 0.293899 0.0141941
      vertex -13.1294 0.26408 0.132895
    endloop
  endfacet
  facet normal -0.167528 -0.100407 -0.980741
    outer loop
      vertex -12.7474 0.836953 0.0141941
      vertex -12.6714 0.710148 0.0141941
      vertex -13.1977 0.428843 0.132895
    endloop
  endfacet
  facet normal -0.249016 -0.149808 -0.956843
    outer loop
      vertex -12.7085 0.862948 5.72205e-07
      vertex -12.7 0.848819 5.72205e-07
      vertex -12.7474 0.836953 0.0141941
    endloop
  endfacet
  facet normal -0.0238884 -0.0951849 -0.995173
    outer loop
      vertex -13.8225 0.892248 0.132895
      vertex -13.9117 0.29112 0.192532
      vertex -13.9406 0.298373 0.192532
    endloop
  endfacet
  facet normal -0.0143682 -0.0970781 -0.995173
    outer loop
      vertex -13.8225 0.892248 0.132895
      vertex -13.9406 0.298373 0.192532
      vertex -13.9702 0.302754 0.192532
    endloop
  endfacet
  facet normal -0.0840864 -0.0505694 -0.995174
    outer loop
      vertex -13.2436 0.505418 0.132895
      vertex -13.7317 0.143408 0.192532
      vertex -13.7471 0.169015 0.192532
    endloop
  endfacet
  facet normal -0.0584279 -0.0788501 -0.995173
    outer loop
      vertex -13.4229 0.70323 0.132895
      vertex -13.807 0.235165 0.192532
      vertex -13.831 0.252949 0.192532
    endloop
  endfacet
  facet normal -0.0658034 -0.183896 -0.980741
    outer loop
      vertex -13.5627 1.44161 0.0141941
      vertex -13.4235 1.3918 0.0141941
      vertex -13.6519 0.84048 0.132895
    endloop
  endfacet
  facet normal -0.0658413 -0.18389 -0.980739
    outer loop
      vertex -13.5627 1.44161 0.0141941
      vertex -13.6519 0.84048 0.132895
      vertex -13.7359 0.870556 0.132895
    endloop
  endfacet
  facet normal 0.0504601 -0.0841658 -0.995173
    outer loop
      vertex -14.1434 0.268297 0.192532
      vertex -14.169 0.252949 0.192532
      vertex -14.5054 0.756412 0.132895
    endloop
  endfacet
  facet normal 0.0704911 -0.281964 -0.956832
    outer loop
      vertex -14.303 1.52342 5.72205e-07
      vertex -14.2939 1.47753 0.0141941
      vertex -14.319 1.51942 5.72205e-07
    endloop
  endfacet
  facet normal 0.0426811 -0.28748 -0.956835
    outer loop
      vertex -14.2867 1.52584 5.72205e-07
      vertex -14.2939 1.47753 0.0141941
      vertex -14.303 1.52342 5.72205e-07
    endloop
  endfacet
  facet normal 0.0048185 -0.0980145 -0.995173
    outer loop
      vertex -14 0.304219 0.192532
      vertex -14.0298 0.302754 0.192532
      vertex -14.0892 0.905348 0.132895
    endloop
  endfacet
  facet normal 0.0143682 -0.0970781 -0.995173
    outer loop
      vertex -14.0298 0.302754 0.192532
      vertex -14.0594 0.298373 0.192532
      vertex -14.1775 0.892248 0.132895
    endloop
  endfacet
  facet normal 0.0238884 -0.0951849 -0.995173
    outer loop
      vertex -14.0594 0.298373 0.192532
      vertex -14.0883 0.29112 0.192532
      vertex -14.1775 0.892248 0.132895
    endloop
  endfacet
  facet normal 0.09244 0.0328853 -0.995175
    outer loop
      vertex -14.2911 -0.0883102 0.192532
      vertex -14.2811 -0.11642 0.192532
      vertex -14.8706 -0.26408 0.132895
    endloop
  endfacet
  facet normal 0.0980511 -0.00460357 -0.995171
    outer loop
      vertex -14.3028 0.0298185 0.192532
      vertex -14.3042 0 0.192532
      vertex -14.9053 0.0891685 0.132895
    endloop
  endfacet
  facet normal 0.0980167 -0.00483661 -0.995173
    outer loop
      vertex -14.9053 0.0891685 0.132895
      vertex -14.3042 0 0.192532
      vertex -14.9097 0 0.132895
    endloop
  endfacet
  facet normal 0.189497 0.0472643 -0.980743
    outer loop
      vertex -14.8922 -0.177479 0.132895
      vertex -14.8706 -0.26408 0.132895
      vertex -15.4775 -0.293899 0.0141941
    endloop
  endfacet
  facet normal 0.193197 0.0286589 -0.980741
    outer loop
      vertex -14.9053 -0.0891685 0.132895
      vertex -14.8922 -0.177479 0.132895
      vertex -15.4775 -0.293899 0.0141941
    endloop
  endfacet
  facet normal 0.195068 0.00964375 -0.980742
    outer loop
      vertex -14.9053 -0.0891685 0.132895
      vertex -15.4992 -0.14766 0.0141941
      vertex -15.5065 0 0.0141941
    endloop
  endfacet
  facet normal 0.195065 0.00962546 -0.980743
    outer loop
      vertex -14.9097 0 0.132895
      vertex -14.9053 -0.0891685 0.132895
      vertex -15.5065 0 0.0141941
    endloop
  endfacet
  facet normal 0.281782 0.0705081 -0.956884
    outer loop
      vertex -15.5194 -0.319006 5.72205e-07
      vertex -15.4416 -0.437306 0.0141941
      vertex -15.4864 -0.450889 5.72205e-07
    endloop
  endfacet
  facet normal 0.281854 0.0705584 -0.956859
    outer loop
      vertex -15.4416 -0.437306 0.0141941
      vertex -15.5194 -0.319006 5.72205e-07
      vertex -15.4775 -0.293899 0.0141941
    endloop
  endfacet
  facet normal 0.281855 -0.0705565 -0.956859
    outer loop
      vertex -15.5194 0.319006 5.72205e-07
      vertex -15.4775 0.293899 0.0141941
      vertex -15.5234 0.303027 5.72205e-07
    endloop
  endfacet
  facet normal 0 0 -1
    outer loop
      vertex -13.6972 -0.0298185 0.192532
      vertex -13.6972 0.0298185 0.192532
      vertex -13.6958 0 0.192532
    endloop
  endfacet
  facet normal 0 0 -1
    outer loop
      vertex -13.7016 -0.05935 0.192532
      vertex -13.6972 0.0298185 0.192532
      vertex -13.6972 -0.0298185 0.192532
    endloop
  endfacet
  facet normal 0 0 -1
    outer loop
      vertex -13.7016 -0.05935 0.192532
      vertex -13.7016 0.05935 0.192532
      vertex -13.6972 0.0298185 0.192532
    endloop
  endfacet
  facet normal 0 0 -1
    outer loop
      vertex -13.7089 -0.0883102 0.192532
      vertex -13.7016 0.05935 0.192532
      vertex -13.7016 -0.05935 0.192532
    endloop
  endfacet
  facet normal 0 0 -1
    outer loop
      vertex -13.7089 -0.0883102 0.192532
      vertex -13.7089 0.0883102 0.192532
      vertex -13.7016 0.05935 0.192532
    endloop
  endfacet
  facet normal 0 0 -1
    outer loop
      vertex -13.7189 -0.11642 0.192532
      vertex -13.7089 0.0883102 0.192532
      vertex -13.7089 -0.0883102 0.192532
    endloop
  endfacet
  facet normal 0 0 -1
    outer loop
      vertex -13.7189 -0.11642 0.192532
      vertex -13.7189 0.11642 0.192532
      vertex -13.7089 0.0883102 0.192532
    endloop
  endfacet
  facet normal 0 0 -1
    outer loop
      vertex -13.7317 -0.143408 0.192532
      vertex -13.7189 0.11642 0.192532
      vertex -13.7189 -0.11642 0.192532
    endloop
  endfacet
  facet normal 0 0 -1
    outer loop
      vertex -13.7317 -0.143408 0.192532
      vertex -13.7317 0.143408 0.192532
      vertex -13.7189 0.11642 0.192532
    endloop
  endfacet
  facet normal 0 0 -1
    outer loop
      vertex -13.7471 -0.169015 0.192532
      vertex -13.7317 0.143408 0.192532
      vertex -13.7317 -0.143408 0.192532
    endloop
  endfacet
  facet normal 0 0 -1
    outer loop
      vertex -13.7471 -0.169015 0.192532
      vertex -13.7471 0.169015 0.192532
      vertex -13.7317 0.143408 0.192532
    endloop
  endfacet
  facet normal 0 0 -1
    outer loop
      vertex -13.7648 -0.192994 0.192532
      vertex -13.7471 0.169015 0.192532
      vertex -13.7471 -0.169015 0.192532
    endloop
  endfacet
  facet normal 0 0 -1
    outer loop
      vertex -13.7648 -0.192994 0.192532
      vertex -13.7648 0.192994 0.192532
      vertex -13.7471 0.169015 0.192532
    endloop
  endfacet
  facet normal 0 0 -1
    outer loop
      vertex -13.7849 -0.215116 0.192532
      vertex -13.7648 0.192994 0.192532
      vertex -13.7648 -0.192994 0.192532
    endloop
  endfacet
  facet normal 0 0 -1
    outer loop
      vertex -13.7849 -0.215116 0.192532
      vertex -13.7849 0.215116 0.192532
      vertex -13.7648 0.192994 0.192532
    endloop
  endfacet
  facet normal 0 0 -1
    outer loop
      vertex -13.807 -0.235165 0.192532
      vertex -13.7849 0.215116 0.192532
      vertex -13.7849 -0.215116 0.192532
    endloop
  endfacet
  facet normal 0 0 -1
    outer loop
      vertex -13.807 -0.235165 0.192532
      vertex -13.807 0.235165 0.192532
      vertex -13.7849 0.215116 0.192532
    endloop
  endfacet
  facet normal 0 0 -1
    outer loop
      vertex -13.831 -0.252949 0.192532
      vertex -13.807 0.235165 0.192532
      vertex -13.807 -0.235165 0.192532
    endloop
  endfacet
  facet normal 0 0 -1
    outer loop
      vertex -13.831 -0.252949 0.192532
      vertex -13.831 0.252949 0.192532
      vertex -13.807 0.235165 0.192532
    endloop
  endfacet
  facet normal 0 0 -1
    outer loop
      vertex -13.8566 -0.268297 0.192532
      vertex -13.831 0.252949 0.192532
      vertex -13.831 -0.252949 0.192532
    endloop
  endfacet
  facet normal 0 0 -1
    outer loop
      vertex -13.8566 -0.268297 0.192532
      vertex -13.8566 0.268297 0.192532
      vertex -13.831 0.252949 0.192532
    endloop
  endfacet
  facet normal 0 0 -1
    outer loop
      vertex -13.8836 -0.281062 0.192532
      vertex -13.8566 0.268297 0.192532
      vertex -13.8566 -0.268297 0.192532
    endloop
  endfacet
  facet normal 0 0 -1
    outer loop
      vertex -13.8836 -0.281062 0.192532
      vertex -13.8836 0.281062 0.192532
      vertex -13.8566 0.268297 0.192532
    endloop
  endfacet
  facet normal 0 0 -1
    outer loop
      vertex -13.9117 -0.29112 0.192532
      vertex -13.8836 0.281062 0.192532
      vertex -13.8836 -0.281062 0.192532
    endloop
  endfacet
  facet normal 0 0 -1
    outer loop
      vertex -13.9117 -0.29112 0.192532
      vertex -13.9117 0.29112 0.192532
      vertex -13.8836 0.281062 0.192532
    endloop
  endfacet
  facet normal 0 0 -1
    outer loop
      vertex -13.9406 -0.298373 0.192532
      vertex -13.9117 0.29112 0.192532
      vertex -13.9117 -0.29112 0.192532
    endloop
  endfacet
  facet normal 0 0 -1
    outer loop
      vertex -13.9406 -0.298373 0.192532
      vertex -13.9406 0.298373 0.192532
      vertex -13.9117 0.29112 0.192532
    endloop
  endfacet
  facet normal 0 0 -1
    outer loop
      vertex -13.9702 -0.302754 0.192532
      vertex -13.9406 0.298373 0.192532
      vertex -13.9406 -0.298373 0.192532
    endloop
  endfacet
  facet normal 0 0 -1
    outer loop
      vertex -13.9702 -0.302754 0.192532
      vertex -13.9702 0.302754 0.192532
      vertex -13.9406 0.298373 0.192532
    endloop
  endfacet
  facet normal 0 0 -1
    outer loop
      vertex -14 -0.304219 0.192532
      vertex -13.9702 0.302754 0.192532
      vertex -13.9702 -0.302754 0.192532
    endloop
  endfacet
  facet normal 0 0 -1
    outer loop
      vertex -14 -0.304219 0.192532
      vertex -14 0.304219 0.192532
      vertex -13.9702 0.302754 0.192532
    endloop
  endfacet
  facet normal 0 0 -1
    outer loop
      vertex -14.0298 -0.302754 0.192532
      vertex -14 0.304219 0.192532
      vertex -14 -0.304219 0.192532
    endloop
  endfacet
  facet normal 0 0 -1
    outer loop
      vertex -14.0298 -0.302754 0.192532
      vertex -14.0298 0.302754 0.192532
      vertex -14 0.304219 0.192532
    endloop
  endfacet
  facet normal 0 0 -1
    outer loop
      vertex -14.0594 -0.298373 0.192532
      vertex -14.0298 0.302754 0.192532
      vertex -14.0298 -0.302754 0.192532
    endloop
  endfacet
  facet normal 0 0 -1
    outer loop
      vertex -14.0594 -0.298373 0.192532
      vertex -14.0594 0.298373 0.192532
      vertex -14.0298 0.302754 0.192532
    endloop
  endfacet
  facet normal 0 0 -1
    outer loop
      vertex -14.0883 -0.29112 0.192532
      vertex -14.0594 0.298373 0.192532
      vertex -14.0594 -0.298373 0.192532
    endloop
  endfacet
  facet normal 0 0 -1
    outer loop
      vertex -14.0883 -0.29112 0.192532
      vertex -14.0883 0.29112 0.192532
      vertex -14.0594 0.298373 0.192532
    endloop
  endfacet
  facet normal 0 0 -1
    outer loop
      vertex -14.1164 -0.281062 0.192532
      vertex -14.0883 0.29112 0.192532
      vertex -14.0883 -0.29112 0.192532
    endloop
  endfacet
  facet normal 0 0 -1
    outer loop
      vertex -14.1164 -0.281062 0.192532
      vertex -14.1164 0.281062 0.192532
      vertex -14.0883 0.29112 0.192532
    endloop
  endfacet
  facet normal 0 0 -1
    outer loop
      vertex -14.1434 -0.268297 0.192532
      vertex -14.1164 0.281062 0.192532
      vertex -14.1164 -0.281062 0.192532
    endloop
  endfacet
  facet normal 0 0 -1
    outer loop
      vertex -14.1434 -0.268297 0.192532
      vertex -14.1434 0.268297 0.192532
      vertex -14.1164 0.281062 0.192532
    endloop
  endfacet
  facet normal 0 0 -1
    outer loop
      vertex -14.169 -0.252949 0.192532
      vertex -14.1434 0.268297 0.192532
      vertex -14.1434 -0.268297 0.192532
    endloop
  endfacet
  facet normal 0 0 -1
    outer loop
      vertex -14.169 -0.252949 0.192532
      vertex -14.169 0.252949 0.192532
      vertex -14.1434 0.268297 0.192532
    endloop
  endfacet
  facet normal 0 0 -1
    outer loop
      vertex -14.193 -0.235165 0.192532
      vertex -14.169 0.252949 0.192532
      vertex -14.169 -0.252949 0.192532
    endloop
  endfacet
  facet normal 0 0 -1
    outer loop
      vertex -14.193 -0.235165 0.192532
      vertex -14.193 0.235165 0.192532
      vertex -14.169 0.252949 0.192532
    endloop
  endfacet
  facet normal 0 0 -1
    outer loop
      vertex -14.2151 -0.215116 0.192532
      vertex -14.193 0.235165 0.192532
      vertex -14.193 -0.235165 0.192532
    endloop
  endfacet
  facet normal 0 0 -1
    outer loop
      vertex -14.2151 -0.215116 0.192532
      vertex -14.2151 0.215116 0.192532
      vertex -14.193 0.235165 0.192532
    endloop
  endfacet
  facet normal 0 0 -1
    outer loop
      vertex -14.2352 -0.192994 0.192532
      vertex -14.2151 0.215116 0.192532
      vertex -14.2151 -0.215116 0.192532
    endloop
  endfacet
  facet normal 0 0 -1
    outer loop
      vertex -14.2352 -0.192994 0.192532
      vertex -14.2352 0.192994 0.192532
      vertex -14.2151 0.215116 0.192532
    endloop
  endfacet
  facet normal 0 0 -1
    outer loop
      vertex -14.2529 -0.169015 0.192532
      vertex -14.2352 0.192994 0.192532
      vertex -14.2352 -0.192994 0.192532
    endloop
  endfacet
  facet normal 0 0 -1
    outer loop
      vertex -14.2529 -0.169015 0.192532
      vertex -14.2529 0.169015 0.192532
      vertex -14.2352 0.192994 0.192532
    endloop
  endfacet
  facet normal 0 0 -1
    outer loop
      vertex -14.2683 -0.143408 0.192532
      vertex -14.2529 0.169015 0.192532
      vertex -14.2529 -0.169015 0.192532
    endloop
  endfacet
  facet normal 0 0 -1
    outer loop
      vertex -14.2683 -0.143408 0.192532
      vertex -14.2683 0.143408 0.192532
      vertex -14.2529 0.169015 0.192532
    endloop
  endfacet
  facet normal 0 0 -1
    outer loop
      vertex -14.2811 -0.11642 0.192532
      vertex -14.2683 0.143408 0.192532
      vertex -14.2683 -0.143408 0.192532
    endloop
  endfacet
  facet normal 0 0 -1
    outer loop
      vertex -14.2811 -0.11642 0.192532
      vertex -14.2811 0.11642 0.192532
      vertex -14.2683 0.143408 0.192532
    endloop
  endfacet
  facet normal 0 0 -1
    outer loop
      vertex -14.2911 -0.0883102 0.192532
      vertex -14.2811 0.11642 0.192532
      vertex -14.2811 -0.11642 0.192532
    endloop
  endfacet
  facet normal 0 0 -1
    outer loop
      vertex -14.2911 -0.0883102 0.192532
      vertex -14.2911 0.0883102 0.192532
      vertex -14.2811 0.11642 0.192532
    endloop
  endfacet
  facet normal 0 0 -1
    outer loop
      vertex -14.2984 -0.05935 0.192532
      vertex -14.2911 0.0883102 0.192532
      vertex -14.2911 -0.0883102 0.192532
    endloop
  endfacet
  facet normal 0 0 -1
    outer loop
      vertex -14.2984 -0.05935 0.192532
      vertex -14.2984 0.05935 0.192532
      vertex -14.2911 0.0883102 0.192532
    endloop
  endfacet
  facet normal 0 0 -1
    outer loop
      vertex -14.3028 -0.0298185 0.192532
      vertex -14.2984 0.05935 0.192532
      vertex -14.2984 -0.05935 0.192532
    endloop
  endfacet
  facet normal 0 0 -1
    outer loop
      vertex -14.3028 -0.0298185 0.192532
      vertex -14.3028 0.0298185 0.192532
      vertex -14.2984 0.05935 0.192532
    endloop
  endfacet
  facet normal 0 -0 -1
    outer loop
      vertex -14.3028 0.0298185 0.192532
      vertex -14.3028 -0.0298185 0.192532
      vertex -14.3042 0 0.192532
    endloop
  endfacet
  facet normal 0.0952115 -0.0237476 -0.995174
    outer loop
      vertex -14.8706 0.26408 0.132895
      vertex -14.2911 0.0883102 0.192532
      vertex -14.8922 0.177479 0.132895
    endloop
  endfacet
  facet normal 0.249149 -0.149326 -0.956884
    outer loop
      vertex -15.3286 0.710148 0.0141941
      vertex -15.3 0.848819 5.72205e-07
      vertex -15.2526 0.836953 0.0141941
    endloop
  endfacet
  facet normal 0.249112 -0.14932 -0.956894
    outer loop
      vertex -15.3 0.848819 5.72205e-07
      vertex -15.3286 0.710148 0.0141941
      vertex -15.3699 0.732204 5.72205e-07
    endloop
  endfacet
  facet normal 0.262647 -0.124205 -0.956864
    outer loop
      vertex -15.428 0.6093 5.72205e-07
      vertex -15.3286 0.710148 0.0141941
      vertex -15.3918 0.576504 0.0141941
    endloop
  endfacet
  facet normal 0.262569 -0.124123 -0.956897
    outer loop
      vertex -15.3286 0.710148 0.0141941
      vertex -15.428 0.6093 5.72205e-07
      vertex -15.3699 0.732204 5.72205e-07
    endloop
  endfacet
  facet normal 0.0840864 -0.0505694 -0.995174
    outer loop
      vertex -14.2529 0.169015 0.192532
      vertex -14.2683 0.143408 0.192532
      vertex -14.7564 0.505418 0.132895
    endloop
  endfacet
  facet normal 0.131124 -0.144782 -0.980737
    outer loop
      vertex -14.5771 0.70323 0.132895
      vertex -14.6433 0.643275 0.132895
      vertex -15.0652 1.06524 0.0141941
    endloop
  endfacet
  facet normal 0.144793 -0.131115 -0.980736
    outer loop
      vertex -14.6433 0.643275 0.132895
      vertex -14.7032 0.577126 0.132895
      vertex -15.0652 1.06524 0.0141941
    endloop
  endfacet
  facet normal 0.233411 0.172897 -0.956884
    outer loop
      vertex -15.1645 -0.955698 0.0141941
      vertex -15.2007 -0.985381 5.72205e-07
      vertex -15.2105 -0.972151 5.72205e-07
    endloop
  endfacet
  facet normal 0.249016 0.149808 -0.956843
    outer loop
      vertex -15.2526 -0.836953 0.0141941
      vertex -15.2915 -0.862948 5.72205e-07
      vertex -15.3 -0.848819 5.72205e-07
    endloop
  endfacet
  facet normal 0.249149 0.149326 -0.956884
    outer loop
      vertex -15.3 -0.848819 5.72205e-07
      vertex -15.3286 -0.710148 0.0141941
      vertex -15.2526 -0.836953 0.0141941
    endloop
  endfacet
  facet normal 0.249112 0.14932 -0.956894
    outer loop
      vertex -15.3286 -0.710148 0.0141941
      vertex -15.3 -0.848819 5.72205e-07
      vertex -15.3699 -0.732204 5.72205e-07
    endloop
  endfacet
  facet normal 0.0887027 0.0419856 -0.995173
    outer loop
      vertex -14.2811 -0.11642 0.192532
      vertex -14.8023 -0.428843 0.132895
      vertex -14.8405 -0.348138 0.132895
    endloop
  endfacet
  facet normal 0.0923902 0.0330836 -0.995173
    outer loop
      vertex -14.2811 -0.11642 0.192532
      vertex -14.8405 -0.348138 0.132895
      vertex -14.8706 -0.26408 0.132895
    endloop
  endfacet
  facet normal 0.156858 0.116373 -0.980741
    outer loop
      vertex -14.7564 -0.505418 0.132895
      vertex -14.7032 -0.577126 0.132895
      vertex -15.2526 -0.836953 0.0141941
    endloop
  endfacet
  facet normal 0.0788089 0.0584682 -0.995174
    outer loop
      vertex -14.2529 -0.169015 0.192532
      vertex -14.7032 -0.577126 0.132895
      vertex -14.7564 -0.505418 0.132895
    endloop
  endfacet
  facet normal 0.116351 0.156865 -0.980742
    outer loop
      vertex -14.5771 -0.70323 0.132895
      vertex -14.5054 -0.756412 0.132895
      vertex -14.837 -1.25259 0.0141941
    endloop
  endfacet
  facet normal 0.100384 0.167536 -0.980742
    outer loop
      vertex -14.5054 -0.756412 0.132895
      vertex -14.4288 -0.802309 0.132895
      vertex -14.837 -1.25259 0.0141941
    endloop
  endfacet
  facet normal 0.0584279 0.0788501 -0.995173
    outer loop
      vertex -14.193 -0.235165 0.192532
      vertex -14.169 -0.252949 0.192532
      vertex -14.5771 -0.70323 0.132895
    endloop
  endfacet
  facet normal 0.0419452 0.0887208 -0.995173
    outer loop
      vertex -14.1434 -0.268297 0.192532
      vertex -14.1164 -0.281062 0.192532
      vertex -14.4288 -0.802309 0.132895
    endloop
  endfacet
  facet normal -0.0474588 0.189465 -0.98074
    outer loop
      vertex -13.5627 -1.44161 0.0141941
      vertex -13.7061 -1.47753 0.0141941
      vertex -13.7359 -0.870556 0.132895
    endloop
  endfacet
  facet normal -0.0419605 0.0887116 -0.995173
    outer loop
      vertex -13.5712 -0.802309 0.132895
      vertex -13.6519 -0.84048 0.132895
      vertex -13.8836 -0.281062 0.192532
    endloop
  endfacet
  facet normal -0.0504601 0.0841658 -0.995173
    outer loop
      vertex -13.831 -0.252949 0.192532
      vertex -13.4946 -0.756412 0.132895
      vertex -13.8566 -0.268297 0.192532
    endloop
  endfacet
  facet normal -0.144793 0.131115 -0.980736
    outer loop
      vertex -13.2968 -0.577126 0.132895
      vertex -12.9348 -1.06524 0.0141941
      vertex -13.3567 -0.643275 0.132895
    endloop
  endfacet
  facet normal -0.144709 0.131179 -0.98074
    outer loop
      vertex -12.8355 -0.955698 0.0141941
      vertex -12.9348 -1.06524 0.0141941
      vertex -13.2968 -0.577126 0.132895
    endloop
  endfacet
  facet normal -0.0584623 0.0788189 -0.995173
    outer loop
      vertex -13.4229 -0.70323 0.132895
      vertex -13.4946 -0.756412 0.132895
      vertex -13.831 -0.252949 0.192532
    endloop
  endfacet
  facet normal -0.116351 0.156865 -0.980742
    outer loop
      vertex -13.4229 -0.70323 0.132895
      vertex -13.163 -1.25259 0.0141941
      vertex -13.4946 -0.756412 0.132895
    endloop
  endfacet
  facet normal -0.0726408 0.0660012 -0.995172
    outer loop
      vertex -13.7648 -0.192994 0.192532
      vertex -13.2968 -0.577126 0.132895
      vertex -13.7849 -0.215116 0.192532
    endloop
  endfacet
  facet normal -0.0788089 0.0584682 -0.995174
    outer loop
      vertex -13.2436 -0.505418 0.132895
      vertex -13.2968 -0.577126 0.132895
      vertex -13.7471 -0.169015 0.192532
    endloop
  endfacet
  facet normal -0.0923902 0.0330836 -0.995173
    outer loop
      vertex -13.1294 -0.26408 0.132895
      vertex -13.1595 -0.348138 0.132895
      vertex -13.7189 -0.11642 0.192532
    endloop
  endfacet
  facet normal -0.0886632 0.0420516 -0.995174
    outer loop
      vertex -13.7189 -0.11642 0.192532
      vertex -13.1977 -0.428843 0.132895
      vertex -13.7317 -0.143408 0.192532
    endloop
  endfacet
  facet normal -0.189497 0.0472643 -0.980743
    outer loop
      vertex -13.1078 -0.177479 0.132895
      vertex -12.5225 -0.293899 0.0141941
      vertex -13.1294 -0.26408 0.132895
    endloop
  endfacet
  facet normal -0.273763 0.0979475 -0.956797
    outer loop
      vertex -12.6082 -0.576504 0.0141941
      vertex -12.5192 -0.466398 5.72205e-07
      vertex -12.565 -0.594409 5.72205e-07
    endloop
  endfacet
  facet normal -0.273753 0.097939 -0.9568
    outer loop
      vertex -12.5192 -0.466398 5.72205e-07
      vertex -12.6082 -0.576504 0.0141941
      vertex -12.5584 -0.437306 0.0141941
    endloop
  endfacet
  facet normal -0.273242 0.0986625 -0.956872
    outer loop
      vertex -12.5136 -0.450889 5.72205e-07
      vertex -12.5192 -0.466398 5.72205e-07
      vertex -12.5584 -0.437306 0.0141941
    endloop
  endfacet
  facet normal -0.290197 -0.0143182 -0.95686
    outer loop
      vertex -12.4935 0 0.0141941
      vertex -12.4534 0.135794 5.72205e-07
      vertex -12.4467 0 5.72205e-07
    endloop
  endfacet
  facet normal -0.290121 -0.014343 -0.956883
    outer loop
      vertex -12.4534 0.135794 5.72205e-07
      vertex -12.4935 0 0.0141941
      vertex -12.5008 0.14766 0.0141941
    endloop
  endfacet
  facet normal -0.195068 -0.00964375 -0.980742
    outer loop
      vertex -12.5008 0.14766 0.0141941
      vertex -12.4935 0 0.0141941
      vertex -13.0947 0.0891685 0.132895
    endloop
  endfacet
  facet normal -0.0951752 -0.0239908 -0.995171
    outer loop
      vertex -13.1078 0.177479 0.132895
      vertex -13.7016 0.05935 0.192532
      vertex -13.7089 0.0883102 0.192532
    endloop
  endfacet
  facet normal -0.0952115 -0.0237476 -0.995174
    outer loop
      vertex -13.1294 0.26408 0.132895
      vertex -13.1078 0.177479 0.132895
      vertex -13.7089 0.0883102 0.192532
    endloop
  endfacet
  facet normal -0.156857 -0.116376 -0.980741
    outer loop
      vertex -12.8355 0.955698 0.0141941
      vertex -12.7474 0.836953 0.0141941
      vertex -13.2968 0.577126 0.132895
    endloop
  endfacet
  facet normal -0.233423 -0.173139 -0.956837
    outer loop
      vertex -12.7474 0.836953 0.0141941
      vertex -12.7895 0.972151 5.72205e-07
      vertex -12.7085 0.862948 5.72205e-07
    endloop
  endfacet
  facet normal -0.233328 -0.173112 -0.956865
    outer loop
      vertex -12.7895 0.972151 5.72205e-07
      vertex -12.7474 0.836953 0.0141941
      vertex -12.8355 0.955698 0.0141941
    endloop
  endfacet
  facet normal -0.176566 -0.0834976 -0.980741
    outer loop
      vertex -12.6714 0.710148 0.0141941
      vertex -12.6082 0.576504 0.0141941
      vertex -13.1977 0.428843 0.132895
    endloop
  endfacet
  facet normal -0.262647 -0.124205 -0.956864
    outer loop
      vertex -12.6714 0.710148 0.0141941
      vertex -12.572 0.6093 5.72205e-07
      vertex -12.6082 0.576504 0.0141941
    endloop
  endfacet
  facet normal -0.262569 -0.124123 -0.956897
    outer loop
      vertex -12.572 0.6093 5.72205e-07
      vertex -12.6714 0.710148 0.0141941
      vertex -12.6301 0.732204 5.72205e-07
    endloop
  endfacet
  facet normal -0.0789693 -0.0582909 -0.995171
    outer loop
      vertex -13.2968 0.577126 0.132895
      vertex -13.7471 0.169015 0.192532
      vertex -13.7648 0.192994 0.192532
    endloop
  endfacet
  facet normal -0.0584623 -0.0788189 -0.995173
    outer loop
      vertex -13.4946 0.756412 0.132895
      vertex -13.4229 0.70323 0.132895
      vertex -13.831 0.252949 0.192532
    endloop
  endfacet
  facet normal -0.116351 -0.156865 -0.980742
    outer loop
      vertex -13.163 1.25259 0.0141941
      vertex -13.4229 0.70323 0.132895
      vertex -13.4946 0.756412 0.132895
    endloop
  endfacet
  facet normal -0.06594 -0.0726856 -0.995173
    outer loop
      vertex -13.4229 0.70323 0.132895
      vertex -13.7849 0.215116 0.192532
      vertex -13.807 0.235165 0.192532
    endloop
  endfacet
  facet normal -0.0419605 -0.0887116 -0.995173
    outer loop
      vertex -13.6519 0.84048 0.132895
      vertex -13.5712 0.802309 0.132895
      vertex -13.8836 0.281062 0.192532
    endloop
  endfacet
  facet normal -0.03308 -0.0923898 -0.995173
    outer loop
      vertex -13.7359 0.870556 0.132895
      vertex -13.6519 0.84048 0.132895
      vertex -13.8836 0.281062 0.192532
    endloop
  endfacet
  facet normal 0.0419452 -0.0887208 -0.995173
    outer loop
      vertex -14.1164 0.281062 0.192532
      vertex -14.1434 0.268297 0.192532
      vertex -14.4288 0.802309 0.132895
    endloop
  endfacet
  facet normal 0.149405 -0.249467 -0.956789
    outer loop
      vertex -14.8488 1.29996 5.72205e-07
      vertex -14.7101 1.32859 0.0141941
      vertex -14.837 1.25259 0.0141941
    endloop
  endfacet
  facet normal 0.149343 -0.249119 -0.956889
    outer loop
      vertex -14.7101 1.32859 0.0141941
      vertex -14.8488 1.29996 5.72205e-07
      vertex -14.7322 1.36986 5.72205e-07
    endloop
  endfacet
  facet normal 0.100353 -0.167563 -0.98074
    outer loop
      vertex -14.7101 1.32859 0.0141941
      vertex -14.4288 0.802309 0.132895
      vertex -14.837 1.25259 0.0141941
    endloop
  endfacet
  facet normal 0.084172 0.0504538 -0.995173
    outer loop
      vertex -14.2683 -0.143408 0.192532
      vertex -14.7564 -0.505418 0.132895
      vertex -14.8023 -0.428843 0.132895
    endloop
  endfacet
  facet normal 0.0840864 0.0505694 -0.995174
    outer loop
      vertex -14.2683 -0.143408 0.192532
      vertex -14.2529 -0.169015 0.192532
      vertex -14.7564 -0.505418 0.132895
    endloop
  endfacet
  facet normal 0.0951752 0.0239908 -0.995171
    outer loop
      vertex -14.2984 -0.05935 0.192532
      vertex -14.2911 -0.0883102 0.192532
      vertex -14.8922 -0.177479 0.132895
    endloop
  endfacet
  facet normal 0.0952115 0.0237476 -0.995174
    outer loop
      vertex -14.2911 -0.0883102 0.192532
      vertex -14.8706 -0.26408 0.132895
      vertex -14.8922 -0.177479 0.132895
    endloop
  endfacet
  facet normal 0.0980511 0.00460357 -0.995171
    outer loop
      vertex -14.3042 0 0.192532
      vertex -14.3028 -0.0298185 0.192532
      vertex -14.9053 -0.0891685 0.132895
    endloop
  endfacet
  facet normal 0.0951752 -0.0239908 -0.995171
    outer loop
      vertex -14.2911 0.0883102 0.192532
      vertex -14.2984 0.05935 0.192532
      vertex -14.8922 0.177479 0.132895
    endloop
  endfacet
  facet normal 0.097086 -0.0144018 -0.995172
    outer loop
      vertex -14.8922 0.177479 0.132895
      vertex -14.3028 0.0298185 0.192532
      vertex -14.9053 0.0891685 0.132895
    endloop
  endfacet
  facet normal 0.273242 0.0986625 -0.956872
    outer loop
      vertex -15.4416 -0.437306 0.0141941
      vertex -15.4808 -0.466398 5.72205e-07
      vertex -15.4864 -0.450889 5.72205e-07
    endloop
  endfacet
  facet normal 0.176566 0.0834976 -0.980741
    outer loop
      vertex -14.8023 -0.428843 0.132895
      vertex -15.3286 -0.710148 0.0141941
      vertex -15.3918 -0.576504 0.0141941
    endloop
  endfacet
  facet normal 0.290121 -0.014343 -0.956883
    outer loop
      vertex -15.5065 0 0.0141941
      vertex -15.5466 0.135794 5.72205e-07
      vertex -15.4992 0.14766 0.0141941
    endloop
  endfacet
  facet normal 0.290197 -0.0143182 -0.95686
    outer loop
      vertex -15.5466 0.135794 5.72205e-07
      vertex -15.5065 0 0.0141941
      vertex -15.5533 0 5.72205e-07
    endloop
  endfacet
  facet normal 0.195068 -0.00964375 -0.980742
    outer loop
      vertex -15.4992 0.14766 0.0141941
      vertex -14.9053 0.0891685 0.132895
      vertex -15.5065 0 0.0141941
    endloop
  endfacet
  facet normal 0.0887027 -0.0419856 -0.995173
    outer loop
      vertex -14.8023 0.428843 0.132895
      vertex -14.2811 0.11642 0.192532
      vertex -14.8405 0.348138 0.132895
    endloop
  endfacet
  facet normal 0.0923902 -0.0330836 -0.995173
    outer loop
      vertex -14.8405 0.348138 0.132895
      vertex -14.2811 0.11642 0.192532
      vertex -14.8706 0.26408 0.132895
    endloop
  endfacet
  facet normal 0.0658735 -0.072735 -0.995174
    outer loop
      vertex -14.5771 0.70323 0.132895
      vertex -14.2151 0.215116 0.192532
      vertex -14.6433 0.643275 0.132895
    endloop
  endfacet
  facet normal 0.0727397 -0.0658681 -0.995174
    outer loop
      vertex -14.6433 0.643275 0.132895
      vertex -14.2151 0.215116 0.192532
      vertex -14.7032 0.577126 0.132895
    endloop
  endfacet
  facet normal 0.0584623 0.0788189 -0.995173
    outer loop
      vertex -14.169 -0.252949 0.192532
      vertex -14.5054 -0.756412 0.132895
      vertex -14.5771 -0.70323 0.132895
    endloop
  endfacet
  facet normal 0.0504601 0.0841658 -0.995173
    outer loop
      vertex -14.169 -0.252949 0.192532
      vertex -14.1434 -0.268297 0.192532
      vertex -14.5054 -0.756412 0.132895
    endloop
  endfacet
  facet normal 0.0726408 0.0660012 -0.995172
    outer loop
      vertex -14.2352 -0.192994 0.192532
      vertex -14.2151 -0.215116 0.192532
      vertex -14.7032 -0.577126 0.132895
    endloop
  endfacet
  facet normal 0.0727397 0.0658681 -0.995174
    outer loop
      vertex -14.2151 -0.215116 0.192532
      vertex -14.6433 -0.643275 0.132895
      vertex -14.7032 -0.577126 0.132895
    endloop
  endfacet
  facet normal 0.144793 0.131115 -0.980736
    outer loop
      vertex -14.7032 -0.577126 0.132895
      vertex -14.6433 -0.643275 0.132895
      vertex -15.0652 -1.06524 0.0141941
    endloop
  endfacet
  facet normal 0.0330705 0.0923922 -0.995173
    outer loop
      vertex -14.1164 -0.281062 0.192532
      vertex -14.0883 -0.29112 0.192532
      vertex -14.2641 -0.870556 0.132895
    endloop
  endfacet
  facet normal -0.0048185 0.0980145 -0.995173
    outer loop
      vertex -13.9702 -0.302754 0.192532
      vertex -13.9108 -0.905348 0.132895
      vertex -14 -0.304219 0.192532
    endloop
  endfacet
  facet normal -0.0238884 0.0951849 -0.995173
    outer loop
      vertex -13.9117 -0.29112 0.192532
      vertex -13.8225 -0.892248 0.132895
      vertex -13.9406 -0.298373 0.192532
    endloop
  endfacet
  facet normal -0.0835327 0.176554 -0.98074
    outer loop
      vertex -13.2899 -1.32859 0.0141941
      vertex -13.4235 -1.3918 0.0141941
      vertex -13.5712 -0.802309 0.132895
    endloop
  endfacet
  facet normal -0.100353 0.167563 -0.98074
    outer loop
      vertex -13.163 -1.25259 0.0141941
      vertex -13.2899 -1.32859 0.0141941
      vertex -13.5712 -0.802309 0.132895
    endloop
  endfacet
  facet normal -0.0584279 0.0788501 -0.995173
    outer loop
      vertex -13.807 -0.235165 0.192532
      vertex -13.4229 -0.70323 0.132895
      vertex -13.831 -0.252949 0.192532
    endloop
  endfacet
  facet normal -0.06594 0.0726856 -0.995173
    outer loop
      vertex -13.7849 -0.215116 0.192532
      vertex -13.4229 -0.70323 0.132895
      vertex -13.807 -0.235165 0.192532
    endloop
  endfacet
  facet normal -0.0840864 0.0505694 -0.995174
    outer loop
      vertex -13.7317 -0.143408 0.192532
      vertex -13.2436 -0.505418 0.132895
      vertex -13.7471 -0.169015 0.192532
    endloop
  endfacet
  facet normal -0.0789693 0.0582909 -0.995171
    outer loop
      vertex -13.7471 -0.169015 0.192532
      vertex -13.2968 -0.577126 0.132895
      vertex -13.7648 -0.192994 0.192532
    endloop
  endfacet
  facet normal -0.084172 0.0504538 -0.995173
    outer loop
      vertex -13.1977 -0.428843 0.132895
      vertex -13.2436 -0.505418 0.132895
      vertex -13.7317 -0.143408 0.192532
    endloop
  endfacet
  facet normal -0.167521 0.100414 -0.980741
    outer loop
      vertex -13.1977 -0.428843 0.132895
      vertex -12.7474 -0.836953 0.0141941
      vertex -13.2436 -0.505418 0.132895
    endloop
  endfacet
  facet normal -0.09244 0.0328853 -0.995175
    outer loop
      vertex -13.7089 -0.0883102 0.192532
      vertex -13.1294 -0.26408 0.132895
      vertex -13.7189 -0.11642 0.192532
    endloop
  endfacet
  facet normal -0.0951752 0.0239908 -0.995171
    outer loop
      vertex -13.7016 -0.05935 0.192532
      vertex -13.1078 -0.177479 0.132895
      vertex -13.7089 -0.0883102 0.192532
    endloop
  endfacet
  facet normal -0.0952115 0.0237476 -0.995174
    outer loop
      vertex -13.1078 -0.177479 0.132895
      vertex -13.1294 -0.26408 0.132895
      vertex -13.7089 -0.0883102 0.192532
    endloop
  endfacet
  facet normal -0.097086 0.0144018 -0.995172
    outer loop
      vertex -13.0947 -0.0891685 0.132895
      vertex -13.1078 -0.177479 0.132895
      vertex -13.6972 -0.0298185 0.192532
    endloop
  endfacet
  facet normal -0.0980511 0.00460357 -0.995171
    outer loop
      vertex -13.6958 0 0.192532
      vertex -13.0947 -0.0891685 0.132895
      vertex -13.6972 -0.0298185 0.192532
    endloop
  endfacet
  facet normal -0.290067 -0.0141049 -0.956902
    outer loop
      vertex -12.4542 0.152246 5.72205e-07
      vertex -12.4534 0.135794 5.72205e-07
      vertex -12.5008 0.14766 0.0141941
    endloop
  endfacet
  facet normal -0.287251 -0.0427181 -0.956902
    outer loop
      vertex -12.5008 0.14766 0.0141941
      vertex -12.4742 0.286733 5.72205e-07
      vertex -12.4542 0.152246 5.72205e-07
    endloop
  endfacet
  facet normal -0.287505 -0.0426621 -0.956829
    outer loop
      vertex -12.4742 0.286733 5.72205e-07
      vertex -12.5008 0.14766 0.0141941
      vertex -12.5225 0.293899 0.0141941
    endloop
  endfacet
  facet normal -0.287251 0.0427181 -0.956902
    outer loop
      vertex -12.4742 -0.286733 5.72205e-07
      vertex -12.5008 -0.14766 0.0141941
      vertex -12.4542 -0.152246 5.72205e-07
    endloop
  endfacet
  facet normal -0.287505 0.0426621 -0.956829
    outer loop
      vertex -12.5008 -0.14766 0.0141941
      vertex -12.4742 -0.286733 5.72205e-07
      vertex -12.5225 -0.293899 0.0141941
    endloop
  endfacet
  facet normal -0.290067 0.0141049 -0.956902
    outer loop
      vertex -12.4534 -0.135794 5.72205e-07
      vertex -12.4542 -0.152246 5.72205e-07
      vertex -12.5008 -0.14766 0.0141941
    endloop
  endfacet
  facet normal -0.287465 0.0423417 -0.956855
    outer loop
      vertex -12.4742 -0.286733 5.72205e-07
      vertex -12.4766 -0.303027 5.72205e-07
      vertex -12.5225 -0.293899 0.0141941
    endloop
  endfacet
  facet normal -0.281855 0.0705565 -0.956859
    outer loop
      vertex -12.4766 -0.303027 5.72205e-07
      vertex -12.4806 -0.319006 5.72205e-07
      vertex -12.5225 -0.293899 0.0141941
    endloop
  endfacet
  facet normal 0.0970707 -0.0144629 -0.995172
    outer loop
      vertex -14.2984 0.05935 0.192532
      vertex -14.3028 0.0298185 0.192532
      vertex -14.8922 0.177479 0.132895
    endloop
  endfacet
  facet normal 0.281855 0.0705565 -0.956859
    outer loop
      vertex -15.4775 -0.293899 0.0141941
      vertex -15.5194 -0.319006 5.72205e-07
      vertex -15.5234 -0.303027 5.72205e-07
    endloop
  endfacet
  facet normal 0.287465 0.0423417 -0.956855
    outer loop
      vertex -15.4775 -0.293899 0.0141941
      vertex -15.5234 -0.303027 5.72205e-07
      vertex -15.5258 -0.286733 5.72205e-07
    endloop
  endfacet
  facet normal 0.176548 0.0835654 -0.980738
    outer loop
      vertex -14.8405 -0.348138 0.132895
      vertex -14.8023 -0.428843 0.132895
      vertex -15.3918 -0.576504 0.0141941
    endloop
  endfacet
  facet normal 0.1839 0.0658521 -0.980737
    outer loop
      vertex -14.8706 -0.26408 0.132895
      vertex -14.8405 -0.348138 0.132895
      vertex -15.4416 -0.437306 0.0141941
    endloop
  endfacet
  facet normal 0.0726408 -0.0660012 -0.995172
    outer loop
      vertex -14.2151 0.215116 0.192532
      vertex -14.2352 0.192994 0.192532
      vertex -14.7032 0.577126 0.132895
    endloop
  endfacet
  facet normal 0.0584279 -0.0788501 -0.995173
    outer loop
      vertex -14.169 0.252949 0.192532
      vertex -14.193 0.235165 0.192532
      vertex -14.5771 0.70323 0.132895
    endloop
  endfacet
  facet normal 0.06594 0.0726856 -0.995173
    outer loop
      vertex -14.2151 -0.215116 0.192532
      vertex -14.193 -0.235165 0.192532
      vertex -14.5771 -0.70323 0.132895
    endloop
  endfacet
  facet normal -0.023844 0.0951915 -0.995173
    outer loop
      vertex -13.7359 -0.870556 0.132895
      vertex -13.8225 -0.892248 0.132895
      vertex -13.9117 -0.29112 0.192532
    endloop
  endfacet
  facet normal -0.0474582 0.189465 -0.98074
    outer loop
      vertex -13.7359 -0.870556 0.132895
      vertex -13.7061 -1.47753 0.0141941
      vertex -13.8225 -0.892248 0.132895
    endloop
  endfacet
  facet normal -0.0143682 0.0970781 -0.995173
    outer loop
      vertex -13.9406 -0.298373 0.192532
      vertex -13.8225 -0.892248 0.132895
      vertex -13.9702 -0.302754 0.192532
    endloop
  endfacet
  facet normal -0.0419452 0.0887208 -0.995173
    outer loop
      vertex -13.8566 -0.268297 0.192532
      vertex -13.5712 -0.802309 0.132895
      vertex -13.8836 -0.281062 0.192532
    endloop
  endfacet
  facet normal -0.0504394 0.0841811 -0.995173
    outer loop
      vertex -13.4946 -0.756412 0.132895
      vertex -13.5712 -0.802309 0.132895
      vertex -13.8566 -0.268297 0.192532
    endloop
  endfacet
  facet normal 0.263102 0.12368 -0.956808
    outer loop
      vertex -15.3918 -0.576504 0.0141941
      vertex -15.428 -0.6093 5.72205e-07
      vertex -15.435 -0.594409 5.72205e-07
    endloop
  endfacet
  facet normal 0.262569 0.124123 -0.956897
    outer loop
      vertex -15.428 -0.6093 5.72205e-07
      vertex -15.3286 -0.710148 0.0141941
      vertex -15.3699 -0.732204 5.72205e-07
    endloop
  endfacet
  facet normal 0.262647 0.124205 -0.956864
    outer loop
      vertex -15.3286 -0.710148 0.0141941
      vertex -15.428 -0.6093 5.72205e-07
      vertex -15.3918 -0.576504 0.0141941
    endloop
  endfacet
  facet normal 0.998796 -0.0490576 0
    outer loop
      vertex -9.82022 -0.411672 8.4
      vertex -9.8 0 7.4
      vertex -9.8 0 8.4
    endloop
  endfacet
  facet normal 0.998796 -0.0490576 0
    outer loop
      vertex -9.8 0 7.4
      vertex -9.82022 -0.411672 8.4
      vertex -9.82022 -0.411672 7.4
    endloop
  endfacet
  facet normal -0.998798 -0.0490092 0
    outer loop
      vertex -18.1798 -0.411672 7.4
      vertex -18.2 0 8.4
      vertex -18.2 0 7.4
    endloop
  endfacet
  facet normal -0.998798 -0.0490092 0
    outer loop
      vertex -18.2 0 8.4
      vertex -18.1798 -0.411672 7.4
      vertex -18.1798 -0.411672 8.4
    endloop
  endfacet
  facet normal 0.0490543 -0.998796 0
    outer loop
      vertex -14 -4.2 7.4
      vertex -13.5883 -4.17978 8.4
      vertex -14 -4.2 8.4
    endloop
  endfacet
  facet normal 0.0490543 -0.998796 0
    outer loop
      vertex -13.5883 -4.17978 8.4
      vertex -14 -4.2 7.4
      vertex -13.5883 -4.17978 7.4
    endloop
  endfacet
  facet normal -0.0490543 0.998796 0
    outer loop
      vertex -14 4.2 7.4
      vertex -14.4117 4.17978 8.4
      vertex -14 4.2 8.4
    endloop
  endfacet
  facet normal -0.0490543 0.998796 0
    outer loop
      vertex -14.4117 4.17978 8.4
      vertex -14 4.2 7.4
      vertex -14.4117 4.17978 7.4
    endloop
  endfacet
  facet normal 0.671668 -0.740852 0
    outer loop
      vertex -11.3355 -3.24664 7.4
      vertex -11.0302 -2.96985 8.4
      vertex -11.3355 -3.24664 8.4
    endloop
  endfacet
  facet normal 0.671668 -0.740852 0
    outer loop
      vertex -11.0302 -2.96985 8.4
      vertex -11.3355 -3.24664 7.4
      vertex -11.0302 -2.96985 7.4
    endloop
  endfacet
  facet normal -0.671668 -0.740852 0
    outer loop
      vertex -16.9698 -2.96985 7.4
      vertex -16.6645 -3.24664 8.4
      vertex -16.9698 -2.96985 8.4
    endloop
  endfacet
  facet normal -0.671668 -0.740852 -0
    outer loop
      vertex -16.6645 -3.24664 8.4
      vertex -16.9698 -2.96985 7.4
      vertex -16.6645 -3.24664 7.4
    endloop
  endfacet
  facet normal -0.33688 -0.941547 0
    outer loop
      vertex -15.6073 -3.88029 7.4
      vertex -15.2192 -4.01915 8.4
      vertex -15.6073 -3.88029 8.4
    endloop
  endfacet
  facet normal -0.33688 -0.941547 -0
    outer loop
      vertex -15.2192 -4.01915 8.4
      vertex -15.6073 -3.88029 7.4
      vertex -15.2192 -4.01915 7.4
    endloop
  endfacet
  facet normal 0.904014 -0.427502 0
    outer loop
      vertex -10.2959 -1.97987 8.4
      vertex -10.1197 -1.60727 7.4
      vertex -10.1197 -1.60727 8.4
    endloop
  endfacet
  facet normal 0.904014 -0.427502 0
    outer loop
      vertex -10.1197 -1.60727 7.4
      vertex -10.2959 -1.97987 8.4
      vertex -10.2959 -1.97987 7.4
    endloop
  endfacet
  facet normal 0.427542 -0.903996 0
    outer loop
      vertex -12.3927 -3.88029 7.4
      vertex -12.0201 -3.70407 8.4
      vertex -12.3927 -3.88029 8.4
    endloop
  endfacet
  facet normal 0.427542 -0.903996 0
    outer loop
      vertex -12.0201 -3.70407 8.4
      vertex -12.3927 -3.88029 7.4
      vertex -12.0201 -3.70407 7.4
    endloop
  endfacet
  facet normal 0.514139 -0.857707 0
    outer loop
      vertex -12.0201 -3.70407 7.4
      vertex -11.6666 -3.49217 8.4
      vertex -12.0201 -3.70407 8.4
    endloop
  endfacet
  facet normal 0.514139 -0.857707 0
    outer loop
      vertex -11.6666 -3.49217 8.4
      vertex -12.0201 -3.70407 7.4
      vertex -11.6666 -3.49217 7.4
    endloop
  endfacet
  facet normal -0.904014 -0.427502 0
    outer loop
      vertex -17.7041 -1.97987 7.4
      vertex -17.8803 -1.60727 8.4
      vertex -17.8803 -1.60727 7.4
    endloop
  endfacet
  facet normal -0.904014 -0.427502 0
    outer loop
      vertex -17.8803 -1.60727 8.4
      vertex -17.7041 -1.97987 7.4
      vertex -17.7041 -1.97987 8.4
    endloop
  endfacet
  facet normal -0.146739 -0.989175 0
    outer loop
      vertex -14.8194 -4.1193 7.4
      vertex -14.4117 -4.17978 8.4
      vertex -14.8194 -4.1193 8.4
    endloop
  endfacet
  facet normal -0.146739 -0.989175 -0
    outer loop
      vertex -14.4117 -4.17978 8.4
      vertex -14.8194 -4.1193 7.4
      vertex -14.4117 -4.17978 7.4
    endloop
  endfacet
  facet normal 0.941547 0.336882 0
    outer loop
      vertex -9.98085 1.2192 8.4
      vertex -10.1197 1.60727 7.4
      vertex -10.1197 1.60727 8.4
    endloop
  endfacet
  facet normal 0.941547 0.336882 0
    outer loop
      vertex -10.1197 1.60727 7.4
      vertex -9.98085 1.2192 8.4
      vertex -9.98085 1.2192 7.4
    endloop
  endfacet
  facet normal 0 0 1
    outer loop
      vertex -12.5 0 8.4
      vertex -9.8 0 8.4
      vertex -9.82022 0.411672 8.4
    endloop
  endfacet
  facet normal 0 0 1
    outer loop
      vertex -12.5072 0.147025 8.4
      vertex -9.82022 0.411672 8.4
      vertex -9.8807 0.819379 8.4
    endloop
  endfacet
  facet normal 0 0 1
    outer loop
      vertex -9.8 0 8.4
      vertex -12.5 0 8.4
      vertex -9.82022 -0.411672 8.4
    endloop
  endfacet
  facet normal 0 0 1
    outer loop
      vertex -12.5288 0.292635 8.4
      vertex -9.8807 0.819379 8.4
      vertex -9.98085 1.2192 8.4
    endloop
  endfacet
  facet normal -0 0 1
    outer loop
      vertex -12.5072 -0.147025 8.4
      vertex -9.82022 -0.411672 8.4
      vertex -12.5 0 8.4
    endloop
  endfacet
  facet normal 0 0 1
    outer loop
      vertex -12.5646 0.435427 8.4
      vertex -9.98085 1.2192 8.4
      vertex -10.1197 1.60727 8.4
    endloop
  endfacet
  facet normal 0 0 1
    outer loop
      vertex -9.82022 -0.411672 8.4
      vertex -12.5072 -0.147025 8.4
      vertex -9.8807 -0.819379 8.4
    endloop
  endfacet
  facet normal 0 0 1
    outer loop
      vertex -12.6142 0.574024 8.4
      vertex -10.1197 1.60727 8.4
      vertex -10.2959 1.97987 8.4
    endloop
  endfacet
  facet normal -0 0 1
    outer loop
      vertex -12.5288 -0.292635 8.4
      vertex -9.8807 -0.819379 8.4
      vertex -12.5072 -0.147025 8.4
    endloop
  endfacet
  facet normal 0 0 1
    outer loop
      vertex -12.6771 0.707094 8.4
      vertex -10.2959 1.97987 8.4
      vertex -10.5078 2.33339 8.4
    endloop
  endfacet
  facet normal 0 0 1
    outer loop
      vertex -9.8807 -0.819379 8.4
      vertex -12.5288 -0.292635 8.4
      vertex -9.98085 -1.2192 8.4
    endloop
  endfacet
  facet normal 0 0 1
    outer loop
      vertex -12.7528 0.833355 8.4
      vertex -10.5078 2.33339 8.4
      vertex -10.7534 2.66445 8.4
    endloop
  endfacet
  facet normal -0 0 1
    outer loop
      vertex -12.5646 -0.435427 8.4
      vertex -9.98085 -1.2192 8.4
      vertex -12.5288 -0.292635 8.4
    endloop
  endfacet
  facet normal 0 0 1
    outer loop
      vertex -12.8405 0.95159 8.4
      vertex -10.7534 2.66445 8.4
      vertex -11.0302 2.96985 8.4
    endloop
  endfacet
  facet normal 0 0 1
    outer loop
      vertex -9.98085 -1.2192 8.4
      vertex -12.5646 -0.435427 8.4
      vertex -10.1197 -1.60727 8.4
    endloop
  endfacet
  facet normal 0 0 1
    outer loop
      vertex -12.9393 1.06066 8.4
      vertex -11.0302 2.96985 8.4
      vertex -11.3355 3.24664 8.4
    endloop
  endfacet
  facet normal -0 0 1
    outer loop
      vertex -12.6142 -0.574024 8.4
      vertex -10.1197 -1.60727 8.4
      vertex -12.5646 -0.435427 8.4
    endloop
  endfacet
  facet normal 0 0 1
    outer loop
      vertex -13.0484 1.15952 8.4
      vertex -11.3355 3.24664 8.4
      vertex -11.6666 3.49217 8.4
    endloop
  endfacet
  facet normal 0 0 1
    outer loop
      vertex -10.1197 -1.60727 8.4
      vertex -12.6142 -0.574024 8.4
      vertex -10.2959 -1.97987 8.4
    endloop
  endfacet
  facet normal 0 0 1
    outer loop
      vertex -13.1666 1.2472 8.4
      vertex -11.6666 3.49217 8.4
      vertex -12.0201 3.70407 8.4
    endloop
  endfacet
  facet normal -0 0 1
    outer loop
      vertex -12.6771 -0.707094 8.4
      vertex -10.2959 -1.97987 8.4
      vertex -12.6142 -0.574024 8.4
    endloop
  endfacet
  facet normal 0 0 1
    outer loop
      vertex -13.2929 1.32288 8.4
      vertex -12.0201 3.70407 8.4
      vertex -12.3927 3.88029 8.4
    endloop
  endfacet
  facet normal 0 0 1
    outer loop
      vertex -10.2959 -1.97987 8.4
      vertex -12.6771 -0.707094 8.4
      vertex -10.5078 -2.33339 8.4
    endloop
  endfacet
  facet normal -0 0 1
    outer loop
      vertex -12.7528 -0.833355 8.4
      vertex -10.5078 -2.33339 8.4
      vertex -12.6771 -0.707094 8.4
    endloop
  endfacet
  facet normal 0 0 1
    outer loop
      vertex -9.82022 0.411672 8.4
      vertex -12.5072 0.147025 8.4
      vertex -12.5 0 8.4
    endloop
  endfacet
  facet normal 0 0 1
    outer loop
      vertex -9.8807 0.819379 8.4
      vertex -12.5288 0.292635 8.4
      vertex -12.5072 0.147025 8.4
    endloop
  endfacet
  facet normal 0 0 1
    outer loop
      vertex -9.98085 1.2192 8.4
      vertex -12.5646 0.435427 8.4
      vertex -12.5288 0.292635 8.4
    endloop
  endfacet
  facet normal 0 0 1
    outer loop
      vertex -10.1197 1.60727 8.4
      vertex -12.6142 0.574024 8.4
      vertex -12.5646 0.435427 8.4
    endloop
  endfacet
  facet normal 0 0 1
    outer loop
      vertex -10.2959 1.97987 8.4
      vertex -12.6771 0.707094 8.4
      vertex -12.6142 0.574024 8.4
    endloop
  endfacet
  facet normal 0 0 1
    outer loop
      vertex -10.5078 2.33339 8.4
      vertex -12.7528 0.833355 8.4
      vertex -12.6771 0.707094 8.4
    endloop
  endfacet
  facet normal 0 0 1
    outer loop
      vertex -13.426 1.38582 8.4
      vertex -12.3927 3.88029 8.4
      vertex -12.7808 4.01915 8.4
    endloop
  endfacet
  facet normal 0 0 1
    outer loop
      vertex -10.7534 2.66445 8.4
      vertex -12.8405 0.95159 8.4
      vertex -12.7528 0.833355 8.4
    endloop
  endfacet
  facet normal 0 0 1
    outer loop
      vertex -11.0302 2.96985 8.4
      vertex -12.9393 1.06066 8.4
      vertex -12.8405 0.95159 8.4
    endloop
  endfacet
  facet normal 0 0 1
    outer loop
      vertex -11.3355 3.24664 8.4
      vertex -13.0484 1.15952 8.4
      vertex -12.9393 1.06066 8.4
    endloop
  endfacet
  facet normal 0 0 1
    outer loop
      vertex -11.6666 3.49217 8.4
      vertex -13.1666 1.2472 8.4
      vertex -13.0484 1.15952 8.4
    endloop
  endfacet
  facet normal 0 0 1
    outer loop
      vertex -13.5646 1.43541 8.4
      vertex -12.7808 4.01915 8.4
      vertex -13.1806 4.1193 8.4
    endloop
  endfacet
  facet normal 0 0 1
    outer loop
      vertex -12.0201 3.70407 8.4
      vertex -13.2929 1.32288 8.4
      vertex -13.1666 1.2472 8.4
    endloop
  endfacet
  facet normal 0 0 1
    outer loop
      vertex -12.3927 3.88029 8.4
      vertex -13.426 1.38582 8.4
      vertex -13.2929 1.32288 8.4
    endloop
  endfacet
  facet normal 0 0 1
    outer loop
      vertex -12.7808 4.01915 8.4
      vertex -13.5646 1.43541 8.4
      vertex -13.426 1.38582 8.4
    endloop
  endfacet
  facet normal 0 0 1
    outer loop
      vertex -13.7074 1.47118 8.4
      vertex -13.1806 4.1193 8.4
      vertex -13.5883 4.17978 8.4
    endloop
  endfacet
  facet normal 0 0 1
    outer loop
      vertex -13.1806 4.1193 8.4
      vertex -13.7074 1.47118 8.4
      vertex -13.5646 1.43541 8.4
    endloop
  endfacet
  facet normal 0 0 1
    outer loop
      vertex -13.5883 4.17978 8.4
      vertex -13.853 1.49278 8.4
      vertex -13.7074 1.47118 8.4
    endloop
  endfacet
  facet normal 0 0 1
    outer loop
      vertex -14 4.2 8.4
      vertex -13.853 1.49278 8.4
      vertex -13.5883 4.17978 8.4
    endloop
  endfacet
  facet normal 0 0 1
    outer loop
      vertex -14 4.2 8.4
      vertex -14 1.5 8.4
      vertex -13.853 1.49278 8.4
    endloop
  endfacet
  facet normal 0 0 1
    outer loop
      vertex -14 4.2 8.4
      vertex -14.147 1.49278 8.4
      vertex -14 1.5 8.4
    endloop
  endfacet
  facet normal -0 0 1
    outer loop
      vertex -14.4117 4.17978 8.4
      vertex -14.147 1.49278 8.4
      vertex -14 4.2 8.4
    endloop
  endfacet
  facet normal 0 0 1
    outer loop
      vertex -14.147 1.49278 8.4
      vertex -14.4117 4.17978 8.4
      vertex -14.2926 1.47118 8.4
    endloop
  endfacet
  facet normal -0 0 1
    outer loop
      vertex -14.8194 4.1193 8.4
      vertex -14.2926 1.47118 8.4
      vertex -14.4117 4.17978 8.4
    endloop
  endfacet
  facet normal 0 0 1
    outer loop
      vertex -14.2926 1.47118 8.4
      vertex -14.8194 4.1193 8.4
      vertex -14.4354 1.43541 8.4
    endloop
  endfacet
  facet normal -0 0 1
    outer loop
      vertex -15.2192 4.01915 8.4
      vertex -14.4354 1.43541 8.4
      vertex -14.8194 4.1193 8.4
    endloop
  endfacet
  facet normal 0 0 1
    outer loop
      vertex -14.4354 1.43541 8.4
      vertex -15.2192 4.01915 8.4
      vertex -14.574 1.38582 8.4
    endloop
  endfacet
  facet normal -0 0 1
    outer loop
      vertex -15.6073 3.88029 8.4
      vertex -14.574 1.38582 8.4
      vertex -15.2192 4.01915 8.4
    endloop
  endfacet
  facet normal 0 0 1
    outer loop
      vertex -14.574 1.38582 8.4
      vertex -15.6073 3.88029 8.4
      vertex -14.7071 1.32288 8.4
    endloop
  endfacet
  facet normal -0 0 1
    outer loop
      vertex -15.9799 3.70407 8.4
      vertex -14.7071 1.32288 8.4
      vertex -15.6073 3.88029 8.4
    endloop
  endfacet
  facet normal 0 0 1
    outer loop
      vertex -14.7071 1.32288 8.4
      vertex -15.9799 3.70407 8.4
      vertex -14.8334 1.2472 8.4
    endloop
  endfacet
  facet normal -0 0 1
    outer loop
      vertex -16.3334 3.49217 8.4
      vertex -14.8334 1.2472 8.4
      vertex -15.9799 3.70407 8.4
    endloop
  endfacet
  facet normal 0 0 1
    outer loop
      vertex -14.8334 1.2472 8.4
      vertex -16.3334 3.49217 8.4
      vertex -14.9516 1.15952 8.4
    endloop
  endfacet
  facet normal -0 0 1
    outer loop
      vertex -16.6645 3.24664 8.4
      vertex -14.9516 1.15952 8.4
      vertex -16.3334 3.49217 8.4
    endloop
  endfacet
  facet normal 0 0 1
    outer loop
      vertex -14.9516 1.15952 8.4
      vertex -16.6645 3.24664 8.4
      vertex -15.0607 1.06066 8.4
    endloop
  endfacet
  facet normal -0 0 1
    outer loop
      vertex -16.9698 2.96985 8.4
      vertex -15.0607 1.06066 8.4
      vertex -16.6645 3.24664 8.4
    endloop
  endfacet
  facet normal 0 0 1
    outer loop
      vertex -15.0607 1.06066 8.4
      vertex -16.9698 2.96985 8.4
      vertex -15.1595 0.95159 8.4
    endloop
  endfacet
  facet normal -0 0 1
    outer loop
      vertex -17.2466 2.66445 8.4
      vertex -15.1595 0.95159 8.4
      vertex -16.9698 2.96985 8.4
    endloop
  endfacet
  facet normal -0 0 1
    outer loop
      vertex -17.4922 2.33339 8.4
      vertex -15.2472 0.833355 8.4
      vertex -17.2466 2.66445 8.4
    endloop
  endfacet
  facet normal 0 0 1
    outer loop
      vertex -15.1595 0.95159 8.4
      vertex -17.2466 2.66445 8.4
      vertex -15.2472 0.833355 8.4
    endloop
  endfacet
  facet normal 0 0 1
    outer loop
      vertex -10.5078 -2.33339 8.4
      vertex -12.7528 -0.833355 8.4
      vertex -10.7534 -2.66445 8.4
    endloop
  endfacet
  facet normal -0 0 1
    outer loop
      vertex -12.8405 -0.95159 8.4
      vertex -10.7534 -2.66445 8.4
      vertex -12.7528 -0.833355 8.4
    endloop
  endfacet
  facet normal 0 0 1
    outer loop
      vertex -10.7534 -2.66445 8.4
      vertex -12.8405 -0.95159 8.4
      vertex -11.0302 -2.96985 8.4
    endloop
  endfacet
  facet normal -0 0 1
    outer loop
      vertex -12.9393 -1.06066 8.4
      vertex -11.0302 -2.96985 8.4
      vertex -12.8405 -0.95159 8.4
    endloop
  endfacet
  facet normal 0 0 1
    outer loop
      vertex -11.0302 -2.96985 8.4
      vertex -12.9393 -1.06066 8.4
      vertex -11.3355 -3.24664 8.4
    endloop
  endfacet
  facet normal -0 0 1
    outer loop
      vertex -13.0484 -1.15952 8.4
      vertex -11.3355 -3.24664 8.4
      vertex -12.9393 -1.06066 8.4
    endloop
  endfacet
  facet normal 0 0 1
    outer loop
      vertex -11.3355 -3.24664 8.4
      vertex -13.0484 -1.15952 8.4
      vertex -11.6666 -3.49217 8.4
    endloop
  endfacet
  facet normal -0 0 1
    outer loop
      vertex -13.1666 -1.2472 8.4
      vertex -11.6666 -3.49217 8.4
      vertex -13.0484 -1.15952 8.4
    endloop
  endfacet
  facet normal 0 0 1
    outer loop
      vertex -11.6666 -3.49217 8.4
      vertex -13.1666 -1.2472 8.4
      vertex -12.0201 -3.70407 8.4
    endloop
  endfacet
  facet normal -0 0 1
    outer loop
      vertex -13.2929 -1.32288 8.4
      vertex -12.0201 -3.70407 8.4
      vertex -13.1666 -1.2472 8.4
    endloop
  endfacet
  facet normal 0 0 1
    outer loop
      vertex -12.0201 -3.70407 8.4
      vertex -13.2929 -1.32288 8.4
      vertex -12.3927 -3.88029 8.4
    endloop
  endfacet
  facet normal -0 0 1
    outer loop
      vertex -13.426 -1.38582 8.4
      vertex -12.3927 -3.88029 8.4
      vertex -13.2929 -1.32288 8.4
    endloop
  endfacet
  facet normal 0 0 1
    outer loop
      vertex -12.3927 -3.88029 8.4
      vertex -13.426 -1.38582 8.4
      vertex -12.7808 -4.01915 8.4
    endloop
  endfacet
  facet normal -0 0 1
    outer loop
      vertex -13.5646 -1.43541 8.4
      vertex -12.7808 -4.01915 8.4
      vertex -13.426 -1.38582 8.4
    endloop
  endfacet
  facet normal 0 0 1
    outer loop
      vertex -12.7808 -4.01915 8.4
      vertex -13.5646 -1.43541 8.4
      vertex -13.1806 -4.1193 8.4
    endloop
  endfacet
  facet normal -0 0 1
    outer loop
      vertex -13.7074 -1.47118 8.4
      vertex -13.1806 -4.1193 8.4
      vertex -13.5646 -1.43541 8.4
    endloop
  endfacet
  facet normal 0 0 1
    outer loop
      vertex -13.1806 -4.1193 8.4
      vertex -13.7074 -1.47118 8.4
      vertex -13.5883 -4.17978 8.4
    endloop
  endfacet
  facet normal -0 0 1
    outer loop
      vertex -13.853 -1.49278 8.4
      vertex -13.5883 -4.17978 8.4
      vertex -13.7074 -1.47118 8.4
    endloop
  endfacet
  facet normal -0 0 1
    outer loop
      vertex -14 -1.5 8.4
      vertex -13.5883 -4.17978 8.4
      vertex -13.853 -1.49278 8.4
    endloop
  endfacet
  facet normal 0 0 1
    outer loop
      vertex -14 -1.5 8.4
      vertex -14 -4.2 8.4
      vertex -13.5883 -4.17978 8.4
    endloop
  endfacet
  facet normal 0 0 1
    outer loop
      vertex -14.147 -1.49278 8.4
      vertex -14 -4.2 8.4
      vertex -14 -1.5 8.4
    endloop
  endfacet
  facet normal 0 0 1
    outer loop
      vertex -14.4117 -4.17978 8.4
      vertex -14.147 -1.49278 8.4
      vertex -14.2926 -1.47118 8.4
    endloop
  endfacet
  facet normal 0 0 1
    outer loop
      vertex -14.147 -1.49278 8.4
      vertex -14.4117 -4.17978 8.4
      vertex -14 -4.2 8.4
    endloop
  endfacet
  facet normal 0 0 1
    outer loop
      vertex -14.8194 -4.1193 8.4
      vertex -14.2926 -1.47118 8.4
      vertex -14.4354 -1.43541 8.4
    endloop
  endfacet
  facet normal 0 0 1
    outer loop
      vertex -15.2192 -4.01915 8.4
      vertex -14.4354 -1.43541 8.4
      vertex -14.574 -1.38582 8.4
    endloop
  endfacet
  facet normal 0 0 1
    outer loop
      vertex -15.6073 -3.88029 8.4
      vertex -14.574 -1.38582 8.4
      vertex -14.7071 -1.32288 8.4
    endloop
  endfacet
  facet normal 0 0 1
    outer loop
      vertex -14.2926 -1.47118 8.4
      vertex -14.8194 -4.1193 8.4
      vertex -14.4117 -4.17978 8.4
    endloop
  endfacet
  facet normal 0 0 1
    outer loop
      vertex -15.9799 -3.70407 8.4
      vertex -14.7071 -1.32288 8.4
      vertex -14.8334 -1.2472 8.4
    endloop
  endfacet
  facet normal 0 0 1
    outer loop
      vertex -16.3334 -3.49217 8.4
      vertex -14.8334 -1.2472 8.4
      vertex -14.9516 -1.15952 8.4
    endloop
  endfacet
  facet normal 0 0 1
    outer loop
      vertex -16.6645 -3.24664 8.4
      vertex -14.9516 -1.15952 8.4
      vertex -15.0607 -1.06066 8.4
    endloop
  endfacet
  facet normal 0 0 1
    outer loop
      vertex -16.9698 -2.96985 8.4
      vertex -15.0607 -1.06066 8.4
      vertex -15.1595 -0.95159 8.4
    endloop
  endfacet
  facet normal 0 0 1
    outer loop
      vertex -14.4354 -1.43541 8.4
      vertex -15.2192 -4.01915 8.4
      vertex -14.8194 -4.1193 8.4
    endloop
  endfacet
  facet normal 0 0 1
    outer loop
      vertex -17.2466 -2.66445 8.4
      vertex -15.1595 -0.95159 8.4
      vertex -15.2472 -0.833355 8.4
    endloop
  endfacet
  facet normal 0 0 1
    outer loop
      vertex -17.4922 -2.33339 8.4
      vertex -15.2472 -0.833355 8.4
      vertex -15.3229 -0.707094 8.4
    endloop
  endfacet
  facet normal 0 0 1
    outer loop
      vertex -17.7041 -1.97987 8.4
      vertex -15.3229 -0.707094 8.4
      vertex -15.3858 -0.574024 8.4
    endloop
  endfacet
  facet normal 0 0 1
    outer loop
      vertex -17.8803 -1.60727 8.4
      vertex -15.3858 -0.574024 8.4
      vertex -15.4354 -0.435427 8.4
    endloop
  endfacet
  facet normal 0 0 1
    outer loop
      vertex -18.0191 -1.2192 8.4
      vertex -15.4354 -0.435427 8.4
      vertex -15.4712 -0.292635 8.4
    endloop
  endfacet
  facet normal 0 0 1
    outer loop
      vertex -18.1193 -0.819379 8.4
      vertex -15.4712 -0.292635 8.4
      vertex -15.4928 -0.147025 8.4
    endloop
  endfacet
  facet normal 0 0 1
    outer loop
      vertex -14.574 -1.38582 8.4
      vertex -15.6073 -3.88029 8.4
      vertex -15.2192 -4.01915 8.4
    endloop
  endfacet
  facet normal 0 0 1
    outer loop
      vertex -18.1798 -0.411672 8.4
      vertex -15.4928 -0.147025 8.4
      vertex -15.5 0 8.4
    endloop
  endfacet
  facet normal 0 0 1
    outer loop
      vertex -15.2472 0.833355 8.4
      vertex -17.4922 2.33339 8.4
      vertex -15.3229 0.707094 8.4
    endloop
  endfacet
  facet normal -0 0 1
    outer loop
      vertex -17.7041 1.97987 8.4
      vertex -15.3229 0.707094 8.4
      vertex -17.4922 2.33339 8.4
    endloop
  endfacet
  facet normal 0 0 1
    outer loop
      vertex -14.7071 -1.32288 8.4
      vertex -15.9799 -3.70407 8.4
      vertex -15.6073 -3.88029 8.4
    endloop
  endfacet
  facet normal 0 0 1
    outer loop
      vertex -15.3229 0.707094 8.4
      vertex -17.7041 1.97987 8.4
      vertex -15.3858 0.574024 8.4
    endloop
  endfacet
  facet normal 0 0 1
    outer loop
      vertex -14.8334 -1.2472 8.4
      vertex -16.3334 -3.49217 8.4
      vertex -15.9799 -3.70407 8.4
    endloop
  endfacet
  facet normal -0 0 1
    outer loop
      vertex -17.8803 1.60727 8.4
      vertex -15.3858 0.574024 8.4
      vertex -17.7041 1.97987 8.4
    endloop
  endfacet
  facet normal 0 0 1
    outer loop
      vertex -14.9516 -1.15952 8.4
      vertex -16.6645 -3.24664 8.4
      vertex -16.3334 -3.49217 8.4
    endloop
  endfacet
  facet normal 0 0 1
    outer loop
      vertex -15.3858 0.574024 8.4
      vertex -17.8803 1.60727 8.4
      vertex -15.4354 0.435427 8.4
    endloop
  endfacet
  facet normal 0 0 1
    outer loop
      vertex -15.0607 -1.06066 8.4
      vertex -16.9698 -2.96985 8.4
      vertex -16.6645 -3.24664 8.4
    endloop
  endfacet
  facet normal -0 0 1
    outer loop
      vertex -18.0191 1.2192 8.4
      vertex -15.4354 0.435427 8.4
      vertex -17.8803 1.60727 8.4
    endloop
  endfacet
  facet normal 0 0 1
    outer loop
      vertex -15.1595 -0.95159 8.4
      vertex -17.2466 -2.66445 8.4
      vertex -16.9698 -2.96985 8.4
    endloop
  endfacet
  facet normal 0 0 1
    outer loop
      vertex -15.4354 0.435427 8.4
      vertex -18.0191 1.2192 8.4
      vertex -15.4712 0.292635 8.4
    endloop
  endfacet
  facet normal 0 0 1
    outer loop
      vertex -15.2472 -0.833355 8.4
      vertex -17.4922 -2.33339 8.4
      vertex -17.2466 -2.66445 8.4
    endloop
  endfacet
  facet normal -0 0 1
    outer loop
      vertex -18.1193 0.819379 8.4
      vertex -15.4712 0.292635 8.4
      vertex -18.0191 1.2192 8.4
    endloop
  endfacet
  facet normal 0 0 1
    outer loop
      vertex -15.3229 -0.707094 8.4
      vertex -17.7041 -1.97987 8.4
      vertex -17.4922 -2.33339 8.4
    endloop
  endfacet
  facet normal 0 0 1
    outer loop
      vertex -15.4712 0.292635 8.4
      vertex -18.1193 0.819379 8.4
      vertex -15.4928 0.147025 8.4
    endloop
  endfacet
  facet normal 0 0 1
    outer loop
      vertex -15.3858 -0.574024 8.4
      vertex -17.8803 -1.60727 8.4
      vertex -17.7041 -1.97987 8.4
    endloop
  endfacet
  facet normal -0 0 1
    outer loop
      vertex -18.1798 0.411672 8.4
      vertex -15.4928 0.147025 8.4
      vertex -18.1193 0.819379 8.4
    endloop
  endfacet
  facet normal 0 0 1
    outer loop
      vertex -15.4354 -0.435427 8.4
      vertex -18.0191 -1.2192 8.4
      vertex -17.8803 -1.60727 8.4
    endloop
  endfacet
  facet normal 0 0 1
    outer loop
      vertex -15.4928 0.147025 8.4
      vertex -18.1798 0.411672 8.4
      vertex -15.5 0 8.4
    endloop
  endfacet
  facet normal 0 0 1
    outer loop
      vertex -15.4712 -0.292635 8.4
      vertex -18.1193 -0.819379 8.4
      vertex -18.0191 -1.2192 8.4
    endloop
  endfacet
  facet normal 0 0 1
    outer loop
      vertex -18.2 0 8.4
      vertex -15.5 0 8.4
      vertex -18.1798 0.411672 8.4
    endloop
  endfacet
  facet normal 0 0 1
    outer loop
      vertex -15.4928 -0.147025 8.4
      vertex -18.1798 -0.411672 8.4
      vertex -18.1193 -0.819379 8.4
    endloop
  endfacet
  facet normal 0 0 1
    outer loop
      vertex -15.5 0 8.4
      vertex -18.2 0 8.4
      vertex -18.1798 -0.411672 8.4
    endloop
  endfacet
  facet normal 0.970031 -0.24298 0
    outer loop
      vertex -9.98085 -1.2192 8.4
      vertex -9.8807 -0.819379 7.4
      vertex -9.8807 -0.819379 8.4
    endloop
  endfacet
  facet normal 0.970031 -0.24298 0
    outer loop
      vertex -9.8807 -0.819379 7.4
      vertex -9.98085 -1.2192 8.4
      vertex -9.98085 -1.2192 7.4
    endloop
  endfacet
  facet normal 0.989176 -0.146736 0
    outer loop
      vertex -9.8807 -0.819379 8.4
      vertex -9.82022 -0.411672 7.4
      vertex -9.82022 -0.411672 8.4
    endloop
  endfacet
  facet normal 0.989176 -0.146736 0
    outer loop
      vertex -9.82022 -0.411672 7.4
      vertex -9.8807 -0.819379 8.4
      vertex -9.8807 -0.819379 7.4
    endloop
  endfacet
  facet normal 0.941547 -0.336882 0
    outer loop
      vertex -10.1197 -1.60727 8.4
      vertex -9.98085 -1.2192 7.4
      vertex -9.98085 -1.2192 8.4
    endloop
  endfacet
  facet normal 0.941547 -0.336882 0
    outer loop
      vertex -9.98085 -1.2192 7.4
      vertex -10.1197 -1.60727 8.4
      vertex -10.1197 -1.60727 7.4
    endloop
  endfacet
  facet normal 0.803127 -0.595808 0
    outer loop
      vertex -10.7534 -2.66445 8.4
      vertex -10.5078 -2.33339 7.4
      vertex -10.5078 -2.33339 8.4
    endloop
  endfacet
  facet normal 0.803127 -0.595808 0
    outer loop
      vertex -10.5078 -2.33339 7.4
      vertex -10.7534 -2.66445 8.4
      vertex -10.7534 -2.66445 7.4
    endloop
  endfacet
  facet normal 0.740949 -0.671561 0
    outer loop
      vertex -11.0302 -2.96985 8.4
      vertex -10.7534 -2.66445 7.4
      vertex -10.7534 -2.66445 8.4
    endloop
  endfacet
  facet normal 0.740949 -0.671561 0
    outer loop
      vertex -10.7534 -2.66445 7.4
      vertex -11.0302 -2.96985 8.4
      vertex -11.0302 -2.96985 7.4
    endloop
  endfacet
  facet normal 0.85772 -0.514117 0
    outer loop
      vertex -10.5078 -2.33339 8.4
      vertex -10.2959 -1.97987 7.4
      vertex -10.2959 -1.97987 8.4
    endloop
  endfacet
  facet normal 0.85772 -0.514117 0
    outer loop
      vertex -10.2959 -1.97987 7.4
      vertex -10.5078 -2.33339 8.4
      vertex -10.5078 -2.33339 7.4
    endloop
  endfacet
  facet normal 0.242992 -0.970028 0
    outer loop
      vertex -13.1806 -4.1193 7.4
      vertex -12.7808 -4.01915 8.4
      vertex -13.1806 -4.1193 8.4
    endloop
  endfacet
  facet normal 0.242992 -0.970028 0
    outer loop
      vertex -12.7808 -4.01915 8.4
      vertex -13.1806 -4.1193 7.4
      vertex -12.7808 -4.01915 7.4
    endloop
  endfacet
  facet normal 0.33688 -0.941547 0
    outer loop
      vertex -12.7808 -4.01915 7.4
      vertex -12.3927 -3.88029 8.4
      vertex -12.7808 -4.01915 8.4
    endloop
  endfacet
  facet normal 0.33688 -0.941547 0
    outer loop
      vertex -12.3927 -3.88029 8.4
      vertex -12.7808 -4.01915 7.4
      vertex -12.3927 -3.88029 7.4
    endloop
  endfacet
  facet normal 0.146739 -0.989175 0
    outer loop
      vertex -13.5883 -4.17978 7.4
      vertex -13.1806 -4.1193 8.4
      vertex -13.5883 -4.17978 8.4
    endloop
  endfacet
  facet normal 0.146739 -0.989175 0
    outer loop
      vertex -13.1806 -4.1193 8.4
      vertex -13.5883 -4.17978 7.4
      vertex -13.1806 -4.1193 7.4
    endloop
  endfacet
  facet normal 0.595652 -0.803243 0
    outer loop
      vertex -11.6666 -3.49217 7.4
      vertex -11.3355 -3.24664 8.4
      vertex -11.6666 -3.49217 8.4
    endloop
  endfacet
  facet normal 0.595652 -0.803243 0
    outer loop
      vertex -11.3355 -3.24664 8.4
      vertex -11.6666 -3.49217 7.4
      vertex -11.3355 -3.24664 7.4
    endloop
  endfacet
  facet normal -0.970003 -0.243094 0
    outer loop
      vertex -18.0191 -1.2192 7.4
      vertex -18.1193 -0.819379 8.4
      vertex -18.1193 -0.819379 7.4
    endloop
  endfacet
  facet normal -0.970003 -0.243094 0
    outer loop
      vertex -18.1193 -0.819379 8.4
      vertex -18.0191 -1.2192 7.4
      vertex -18.0191 -1.2192 8.4
    endloop
  endfacet
  facet normal -0.803127 -0.595808 0
    outer loop
      vertex -17.2466 -2.66445 7.4
      vertex -17.4922 -2.33339 8.4
      vertex -17.4922 -2.33339 7.4
    endloop
  endfacet
  facet normal -0.803127 -0.595808 0
    outer loop
      vertex -17.4922 -2.33339 8.4
      vertex -17.2466 -2.66445 7.4
      vertex -17.2466 -2.66445 8.4
    endloop
  endfacet
  facet normal -0.740949 -0.671561 0
    outer loop
      vertex -16.9698 -2.96985 7.4
      vertex -17.2466 -2.66445 8.4
      vertex -17.2466 -2.66445 7.4
    endloop
  endfacet
  facet normal -0.740949 -0.671561 0
    outer loop
      vertex -17.2466 -2.66445 8.4
      vertex -16.9698 -2.96985 7.4
      vertex -16.9698 -2.96985 8.4
    endloop
  endfacet
  facet normal -0.85772 -0.514117 0
    outer loop
      vertex -17.4922 -2.33339 7.4
      vertex -17.7041 -1.97987 8.4
      vertex -17.7041 -1.97987 7.4
    endloop
  endfacet
  facet normal -0.85772 -0.514117 0
    outer loop
      vertex -17.7041 -1.97987 8.4
      vertex -17.4922 -2.33339 7.4
      vertex -17.4922 -2.33339 8.4
    endloop
  endfacet
  facet normal -0.941585 -0.336774 0
    outer loop
      vertex -17.8803 -1.60727 7.4
      vertex -18.0191 -1.2192 8.4
      vertex -18.0191 -1.2192 7.4
    endloop
  endfacet
  facet normal -0.941585 -0.336774 0
    outer loop
      vertex -18.0191 -1.2192 8.4
      vertex -17.8803 -1.60727 7.4
      vertex -17.8803 -1.60727 8.4
    endloop
  endfacet
  facet normal -0.989169 -0.146784 0
    outer loop
      vertex -18.1193 -0.819379 7.4
      vertex -18.1798 -0.411672 8.4
      vertex -18.1798 -0.411672 7.4
    endloop
  endfacet
  facet normal -0.989169 -0.146784 0
    outer loop
      vertex -18.1798 -0.411672 8.4
      vertex -18.1193 -0.819379 7.4
      vertex -18.1193 -0.819379 8.4
    endloop
  endfacet
  facet normal 0 0 -1
    outer loop
      vertex -11 0 7.4
      vertex -9.8 0 7.4
      vertex -9.82022 -0.411672 7.4
    endloop
  endfacet
  facet normal 0 0 -1
    outer loop
      vertex -11.0144 -0.294051 7.4
      vertex -9.82022 -0.411672 7.4
      vertex -9.8807 -0.819379 7.4
    endloop
  endfacet
  facet normal 0 0 -1
    outer loop
      vertex -9.8 0 7.4
      vertex -11 0 7.4
      vertex -9.82022 0.411672 7.4
    endloop
  endfacet
  facet normal 0 0 -1
    outer loop
      vertex -11.0576 -0.585271 7.4
      vertex -9.8807 -0.819379 7.4
      vertex -9.98085 -1.2192 7.4
    endloop
  endfacet
  facet normal 0 0 -1
    outer loop
      vertex -11.0144 0.294051 7.4
      vertex -9.82022 0.411672 7.4
      vertex -11 0 7.4
    endloop
  endfacet
  facet normal 0 0 -1
    outer loop
      vertex -11.1292 -0.870853 7.4
      vertex -9.98085 -1.2192 7.4
      vertex -10.1197 -1.60727 7.4
    endloop
  endfacet
  facet normal -0 0 -1
    outer loop
      vertex -9.82022 0.411672 7.4
      vertex -11.0144 0.294051 7.4
      vertex -9.8807 0.819379 7.4
    endloop
  endfacet
  facet normal 0 0 -1
    outer loop
      vertex -11.2284 -1.14805 7.4
      vertex -10.1197 -1.60727 7.4
      vertex -10.2959 -1.97987 7.4
    endloop
  endfacet
  facet normal 0 0 -1
    outer loop
      vertex -11.0576 0.585271 7.4
      vertex -9.8807 0.819379 7.4
      vertex -11.0144 0.294051 7.4
    endloop
  endfacet
  facet normal 0 0 -1
    outer loop
      vertex -11.3542 -1.41419 7.4
      vertex -10.2959 -1.97987 7.4
      vertex -10.5078 -2.33339 7.4
    endloop
  endfacet
  facet normal -0 0 -1
    outer loop
      vertex -9.8807 0.819379 7.4
      vertex -11.0576 0.585271 7.4
      vertex -9.98085 1.2192 7.4
    endloop
  endfacet
  facet normal 0 0 -1
    outer loop
      vertex -11.5056 -1.66671 7.4
      vertex -10.5078 -2.33339 7.4
      vertex -10.7534 -2.66445 7.4
    endloop
  endfacet
  facet normal 0 0 -1
    outer loop
      vertex -11.1292 0.870853 7.4
      vertex -9.98085 1.2192 7.4
      vertex -11.0576 0.585271 7.4
    endloop
  endfacet
  facet normal -0 0 -1
    outer loop
      vertex -9.98085 1.2192 7.4
      vertex -11.1292 0.870853 7.4
      vertex -10.1197 1.60727 7.4
    endloop
  endfacet
  facet normal 0 0 -1
    outer loop
      vertex -9.82022 -0.411672 7.4
      vertex -11.0144 -0.294051 7.4
      vertex -11 0 7.4
    endloop
  endfacet
  facet normal 0 0 -1
    outer loop
      vertex -11.681 -1.90318 7.4
      vertex -10.7534 -2.66445 7.4
      vertex -11.0302 -2.96985 7.4
    endloop
  endfacet
  facet normal 0 0 -1
    outer loop
      vertex -9.8807 -0.819379 7.4
      vertex -11.0576 -0.585271 7.4
      vertex -11.0144 -0.294051 7.4
    endloop
  endfacet
  facet normal 0 0 -1
    outer loop
      vertex -9.98085 -1.2192 7.4
      vertex -11.1292 -0.870853 7.4
      vertex -11.0576 -0.585271 7.4
    endloop
  endfacet
  facet normal 0 0 -1
    outer loop
      vertex -10.1197 -1.60727 7.4
      vertex -11.2284 -1.14805 7.4
      vertex -11.1292 -0.870853 7.4
    endloop
  endfacet
  facet normal 0 0 -1
    outer loop
      vertex -11.8787 -2.12132 7.4
      vertex -11.0302 -2.96985 7.4
      vertex -11.3355 -3.24664 7.4
    endloop
  endfacet
  facet normal 0 0 -1
    outer loop
      vertex -10.2959 -1.97987 7.4
      vertex -11.3542 -1.41419 7.4
      vertex -11.2284 -1.14805 7.4
    endloop
  endfacet
  facet normal 0 0 -1
    outer loop
      vertex -10.5078 -2.33339 7.4
      vertex -11.5056 -1.66671 7.4
      vertex -11.3542 -1.41419 7.4
    endloop
  endfacet
  facet normal 0 0 -1
    outer loop
      vertex -12.0968 -2.31903 7.4
      vertex -11.3355 -3.24664 7.4
      vertex -11.6666 -3.49217 7.4
    endloop
  endfacet
  facet normal 0 0 -1
    outer loop
      vertex -10.7534 -2.66445 7.4
      vertex -11.681 -1.90318 7.4
      vertex -11.5056 -1.66671 7.4
    endloop
  endfacet
  facet normal 0 0 -1
    outer loop
      vertex -11.0302 -2.96985 7.4
      vertex -11.8787 -2.12132 7.4
      vertex -11.681 -1.90318 7.4
    endloop
  endfacet
  facet normal 0 0 -1
    outer loop
      vertex -12.3333 -2.49441 7.4
      vertex -11.6666 -3.49217 7.4
      vertex -12.0201 -3.70407 7.4
    endloop
  endfacet
  facet normal 0 0 -1
    outer loop
      vertex -11.3355 -3.24664 7.4
      vertex -12.0968 -2.31903 7.4
      vertex -11.8787 -2.12132 7.4
    endloop
  endfacet
  facet normal 0 0 -1
    outer loop
      vertex -11.6666 -3.49217 7.4
      vertex -12.3333 -2.49441 7.4
      vertex -12.0968 -2.31903 7.4
    endloop
  endfacet
  facet normal 0 0 -1
    outer loop
      vertex -12.5858 -2.64576 7.4
      vertex -12.0201 -3.70407 7.4
      vertex -12.3927 -3.88029 7.4
    endloop
  endfacet
  facet normal 0 0 -1
    outer loop
      vertex -12.0201 -3.70407 7.4
      vertex -12.5858 -2.64576 7.4
      vertex -12.3333 -2.49441 7.4
    endloop
  endfacet
  facet normal 0 0 -1
    outer loop
      vertex -12.852 -2.77164 7.4
      vertex -12.3927 -3.88029 7.4
      vertex -12.7808 -4.01915 7.4
    endloop
  endfacet
  facet normal 0 0 -1
    outer loop
      vertex -12.3927 -3.88029 7.4
      vertex -12.852 -2.77164 7.4
      vertex -12.5858 -2.64576 7.4
    endloop
  endfacet
  facet normal 0 0 -1
    outer loop
      vertex -12.7808 -4.01915 7.4
      vertex -13.1291 -2.87082 7.4
      vertex -12.852 -2.77164 7.4
    endloop
  endfacet
  facet normal 0 0 -1
    outer loop
      vertex -13.1806 -4.1193 7.4
      vertex -13.1291 -2.87082 7.4
      vertex -12.7808 -4.01915 7.4
    endloop
  endfacet
  facet normal 0 0 -1
    outer loop
      vertex -13.1806 -4.1193 7.4
      vertex -13.4147 -2.94236 7.4
      vertex -13.1291 -2.87082 7.4
    endloop
  endfacet
  facet normal 0 0 -1
    outer loop
      vertex -13.5883 -4.17978 7.4
      vertex -13.4147 -2.94236 7.4
      vertex -13.1806 -4.1193 7.4
    endloop
  endfacet
  facet normal 0 0 -1
    outer loop
      vertex -13.5883 -4.17978 7.4
      vertex -13.7059 -2.98555 7.4
      vertex -13.4147 -2.94236 7.4
    endloop
  endfacet
  facet normal 0 0 -1
    outer loop
      vertex -14 -4.2 7.4
      vertex -13.7059 -2.98555 7.4
      vertex -13.5883 -4.17978 7.4
    endloop
  endfacet
  facet normal 0 0 -1
    outer loop
      vertex -14 -4.2 7.4
      vertex -14 -3 7.4
      vertex -13.7059 -2.98555 7.4
    endloop
  endfacet
  facet normal 0 0 -1
    outer loop
      vertex -14 -4.2 7.4
      vertex -14.2941 -2.98555 7.4
      vertex -14 -3 7.4
    endloop
  endfacet
  facet normal 0 0 -1
    outer loop
      vertex -14.4117 -4.17978 7.4
      vertex -14.2941 -2.98555 7.4
      vertex -14 -4.2 7.4
    endloop
  endfacet
  facet normal 0 0 -1
    outer loop
      vertex -14.4117 -4.17978 7.4
      vertex -14.5853 -2.94236 7.4
      vertex -14.2941 -2.98555 7.4
    endloop
  endfacet
  facet normal 0 0 -1
    outer loop
      vertex -14.8194 -4.1193 7.4
      vertex -14.5853 -2.94236 7.4
      vertex -14.4117 -4.17978 7.4
    endloop
  endfacet
  facet normal 0 0 -1
    outer loop
      vertex -14.8194 -4.1193 7.4
      vertex -14.8709 -2.87082 7.4
      vertex -14.5853 -2.94236 7.4
    endloop
  endfacet
  facet normal 0 0 -1
    outer loop
      vertex -15.2192 -4.01915 7.4
      vertex -14.8709 -2.87082 7.4
      vertex -14.8194 -4.1193 7.4
    endloop
  endfacet
  facet normal -0 0 -1
    outer loop
      vertex -14.8709 -2.87082 7.4
      vertex -15.2192 -4.01915 7.4
      vertex -15.148 -2.77164 7.4
    endloop
  endfacet
  facet normal 0 0 -1
    outer loop
      vertex -15.6073 -3.88029 7.4
      vertex -15.148 -2.77164 7.4
      vertex -15.2192 -4.01915 7.4
    endloop
  endfacet
  facet normal -0 0 -1
    outer loop
      vertex -15.148 -2.77164 7.4
      vertex -15.6073 -3.88029 7.4
      vertex -15.4142 -2.64576 7.4
    endloop
  endfacet
  facet normal 0 0 -1
    outer loop
      vertex -15.9799 -3.70407 7.4
      vertex -15.4142 -2.64576 7.4
      vertex -15.6073 -3.88029 7.4
    endloop
  endfacet
  facet normal -0 0 -1
    outer loop
      vertex -15.4142 -2.64576 7.4
      vertex -15.9799 -3.70407 7.4
      vertex -15.6667 -2.49441 7.4
    endloop
  endfacet
  facet normal 0 0 -1
    outer loop
      vertex -16.3334 -3.49217 7.4
      vertex -15.6667 -2.49441 7.4
      vertex -15.9799 -3.70407 7.4
    endloop
  endfacet
  facet normal -0 0 -1
    outer loop
      vertex -15.6667 -2.49441 7.4
      vertex -16.3334 -3.49217 7.4
      vertex -15.9032 -2.31903 7.4
    endloop
  endfacet
  facet normal 0 0 -1
    outer loop
      vertex -16.6645 -3.24664 7.4
      vertex -15.9032 -2.31903 7.4
      vertex -16.3334 -3.49217 7.4
    endloop
  endfacet
  facet normal -0 0 -1
    outer loop
      vertex -15.9032 -2.31903 7.4
      vertex -16.6645 -3.24664 7.4
      vertex -16.1213 -2.12132 7.4
    endloop
  endfacet
  facet normal 0 0 -1
    outer loop
      vertex -16.9698 -2.96985 7.4
      vertex -16.1213 -2.12132 7.4
      vertex -16.6645 -3.24664 7.4
    endloop
  endfacet
  facet normal -0 0 -1
    outer loop
      vertex -16.1213 -2.12132 7.4
      vertex -16.9698 -2.96985 7.4
      vertex -16.319 -1.90318 7.4
    endloop
  endfacet
  facet normal 0 0 -1
    outer loop
      vertex -17.2466 -2.66445 7.4
      vertex -16.319 -1.90318 7.4
      vertex -16.9698 -2.96985 7.4
    endloop
  endfacet
  facet normal -0 0 -1
    outer loop
      vertex -16.319 -1.90318 7.4
      vertex -17.2466 -2.66445 7.4
      vertex -16.4944 -1.66671 7.4
    endloop
  endfacet
  facet normal 0 0 -1
    outer loop
      vertex -17.4922 -2.33339 7.4
      vertex -16.4944 -1.66671 7.4
      vertex -17.2466 -2.66445 7.4
    endloop
  endfacet
  facet normal -0 0 -1
    outer loop
      vertex -16.4944 -1.66671 7.4
      vertex -17.4922 -2.33339 7.4
      vertex -16.6458 -1.41419 7.4
    endloop
  endfacet
  facet normal 0 0 -1
    outer loop
      vertex -17.7041 -1.97987 7.4
      vertex -16.6458 -1.41419 7.4
      vertex -17.4922 -2.33339 7.4
    endloop
  endfacet
  facet normal -0 0 -1
    outer loop
      vertex -16.6458 -1.41419 7.4
      vertex -17.7041 -1.97987 7.4
      vertex -16.7716 -1.14805 7.4
    endloop
  endfacet
  facet normal 0 0 -1
    outer loop
      vertex -17.8803 -1.60727 7.4
      vertex -16.7716 -1.14805 7.4
      vertex -17.7041 -1.97987 7.4
    endloop
  endfacet
  facet normal -0 0 -1
    outer loop
      vertex -16.7716 -1.14805 7.4
      vertex -17.8803 -1.60727 7.4
      vertex -16.8708 -0.870853 7.4
    endloop
  endfacet
  facet normal 0 0 -1
    outer loop
      vertex -11.2284 1.14805 7.4
      vertex -10.1197 1.60727 7.4
      vertex -11.1292 0.870853 7.4
    endloop
  endfacet
  facet normal -0 0 -1
    outer loop
      vertex -10.1197 1.60727 7.4
      vertex -11.2284 1.14805 7.4
      vertex -10.2959 1.97987 7.4
    endloop
  endfacet
  facet normal 0 0 -1
    outer loop
      vertex -11.3542 1.41419 7.4
      vertex -10.2959 1.97987 7.4
      vertex -11.2284 1.14805 7.4
    endloop
  endfacet
  facet normal -0 0 -1
    outer loop
      vertex -10.2959 1.97987 7.4
      vertex -11.3542 1.41419 7.4
      vertex -10.5078 2.33339 7.4
    endloop
  endfacet
  facet normal 0 0 -1
    outer loop
      vertex -11.5056 1.66671 7.4
      vertex -10.5078 2.33339 7.4
      vertex -11.3542 1.41419 7.4
    endloop
  endfacet
  facet normal -0 0 -1
    outer loop
      vertex -10.5078 2.33339 7.4
      vertex -11.5056 1.66671 7.4
      vertex -10.7534 2.66445 7.4
    endloop
  endfacet
  facet normal 0 0 -1
    outer loop
      vertex -11.681 1.90318 7.4
      vertex -10.7534 2.66445 7.4
      vertex -11.5056 1.66671 7.4
    endloop
  endfacet
  facet normal -0 0 -1
    outer loop
      vertex -10.7534 2.66445 7.4
      vertex -11.681 1.90318 7.4
      vertex -11.0302 2.96985 7.4
    endloop
  endfacet
  facet normal 0 0 -1
    outer loop
      vertex -11.8787 2.12132 7.4
      vertex -11.0302 2.96985 7.4
      vertex -11.681 1.90318 7.4
    endloop
  endfacet
  facet normal -0 0 -1
    outer loop
      vertex -11.0302 2.96985 7.4
      vertex -11.8787 2.12132 7.4
      vertex -11.3355 3.24664 7.4
    endloop
  endfacet
  facet normal 0 0 -1
    outer loop
      vertex -12.0968 2.31903 7.4
      vertex -11.3355 3.24664 7.4
      vertex -11.8787 2.12132 7.4
    endloop
  endfacet
  facet normal -0 0 -1
    outer loop
      vertex -11.3355 3.24664 7.4
      vertex -12.0968 2.31903 7.4
      vertex -11.6666 3.49217 7.4
    endloop
  endfacet
  facet normal 0 0 -1
    outer loop
      vertex -12.3333 2.49441 7.4
      vertex -11.6666 3.49217 7.4
      vertex -12.0968 2.31903 7.4
    endloop
  endfacet
  facet normal -0 0 -1
    outer loop
      vertex -11.6666 3.49217 7.4
      vertex -12.3333 2.49441 7.4
      vertex -12.0201 3.70407 7.4
    endloop
  endfacet
  facet normal 0 0 -1
    outer loop
      vertex -12.5858 2.64576 7.4
      vertex -12.0201 3.70407 7.4
      vertex -12.3333 2.49441 7.4
    endloop
  endfacet
  facet normal -0 0 -1
    outer loop
      vertex -12.0201 3.70407 7.4
      vertex -12.5858 2.64576 7.4
      vertex -12.3927 3.88029 7.4
    endloop
  endfacet
  facet normal 0 0 -1
    outer loop
      vertex -12.852 2.77164 7.4
      vertex -12.3927 3.88029 7.4
      vertex -12.5858 2.64576 7.4
    endloop
  endfacet
  facet normal -0 0 -1
    outer loop
      vertex -12.3927 3.88029 7.4
      vertex -12.852 2.77164 7.4
      vertex -12.7808 4.01915 7.4
    endloop
  endfacet
  facet normal 0 0 -1
    outer loop
      vertex -13.1291 2.87082 7.4
      vertex -12.7808 4.01915 7.4
      vertex -12.852 2.77164 7.4
    endloop
  endfacet
  facet normal 0 0 -1
    outer loop
      vertex -13.1291 2.87082 7.4
      vertex -13.1806 4.1193 7.4
      vertex -12.7808 4.01915 7.4
    endloop
  endfacet
  facet normal 0 0 -1
    outer loop
      vertex -13.4147 2.94236 7.4
      vertex -13.1806 4.1193 7.4
      vertex -13.1291 2.87082 7.4
    endloop
  endfacet
  facet normal 0 0 -1
    outer loop
      vertex -13.4147 2.94236 7.4
      vertex -13.5883 4.17978 7.4
      vertex -13.1806 4.1193 7.4
    endloop
  endfacet
  facet normal 0 0 -1
    outer loop
      vertex -13.7059 2.98555 7.4
      vertex -13.5883 4.17978 7.4
      vertex -13.4147 2.94236 7.4
    endloop
  endfacet
  facet normal 0 0 -1
    outer loop
      vertex -14 3 7.4
      vertex -13.5883 4.17978 7.4
      vertex -13.7059 2.98555 7.4
    endloop
  endfacet
  facet normal 0 0 -1
    outer loop
      vertex -14 3 7.4
      vertex -14 4.2 7.4
      vertex -13.5883 4.17978 7.4
    endloop
  endfacet
  facet normal 0 0 -1
    outer loop
      vertex -14.2941 2.98555 7.4
      vertex -14 4.2 7.4
      vertex -14 3 7.4
    endloop
  endfacet
  facet normal 0 0 -1
    outer loop
      vertex -14.2941 2.98555 7.4
      vertex -14.4117 4.17978 7.4
      vertex -14 4.2 7.4
    endloop
  endfacet
  facet normal 0 0 -1
    outer loop
      vertex -14.5853 2.94236 7.4
      vertex -14.4117 4.17978 7.4
      vertex -14.2941 2.98555 7.4
    endloop
  endfacet
  facet normal 0 0 -1
    outer loop
      vertex -14.5853 2.94236 7.4
      vertex -14.8194 4.1193 7.4
      vertex -14.4117 4.17978 7.4
    endloop
  endfacet
  facet normal 0 0 -1
    outer loop
      vertex -14.8709 2.87082 7.4
      vertex -14.8194 4.1193 7.4
      vertex -14.5853 2.94236 7.4
    endloop
  endfacet
  facet normal 0 0 -1
    outer loop
      vertex -15.2192 4.01915 7.4
      vertex -14.8709 2.87082 7.4
      vertex -15.148 2.77164 7.4
    endloop
  endfacet
  facet normal 0 0 -1
    outer loop
      vertex -14.8709 2.87082 7.4
      vertex -15.2192 4.01915 7.4
      vertex -14.8194 4.1193 7.4
    endloop
  endfacet
  facet normal 0 0 -1
    outer loop
      vertex -15.6073 3.88029 7.4
      vertex -15.148 2.77164 7.4
      vertex -15.4142 2.64576 7.4
    endloop
  endfacet
  facet normal 0 0 -1
    outer loop
      vertex -15.148 2.77164 7.4
      vertex -15.6073 3.88029 7.4
      vertex -15.2192 4.01915 7.4
    endloop
  endfacet
  facet normal 0 0 -1
    outer loop
      vertex -15.9799 3.70407 7.4
      vertex -15.4142 2.64576 7.4
      vertex -15.6667 2.49441 7.4
    endloop
  endfacet
  facet normal 0 0 -1
    outer loop
      vertex -16.3334 3.49217 7.4
      vertex -15.6667 2.49441 7.4
      vertex -15.9032 2.31903 7.4
    endloop
  endfacet
  facet normal 0 0 -1
    outer loop
      vertex -15.4142 2.64576 7.4
      vertex -15.9799 3.70407 7.4
      vertex -15.6073 3.88029 7.4
    endloop
  endfacet
  facet normal 0 0 -1
    outer loop
      vertex -16.6645 3.24664 7.4
      vertex -15.9032 2.31903 7.4
      vertex -16.1213 2.12132 7.4
    endloop
  endfacet
  facet normal 0 0 -1
    outer loop
      vertex -16.9698 2.96985 7.4
      vertex -16.1213 2.12132 7.4
      vertex -16.319 1.90318 7.4
    endloop
  endfacet
  facet normal 0 0 -1
    outer loop
      vertex -15.6667 2.49441 7.4
      vertex -16.3334 3.49217 7.4
      vertex -15.9799 3.70407 7.4
    endloop
  endfacet
  facet normal 0 0 -1
    outer loop
      vertex -17.2466 2.66445 7.4
      vertex -16.319 1.90318 7.4
      vertex -16.4944 1.66671 7.4
    endloop
  endfacet
  facet normal 0 0 -1
    outer loop
      vertex -17.4922 2.33339 7.4
      vertex -16.4944 1.66671 7.4
      vertex -16.6458 1.41419 7.4
    endloop
  endfacet
  facet normal 0 0 -1
    outer loop
      vertex -15.9032 2.31903 7.4
      vertex -16.6645 3.24664 7.4
      vertex -16.3334 3.49217 7.4
    endloop
  endfacet
  facet normal 0 0 -1
    outer loop
      vertex -17.7041 1.97987 7.4
      vertex -16.6458 1.41419 7.4
      vertex -16.7716 1.14805 7.4
    endloop
  endfacet
  facet normal 0 0 -1
    outer loop
      vertex -17.8803 1.60727 7.4
      vertex -16.7716 1.14805 7.4
      vertex -16.8708 0.870853 7.4
    endloop
  endfacet
  facet normal 0 0 -1
    outer loop
      vertex -18.0191 1.2192 7.4
      vertex -16.8708 0.870853 7.4
      vertex -16.9424 0.585271 7.4
    endloop
  endfacet
  facet normal 0 0 -1
    outer loop
      vertex -16.1213 2.12132 7.4
      vertex -16.9698 2.96985 7.4
      vertex -16.6645 3.24664 7.4
    endloop
  endfacet
  facet normal 0 0 -1
    outer loop
      vertex -18.1193 0.819379 7.4
      vertex -16.9424 0.585271 7.4
      vertex -16.9856 0.294051 7.4
    endloop
  endfacet
  facet normal 0 0 -1
    outer loop
      vertex -18.1798 0.411672 7.4
      vertex -16.9856 0.294051 7.4
      vertex -17 0 7.4
    endloop
  endfacet
  facet normal 0 0 -1
    outer loop
      vertex -18.0191 -1.2192 7.4
      vertex -16.8708 -0.870853 7.4
      vertex -17.8803 -1.60727 7.4
    endloop
  endfacet
  facet normal 0 0 -1
    outer loop
      vertex -16.319 1.90318 7.4
      vertex -17.2466 2.66445 7.4
      vertex -16.9698 2.96985 7.4
    endloop
  endfacet
  facet normal -0 0 -1
    outer loop
      vertex -16.8708 -0.870853 7.4
      vertex -18.0191 -1.2192 7.4
      vertex -16.9424 -0.585271 7.4
    endloop
  endfacet
  facet normal 0 0 -1
    outer loop
      vertex -16.4944 1.66671 7.4
      vertex -17.4922 2.33339 7.4
      vertex -17.2466 2.66445 7.4
    endloop
  endfacet
  facet normal 0 0 -1
    outer loop
      vertex -18.1193 -0.819379 7.4
      vertex -16.9424 -0.585271 7.4
      vertex -18.0191 -1.2192 7.4
    endloop
  endfacet
  facet normal 0 0 -1
    outer loop
      vertex -16.6458 1.41419 7.4
      vertex -17.7041 1.97987 7.4
      vertex -17.4922 2.33339 7.4
    endloop
  endfacet
  facet normal -0 0 -1
    outer loop
      vertex -16.9424 -0.585271 7.4
      vertex -18.1193 -0.819379 7.4
      vertex -16.9856 -0.294051 7.4
    endloop
  endfacet
  facet normal 0 0 -1
    outer loop
      vertex -16.7716 1.14805 7.4
      vertex -17.8803 1.60727 7.4
      vertex -17.7041 1.97987 7.4
    endloop
  endfacet
  facet normal 0 0 -1
    outer loop
      vertex -18.1798 -0.411672 7.4
      vertex -16.9856 -0.294051 7.4
      vertex -18.1193 -0.819379 7.4
    endloop
  endfacet
  facet normal 0 0 -1
    outer loop
      vertex -16.8708 0.870853 7.4
      vertex -18.0191 1.2192 7.4
      vertex -17.8803 1.60727 7.4
    endloop
  endfacet
  facet normal -0 0 -1
    outer loop
      vertex -16.9856 -0.294051 7.4
      vertex -18.1798 -0.411672 7.4
      vertex -17 0 7.4
    endloop
  endfacet
  facet normal 0 0 -1
    outer loop
      vertex -16.9424 0.585271 7.4
      vertex -18.1193 0.819379 7.4
      vertex -18.0191 1.2192 7.4
    endloop
  endfacet
  facet normal 0 0 -1
    outer loop
      vertex -18.2 0 7.4
      vertex -17 0 7.4
      vertex -18.1798 -0.411672 7.4
    endloop
  endfacet
  facet normal 0 0 -1
    outer loop
      vertex -16.9856 0.294051 7.4
      vertex -18.1798 0.411672 7.4
      vertex -18.1193 0.819379 7.4
    endloop
  endfacet
  facet normal 0 0 -1
    outer loop
      vertex -17 0 7.4
      vertex -18.2 0 7.4
      vertex -18.1798 0.411672 7.4
    endloop
  endfacet
  facet normal -0.514139 -0.857707 0
    outer loop
      vertex -16.3334 -3.49217 7.4
      vertex -15.9799 -3.70407 8.4
      vertex -16.3334 -3.49217 8.4
    endloop
  endfacet
  facet normal -0.514139 -0.857707 -0
    outer loop
      vertex -15.9799 -3.70407 8.4
      vertex -16.3334 -3.49217 7.4
      vertex -15.9799 -3.70407 7.4
    endloop
  endfacet
  facet normal -0.427542 -0.903996 0
    outer loop
      vertex -15.9799 -3.70407 7.4
      vertex -15.6073 -3.88029 8.4
      vertex -15.9799 -3.70407 8.4
    endloop
  endfacet
  facet normal -0.427542 -0.903996 -0
    outer loop
      vertex -15.6073 -3.88029 8.4
      vertex -15.9799 -3.70407 7.4
      vertex -15.6073 -3.88029 7.4
    endloop
  endfacet
  facet normal -0.595652 -0.803243 0
    outer loop
      vertex -16.6645 -3.24664 7.4
      vertex -16.3334 -3.49217 8.4
      vertex -16.6645 -3.24664 8.4
    endloop
  endfacet
  facet normal -0.595652 -0.803243 -0
    outer loop
      vertex -16.3334 -3.49217 8.4
      vertex -16.6645 -3.24664 7.4
      vertex -16.3334 -3.49217 7.4
    endloop
  endfacet
  facet normal -0.242992 -0.970028 0
    outer loop
      vertex -15.2192 -4.01915 7.4
      vertex -14.8194 -4.1193 8.4
      vertex -15.2192 -4.01915 8.4
    endloop
  endfacet
  facet normal -0.242992 -0.970028 -0
    outer loop
      vertex -14.8194 -4.1193 8.4
      vertex -15.2192 -4.01915 7.4
      vertex -14.8194 -4.1193 7.4
    endloop
  endfacet
  facet normal -0.0490543 -0.998796 0
    outer loop
      vertex -14.4117 -4.17978 7.4
      vertex -14 -4.2 8.4
      vertex -14.4117 -4.17978 8.4
    endloop
  endfacet
  facet normal -0.0490543 -0.998796 -0
    outer loop
      vertex -14 -4.2 8.4
      vertex -14.4117 -4.17978 7.4
      vertex -14 -4.2 7.4
    endloop
  endfacet
  facet normal 0.998796 0.0490576 0
    outer loop
      vertex -9.8 0 8.4
      vertex -9.82022 0.411672 7.4
      vertex -9.82022 0.411672 8.4
    endloop
  endfacet
  facet normal 0.998796 0.0490576 0
    outer loop
      vertex -9.82022 0.411672 7.4
      vertex -9.8 0 8.4
      vertex -9.8 0 7.4
    endloop
  endfacet
  facet normal 0.0490543 0.998796 -0
    outer loop
      vertex -13.5883 4.17978 7.4
      vertex -14 4.2 8.4
      vertex -13.5883 4.17978 8.4
    endloop
  endfacet
  facet normal 0.0490543 0.998796 0
    outer loop
      vertex -14 4.2 8.4
      vertex -13.5883 4.17978 7.4
      vertex -14 4.2 7.4
    endloop
  endfacet
  facet normal 0.671668 0.740852 -0
    outer loop
      vertex -11.0302 2.96985 7.4
      vertex -11.3355 3.24664 8.4
      vertex -11.0302 2.96985 8.4
    endloop
  endfacet
  facet normal 0.671668 0.740852 0
    outer loop
      vertex -11.3355 3.24664 8.4
      vertex -11.0302 2.96985 7.4
      vertex -11.3355 3.24664 7.4
    endloop
  endfacet
  facet normal 0.514139 0.857707 -0
    outer loop
      vertex -11.6666 3.49217 7.4
      vertex -12.0201 3.70407 8.4
      vertex -11.6666 3.49217 8.4
    endloop
  endfacet
  facet normal 0.514139 0.857707 0
    outer loop
      vertex -12.0201 3.70407 8.4
      vertex -11.6666 3.49217 7.4
      vertex -12.0201 3.70407 7.4
    endloop
  endfacet
  facet normal 0.803127 0.595808 0
    outer loop
      vertex -10.5078 2.33339 8.4
      vertex -10.7534 2.66445 7.4
      vertex -10.7534 2.66445 8.4
    endloop
  endfacet
  facet normal 0.803127 0.595808 0
    outer loop
      vertex -10.7534 2.66445 7.4
      vertex -10.5078 2.33339 8.4
      vertex -10.5078 2.33339 7.4
    endloop
  endfacet
  facet normal 0.904014 0.427502 0
    outer loop
      vertex -10.1197 1.60727 8.4
      vertex -10.2959 1.97987 7.4
      vertex -10.2959 1.97987 8.4
    endloop
  endfacet
  facet normal 0.904014 0.427502 0
    outer loop
      vertex -10.2959 1.97987 7.4
      vertex -10.1197 1.60727 8.4
      vertex -10.1197 1.60727 7.4
    endloop
  endfacet
  facet normal -0.671668 0.740852 0
    outer loop
      vertex -16.6645 3.24664 7.4
      vertex -16.9698 2.96985 8.4
      vertex -16.6645 3.24664 8.4
    endloop
  endfacet
  facet normal -0.671668 0.740852 0
    outer loop
      vertex -16.9698 2.96985 8.4
      vertex -16.6645 3.24664 7.4
      vertex -16.9698 2.96985 7.4
    endloop
  endfacet
  facet normal -0.514139 0.857707 0
    outer loop
      vertex -15.9799 3.70407 7.4
      vertex -16.3334 3.49217 8.4
      vertex -15.9799 3.70407 8.4
    endloop
  endfacet
  facet normal -0.514139 0.857707 0
    outer loop
      vertex -16.3334 3.49217 8.4
      vertex -15.9799 3.70407 7.4
      vertex -16.3334 3.49217 7.4
    endloop
  endfacet
  facet normal -0.33688 0.941547 0
    outer loop
      vertex -15.2192 4.01915 7.4
      vertex -15.6073 3.88029 8.4
      vertex -15.2192 4.01915 8.4
    endloop
  endfacet
  facet normal -0.33688 0.941547 0
    outer loop
      vertex -15.6073 3.88029 8.4
      vertex -15.2192 4.01915 7.4
      vertex -15.6073 3.88029 7.4
    endloop
  endfacet
  facet normal -0.146739 0.989175 0
    outer loop
      vertex -14.4117 4.17978 7.4
      vertex -14.8194 4.1193 8.4
      vertex -14.4117 4.17978 8.4
    endloop
  endfacet
  facet normal -0.146739 0.989175 0
    outer loop
      vertex -14.8194 4.1193 8.4
      vertex -14.4117 4.17978 7.4
      vertex -14.8194 4.1193 7.4
    endloop
  endfacet
  facet normal -0.803127 0.595808 0
    outer loop
      vertex -17.4922 2.33339 7.4
      vertex -17.2466 2.66445 8.4
      vertex -17.2466 2.66445 7.4
    endloop
  endfacet
  facet normal -0.803127 0.595808 0
    outer loop
      vertex -17.2466 2.66445 8.4
      vertex -17.4922 2.33339 7.4
      vertex -17.4922 2.33339 8.4
    endloop
  endfacet
  facet normal -0.904014 0.427502 0
    outer loop
      vertex -17.8803 1.60727 7.4
      vertex -17.7041 1.97987 8.4
      vertex -17.7041 1.97987 7.4
    endloop
  endfacet
  facet normal -0.904014 0.427502 0
    outer loop
      vertex -17.7041 1.97987 8.4
      vertex -17.8803 1.60727 7.4
      vertex -17.8803 1.60727 8.4
    endloop
  endfacet
  facet normal -0.85772 0.514117 0
    outer loop
      vertex -17.7041 1.97987 7.4
      vertex -17.4922 2.33339 8.4
      vertex -17.4922 2.33339 7.4
    endloop
  endfacet
  facet normal -0.85772 0.514117 0
    outer loop
      vertex -17.4922 2.33339 8.4
      vertex -17.7041 1.97987 7.4
      vertex -17.7041 1.97987 8.4
    endloop
  endfacet
  facet normal -0.970003 0.243094 0
    outer loop
      vertex -18.1193 0.819379 7.4
      vertex -18.0191 1.2192 8.4
      vertex -18.0191 1.2192 7.4
    endloop
  endfacet
  facet normal -0.970003 0.243094 0
    outer loop
      vertex -18.0191 1.2192 8.4
      vertex -18.1193 0.819379 7.4
      vertex -18.1193 0.819379 8.4
    endloop
  endfacet
  facet normal -0.941585 0.336774 0
    outer loop
      vertex -18.0191 1.2192 7.4
      vertex -17.8803 1.60727 8.4
      vertex -17.8803 1.60727 7.4
    endloop
  endfacet
  facet normal -0.941585 0.336774 0
    outer loop
      vertex -17.8803 1.60727 8.4
      vertex -18.0191 1.2192 7.4
      vertex -18.0191 1.2192 8.4
    endloop
  endfacet
  facet normal -0.998798 0.0490092 0
    outer loop
      vertex -18.2 0 7.4
      vertex -18.1798 0.411672 8.4
      vertex -18.1798 0.411672 7.4
    endloop
  endfacet
  facet normal -0.998798 0.0490092 0
    outer loop
      vertex -18.1798 0.411672 8.4
      vertex -18.2 0 7.4
      vertex -18.2 0 8.4
    endloop
  endfacet
  facet normal 0.146739 0.989175 -0
    outer loop
      vertex -13.1806 4.1193 7.4
      vertex -13.5883 4.17978 8.4
      vertex -13.1806 4.1193 8.4
    endloop
  endfacet
  facet normal 0.146739 0.989175 0
    outer loop
      vertex -13.5883 4.17978 8.4
      vertex -13.1806 4.1193 7.4
      vertex -13.5883 4.17978 7.4
    endloop
  endfacet
  facet normal 0.242992 0.970028 -0
    outer loop
      vertex -12.7808 4.01915 7.4
      vertex -13.1806 4.1193 8.4
      vertex -12.7808 4.01915 8.4
    endloop
  endfacet
  facet normal 0.242992 0.970028 0
    outer loop
      vertex -13.1806 4.1193 8.4
      vertex -12.7808 4.01915 7.4
      vertex -13.1806 4.1193 7.4
    endloop
  endfacet
  facet normal 0.427542 0.903996 -0
    outer loop
      vertex -12.0201 3.70407 7.4
      vertex -12.3927 3.88029 8.4
      vertex -12.0201 3.70407 8.4
    endloop
  endfacet
  facet normal 0.427542 0.903996 0
    outer loop
      vertex -12.3927 3.88029 8.4
      vertex -12.0201 3.70407 7.4
      vertex -12.3927 3.88029 7.4
    endloop
  endfacet
  facet normal 0.33688 0.941547 -0
    outer loop
      vertex -12.3927 3.88029 7.4
      vertex -12.7808 4.01915 8.4
      vertex -12.3927 3.88029 8.4
    endloop
  endfacet
  facet normal 0.33688 0.941547 0
    outer loop
      vertex -12.7808 4.01915 8.4
      vertex -12.3927 3.88029 7.4
      vertex -12.7808 4.01915 7.4
    endloop
  endfacet
  facet normal 0.740949 0.671561 0
    outer loop
      vertex -10.7534 2.66445 8.4
      vertex -11.0302 2.96985 7.4
      vertex -11.0302 2.96985 8.4
    endloop
  endfacet
  facet normal 0.740949 0.671561 0
    outer loop
      vertex -11.0302 2.96985 7.4
      vertex -10.7534 2.66445 8.4
      vertex -10.7534 2.66445 7.4
    endloop
  endfacet
  facet normal 0.595652 0.803243 -0
    outer loop
      vertex -11.3355 3.24664 7.4
      vertex -11.6666 3.49217 8.4
      vertex -11.3355 3.24664 8.4
    endloop
  endfacet
  facet normal 0.595652 0.803243 0
    outer loop
      vertex -11.6666 3.49217 8.4
      vertex -11.3355 3.24664 7.4
      vertex -11.6666 3.49217 7.4
    endloop
  endfacet
  facet normal 0.85772 0.514117 0
    outer loop
      vertex -10.2959 1.97987 8.4
      vertex -10.5078 2.33339 7.4
      vertex -10.5078 2.33339 8.4
    endloop
  endfacet
  facet normal 0.85772 0.514117 0
    outer loop
      vertex -10.5078 2.33339 7.4
      vertex -10.2959 1.97987 8.4
      vertex -10.2959 1.97987 7.4
    endloop
  endfacet
  facet normal 0.989176 0.146736 0
    outer loop
      vertex -9.82022 0.411672 8.4
      vertex -9.8807 0.819379 7.4
      vertex -9.8807 0.819379 8.4
    endloop
  endfacet
  facet normal 0.989176 0.146736 0
    outer loop
      vertex -9.8807 0.819379 7.4
      vertex -9.82022 0.411672 8.4
      vertex -9.82022 0.411672 7.4
    endloop
  endfacet
  facet normal 0.970031 0.24298 0
    outer loop
      vertex -9.8807 0.819379 8.4
      vertex -9.98085 1.2192 7.4
      vertex -9.98085 1.2192 8.4
    endloop
  endfacet
  facet normal 0.970031 0.24298 0
    outer loop
      vertex -9.98085 1.2192 7.4
      vertex -9.8807 0.819379 8.4
      vertex -9.8807 0.819379 7.4
    endloop
  endfacet
  facet normal -0.595652 0.803243 0
    outer loop
      vertex -16.3334 3.49217 7.4
      vertex -16.6645 3.24664 8.4
      vertex -16.3334 3.49217 8.4
    endloop
  endfacet
  facet normal -0.595652 0.803243 0
    outer loop
      vertex -16.6645 3.24664 8.4
      vertex -16.3334 3.49217 7.4
      vertex -16.6645 3.24664 7.4
    endloop
  endfacet
  facet normal -0.427542 0.903996 0
    outer loop
      vertex -15.6073 3.88029 7.4
      vertex -15.9799 3.70407 8.4
      vertex -15.6073 3.88029 8.4
    endloop
  endfacet
  facet normal -0.427542 0.903996 0
    outer loop
      vertex -15.9799 3.70407 8.4
      vertex -15.6073 3.88029 7.4
      vertex -15.9799 3.70407 7.4
    endloop
  endfacet
  facet normal -0.242992 0.970028 0
    outer loop
      vertex -14.8194 4.1193 7.4
      vertex -15.2192 4.01915 8.4
      vertex -14.8194 4.1193 8.4
    endloop
  endfacet
  facet normal -0.242992 0.970028 0
    outer loop
      vertex -15.2192 4.01915 8.4
      vertex -14.8194 4.1193 7.4
      vertex -15.2192 4.01915 7.4
    endloop
  endfacet
  facet normal -0.740949 0.671561 0
    outer loop
      vertex -17.2466 2.66445 7.4
      vertex -16.9698 2.96985 8.4
      vertex -16.9698 2.96985 7.4
    endloop
  endfacet
  facet normal -0.740949 0.671561 0
    outer loop
      vertex -16.9698 2.96985 8.4
      vertex -17.2466 2.66445 7.4
      vertex -17.2466 2.66445 8.4
    endloop
  endfacet
  facet normal -0.989169 0.146784 0
    outer loop
      vertex -18.1798 0.411672 7.4
      vertex -18.1193 0.819379 8.4
      vertex -18.1193 0.819379 7.4
    endloop
  endfacet
  facet normal -0.989169 0.146784 0
    outer loop
      vertex -18.1193 0.819379 8.4
      vertex -18.1798 0.411672 7.4
      vertex -18.1798 0.411672 8.4
    endloop
  endfacet
  facet normal 0.998803 -0.0489125 0
    outer loop
      vertex -11.0144 -0.294051 7.4
      vertex -11 0 1.6
      vertex -11 0 7.4
    endloop
  endfacet
  facet normal 0.998803 -0.0489125 0
    outer loop
      vertex -11 0 1.6
      vertex -11.0144 -0.294051 7.4
      vertex -11.0144 -0.294051 1.6
    endloop
  endfacet
  facet normal -0.998803 -0.0489125 0
    outer loop
      vertex -16.9856 -0.294051 1.6
      vertex -17 0 7.4
      vertex -17 0 1.6
    endloop
  endfacet
  facet normal -0.998803 -0.0489125 0
    outer loop
      vertex -17 0 7.4
      vertex -16.9856 -0.294051 1.6
      vertex -16.9856 -0.294051 7.4
    endloop
  endfacet
  facet normal 0.0490738 -0.998795 0
    outer loop
      vertex -14 -3 1.6
      vertex -13.7059 -2.98555 7.4
      vertex -14 -3 7.4
    endloop
  endfacet
  facet normal 0.0490738 -0.998795 0
    outer loop
      vertex -13.7059 -2.98555 7.4
      vertex -14 -3 1.6
      vertex -13.7059 -2.98555 1.6
    endloop
  endfacet
  facet normal -0.0490738 0.998795 0
    outer loop
      vertex -14 3 1.6
      vertex -14.2941 2.98555 7.4
      vertex -14 3 7.4
    endloop
  endfacet
  facet normal -0.0490738 0.998795 0
    outer loop
      vertex -14.2941 2.98555 7.4
      vertex -14 3 1.6
      vertex -14.2941 2.98555 1.6
    endloop
  endfacet
  facet normal -0.740969 0.671539 0
    outer loop
      vertex -16.319 1.90318 1.6
      vertex -16.1213 2.12132 7.4
      vertex -16.1213 2.12132 1.6
    endloop
  endfacet
  facet normal -0.740969 0.671539 0
    outer loop
      vertex -16.1213 2.12132 7.4
      vertex -16.319 1.90318 1.6
      vertex -16.319 1.90318 7.4
    endloop
  endfacet
  facet normal 0.740969 -0.671539 0
    outer loop
      vertex -11.8787 -2.12132 7.4
      vertex -11.681 -1.90318 1.6
      vertex -11.681 -1.90318 7.4
    endloop
  endfacet
  facet normal 0.740969 -0.671539 0
    outer loop
      vertex -11.681 -1.90318 1.6
      vertex -11.8787 -2.12132 7.4
      vertex -11.8787 -2.12132 1.6
    endloop
  endfacet
  facet normal -0.671625 -0.740891 0
    outer loop
      vertex -16.1213 -2.12132 1.6
      vertex -15.9032 -2.31903 7.4
      vertex -16.1213 -2.12132 7.4
    endloop
  endfacet
  facet normal -0.671625 -0.740891 -0
    outer loop
      vertex -15.9032 -2.31903 7.4
      vertex -16.1213 -2.12132 1.6
      vertex -15.9032 -2.31903 1.6
    endloop
  endfacet
  facet normal -0.336986 -0.94151 0
    outer loop
      vertex -15.148 -2.77164 1.6
      vertex -14.8709 -2.87082 7.4
      vertex -15.148 -2.77164 7.4
    endloop
  endfacet
  facet normal -0.336986 -0.94151 -0
    outer loop
      vertex -14.8709 -2.87082 7.4
      vertex -15.148 -2.77164 1.6
      vertex -14.8709 -2.87082 1.6
    endloop
  endfacet
  facet normal -0.941525 0.336942 0
    outer loop
      vertex -16.8708 0.870853 1.6
      vertex -16.7716 1.14805 7.4
      vertex -16.7716 1.14805 1.6
    endloop
  endfacet
  facet normal -0.941525 0.336942 0
    outer loop
      vertex -16.7716 1.14805 7.4
      vertex -16.8708 0.870853 1.6
      vertex -16.8708 0.870853 7.4
    endloop
  endfacet
  facet normal 0.904088 -0.427347 0
    outer loop
      vertex -11.3542 -1.41419 7.4
      vertex -11.2284 -1.14805 1.6
      vertex -11.2284 -1.14805 7.4
    endloop
  endfacet
  facet normal 0.904088 -0.427347 0
    outer loop
      vertex -11.2284 -1.14805 1.6
      vertex -11.3542 -1.41419 7.4
      vertex -11.3542 -1.41419 1.6
    endloop
  endfacet
  facet normal 0.857661 -0.514216 0
    outer loop
      vertex -11.5056 -1.66671 7.4
      vertex -11.3542 -1.41419 1.6
      vertex -11.3542 -1.41419 7.4
    endloop
  endfacet
  facet normal 0.857661 -0.514216 0
    outer loop
      vertex -11.3542 -1.41419 1.6
      vertex -11.5056 -1.66671 7.4
      vertex -11.5056 -1.66671 1.6
    endloop
  endfacet
  facet normal 0.427491 -0.90402 0
    outer loop
      vertex -12.852 -2.77164 1.6
      vertex -12.5858 -2.64576 7.4
      vertex -12.852 -2.77164 7.4
    endloop
  endfacet
  facet normal 0.427491 -0.90402 0
    outer loop
      vertex -12.5858 -2.64576 7.4
      vertex -12.852 -2.77164 1.6
      vertex -12.5858 -2.64576 1.6
    endloop
  endfacet
  facet normal 0.595655 -0.803241 0
    outer loop
      vertex -12.3333 -2.49441 1.6
      vertex -12.0968 -2.31903 7.4
      vertex -12.3333 -2.49441 7.4
    endloop
  endfacet
  facet normal 0.595655 -0.803241 0
    outer loop
      vertex -12.0968 -2.31903 7.4
      vertex -12.3333 -2.49441 1.6
      vertex -12.0968 -2.31903 1.6
    endloop
  endfacet
  facet normal -0.904088 -0.427347 0
    outer loop
      vertex -16.6458 -1.41419 1.6
      vertex -16.7716 -1.14805 7.4
      vertex -16.7716 -1.14805 1.6
    endloop
  endfacet
  facet normal -0.904088 -0.427347 0
    outer loop
      vertex -16.7716 -1.14805 7.4
      vertex -16.6458 -1.41419 1.6
      vertex -16.6458 -1.41419 7.4
    endloop
  endfacet
  facet normal -0.146712 -0.989179 0
    outer loop
      vertex -14.5853 -2.94236 1.6
      vertex -14.2941 -2.98555 7.4
      vertex -14.5853 -2.94236 7.4
    endloop
  endfacet
  facet normal -0.146712 -0.989179 -0
    outer loop
      vertex -14.2941 -2.98555 7.4
      vertex -14.5853 -2.94236 1.6
      vertex -14.2941 -2.98555 1.6
    endloop
  endfacet
  facet normal 0.941525 0.336942 0
    outer loop
      vertex -11.1292 0.870853 7.4
      vertex -11.2284 1.14805 1.6
      vertex -11.2284 1.14805 7.4
    endloop
  endfacet
  facet normal 0.941525 0.336942 0
    outer loop
      vertex -11.2284 1.14805 1.6
      vertex -11.1292 0.870853 7.4
      vertex -11.1292 0.870853 1.6
    endloop
  endfacet
  facet normal 0.969979 -0.243189 0
    outer loop
      vertex -11.1292 -0.870853 7.4
      vertex -11.0576 -0.585271 1.6
      vertex -11.0576 -0.585271 7.4
    endloop
  endfacet
  facet normal 0.969979 -0.243189 0
    outer loop
      vertex -11.0576 -0.585271 1.6
      vertex -11.1292 -0.870853 7.4
      vertex -11.1292 -0.870853 1.6
    endloop
  endfacet
  facet normal 0.989176 -0.146736 0
    outer loop
      vertex -11.0576 -0.585271 7.4
      vertex -11.0144 -0.294051 1.6
      vertex -11.0144 -0.294051 7.4
    endloop
  endfacet
  facet normal 0.989176 -0.146736 0
    outer loop
      vertex -11.0144 -0.294051 1.6
      vertex -11.0576 -0.585271 7.4
      vertex -11.0576 -0.585271 1.6
    endloop
  endfacet
  facet normal 0.941525 -0.336942 0
    outer loop
      vertex -11.2284 -1.14805 7.4
      vertex -11.1292 -0.870853 1.6
      vertex -11.1292 -0.870853 7.4
    endloop
  endfacet
  facet normal 0.941525 -0.336942 0
    outer loop
      vertex -11.1292 -0.870853 1.6
      vertex -11.2284 -1.14805 7.4
      vertex -11.2284 -1.14805 1.6
    endloop
  endfacet
  facet normal 0.803172 -0.595747 0
    outer loop
      vertex -11.681 -1.90318 7.4
      vertex -11.5056 -1.66671 1.6
      vertex -11.5056 -1.66671 7.4
    endloop
  endfacet
  facet normal 0.803172 -0.595747 0
    outer loop
      vertex -11.5056 -1.66671 1.6
      vertex -11.681 -1.90318 7.4
      vertex -11.681 -1.90318 1.6
    endloop
  endfacet
  facet normal 0.242983 -0.970031 0
    outer loop
      vertex -13.4147 -2.94236 1.6
      vertex -13.1291 -2.87082 7.4
      vertex -13.4147 -2.94236 7.4
    endloop
  endfacet
  facet normal 0.242983 -0.970031 0
    outer loop
      vertex -13.1291 -2.87082 7.4
      vertex -13.4147 -2.94236 1.6
      vertex -13.1291 -2.87082 1.6
    endloop
  endfacet
  facet normal 0.336986 -0.94151 0
    outer loop
      vertex -13.1291 -2.87082 1.6
      vertex -12.852 -2.77164 7.4
      vertex -13.1291 -2.87082 7.4
    endloop
  endfacet
  facet normal 0.336986 -0.94151 0
    outer loop
      vertex -12.852 -2.77164 7.4
      vertex -13.1291 -2.87082 1.6
      vertex -12.852 -2.77164 1.6
    endloop
  endfacet
  facet normal 0.146712 -0.989179 0
    outer loop
      vertex -13.7059 -2.98555 1.6
      vertex -13.4147 -2.94236 7.4
      vertex -13.7059 -2.98555 7.4
    endloop
  endfacet
  facet normal 0.146712 -0.989179 0
    outer loop
      vertex -13.4147 -2.94236 7.4
      vertex -13.7059 -2.98555 1.6
      vertex -13.4147 -2.94236 1.6
    endloop
  endfacet
  facet normal 0.514121 -0.857718 0
    outer loop
      vertex -12.5858 -2.64576 1.6
      vertex -12.3333 -2.49441 7.4
      vertex -12.5858 -2.64576 7.4
    endloop
  endfacet
  facet normal 0.514121 -0.857718 0
    outer loop
      vertex -12.3333 -2.49441 7.4
      vertex -12.5858 -2.64576 1.6
      vertex -12.3333 -2.49441 1.6
    endloop
  endfacet
  facet normal 0.671625 -0.740891 0
    outer loop
      vertex -12.0968 -2.31903 1.6
      vertex -11.8787 -2.12132 7.4
      vertex -12.0968 -2.31903 7.4
    endloop
  endfacet
  facet normal 0.671625 -0.740891 0
    outer loop
      vertex -11.8787 -2.12132 7.4
      vertex -12.0968 -2.31903 1.6
      vertex -11.8787 -2.12132 1.6
    endloop
  endfacet
  facet normal -0.969979 -0.243189 0
    outer loop
      vertex -16.8708 -0.870853 1.6
      vertex -16.9424 -0.585271 7.4
      vertex -16.9424 -0.585271 1.6
    endloop
  endfacet
  facet normal -0.969979 -0.243189 0
    outer loop
      vertex -16.9424 -0.585271 7.4
      vertex -16.8708 -0.870853 1.6
      vertex -16.8708 -0.870853 7.4
    endloop
  endfacet
  facet normal -0.803172 -0.595747 0
    outer loop
      vertex -16.319 -1.90318 1.6
      vertex -16.4944 -1.66671 7.4
      vertex -16.4944 -1.66671 1.6
    endloop
  endfacet
  facet normal -0.803172 -0.595747 0
    outer loop
      vertex -16.4944 -1.66671 7.4
      vertex -16.319 -1.90318 1.6
      vertex -16.319 -1.90318 7.4
    endloop
  endfacet
  facet normal -0.740969 -0.671539 0
    outer loop
      vertex -16.1213 -2.12132 1.6
      vertex -16.319 -1.90318 7.4
      vertex -16.319 -1.90318 1.6
    endloop
  endfacet
  facet normal -0.740969 -0.671539 0
    outer loop
      vertex -16.319 -1.90318 7.4
      vertex -16.1213 -2.12132 1.6
      vertex -16.1213 -2.12132 7.4
    endloop
  endfacet
  facet normal -0.857661 -0.514216 0
    outer loop
      vertex -16.4944 -1.66671 1.6
      vertex -16.6458 -1.41419 7.4
      vertex -16.6458 -1.41419 1.6
    endloop
  endfacet
  facet normal -0.857661 -0.514216 0
    outer loop
      vertex -16.6458 -1.41419 7.4
      vertex -16.4944 -1.66671 1.6
      vertex -16.4944 -1.66671 7.4
    endloop
  endfacet
  facet normal -0.941525 -0.336942 0
    outer loop
      vertex -16.7716 -1.14805 1.6
      vertex -16.8708 -0.870853 7.4
      vertex -16.8708 -0.870853 1.6
    endloop
  endfacet
  facet normal -0.941525 -0.336942 0
    outer loop
      vertex -16.8708 -0.870853 7.4
      vertex -16.7716 -1.14805 1.6
      vertex -16.7716 -1.14805 7.4
    endloop
  endfacet
  facet normal -0.989176 -0.146736 0
    outer loop
      vertex -16.9424 -0.585271 1.6
      vertex -16.9856 -0.294051 7.4
      vertex -16.9856 -0.294051 1.6
    endloop
  endfacet
  facet normal -0.989176 -0.146736 0
    outer loop
      vertex -16.9856 -0.294051 7.4
      vertex -16.9424 -0.585271 1.6
      vertex -16.9424 -0.585271 7.4
    endloop
  endfacet
  facet normal 0 0 -1
    outer loop
      vertex -11.0144 -0.294051 1.6
      vertex -11.0144 0.294051 1.6
      vertex -11 0 1.6
    endloop
  endfacet
  facet normal 0 0 -1
    outer loop
      vertex -11.0576 -0.585271 1.6
      vertex -11.0144 0.294051 1.6
      vertex -11.0144 -0.294051 1.6
    endloop
  endfacet
  facet normal 0 0 -1
    outer loop
      vertex -11.0576 -0.585271 1.6
      vertex -11.0576 0.585271 1.6
      vertex -11.0144 0.294051 1.6
    endloop
  endfacet
  facet normal 0 0 -1
    outer loop
      vertex -11.1292 -0.870853 1.6
      vertex -11.0576 0.585271 1.6
      vertex -11.0576 -0.585271 1.6
    endloop
  endfacet
  facet normal 0 0 -1
    outer loop
      vertex -11.1292 -0.870853 1.6
      vertex -11.1292 0.870853 1.6
      vertex -11.0576 0.585271 1.6
    endloop
  endfacet
  facet normal 0 0 -1
    outer loop
      vertex -11.2284 -1.14805 1.6
      vertex -11.1292 0.870853 1.6
      vertex -11.1292 -0.870853 1.6
    endloop
  endfacet
  facet normal 0 0 -1
    outer loop
      vertex -11.2284 -1.14805 1.6
      vertex -11.2284 1.14805 1.6
      vertex -11.1292 0.870853 1.6
    endloop
  endfacet
  facet normal 0 0 -1
    outer loop
      vertex -11.3542 -1.41419 1.6
      vertex -11.2284 1.14805 1.6
      vertex -11.2284 -1.14805 1.6
    endloop
  endfacet
  facet normal 0 0 -1
    outer loop
      vertex -11.3542 -1.41419 1.6
      vertex -11.3542 1.41419 1.6
      vertex -11.2284 1.14805 1.6
    endloop
  endfacet
  facet normal 0 0 -1
    outer loop
      vertex -11.5056 -1.66671 1.6
      vertex -11.3542 1.41419 1.6
      vertex -11.3542 -1.41419 1.6
    endloop
  endfacet
  facet normal 0 0 -1
    outer loop
      vertex -11.5056 -1.66671 1.6
      vertex -11.5056 1.66671 1.6
      vertex -11.3542 1.41419 1.6
    endloop
  endfacet
  facet normal 0 0 -1
    outer loop
      vertex -11.681 -1.90318 1.6
      vertex -11.5056 1.66671 1.6
      vertex -11.5056 -1.66671 1.6
    endloop
  endfacet
  facet normal 0 0 -1
    outer loop
      vertex -11.681 -1.90318 1.6
      vertex -11.681 1.90318 1.6
      vertex -11.5056 1.66671 1.6
    endloop
  endfacet
  facet normal 0 0 -1
    outer loop
      vertex -11.8787 -2.12132 1.6
      vertex -11.681 1.90318 1.6
      vertex -11.681 -1.90318 1.6
    endloop
  endfacet
  facet normal 0 0 -1
    outer loop
      vertex -11.8787 -2.12132 1.6
      vertex -11.8787 2.12132 1.6
      vertex -11.681 1.90318 1.6
    endloop
  endfacet
  facet normal 0 0 -1
    outer loop
      vertex -12.0968 -2.31903 1.6
      vertex -11.8787 2.12132 1.6
      vertex -11.8787 -2.12132 1.6
    endloop
  endfacet
  facet normal 0 0 -1
    outer loop
      vertex -12.0968 -2.31903 1.6
      vertex -12.0968 2.31903 1.6
      vertex -11.8787 2.12132 1.6
    endloop
  endfacet
  facet normal 0 0 -1
    outer loop
      vertex -12.3333 -2.49441 1.6
      vertex -12.0968 2.31903 1.6
      vertex -12.0968 -2.31903 1.6
    endloop
  endfacet
  facet normal 0 0 -1
    outer loop
      vertex -12.3333 -2.49441 1.6
      vertex -12.3333 2.49441 1.6
      vertex -12.0968 2.31903 1.6
    endloop
  endfacet
  facet normal 0 0 -1
    outer loop
      vertex -12.5858 -2.64576 1.6
      vertex -12.3333 2.49441 1.6
      vertex -12.3333 -2.49441 1.6
    endloop
  endfacet
  facet normal 0 0 -1
    outer loop
      vertex -12.5858 -2.64576 1.6
      vertex -12.5858 2.64576 1.6
      vertex -12.3333 2.49441 1.6
    endloop
  endfacet
  facet normal 0 0 -1
    outer loop
      vertex -12.852 -2.77164 1.6
      vertex -12.5858 2.64576 1.6
      vertex -12.5858 -2.64576 1.6
    endloop
  endfacet
  facet normal 0 0 -1
    outer loop
      vertex -12.852 -2.77164 1.6
      vertex -12.852 2.77164 1.6
      vertex -12.5858 2.64576 1.6
    endloop
  endfacet
  facet normal 0 0 -1
    outer loop
      vertex -13.1291 -2.87082 1.6
      vertex -12.852 2.77164 1.6
      vertex -12.852 -2.77164 1.6
    endloop
  endfacet
  facet normal 0 0 -1
    outer loop
      vertex -13.1291 -2.87082 1.6
      vertex -13.1291 2.87082 1.6
      vertex -12.852 2.77164 1.6
    endloop
  endfacet
  facet normal 0 0 -1
    outer loop
      vertex -13.4147 -2.94236 1.6
      vertex -13.1291 2.87082 1.6
      vertex -13.1291 -2.87082 1.6
    endloop
  endfacet
  facet normal 0 0 -1
    outer loop
      vertex -13.4147 -2.94236 1.6
      vertex -13.4147 2.94236 1.6
      vertex -13.1291 2.87082 1.6
    endloop
  endfacet
  facet normal 0 0 -1
    outer loop
      vertex -13.7059 -2.98555 1.6
      vertex -13.4147 2.94236 1.6
      vertex -13.4147 -2.94236 1.6
    endloop
  endfacet
  facet normal 0 0 -1
    outer loop
      vertex -13.7059 -2.98555 1.6
      vertex -13.7059 2.98555 1.6
      vertex -13.4147 2.94236 1.6
    endloop
  endfacet
  facet normal 0 0 -1
    outer loop
      vertex -14 -3 1.6
      vertex -13.7059 2.98555 1.6
      vertex -13.7059 -2.98555 1.6
    endloop
  endfacet
  facet normal 0 0 -1
    outer loop
      vertex -14 -3 1.6
      vertex -14 3 1.6
      vertex -13.7059 2.98555 1.6
    endloop
  endfacet
  facet normal 0 0 -1
    outer loop
      vertex -14.2941 -2.98555 1.6
      vertex -14 3 1.6
      vertex -14 -3 1.6
    endloop
  endfacet
  facet normal 0 0 -1
    outer loop
      vertex -14.2941 -2.98555 1.6
      vertex -14.2941 2.98555 1.6
      vertex -14 3 1.6
    endloop
  endfacet
  facet normal 0 0 -1
    outer loop
      vertex -14.5853 -2.94236 1.6
      vertex -14.2941 2.98555 1.6
      vertex -14.2941 -2.98555 1.6
    endloop
  endfacet
  facet normal 0 0 -1
    outer loop
      vertex -14.5853 -2.94236 1.6
      vertex -14.5853 2.94236 1.6
      vertex -14.2941 2.98555 1.6
    endloop
  endfacet
  facet normal 0 0 -1
    outer loop
      vertex -14.8709 -2.87082 1.6
      vertex -14.5853 2.94236 1.6
      vertex -14.5853 -2.94236 1.6
    endloop
  endfacet
  facet normal 0 0 -1
    outer loop
      vertex -14.8709 -2.87082 1.6
      vertex -14.8709 2.87082 1.6
      vertex -14.5853 2.94236 1.6
    endloop
  endfacet
  facet normal 0 0 -1
    outer loop
      vertex -15.148 -2.77164 1.6
      vertex -14.8709 2.87082 1.6
      vertex -14.8709 -2.87082 1.6
    endloop
  endfacet
  facet normal 0 0 -1
    outer loop
      vertex -15.148 -2.77164 1.6
      vertex -15.148 2.77164 1.6
      vertex -14.8709 2.87082 1.6
    endloop
  endfacet
  facet normal 0 0 -1
    outer loop
      vertex -15.4142 -2.64576 1.6
      vertex -15.148 2.77164 1.6
      vertex -15.148 -2.77164 1.6
    endloop
  endfacet
  facet normal 0 0 -1
    outer loop
      vertex -15.4142 -2.64576 1.6
      vertex -15.4142 2.64576 1.6
      vertex -15.148 2.77164 1.6
    endloop
  endfacet
  facet normal 0 0 -1
    outer loop
      vertex -15.6667 -2.49441 1.6
      vertex -15.4142 2.64576 1.6
      vertex -15.4142 -2.64576 1.6
    endloop
  endfacet
  facet normal 0 0 -1
    outer loop
      vertex -15.6667 -2.49441 1.6
      vertex -15.6667 2.49441 1.6
      vertex -15.4142 2.64576 1.6
    endloop
  endfacet
  facet normal 0 0 -1
    outer loop
      vertex -15.9032 -2.31903 1.6
      vertex -15.6667 2.49441 1.6
      vertex -15.6667 -2.49441 1.6
    endloop
  endfacet
  facet normal 0 0 -1
    outer loop
      vertex -15.9032 -2.31903 1.6
      vertex -15.9032 2.31903 1.6
      vertex -15.6667 2.49441 1.6
    endloop
  endfacet
  facet normal 0 0 -1
    outer loop
      vertex -16.1213 -2.12132 1.6
      vertex -15.9032 2.31903 1.6
      vertex -15.9032 -2.31903 1.6
    endloop
  endfacet
  facet normal 0 0 -1
    outer loop
      vertex -16.1213 -2.12132 1.6
      vertex -16.1213 2.12132 1.6
      vertex -15.9032 2.31903 1.6
    endloop
  endfacet
  facet normal 0 0 -1
    outer loop
      vertex -16.319 -1.90318 1.6
      vertex -16.1213 2.12132 1.6
      vertex -16.1213 -2.12132 1.6
    endloop
  endfacet
  facet normal 0 0 -1
    outer loop
      vertex -16.319 -1.90318 1.6
      vertex -16.319 1.90318 1.6
      vertex -16.1213 2.12132 1.6
    endloop
  endfacet
  facet normal 0 0 -1
    outer loop
      vertex -16.4944 -1.66671 1.6
      vertex -16.319 1.90318 1.6
      vertex -16.319 -1.90318 1.6
    endloop
  endfacet
  facet normal 0 0 -1
    outer loop
      vertex -16.4944 -1.66671 1.6
      vertex -16.4944 1.66671 1.6
      vertex -16.319 1.90318 1.6
    endloop
  endfacet
  facet normal 0 0 -1
    outer loop
      vertex -16.6458 -1.41419 1.6
      vertex -16.4944 1.66671 1.6
      vertex -16.4944 -1.66671 1.6
    endloop
  endfacet
  facet normal 0 0 -1
    outer loop
      vertex -16.6458 -1.41419 1.6
      vertex -16.6458 1.41419 1.6
      vertex -16.4944 1.66671 1.6
    endloop
  endfacet
  facet normal 0 0 -1
    outer loop
      vertex -16.7716 -1.14805 1.6
      vertex -16.6458 1.41419 1.6
      vertex -16.6458 -1.41419 1.6
    endloop
  endfacet
  facet normal 0 0 -1
    outer loop
      vertex -16.7716 -1.14805 1.6
      vertex -16.7716 1.14805 1.6
      vertex -16.6458 1.41419 1.6
    endloop
  endfacet
  facet normal 0 0 -1
    outer loop
      vertex -16.8708 -0.870853 1.6
      vertex -16.7716 1.14805 1.6
      vertex -16.7716 -1.14805 1.6
    endloop
  endfacet
  facet normal 0 0 -1
    outer loop
      vertex -16.8708 -0.870853 1.6
      vertex -16.8708 0.870853 1.6
      vertex -16.7716 1.14805 1.6
    endloop
  endfacet
  facet normal 0 0 -1
    outer loop
      vertex -16.9424 -0.585271 1.6
      vertex -16.8708 0.870853 1.6
      vertex -16.8708 -0.870853 1.6
    endloop
  endfacet
  facet normal 0 0 -1
    outer loop
      vertex -16.9424 -0.585271 1.6
      vertex -16.9424 0.585271 1.6
      vertex -16.8708 0.870853 1.6
    endloop
  endfacet
  facet normal 0 0 -1
    outer loop
      vertex -16.9856 -0.294051 1.6
      vertex -16.9424 0.585271 1.6
      vertex -16.9424 -0.585271 1.6
    endloop
  endfacet
  facet normal 0 0 -1
    outer loop
      vertex -16.9856 -0.294051 1.6
      vertex -16.9856 0.294051 1.6
      vertex -16.9424 0.585271 1.6
    endloop
  endfacet
  facet normal 0 -0 -1
    outer loop
      vertex -16.9856 0.294051 1.6
      vertex -16.9856 -0.294051 1.6
      vertex -17 0 1.6
    endloop
  endfacet
  facet normal -0.514121 -0.857718 0
    outer loop
      vertex -15.6667 -2.49441 1.6
      vertex -15.4142 -2.64576 7.4
      vertex -15.6667 -2.49441 7.4
    endloop
  endfacet
  facet normal -0.514121 -0.857718 -0
    outer loop
      vertex -15.4142 -2.64576 7.4
      vertex -15.6667 -2.49441 1.6
      vertex -15.4142 -2.64576 1.6
    endloop
  endfacet
  facet normal -0.427491 -0.90402 0
    outer loop
      vertex -15.4142 -2.64576 1.6
      vertex -15.148 -2.77164 7.4
      vertex -15.4142 -2.64576 7.4
    endloop
  endfacet
  facet normal -0.427491 -0.90402 -0
    outer loop
      vertex -15.148 -2.77164 7.4
      vertex -15.4142 -2.64576 1.6
      vertex -15.148 -2.77164 1.6
    endloop
  endfacet
  facet normal -0.595655 -0.803241 0
    outer loop
      vertex -15.9032 -2.31903 1.6
      vertex -15.6667 -2.49441 7.4
      vertex -15.9032 -2.31903 7.4
    endloop
  endfacet
  facet normal -0.595655 -0.803241 -0
    outer loop
      vertex -15.6667 -2.49441 7.4
      vertex -15.9032 -2.31903 1.6
      vertex -15.6667 -2.49441 1.6
    endloop
  endfacet
  facet normal -0.242983 -0.970031 0
    outer loop
      vertex -14.8709 -2.87082 1.6
      vertex -14.5853 -2.94236 7.4
      vertex -14.8709 -2.87082 7.4
    endloop
  endfacet
  facet normal -0.242983 -0.970031 -0
    outer loop
      vertex -14.5853 -2.94236 7.4
      vertex -14.8709 -2.87082 1.6
      vertex -14.5853 -2.94236 1.6
    endloop
  endfacet
  facet normal -0.0490738 -0.998795 0
    outer loop
      vertex -14.2941 -2.98555 1.6
      vertex -14 -3 7.4
      vertex -14.2941 -2.98555 7.4
    endloop
  endfacet
  facet normal -0.0490738 -0.998795 -0
    outer loop
      vertex -14 -3 7.4
      vertex -14.2941 -2.98555 1.6
      vertex -14 -3 1.6
    endloop
  endfacet
  facet normal 0.998803 0.0489125 0
    outer loop
      vertex -11 0 7.4
      vertex -11.0144 0.294051 1.6
      vertex -11.0144 0.294051 7.4
    endloop
  endfacet
  facet normal 0.998803 0.0489125 0
    outer loop
      vertex -11.0144 0.294051 1.6
      vertex -11 0 7.4
      vertex -11 0 1.6
    endloop
  endfacet
  facet normal 0.0490738 0.998795 -0
    outer loop
      vertex -13.7059 2.98555 1.6
      vertex -14 3 7.4
      vertex -13.7059 2.98555 7.4
    endloop
  endfacet
  facet normal 0.0490738 0.998795 0
    outer loop
      vertex -14 3 7.4
      vertex -13.7059 2.98555 1.6
      vertex -14 3 1.6
    endloop
  endfacet
  facet normal 0.242983 0.970031 -0
    outer loop
      vertex -13.1291 2.87082 1.6
      vertex -13.4147 2.94236 7.4
      vertex -13.1291 2.87082 7.4
    endloop
  endfacet
  facet normal 0.242983 0.970031 0
    outer loop
      vertex -13.4147 2.94236 7.4
      vertex -13.1291 2.87082 1.6
      vertex -13.4147 2.94236 1.6
    endloop
  endfacet
  facet normal 0.595655 0.803241 -0
    outer loop
      vertex -12.0968 2.31903 1.6
      vertex -12.3333 2.49441 7.4
      vertex -12.0968 2.31903 7.4
    endloop
  endfacet
  facet normal 0.595655 0.803241 0
    outer loop
      vertex -12.3333 2.49441 7.4
      vertex -12.0968 2.31903 1.6
      vertex -12.3333 2.49441 1.6
    endloop
  endfacet
  facet normal 0.427491 0.90402 -0
    outer loop
      vertex -12.5858 2.64576 1.6
      vertex -12.852 2.77164 7.4
      vertex -12.5858 2.64576 7.4
    endloop
  endfacet
  facet normal 0.427491 0.90402 0
    outer loop
      vertex -12.852 2.77164 7.4
      vertex -12.5858 2.64576 1.6
      vertex -12.852 2.77164 1.6
    endloop
  endfacet
  facet normal 0.740969 0.671539 0
    outer loop
      vertex -11.681 1.90318 7.4
      vertex -11.8787 2.12132 1.6
      vertex -11.8787 2.12132 7.4
    endloop
  endfacet
  facet normal 0.740969 0.671539 0
    outer loop
      vertex -11.8787 2.12132 1.6
      vertex -11.681 1.90318 7.4
      vertex -11.681 1.90318 1.6
    endloop
  endfacet
  facet normal 0.857661 0.514216 0
    outer loop
      vertex -11.3542 1.41419 7.4
      vertex -11.5056 1.66671 1.6
      vertex -11.5056 1.66671 7.4
    endloop
  endfacet
  facet normal 0.857661 0.514216 0
    outer loop
      vertex -11.5056 1.66671 1.6
      vertex -11.3542 1.41419 7.4
      vertex -11.3542 1.41419 1.6
    endloop
  endfacet
  facet normal -0.671625 0.740891 0
    outer loop
      vertex -15.9032 2.31903 1.6
      vertex -16.1213 2.12132 7.4
      vertex -15.9032 2.31903 7.4
    endloop
  endfacet
  facet normal -0.671625 0.740891 0
    outer loop
      vertex -16.1213 2.12132 7.4
      vertex -15.9032 2.31903 1.6
      vertex -16.1213 2.12132 1.6
    endloop
  endfacet
  facet normal -0.514121 0.857718 0
    outer loop
      vertex -15.4142 2.64576 1.6
      vertex -15.6667 2.49441 7.4
      vertex -15.4142 2.64576 7.4
    endloop
  endfacet
  facet normal -0.514121 0.857718 0
    outer loop
      vertex -15.6667 2.49441 7.4
      vertex -15.4142 2.64576 1.6
      vertex -15.6667 2.49441 1.6
    endloop
  endfacet
  facet normal -0.336986 0.94151 0
    outer loop
      vertex -14.8709 2.87082 1.6
      vertex -15.148 2.77164 7.4
      vertex -14.8709 2.87082 7.4
    endloop
  endfacet
  facet normal -0.336986 0.94151 0
    outer loop
      vertex -15.148 2.77164 7.4
      vertex -14.8709 2.87082 1.6
      vertex -15.148 2.77164 1.6
    endloop
  endfacet
  facet normal -0.146712 0.989179 0
    outer loop
      vertex -14.2941 2.98555 1.6
      vertex -14.5853 2.94236 7.4
      vertex -14.2941 2.98555 7.4
    endloop
  endfacet
  facet normal -0.146712 0.989179 0
    outer loop
      vertex -14.5853 2.94236 7.4
      vertex -14.2941 2.98555 1.6
      vertex -14.5853 2.94236 1.6
    endloop
  endfacet
  facet normal -0.904088 0.427347 0
    outer loop
      vertex -16.7716 1.14805 1.6
      vertex -16.6458 1.41419 7.4
      vertex -16.6458 1.41419 1.6
    endloop
  endfacet
  facet normal -0.904088 0.427347 0
    outer loop
      vertex -16.6458 1.41419 7.4
      vertex -16.7716 1.14805 1.6
      vertex -16.7716 1.14805 7.4
    endloop
  endfacet
  facet normal -0.803172 0.595747 0
    outer loop
      vertex -16.4944 1.66671 1.6
      vertex -16.319 1.90318 7.4
      vertex -16.319 1.90318 1.6
    endloop
  endfacet
  facet normal -0.803172 0.595747 0
    outer loop
      vertex -16.319 1.90318 7.4
      vertex -16.4944 1.66671 1.6
      vertex -16.4944 1.66671 7.4
    endloop
  endfacet
  facet normal -0.969979 0.243189 0
    outer loop
      vertex -16.9424 0.585271 1.6
      vertex -16.8708 0.870853 7.4
      vertex -16.8708 0.870853 1.6
    endloop
  endfacet
  facet normal -0.969979 0.243189 0
    outer loop
      vertex -16.8708 0.870853 7.4
      vertex -16.9424 0.585271 1.6
      vertex -16.9424 0.585271 7.4
    endloop
  endfacet
  facet normal -0.998803 0.0489125 0
    outer loop
      vertex -17 0 1.6
      vertex -16.9856 0.294051 7.4
      vertex -16.9856 0.294051 1.6
    endloop
  endfacet
  facet normal -0.998803 0.0489125 0
    outer loop
      vertex -16.9856 0.294051 7.4
      vertex -17 0 1.6
      vertex -17 0 7.4
    endloop
  endfacet
  facet normal 0.146712 0.989179 -0
    outer loop
      vertex -13.4147 2.94236 1.6
      vertex -13.7059 2.98555 7.4
      vertex -13.4147 2.94236 7.4
    endloop
  endfacet
  facet normal 0.146712 0.989179 0
    outer loop
      vertex -13.7059 2.98555 7.4
      vertex -13.4147 2.94236 1.6
      vertex -13.7059 2.98555 1.6
    endloop
  endfacet
  facet normal 0.336986 0.94151 -0
    outer loop
      vertex -12.852 2.77164 1.6
      vertex -13.1291 2.87082 7.4
      vertex -12.852 2.77164 7.4
    endloop
  endfacet
  facet normal 0.336986 0.94151 0
    outer loop
      vertex -13.1291 2.87082 7.4
      vertex -12.852 2.77164 1.6
      vertex -13.1291 2.87082 1.6
    endloop
  endfacet
  facet normal 0.671625 0.740891 -0
    outer loop
      vertex -11.8787 2.12132 1.6
      vertex -12.0968 2.31903 7.4
      vertex -11.8787 2.12132 7.4
    endloop
  endfacet
  facet normal 0.671625 0.740891 0
    outer loop
      vertex -12.0968 2.31903 7.4
      vertex -11.8787 2.12132 1.6
      vertex -12.0968 2.31903 1.6
    endloop
  endfacet
  facet normal 0.514121 0.857718 -0
    outer loop
      vertex -12.3333 2.49441 1.6
      vertex -12.5858 2.64576 7.4
      vertex -12.3333 2.49441 7.4
    endloop
  endfacet
  facet normal 0.514121 0.857718 0
    outer loop
      vertex -12.5858 2.64576 7.4
      vertex -12.3333 2.49441 1.6
      vertex -12.5858 2.64576 1.6
    endloop
  endfacet
  facet normal 0.803172 0.595747 0
    outer loop
      vertex -11.5056 1.66671 7.4
      vertex -11.681 1.90318 1.6
      vertex -11.681 1.90318 7.4
    endloop
  endfacet
  facet normal 0.803172 0.595747 0
    outer loop
      vertex -11.681 1.90318 1.6
      vertex -11.5056 1.66671 7.4
      vertex -11.5056 1.66671 1.6
    endloop
  endfacet
  facet normal 0.904088 0.427347 0
    outer loop
      vertex -11.2284 1.14805 7.4
      vertex -11.3542 1.41419 1.6
      vertex -11.3542 1.41419 7.4
    endloop
  endfacet
  facet normal 0.904088 0.427347 0
    outer loop
      vertex -11.3542 1.41419 1.6
      vertex -11.2284 1.14805 7.4
      vertex -11.2284 1.14805 1.6
    endloop
  endfacet
  facet normal 0.989176 0.146736 0
    outer loop
      vertex -11.0144 0.294051 7.4
      vertex -11.0576 0.585271 1.6
      vertex -11.0576 0.585271 7.4
    endloop
  endfacet
  facet normal 0.989176 0.146736 0
    outer loop
      vertex -11.0576 0.585271 1.6
      vertex -11.0144 0.294051 7.4
      vertex -11.0144 0.294051 1.6
    endloop
  endfacet
  facet normal 0.969979 0.243189 0
    outer loop
      vertex -11.0576 0.585271 7.4
      vertex -11.1292 0.870853 1.6
      vertex -11.1292 0.870853 7.4
    endloop
  endfacet
  facet normal 0.969979 0.243189 0
    outer loop
      vertex -11.1292 0.870853 1.6
      vertex -11.0576 0.585271 7.4
      vertex -11.0576 0.585271 1.6
    endloop
  endfacet
  facet normal -0.595655 0.803241 0
    outer loop
      vertex -15.6667 2.49441 1.6
      vertex -15.9032 2.31903 7.4
      vertex -15.6667 2.49441 7.4
    endloop
  endfacet
  facet normal -0.595655 0.803241 0
    outer loop
      vertex -15.9032 2.31903 7.4
      vertex -15.6667 2.49441 1.6
      vertex -15.9032 2.31903 1.6
    endloop
  endfacet
  facet normal -0.427491 0.90402 0
    outer loop
      vertex -15.148 2.77164 1.6
      vertex -15.4142 2.64576 7.4
      vertex -15.148 2.77164 7.4
    endloop
  endfacet
  facet normal -0.427491 0.90402 0
    outer loop
      vertex -15.4142 2.64576 7.4
      vertex -15.148 2.77164 1.6
      vertex -15.4142 2.64576 1.6
    endloop
  endfacet
  facet normal -0.242983 0.970031 0
    outer loop
      vertex -14.5853 2.94236 1.6
      vertex -14.8709 2.87082 7.4
      vertex -14.5853 2.94236 7.4
    endloop
  endfacet
  facet normal -0.242983 0.970031 0
    outer loop
      vertex -14.8709 2.87082 7.4
      vertex -14.5853 2.94236 1.6
      vertex -14.8709 2.87082 1.6
    endloop
  endfacet
  facet normal -0.857661 0.514216 0
    outer loop
      vertex -16.6458 1.41419 1.6
      vertex -16.4944 1.66671 7.4
      vertex -16.4944 1.66671 1.6
    endloop
  endfacet
  facet normal -0.857661 0.514216 0
    outer loop
      vertex -16.4944 1.66671 7.4
      vertex -16.6458 1.41419 1.6
      vertex -16.6458 1.41419 7.4
    endloop
  endfacet
  facet normal -0.989176 0.146736 0
    outer loop
      vertex -16.9856 0.294051 1.6
      vertex -16.9424 0.585271 7.4
      vertex -16.9424 0.585271 1.6
    endloop
  endfacet
  facet normal -0.989176 0.146736 0
    outer loop
      vertex -16.9424 0.585271 7.4
      vertex -16.9856 0.294051 1.6
      vertex -16.9856 0.294051 7.4
    endloop
  endfacet
  facet normal 0.729623 0.660922 0.175595
    outer loop
      vertex -12.9393 1.06066 8.4
      vertex -13.1161 0.883883 9.8
      vertex -12.8405 0.95159 8.4
    endloop
  endfacet
  facet normal 0.983286 -0.0481527 0.175587
    outer loop
      vertex -12.5 0 8.4
      vertex -12.75 0 9.8
      vertex -12.5072 -0.147025 8.4
    endloop
  endfacet
  facet normal 0.983286 -0.0481527 0.175587
    outer loop
      vertex -12.75 0 9.8
      vertex -12.756 -0.122521 9.8
      vertex -12.5072 -0.147025 8.4
    endloop
  endfacet
  facet normal 0.983286 0.0481527 0.175587
    outer loop
      vertex -12.5072 0.147025 8.4
      vertex -12.756 0.122521 9.8
      vertex -12.75 0 9.8
    endloop
  endfacet
  facet normal -0.983286 0.0481527 0.175587
    outer loop
      vertex -15.244 0.122521 9.8
      vertex -15.4928 0.147025 8.4
      vertex -15.25 0 9.8
    endloop
  endfacet
  facet normal -0.983286 -0.0481527 0.175587
    outer loop
      vertex -15.25 0 9.8
      vertex -15.4928 -0.147025 8.4
      vertex -15.244 -0.122521 9.8
    endloop
  endfacet
  facet normal 0.0482944 0.983279 0.175586
    outer loop
      vertex -14 1.5 8.4
      vertex -14 1.25 9.8
      vertex -13.853 1.49278 8.4
    endloop
  endfacet
  facet normal 0.926894 0.331709 0.175605
    outer loop
      vertex -12.6142 0.574024 8.4
      vertex -12.8452 0.478354 9.8
      vertex -12.5646 0.435427 8.4
    endloop
  endfacet
  facet normal -0.048321 0.983277 0.175588
    outer loop
      vertex -14 1.25 9.8
      vertex -14.147 1.49278 8.4
      vertex -14.1225 1.24398 9.8
    endloop
  endfacet
  facet normal -0.973808 0.144457 0.175588
    outer loop
      vertex -15.226 0.243862 9.8
      vertex -15.4928 0.147025 8.4
      vertex -15.244 0.122521 9.8
    endloop
  endfacet
  facet normal -0.586518 0.790675 0.175584
    outer loop
      vertex -14.8334 1.2472 8.4
      vertex -14.9516 1.15952 8.4
      vertex -14.6945 1.03934 9.8
    endloop
  endfacet
  facet normal 0.048321 -0.983277 0.175588
    outer loop
      vertex -13.8775 -1.24398 9.8
      vertex -14 -1.25 9.8
      vertex -13.853 -1.49278 8.4
    endloop
  endfacet
  facet normal -0.048321 -0.983277 0.175588
    outer loop
      vertex -14.1225 -1.24398 9.8
      vertex -14.147 -1.49278 8.4
      vertex -14 -1.25 9.8
    endloop
  endfacet
  facet normal -0.790692 -0.58649 0.175603
    outer loop
      vertex -15.0393 -0.694463 9.8
      vertex -15.2472 -0.833355 8.4
      vertex -15.1595 -0.95159 8.4
    endloop
  endfacet
  facet normal 0.973808 0.144456 0.175588
    outer loop
      vertex -12.5288 0.292635 8.4
      vertex -12.774 0.243862 9.8
      vertex -12.5072 0.147025 8.4
    endloop
  endfacet
  facet normal 0.983286 0.0481527 0.175587
    outer loop
      vertex -12.5072 0.147025 8.4
      vertex -12.75 0 9.8
      vertex -12.5 0 8.4
    endloop
  endfacet
  facet normal 0.95491 0.23941 0.175586
    outer loop
      vertex -12.5646 0.435427 8.4
      vertex -12.774 0.243862 9.8
      vertex -12.5288 0.292635 8.4
    endloop
  endfacet
  facet normal 0.844335 0.506222 0.175605
    outer loop
      vertex -12.7528 0.833355 8.4
      vertex -12.9607 0.694463 9.8
      vertex -12.6771 0.707094 8.4
    endloop
  endfacet
  facet normal 0.790692 0.58649 0.175603
    outer loop
      vertex -12.8405 0.95159 8.4
      vertex -12.9607 0.694463 9.8
      vertex -12.7528 0.833355 8.4
    endloop
  endfacet
  facet normal 0.890093 0.420597 0.175594
    outer loop
      vertex -12.6771 0.707094 8.4
      vertex -12.8976 0.589246 9.8
      vertex -12.8452 0.478354 9.8
    endloop
  endfacet
  facet normal 0.890039 0.420707 0.175606
    outer loop
      vertex -12.6771 0.707094 8.4
      vertex -12.8452 0.478354 9.8
      vertex -12.6142 0.574024 8.4
    endloop
  endfacet
  facet normal 0.239209 0.954962 0.175576
    outer loop
      vertex -13.7074 1.47118 8.4
      vertex -13.7561 1.22598 9.8
      vertex -13.5646 1.43541 8.4
    endloop
  endfacet
  facet normal -0.844335 0.506222 0.175605
    outer loop
      vertex -15.2472 0.833355 8.4
      vertex -15.3229 0.707094 8.4
      vertex -15.0393 0.694463 9.8
    endloop
  endfacet
  facet normal -0.239209 0.954962 0.175576
    outer loop
      vertex -14.2926 1.47118 8.4
      vertex -14.4354 1.43541 8.4
      vertex -14.2439 1.22598 9.8
    endloop
  endfacet
  facet normal -0.0482944 0.983279 0.175586
    outer loop
      vertex -14 1.5 8.4
      vertex -14.147 1.49278 8.4
      vertex -14 1.25 9.8
    endloop
  endfacet
  facet normal -0.506011 -0.844466 0.175583
    outer loop
      vertex -14.6945 -1.03934 9.8
      vertex -14.8334 -1.2472 8.4
      vertex -14.7071 -1.32288 8.4
    endloop
  endfacet
  facet normal -0.144466 -0.973807 0.175581
    outer loop
      vertex -14.2439 -1.22598 9.8
      vertex -14.2926 -1.47118 8.4
      vertex -14.147 -1.49278 8.4
    endloop
  endfacet
  facet normal -0.42121 -0.889801 0.175603
    outer loop
      vertex -14.5892 -1.1024 9.8
      vertex -14.7071 -1.32288 8.4
      vertex -14.4784 -1.15485 9.8
    endloop
  endfacet
  facet normal -0.95491 -0.23941 0.175586
    outer loop
      vertex -15.226 -0.243862 9.8
      vertex -15.4712 -0.292635 8.4
      vertex -15.4354 -0.435427 8.4
    endloop
  endfacet
  facet normal 0.973808 0.144457 0.175588
    outer loop
      vertex -12.5072 0.147025 8.4
      vertex -12.774 0.243862 9.8
      vertex -12.756 0.122521 9.8
    endloop
  endfacet
  facet normal 0.954977 0.23916 0.175562
    outer loop
      vertex -12.5646 0.435427 8.4
      vertex -12.8038 0.362855 9.8
      vertex -12.774 0.243862 9.8
    endloop
  endfacet
  facet normal 0.926733 0.332182 0.175558
    outer loop
      vertex -12.5646 0.435427 8.4
      vertex -12.8452 0.478354 9.8
      vertex -12.8038 0.362855 9.8
    endloop
  endfacet
  facet normal 0.791015 0.586068 0.175553
    outer loop
      vertex -12.8405 0.95159 8.4
      vertex -13.0337 0.792991 9.8
      vertex -12.9607 0.694463 9.8
    endloop
  endfacet
  facet normal 0.729362 0.661218 0.175558
    outer loop
      vertex -12.8405 0.95159 8.4
      vertex -13.1161 0.883883 9.8
      vertex -13.0337 0.792991 9.8
    endloop
  endfacet
  facet normal 0.844277 0.506324 0.175594
    outer loop
      vertex -12.6771 0.707094 8.4
      vertex -12.9607 0.694463 9.8
      vertex -12.8976 0.589246 9.8
    endloop
  endfacet
  facet normal 0.586518 0.790675 0.175584
    outer loop
      vertex -13.1666 1.2472 8.4
      vertex -13.3055 1.03934 9.8
      vertex -13.0484 1.15952 8.4
    endloop
  endfacet
  facet normal 0.239221 0.954959 0.175577
    outer loop
      vertex -13.5646 1.43541 8.4
      vertex -13.7561 1.22598 9.8
      vertex -13.6371 1.19617 9.8
    endloop
  endfacet
  facet normal 0 0 1
    outer loop
      vertex -12.756 0.122521 9.8
      vertex -12.756 -0.122521 9.8
      vertex -12.75 0 9.8
    endloop
  endfacet
  facet normal 0 0 1
    outer loop
      vertex -12.774 0.243862 9.8
      vertex -12.756 -0.122521 9.8
      vertex -12.756 0.122521 9.8
    endloop
  endfacet
  facet normal 0 0 1
    outer loop
      vertex -12.774 0.243862 9.8
      vertex -12.774 -0.243862 9.8
      vertex -12.756 -0.122521 9.8
    endloop
  endfacet
  facet normal 0 0 1
    outer loop
      vertex -12.8038 0.362855 9.8
      vertex -12.774 -0.243862 9.8
      vertex -12.774 0.243862 9.8
    endloop
  endfacet
  facet normal 0 0 1
    outer loop
      vertex -12.8038 0.362855 9.8
      vertex -12.8038 -0.362855 9.8
      vertex -12.774 -0.243862 9.8
    endloop
  endfacet
  facet normal 0 0 1
    outer loop
      vertex -12.8452 0.478354 9.8
      vertex -12.8038 -0.362855 9.8
      vertex -12.8038 0.362855 9.8
    endloop
  endfacet
  facet normal 0 0 1
    outer loop
      vertex -12.8452 0.478354 9.8
      vertex -12.8452 -0.478354 9.8
      vertex -12.8038 -0.362855 9.8
    endloop
  endfacet
  facet normal 0 0 1
    outer loop
      vertex -12.8976 0.589246 9.8
      vertex -12.8452 -0.478354 9.8
      vertex -12.8452 0.478354 9.8
    endloop
  endfacet
  facet normal 0 0 1
    outer loop
      vertex -12.8976 0.589246 9.8
      vertex -12.8976 -0.589246 9.8
      vertex -12.8452 -0.478354 9.8
    endloop
  endfacet
  facet normal 0 0 1
    outer loop
      vertex -12.9607 0.694463 9.8
      vertex -12.8976 -0.589246 9.8
      vertex -12.8976 0.589246 9.8
    endloop
  endfacet
  facet normal 0 0 1
    outer loop
      vertex -12.9607 0.694463 9.8
      vertex -12.9607 -0.694463 9.8
      vertex -12.8976 -0.589246 9.8
    endloop
  endfacet
  facet normal 0 0 1
    outer loop
      vertex -13.0337 0.792991 9.8
      vertex -12.9607 -0.694463 9.8
      vertex -12.9607 0.694463 9.8
    endloop
  endfacet
  facet normal 0 0 1
    outer loop
      vertex -13.0337 0.792991 9.8
      vertex -13.0337 -0.792991 9.8
      vertex -12.9607 -0.694463 9.8
    endloop
  endfacet
  facet normal 0 0 1
    outer loop
      vertex -13.1161 0.883883 9.8
      vertex -13.0337 -0.792991 9.8
      vertex -13.0337 0.792991 9.8
    endloop
  endfacet
  facet normal 0 0 1
    outer loop
      vertex -13.1161 0.883883 9.8
      vertex -13.1161 -0.883883 9.8
      vertex -13.0337 -0.792991 9.8
    endloop
  endfacet
  facet normal 0 0 1
    outer loop
      vertex -13.207 0.966263 9.8
      vertex -13.1161 -0.883883 9.8
      vertex -13.1161 0.883883 9.8
    endloop
  endfacet
  facet normal 0 0 1
    outer loop
      vertex -13.207 0.966263 9.8
      vertex -13.207 -0.966263 9.8
      vertex -13.1161 -0.883883 9.8
    endloop
  endfacet
  facet normal 0 0 1
    outer loop
      vertex -13.3055 1.03934 9.8
      vertex -13.207 -0.966263 9.8
      vertex -13.207 0.966263 9.8
    endloop
  endfacet
  facet normal 0 0 1
    outer loop
      vertex -13.3055 1.03934 9.8
      vertex -13.3055 -1.03934 9.8
      vertex -13.207 -0.966263 9.8
    endloop
  endfacet
  facet normal 0 0 1
    outer loop
      vertex -13.4108 1.1024 9.8
      vertex -13.3055 -1.03934 9.8
      vertex -13.3055 1.03934 9.8
    endloop
  endfacet
  facet normal 0 0 1
    outer loop
      vertex -13.4108 1.1024 9.8
      vertex -13.4108 -1.1024 9.8
      vertex -13.3055 -1.03934 9.8
    endloop
  endfacet
  facet normal 0 0 1
    outer loop
      vertex -13.5216 1.15485 9.8
      vertex -13.4108 -1.1024 9.8
      vertex -13.4108 1.1024 9.8
    endloop
  endfacet
  facet normal 0 0 1
    outer loop
      vertex -13.5216 1.15485 9.8
      vertex -13.5216 -1.15485 9.8
      vertex -13.4108 -1.1024 9.8
    endloop
  endfacet
  facet normal 0 0 1
    outer loop
      vertex -13.6371 1.19617 9.8
      vertex -13.5216 -1.15485 9.8
      vertex -13.5216 1.15485 9.8
    endloop
  endfacet
  facet normal 0 0 1
    outer loop
      vertex -13.6371 1.19617 9.8
      vertex -13.6371 -1.19617 9.8
      vertex -13.5216 -1.15485 9.8
    endloop
  endfacet
  facet normal 0 0 1
    outer loop
      vertex -13.7561 1.22598 9.8
      vertex -13.6371 -1.19617 9.8
      vertex -13.6371 1.19617 9.8
    endloop
  endfacet
  facet normal 0 0 1
    outer loop
      vertex -13.7561 1.22598 9.8
      vertex -13.7561 -1.22598 9.8
      vertex -13.6371 -1.19617 9.8
    endloop
  endfacet
  facet normal 0 0 1
    outer loop
      vertex -13.8775 1.24398 9.8
      vertex -13.7561 -1.22598 9.8
      vertex -13.7561 1.22598 9.8
    endloop
  endfacet
  facet normal 0 0 1
    outer loop
      vertex -13.8775 1.24398 9.8
      vertex -13.8775 -1.24398 9.8
      vertex -13.7561 -1.22598 9.8
    endloop
  endfacet
  facet normal 0 0 1
    outer loop
      vertex -14 1.25 9.8
      vertex -13.8775 -1.24398 9.8
      vertex -13.8775 1.24398 9.8
    endloop
  endfacet
  facet normal 0 0 1
    outer loop
      vertex -14 1.25 9.8
      vertex -14 -1.25 9.8
      vertex -13.8775 -1.24398 9.8
    endloop
  endfacet
  facet normal -0 0 1
    outer loop
      vertex -14.1225 1.24398 9.8
      vertex -14 -1.25 9.8
      vertex -14 1.25 9.8
    endloop
  endfacet
  facet normal 0 0 1
    outer loop
      vertex -14.1225 1.24398 9.8
      vertex -14.1225 -1.24398 9.8
      vertex -14 -1.25 9.8
    endloop
  endfacet
  facet normal -0 0 1
    outer loop
      vertex -14.2439 1.22598 9.8
      vertex -14.1225 -1.24398 9.8
      vertex -14.1225 1.24398 9.8
    endloop
  endfacet
  facet normal 0 0 1
    outer loop
      vertex -14.2439 1.22598 9.8
      vertex -14.2439 -1.22598 9.8
      vertex -14.1225 -1.24398 9.8
    endloop
  endfacet
  facet normal -0 0 1
    outer loop
      vertex -14.3629 1.19617 9.8
      vertex -14.2439 -1.22598 9.8
      vertex -14.2439 1.22598 9.8
    endloop
  endfacet
  facet normal 0 0 1
    outer loop
      vertex -14.3629 1.19617 9.8
      vertex -14.3629 -1.19617 9.8
      vertex -14.2439 -1.22598 9.8
    endloop
  endfacet
  facet normal -0 0 1
    outer loop
      vertex -14.4784 1.15485 9.8
      vertex -14.3629 -1.19617 9.8
      vertex -14.3629 1.19617 9.8
    endloop
  endfacet
  facet normal 0 0 1
    outer loop
      vertex -14.4784 1.15485 9.8
      vertex -14.4784 -1.15485 9.8
      vertex -14.3629 -1.19617 9.8
    endloop
  endfacet
  facet normal -0 0 1
    outer loop
      vertex -14.5892 1.1024 9.8
      vertex -14.4784 -1.15485 9.8
      vertex -14.4784 1.15485 9.8
    endloop
  endfacet
  facet normal 0 0 1
    outer loop
      vertex -14.5892 1.1024 9.8
      vertex -14.5892 -1.1024 9.8
      vertex -14.4784 -1.15485 9.8
    endloop
  endfacet
  facet normal -0 0 1
    outer loop
      vertex -14.6945 1.03934 9.8
      vertex -14.5892 -1.1024 9.8
      vertex -14.5892 1.1024 9.8
    endloop
  endfacet
  facet normal 0 0 1
    outer loop
      vertex -14.6945 1.03934 9.8
      vertex -14.6945 -1.03934 9.8
      vertex -14.5892 -1.1024 9.8
    endloop
  endfacet
  facet normal -0 0 1
    outer loop
      vertex -14.793 0.966263 9.8
      vertex -14.6945 -1.03934 9.8
      vertex -14.6945 1.03934 9.8
    endloop
  endfacet
  facet normal 0 0 1
    outer loop
      vertex -14.793 0.966263 9.8
      vertex -14.793 -0.966263 9.8
      vertex -14.6945 -1.03934 9.8
    endloop
  endfacet
  facet normal -0 0 1
    outer loop
      vertex -14.8839 0.883883 9.8
      vertex -14.793 -0.966263 9.8
      vertex -14.793 0.966263 9.8
    endloop
  endfacet
  facet normal 0 0 1
    outer loop
      vertex -14.8839 0.883883 9.8
      vertex -14.8839 -0.883883 9.8
      vertex -14.793 -0.966263 9.8
    endloop
  endfacet
  facet normal -0 0 1
    outer loop
      vertex -14.9663 0.792991 9.8
      vertex -14.8839 -0.883883 9.8
      vertex -14.8839 0.883883 9.8
    endloop
  endfacet
  facet normal 0 0 1
    outer loop
      vertex -14.9663 0.792991 9.8
      vertex -14.9663 -0.792991 9.8
      vertex -14.8839 -0.883883 9.8
    endloop
  endfacet
  facet normal -0 0 1
    outer loop
      vertex -15.0393 0.694463 9.8
      vertex -14.9663 -0.792991 9.8
      vertex -14.9663 0.792991 9.8
    endloop
  endfacet
  facet normal 0 0 1
    outer loop
      vertex -15.0393 0.694463 9.8
      vertex -15.0393 -0.694463 9.8
      vertex -14.9663 -0.792991 9.8
    endloop
  endfacet
  facet normal -0 0 1
    outer loop
      vertex -15.1024 0.589246 9.8
      vertex -15.0393 -0.694463 9.8
      vertex -15.0393 0.694463 9.8
    endloop
  endfacet
  facet normal 0 0 1
    outer loop
      vertex -15.1024 0.589246 9.8
      vertex -15.1024 -0.589246 9.8
      vertex -15.0393 -0.694463 9.8
    endloop
  endfacet
  facet normal -0 0 1
    outer loop
      vertex -15.1548 0.478354 9.8
      vertex -15.1024 -0.589246 9.8
      vertex -15.1024 0.589246 9.8
    endloop
  endfacet
  facet normal 0 0 1
    outer loop
      vertex -15.1548 0.478354 9.8
      vertex -15.1548 -0.478354 9.8
      vertex -15.1024 -0.589246 9.8
    endloop
  endfacet
  facet normal -0 0 1
    outer loop
      vertex -15.1962 0.362855 9.8
      vertex -15.1548 -0.478354 9.8
      vertex -15.1548 0.478354 9.8
    endloop
  endfacet
  facet normal 0 0 1
    outer loop
      vertex -15.1962 0.362855 9.8
      vertex -15.1962 -0.362855 9.8
      vertex -15.1548 -0.478354 9.8
    endloop
  endfacet
  facet normal -0 0 1
    outer loop
      vertex -15.226 0.243862 9.8
      vertex -15.1962 -0.362855 9.8
      vertex -15.1962 0.362855 9.8
    endloop
  endfacet
  facet normal 0 0 1
    outer loop
      vertex -15.226 0.243862 9.8
      vertex -15.226 -0.243862 9.8
      vertex -15.1962 -0.362855 9.8
    endloop
  endfacet
  facet normal -0 0 1
    outer loop
      vertex -15.244 0.122521 9.8
      vertex -15.226 -0.243862 9.8
      vertex -15.226 0.243862 9.8
    endloop
  endfacet
  facet normal 0 0 1
    outer loop
      vertex -15.244 0.122521 9.8
      vertex -15.244 -0.122521 9.8
      vertex -15.226 -0.243862 9.8
    endloop
  endfacet
  facet normal 0 -0 1
    outer loop
      vertex -15.244 -0.122521 9.8
      vertex -15.244 0.122521 9.8
      vertex -15.25 0 9.8
    endloop
  endfacet
  facet normal -0.890093 0.420597 0.175594
    outer loop
      vertex -15.1024 0.589246 9.8
      vertex -15.3229 0.707094 8.4
      vertex -15.1548 0.478354 9.8
    endloop
  endfacet
  facet normal -0.661095 0.729467 0.175589
    outer loop
      vertex -14.793 0.966263 9.8
      vertex -14.9516 1.15952 8.4
      vertex -14.8839 0.883883 9.8
    endloop
  endfacet
  facet normal 0.661095 -0.729467 0.175589
    outer loop
      vertex -13.1161 -0.883883 9.8
      vertex -13.207 -0.966263 9.8
      vertex -13.0484 -1.15952 8.4
    endloop
  endfacet
  facet normal 0.144388 -0.973818 0.175588
    outer loop
      vertex -13.7561 -1.22598 9.8
      vertex -13.8775 -1.24398 9.8
      vertex -13.853 -1.49278 8.4
    endloop
  endfacet
  facet normal -0.729362 -0.661218 0.175558
    outer loop
      vertex -14.9663 -0.792991 9.8
      vertex -15.1595 -0.95159 8.4
      vertex -14.8839 -0.883883 9.8
    endloop
  endfacet
  facet normal -0.144388 -0.973818 0.175588
    outer loop
      vertex -14.1225 -1.24398 9.8
      vertex -14.2439 -1.22598 9.8
      vertex -14.147 -1.49278 8.4
    endloop
  endfacet
  facet normal -0.420851 -0.889978 0.175565
    outer loop
      vertex -14.4784 -1.15485 9.8
      vertex -14.7071 -1.32288 8.4
      vertex -14.574 -1.38582 8.4
    endloop
  endfacet
  facet normal -0.983286 -0.0481527 0.175587
    outer loop
      vertex -15.25 0 9.8
      vertex -15.5 0 8.4
      vertex -15.4928 -0.147025 8.4
    endloop
  endfacet
  facet normal -0.983286 0.0481527 0.175587
    outer loop
      vertex -15.4928 0.147025 8.4
      vertex -15.5 0 8.4
      vertex -15.25 0 9.8
    endloop
  endfacet
  facet normal 0.506011 0.844466 0.175583
    outer loop
      vertex -13.2929 1.32288 8.4
      vertex -13.3055 1.03934 9.8
      vertex -13.1666 1.2472 8.4
    endloop
  endfacet
  facet normal 0.505793 0.844592 0.175606
    outer loop
      vertex -13.2929 1.32288 8.4
      vertex -13.4108 1.1024 9.8
      vertex -13.3055 1.03934 9.8
    endloop
  endfacet
  facet normal 0.661095 0.729467 0.175589
    outer loop
      vertex -13.0484 1.15952 8.4
      vertex -13.207 0.966263 9.8
      vertex -13.1161 0.883883 9.8
    endloop
  endfacet
  facet normal 0.661042 0.729513 0.175595
    outer loop
      vertex -13.0484 1.15952 8.4
      vertex -13.1161 0.883883 9.8
      vertex -12.9393 1.06066 8.4
    endloop
  endfacet
  facet normal 0.42121 0.889801 0.175603
    outer loop
      vertex -13.2929 1.32288 8.4
      vertex -13.5216 1.15485 9.8
      vertex -13.4108 1.1024 9.8
    endloop
  endfacet
  facet normal 0.420851 0.889978 0.175565
    outer loop
      vertex -13.426 1.38582 8.4
      vertex -13.5216 1.15485 9.8
      vertex -13.2929 1.32288 8.4
    endloop
  endfacet
  facet normal 0.33161 0.926935 0.175573
    outer loop
      vertex -13.5646 1.43541 8.4
      vertex -13.6371 1.19617 9.8
      vertex -13.5216 1.15485 9.8
    endloop
  endfacet
  facet normal 0.331646 0.926923 0.175569
    outer loop
      vertex -13.426 1.38582 8.4
      vertex -13.5646 1.43541 8.4
      vertex -13.5216 1.15485 9.8
    endloop
  endfacet
  facet normal 0.144466 0.973807 0.175581
    outer loop
      vertex -13.7074 1.47118 8.4
      vertex -13.853 1.49278 8.4
      vertex -13.7561 1.22598 9.8
    endloop
  endfacet
  facet normal -0.239221 0.954959 0.175577
    outer loop
      vertex -14.2439 1.22598 9.8
      vertex -14.4354 1.43541 8.4
      vertex -14.3629 1.19617 9.8
    endloop
  endfacet
  facet normal -0.506011 0.844466 0.175583
    outer loop
      vertex -14.7071 1.32288 8.4
      vertex -14.8334 1.2472 8.4
      vertex -14.6945 1.03934 9.8
    endloop
  endfacet
  facet normal -0.33161 0.926935 0.175573
    outer loop
      vertex -14.4354 1.43541 8.4
      vertex -14.4784 1.15485 9.8
      vertex -14.3629 1.19617 9.8
    endloop
  endfacet
  facet normal -0.844277 0.506324 0.175594
    outer loop
      vertex -15.0393 0.694463 9.8
      vertex -15.3229 0.707094 8.4
      vertex -15.1024 0.589246 9.8
    endloop
  endfacet
  facet normal -0.586571 0.790635 0.17559
    outer loop
      vertex -14.6945 1.03934 9.8
      vertex -14.9516 1.15952 8.4
      vertex -14.793 0.966263 9.8
    endloop
  endfacet
  facet normal -0.954977 0.23916 0.175562
    outer loop
      vertex -15.1962 0.362855 9.8
      vertex -15.4354 0.435427 8.4
      vertex -15.226 0.243862 9.8
    endloop
  endfacet
  facet normal -0.926894 0.331709 0.175605
    outer loop
      vertex -15.3858 0.574024 8.4
      vertex -15.4354 0.435427 8.4
      vertex -15.1548 0.478354 9.8
    endloop
  endfacet
  facet normal -0.890039 0.420707 0.175606
    outer loop
      vertex -15.3229 0.707094 8.4
      vertex -15.3858 0.574024 8.4
      vertex -15.1548 0.478354 9.8
    endloop
  endfacet
  facet normal 0.926894 -0.331709 0.175605
    outer loop
      vertex -12.5646 -0.435427 8.4
      vertex -12.8452 -0.478354 9.8
      vertex -12.6142 -0.574024 8.4
    endloop
  endfacet
  facet normal 0.790692 -0.58649 0.175603
    outer loop
      vertex -12.7528 -0.833355 8.4
      vertex -12.9607 -0.694463 9.8
      vertex -12.8405 -0.95159 8.4
    endloop
  endfacet
  facet normal 0.331646 -0.926923 0.175569
    outer loop
      vertex -13.5216 -1.15485 9.8
      vertex -13.5646 -1.43541 8.4
      vertex -13.426 -1.38582 8.4
    endloop
  endfacet
  facet normal 0.42121 -0.889801 0.175603
    outer loop
      vertex -13.4108 -1.1024 9.8
      vertex -13.5216 -1.15485 9.8
      vertex -13.2929 -1.32288 8.4
    endloop
  endfacet
  facet normal 0.505793 -0.844592 0.175606
    outer loop
      vertex -13.3055 -1.03934 9.8
      vertex -13.4108 -1.1024 9.8
      vertex -13.2929 -1.32288 8.4
    endloop
  endfacet
  facet normal 0.586518 -0.790675 0.175584
    outer loop
      vertex -13.0484 -1.15952 8.4
      vertex -13.3055 -1.03934 9.8
      vertex -13.1666 -1.2472 8.4
    endloop
  endfacet
  facet normal 0.0482944 -0.983279 0.175586
    outer loop
      vertex -14 -1.25 9.8
      vertex -14 -1.5 8.4
      vertex -13.853 -1.49278 8.4
    endloop
  endfacet
  facet normal -0.0482944 -0.983279 0.175586
    outer loop
      vertex -14 -1.25 9.8
      vertex -14.147 -1.49278 8.4
      vertex -14 -1.5 8.4
    endloop
  endfacet
  facet normal -0.954977 -0.23916 0.175562
    outer loop
      vertex -15.226 -0.243862 9.8
      vertex -15.4354 -0.435427 8.4
      vertex -15.1962 -0.362855 9.8
    endloop
  endfacet
  facet normal -0.844335 -0.506222 0.175605
    outer loop
      vertex -15.0393 -0.694463 9.8
      vertex -15.3229 -0.707094 8.4
      vertex -15.2472 -0.833355 8.4
    endloop
  endfacet
  facet normal -0.926733 -0.332182 0.175558
    outer loop
      vertex -15.1962 -0.362855 9.8
      vertex -15.4354 -0.435427 8.4
      vertex -15.1548 -0.478354 9.8
    endloop
  endfacet
  facet normal -0.505793 -0.844592 0.175606
    outer loop
      vertex -14.6945 -1.03934 9.8
      vertex -14.7071 -1.32288 8.4
      vertex -14.5892 -1.1024 9.8
    endloop
  endfacet
  facet normal -0.791015 -0.586068 0.175553
    outer loop
      vertex -15.0393 -0.694463 9.8
      vertex -15.1595 -0.95159 8.4
      vertex -14.9663 -0.792991 9.8
    endloop
  endfacet
  facet normal -0.239221 -0.954959 0.175577
    outer loop
      vertex -14.3629 -1.19617 9.8
      vertex -14.4354 -1.43541 8.4
      vertex -14.2439 -1.22598 9.8
    endloop
  endfacet
  facet normal -0.331646 -0.926923 0.175569
    outer loop
      vertex -14.4784 -1.15485 9.8
      vertex -14.574 -1.38582 8.4
      vertex -14.4354 -1.43541 8.4
    endloop
  endfacet
  facet normal -0.33161 -0.926935 0.175573
    outer loop
      vertex -14.3629 -1.19617 9.8
      vertex -14.4784 -1.15485 9.8
      vertex -14.4354 -1.43541 8.4
    endloop
  endfacet
  facet normal 0.586571 0.790635 0.17559
    outer loop
      vertex -13.0484 1.15952 8.4
      vertex -13.3055 1.03934 9.8
      vertex -13.207 0.966263 9.8
    endloop
  endfacet
  facet normal 0.144388 0.973818 0.175588
    outer loop
      vertex -13.853 1.49278 8.4
      vertex -13.8775 1.24398 9.8
      vertex -13.7561 1.22598 9.8
    endloop
  endfacet
  facet normal 0.048321 0.983277 0.175588
    outer loop
      vertex -13.853 1.49278 8.4
      vertex -14 1.25 9.8
      vertex -13.8775 1.24398 9.8
    endloop
  endfacet
  facet normal -0.420851 0.889978 0.175565
    outer loop
      vertex -14.574 1.38582 8.4
      vertex -14.7071 1.32288 8.4
      vertex -14.4784 1.15485 9.8
    endloop
  endfacet
  facet normal -0.331646 0.926923 0.175569
    outer loop
      vertex -14.4354 1.43541 8.4
      vertex -14.574 1.38582 8.4
      vertex -14.4784 1.15485 9.8
    endloop
  endfacet
  facet normal -0.42121 0.889801 0.175603
    outer loop
      vertex -14.4784 1.15485 9.8
      vertex -14.7071 1.32288 8.4
      vertex -14.5892 1.1024 9.8
    endloop
  endfacet
  facet normal -0.505793 0.844592 0.175606
    outer loop
      vertex -14.5892 1.1024 9.8
      vertex -14.7071 1.32288 8.4
      vertex -14.6945 1.03934 9.8
    endloop
  endfacet
  facet normal -0.729623 0.660922 0.175595
    outer loop
      vertex -15.0607 1.06066 8.4
      vertex -15.1595 0.95159 8.4
      vertex -14.8839 0.883883 9.8
    endloop
  endfacet
  facet normal -0.661042 0.729513 0.175595
    outer loop
      vertex -14.9516 1.15952 8.4
      vertex -15.0607 1.06066 8.4
      vertex -14.8839 0.883883 9.8
    endloop
  endfacet
  facet normal -0.95491 0.23941 0.175586
    outer loop
      vertex -15.4354 0.435427 8.4
      vertex -15.4712 0.292635 8.4
      vertex -15.226 0.243862 9.8
    endloop
  endfacet
  facet normal -0.973808 0.144456 0.175588
    outer loop
      vertex -15.4712 0.292635 8.4
      vertex -15.4928 0.147025 8.4
      vertex -15.226 0.243862 9.8
    endloop
  endfacet
  facet normal -0.926733 0.332182 0.175558
    outer loop
      vertex -15.1548 0.478354 9.8
      vertex -15.4354 0.435427 8.4
      vertex -15.1962 0.362855 9.8
    endloop
  endfacet
  facet normal 0.844277 -0.506324 0.175594
    outer loop
      vertex -12.8976 -0.589246 9.8
      vertex -12.9607 -0.694463 9.8
      vertex -12.6771 -0.707094 8.4
    endloop
  endfacet
  facet normal 0.729623 -0.660922 0.175595
    outer loop
      vertex -12.8405 -0.95159 8.4
      vertex -13.1161 -0.883883 9.8
      vertex -12.9393 -1.06066 8.4
    endloop
  endfacet
  facet normal 0.661042 -0.729513 0.175595
    outer loop
      vertex -12.9393 -1.06066 8.4
      vertex -13.1161 -0.883883 9.8
      vertex -13.0484 -1.15952 8.4
    endloop
  endfacet
  facet normal 0.33161 -0.926935 0.175573
    outer loop
      vertex -13.5216 -1.15485 9.8
      vertex -13.6371 -1.19617 9.8
      vertex -13.5646 -1.43541 8.4
    endloop
  endfacet
  facet normal 0.586571 -0.790635 0.17559
    outer loop
      vertex -13.207 -0.966263 9.8
      vertex -13.3055 -1.03934 9.8
      vertex -13.0484 -1.15952 8.4
    endloop
  endfacet
  facet normal 0.506011 -0.844466 0.175583
    outer loop
      vertex -13.1666 -1.2472 8.4
      vertex -13.3055 -1.03934 9.8
      vertex -13.2929 -1.32288 8.4
    endloop
  endfacet
  facet normal -0.890039 -0.420707 0.175606
    outer loop
      vertex -15.1548 -0.478354 9.8
      vertex -15.3858 -0.574024 8.4
      vertex -15.3229 -0.707094 8.4
    endloop
  endfacet
  facet normal -0.926894 -0.331709 0.175605
    outer loop
      vertex -15.1548 -0.478354 9.8
      vertex -15.4354 -0.435427 8.4
      vertex -15.3858 -0.574024 8.4
    endloop
  endfacet
  facet normal -0.890093 -0.420597 0.175594
    outer loop
      vertex -15.1548 -0.478354 9.8
      vertex -15.3229 -0.707094 8.4
      vertex -15.1024 -0.589246 9.8
    endloop
  endfacet
  facet normal -0.844277 -0.506324 0.175594
    outer loop
      vertex -15.1024 -0.589246 9.8
      vertex -15.3229 -0.707094 8.4
      vertex -15.0393 -0.694463 9.8
    endloop
  endfacet
  facet normal -0.661042 -0.729513 0.175595
    outer loop
      vertex -14.8839 -0.883883 9.8
      vertex -15.0607 -1.06066 8.4
      vertex -14.9516 -1.15952 8.4
    endloop
  endfacet
  facet normal -0.729623 -0.660922 0.175595
    outer loop
      vertex -14.8839 -0.883883 9.8
      vertex -15.1595 -0.95159 8.4
      vertex -15.0607 -1.06066 8.4
    endloop
  endfacet
  facet normal -0.239209 -0.954962 0.175576
    outer loop
      vertex -14.2439 -1.22598 9.8
      vertex -14.4354 -1.43541 8.4
      vertex -14.2926 -1.47118 8.4
    endloop
  endfacet
  facet normal -0.144388 0.973818 0.175588
    outer loop
      vertex -14.147 1.49278 8.4
      vertex -14.2439 1.22598 9.8
      vertex -14.1225 1.24398 9.8
    endloop
  endfacet
  facet normal -0.144466 0.973807 0.175581
    outer loop
      vertex -14.147 1.49278 8.4
      vertex -14.2926 1.47118 8.4
      vertex -14.2439 1.22598 9.8
    endloop
  endfacet
  facet normal -0.790692 0.58649 0.175603
    outer loop
      vertex -15.1595 0.95159 8.4
      vertex -15.2472 0.833355 8.4
      vertex -15.0393 0.694463 9.8
    endloop
  endfacet
  facet normal 0.729362 -0.661218 0.175558
    outer loop
      vertex -13.0337 -0.792991 9.8
      vertex -13.1161 -0.883883 9.8
      vertex -12.8405 -0.95159 8.4
    endloop
  endfacet
  facet normal 0.791015 -0.586068 0.175553
    outer loop
      vertex -12.9607 -0.694463 9.8
      vertex -13.0337 -0.792991 9.8
      vertex -12.8405 -0.95159 8.4
    endloop
  endfacet
  facet normal 0.844335 -0.506222 0.175605
    outer loop
      vertex -12.6771 -0.707094 8.4
      vertex -12.9607 -0.694463 9.8
      vertex -12.7528 -0.833355 8.4
    endloop
  endfacet
  facet normal 0.890093 -0.420597 0.175594
    outer loop
      vertex -12.8452 -0.478354 9.8
      vertex -12.8976 -0.589246 9.8
      vertex -12.6771 -0.707094 8.4
    endloop
  endfacet
  facet normal 0.926733 -0.332182 0.175558
    outer loop
      vertex -12.8038 -0.362855 9.8
      vertex -12.8452 -0.478354 9.8
      vertex -12.5646 -0.435427 8.4
    endloop
  endfacet
  facet normal 0.954977 -0.23916 0.175562
    outer loop
      vertex -12.774 -0.243862 9.8
      vertex -12.8038 -0.362855 9.8
      vertex -12.5646 -0.435427 8.4
    endloop
  endfacet
  facet normal 0.890039 -0.420707 0.175606
    outer loop
      vertex -12.6142 -0.574024 8.4
      vertex -12.8452 -0.478354 9.8
      vertex -12.6771 -0.707094 8.4
    endloop
  endfacet
  facet normal 0.95491 -0.23941 0.175586
    outer loop
      vertex -12.5288 -0.292635 8.4
      vertex -12.774 -0.243862 9.8
      vertex -12.5646 -0.435427 8.4
    endloop
  endfacet
  facet normal 0.239209 -0.954962 0.175576
    outer loop
      vertex -13.5646 -1.43541 8.4
      vertex -13.7561 -1.22598 9.8
      vertex -13.7074 -1.47118 8.4
    endloop
  endfacet
  facet normal 0.144466 -0.973807 0.175581
    outer loop
      vertex -13.7561 -1.22598 9.8
      vertex -13.853 -1.49278 8.4
      vertex -13.7074 -1.47118 8.4
    endloop
  endfacet
  facet normal 0.420851 -0.889978 0.175565
    outer loop
      vertex -13.2929 -1.32288 8.4
      vertex -13.5216 -1.15485 9.8
      vertex -13.426 -1.38582 8.4
    endloop
  endfacet
  facet normal -0.973808 -0.144457 0.175588
    outer loop
      vertex -15.244 -0.122521 9.8
      vertex -15.4928 -0.147025 8.4
      vertex -15.226 -0.243862 9.8
    endloop
  endfacet
  facet normal -0.973808 -0.144456 0.175588
    outer loop
      vertex -15.226 -0.243862 9.8
      vertex -15.4928 -0.147025 8.4
      vertex -15.4712 -0.292635 8.4
    endloop
  endfacet
  facet normal -0.586518 -0.790675 0.175584
    outer loop
      vertex -14.6945 -1.03934 9.8
      vertex -14.9516 -1.15952 8.4
      vertex -14.8334 -1.2472 8.4
    endloop
  endfacet
  facet normal -0.729362 0.661218 0.175558
    outer loop
      vertex -14.8839 0.883883 9.8
      vertex -15.1595 0.95159 8.4
      vertex -14.9663 0.792991 9.8
    endloop
  endfacet
  facet normal -0.791015 0.586068 0.175553
    outer loop
      vertex -14.9663 0.792991 9.8
      vertex -15.1595 0.95159 8.4
      vertex -15.0393 0.694463 9.8
    endloop
  endfacet
  facet normal 0.973808 -0.144456 0.175588
    outer loop
      vertex -12.5072 -0.147025 8.4
      vertex -12.774 -0.243862 9.8
      vertex -12.5288 -0.292635 8.4
    endloop
  endfacet
  facet normal 0.973808 -0.144457 0.175588
    outer loop
      vertex -12.756 -0.122521 9.8
      vertex -12.774 -0.243862 9.8
      vertex -12.5072 -0.147025 8.4
    endloop
  endfacet
  facet normal 0.239221 -0.954959 0.175577
    outer loop
      vertex -13.6371 -1.19617 9.8
      vertex -13.7561 -1.22598 9.8
      vertex -13.5646 -1.43541 8.4
    endloop
  endfacet
  facet normal -0.661095 -0.729467 0.175589
    outer loop
      vertex -14.8839 -0.883883 9.8
      vertex -14.9516 -1.15952 8.4
      vertex -14.793 -0.966263 9.8
    endloop
  endfacet
  facet normal -0.586571 -0.790635 0.17559
    outer loop
      vertex -14.793 -0.966263 9.8
      vertex -14.9516 -1.15952 8.4
      vertex -14.6945 -1.03934 9.8
    endloop
  endfacet
  facet normal 0.998795 -0.0490819 0
    outer loop
      vertex 2.98555 -0.294051 1.6
      vertex 3 0 5.72205e-07
      vertex 3 0 1.6
    endloop
  endfacet
  facet normal 0.998795 -0.0490819 0
    outer loop
      vertex 3 0 5.72205e-07
      vertex 2.98555 -0.294051 1.6
      vertex 2.98555 -0.294051 5.72205e-07
    endloop
  endfacet
  facet normal -0.998795 -0.0490819 0
    outer loop
      vertex -2.98555 -0.294051 5.72205e-07
      vertex -3 0 1.6
      vertex -3 0 5.72205e-07
    endloop
  endfacet
  facet normal -0.998795 -0.0490819 0
    outer loop
      vertex -3 0 1.6
      vertex -2.98555 -0.294051 5.72205e-07
      vertex -2.98555 -0.294051 1.6
    endloop
  endfacet
  facet normal 0.0490819 -0.998795 0
    outer loop
      vertex 0 -3 5.72205e-07
      vertex 0.294051 -2.98555 1.6
      vertex 0 -3 1.6
    endloop
  endfacet
  facet normal 0.0490819 -0.998795 0
    outer loop
      vertex 0.294051 -2.98555 1.6
      vertex 0 -3 5.72205e-07
      vertex 0.294051 -2.98555 5.72205e-07
    endloop
  endfacet
  facet normal -0.0490819 0.998795 0
    outer loop
      vertex 0 3 5.72205e-07
      vertex -0.294051 2.98555 1.6
      vertex 0 3 1.6
    endloop
  endfacet
  facet normal -0.0490819 0.998795 0
    outer loop
      vertex -0.294051 2.98555 1.6
      vertex 0 3 5.72205e-07
      vertex -0.294051 2.98555 5.72205e-07
    endloop
  endfacet
  facet normal 0.740952 -0.671558 0
    outer loop
      vertex 2.12132 -2.12132 1.6
      vertex 2.31903 -1.90318 5.72205e-07
      vertex 2.31903 -1.90318 1.6
    endloop
  endfacet
  facet normal 0.740952 -0.671558 0
    outer loop
      vertex 2.31903 -1.90318 5.72205e-07
      vertex 2.12132 -2.12132 1.6
      vertex 2.12132 -2.12132 5.72205e-07
    endloop
  endfacet
  facet normal -0.671558 -0.740952 0
    outer loop
      vertex -2.12132 -2.12132 5.72205e-07
      vertex -1.90318 -2.31903 1.6
      vertex -2.12132 -2.12132 1.6
    endloop
  endfacet
  facet normal -0.671558 -0.740952 -0
    outer loop
      vertex -1.90318 -2.31903 1.6
      vertex -2.12132 -2.12132 5.72205e-07
      vertex -1.90318 -2.31903 5.72205e-07
    endloop
  endfacet
  facet normal -0.336882 -0.941547 0
    outer loop
      vertex -1.14805 -2.77164 5.72205e-07
      vertex -0.870853 -2.87082 1.6
      vertex -1.14805 -2.77164 1.6
    endloop
  endfacet
  facet normal -0.336882 -0.941547 -0
    outer loop
      vertex -0.870853 -2.87082 1.6
      vertex -1.14805 -2.77164 5.72205e-07
      vertex -0.870853 -2.87082 5.72205e-07
    endloop
  endfacet
  facet normal -0.970027 0.242998 0
    outer loop
      vertex -2.94236 0.585271 5.72205e-07
      vertex -2.87082 0.870853 1.6
      vertex -2.87082 0.870853 5.72205e-07
    endloop
  endfacet
  facet normal -0.970027 0.242998 0
    outer loop
      vertex -2.87082 0.870853 1.6
      vertex -2.94236 0.585271 5.72205e-07
      vertex -2.94236 0.585271 1.6
    endloop
  endfacet
  facet normal 0.903983 -0.427569 0
    outer loop
      vertex 2.64576 -1.41419 1.6
      vertex 2.77164 -1.14805 5.72205e-07
      vertex 2.77164 -1.14805 1.6
    endloop
  endfacet
  facet normal 0.903983 -0.427569 0
    outer loop
      vertex 2.77164 -1.14805 5.72205e-07
      vertex 2.64576 -1.41419 1.6
      vertex 2.64576 -1.41419 5.72205e-07
    endloop
  endfacet
  facet normal 0.857736 -0.514091 0
    outer loop
      vertex 2.49441 -1.66671 1.6
      vertex 2.64576 -1.41419 5.72205e-07
      vertex 2.64576 -1.41419 1.6
    endloop
  endfacet
  facet normal 0.857736 -0.514091 0
    outer loop
      vertex 2.64576 -1.41419 5.72205e-07
      vertex 2.49441 -1.66671 1.6
      vertex 2.49441 -1.66671 5.72205e-07
    endloop
  endfacet
  facet normal 0.427569 -0.903983 0
    outer loop
      vertex 1.14805 -2.77164 5.72205e-07
      vertex 1.41419 -2.64576 1.6
      vertex 1.14805 -2.77164 1.6
    endloop
  endfacet
  facet normal 0.427569 -0.903983 0
    outer loop
      vertex 1.41419 -2.64576 1.6
      vertex 1.14805 -2.77164 5.72205e-07
      vertex 1.41419 -2.64576 5.72205e-07
    endloop
  endfacet
  facet normal -0.857736 -0.514091 0
    outer loop
      vertex -2.49441 -1.66671 5.72205e-07
      vertex -2.64576 -1.41419 1.6
      vertex -2.64576 -1.41419 5.72205e-07
    endloop
  endfacet
  facet normal -0.857736 -0.514091 0
    outer loop
      vertex -2.64576 -1.41419 1.6
      vertex -2.49441 -1.66671 5.72205e-07
      vertex -2.49441 -1.66671 1.6
    endloop
  endfacet
  facet normal -0.803204 -0.595703 0
    outer loop
      vertex -2.31903 -1.90318 5.72205e-07
      vertex -2.49441 -1.66671 1.6
      vertex -2.49441 -1.66671 5.72205e-07
    endloop
  endfacet
  facet normal -0.803204 -0.595703 0
    outer loop
      vertex -2.49441 -1.66671 1.6
      vertex -2.31903 -1.90318 5.72205e-07
      vertex -2.31903 -1.90318 1.6
    endloop
  endfacet
  facet normal -0.146703 -0.989181 0
    outer loop
      vertex -0.585271 -2.94236 5.72205e-07
      vertex -0.294051 -2.98555 1.6
      vertex -0.585271 -2.94236 1.6
    endloop
  endfacet
  facet normal -0.146703 -0.989181 -0
    outer loop
      vertex -0.294051 -2.98555 1.6
      vertex -0.585271 -2.94236 5.72205e-07
      vertex -0.294051 -2.98555 5.72205e-07
    endloop
  endfacet
  facet normal 0.857736 0.514091 0
    outer loop
      vertex 2.64576 1.41419 1.6
      vertex 2.49441 1.66671 5.72205e-07
      vertex 2.49441 1.66671 1.6
    endloop
  endfacet
  facet normal 0.857736 0.514091 0
    outer loop
      vertex 2.49441 1.66671 5.72205e-07
      vertex 2.64576 1.41419 1.6
      vertex 2.64576 1.41419 5.72205e-07
    endloop
  endfacet
  facet normal 0.242998 0.970027 -0
    outer loop
      vertex 0.870853 2.87082 5.72205e-07
      vertex 0.585271 2.94236 1.6
      vertex 0.870853 2.87082 1.6
    endloop
  endfacet
  facet normal 0.242998 0.970027 0
    outer loop
      vertex 0.585271 2.94236 1.6
      vertex 0.870853 2.87082 5.72205e-07
      vertex 0.585271 2.94236 5.72205e-07
    endloop
  endfacet
  facet normal 0.671558 0.740952 -0
    outer loop
      vertex 2.12132 2.12132 5.72205e-07
      vertex 1.90318 2.31903 1.6
      vertex 2.12132 2.12132 1.6
    endloop
  endfacet
  facet normal 0.671558 0.740952 0
    outer loop
      vertex 1.90318 2.31903 1.6
      vertex 2.12132 2.12132 5.72205e-07
      vertex 1.90318 2.31903 5.72205e-07
    endloop
  endfacet
  facet normal 0.970027 0.242998 0
    outer loop
      vertex 2.94236 0.585271 1.6
      vertex 2.87082 0.870853 5.72205e-07
      vertex 2.87082 0.870853 1.6
    endloop
  endfacet
  facet normal 0.970027 0.242998 0
    outer loop
      vertex 2.87082 0.870853 5.72205e-07
      vertex 2.94236 0.585271 1.6
      vertex 2.94236 0.585271 5.72205e-07
    endloop
  endfacet
  facet normal -0.336882 0.941547 0
    outer loop
      vertex -0.870853 2.87082 5.72205e-07
      vertex -1.14805 2.77164 1.6
      vertex -0.870853 2.87082 1.6
    endloop
  endfacet
  facet normal -0.336882 0.941547 0
    outer loop
      vertex -1.14805 2.77164 1.6
      vertex -0.870853 2.87082 5.72205e-07
      vertex -1.14805 2.77164 5.72205e-07
    endloop
  endfacet
  facet normal -0.740952 0.671558 0
    outer loop
      vertex -2.31903 1.90318 5.72205e-07
      vertex -2.12132 2.12132 1.6
      vertex -2.12132 2.12132 5.72205e-07
    endloop
  endfacet
  facet normal -0.740952 0.671558 0
    outer loop
      vertex -2.12132 2.12132 1.6
      vertex -2.31903 1.90318 5.72205e-07
      vertex -2.31903 1.90318 1.6
    endloop
  endfacet
  facet normal -0.803204 0.595703 0
    outer loop
      vertex -2.49441 1.66671 5.72205e-07
      vertex -2.31903 1.90318 1.6
      vertex -2.31903 1.90318 5.72205e-07
    endloop
  endfacet
  facet normal -0.803204 0.595703 0
    outer loop
      vertex -2.31903 1.90318 1.6
      vertex -2.49441 1.66671 5.72205e-07
      vertex -2.49441 1.66671 1.6
    endloop
  endfacet
  facet normal 0 0 1
    outer loop
      vertex 2.98555 0.294051 1.6
      vertex 2.98555 -0.294051 1.6
      vertex 3 0 1.6
    endloop
  endfacet
  facet normal 0 0 1
    outer loop
      vertex 2.94236 0.585271 1.6
      vertex 2.98555 -0.294051 1.6
      vertex 2.98555 0.294051 1.6
    endloop
  endfacet
  facet normal 0 0 1
    outer loop
      vertex 2.94236 0.585271 1.6
      vertex 2.94236 -0.585271 1.6
      vertex 2.98555 -0.294051 1.6
    endloop
  endfacet
  facet normal 0 0 1
    outer loop
      vertex 2.87082 0.870853 1.6
      vertex 2.94236 -0.585271 1.6
      vertex 2.94236 0.585271 1.6
    endloop
  endfacet
  facet normal 0 0 1
    outer loop
      vertex 2.87082 0.870853 1.6
      vertex 2.87082 -0.870853 1.6
      vertex 2.94236 -0.585271 1.6
    endloop
  endfacet
  facet normal 0 0 1
    outer loop
      vertex 2.77164 1.14805 1.6
      vertex 2.87082 -0.870853 1.6
      vertex 2.87082 0.870853 1.6
    endloop
  endfacet
  facet normal 0 0 1
    outer loop
      vertex 2.77164 1.14805 1.6
      vertex 2.77164 -1.14805 1.6
      vertex 2.87082 -0.870853 1.6
    endloop
  endfacet
  facet normal 0 0 1
    outer loop
      vertex 2.64576 1.41419 1.6
      vertex 2.77164 -1.14805 1.6
      vertex 2.77164 1.14805 1.6
    endloop
  endfacet
  facet normal 0 0 1
    outer loop
      vertex 2.64576 1.41419 1.6
      vertex 2.64576 -1.41419 1.6
      vertex 2.77164 -1.14805 1.6
    endloop
  endfacet
  facet normal 0 0 1
    outer loop
      vertex 2.49441 1.66671 1.6
      vertex 2.64576 -1.41419 1.6
      vertex 2.64576 1.41419 1.6
    endloop
  endfacet
  facet normal 0 0 1
    outer loop
      vertex 2.49441 1.66671 1.6
      vertex 2.49441 -1.66671 1.6
      vertex 2.64576 -1.41419 1.6
    endloop
  endfacet
  facet normal 0 0 1
    outer loop
      vertex 2.31903 1.90318 1.6
      vertex 2.49441 -1.66671 1.6
      vertex 2.49441 1.66671 1.6
    endloop
  endfacet
  facet normal 0 0 1
    outer loop
      vertex 2.31903 1.90318 1.6
      vertex 2.31903 -1.90318 1.6
      vertex 2.49441 -1.66671 1.6
    endloop
  endfacet
  facet normal 0 0 1
    outer loop
      vertex 2.12132 2.12132 1.6
      vertex 2.31903 -1.90318 1.6
      vertex 2.31903 1.90318 1.6
    endloop
  endfacet
  facet normal 0 0 1
    outer loop
      vertex 2.12132 2.12132 1.6
      vertex 2.12132 -2.12132 1.6
      vertex 2.31903 -1.90318 1.6
    endloop
  endfacet
  facet normal 0 0 1
    outer loop
      vertex 1.90318 2.31903 1.6
      vertex 2.12132 -2.12132 1.6
      vertex 2.12132 2.12132 1.6
    endloop
  endfacet
  facet normal 0 0 1
    outer loop
      vertex 1.90318 2.31903 1.6
      vertex 1.90318 -2.31903 1.6
      vertex 2.12132 -2.12132 1.6
    endloop
  endfacet
  facet normal 0 0 1
    outer loop
      vertex 1.66671 2.49441 1.6
      vertex 1.90318 -2.31903 1.6
      vertex 1.90318 2.31903 1.6
    endloop
  endfacet
  facet normal 0 0 1
    outer loop
      vertex 1.66671 2.49441 1.6
      vertex 1.66671 -2.49441 1.6
      vertex 1.90318 -2.31903 1.6
    endloop
  endfacet
  facet normal 0 0 1
    outer loop
      vertex 1.41419 2.64576 1.6
      vertex 1.66671 -2.49441 1.6
      vertex 1.66671 2.49441 1.6
    endloop
  endfacet
  facet normal 0 0 1
    outer loop
      vertex 1.41419 2.64576 1.6
      vertex 1.41419 -2.64576 1.6
      vertex 1.66671 -2.49441 1.6
    endloop
  endfacet
  facet normal 0 0 1
    outer loop
      vertex 1.14805 2.77164 1.6
      vertex 1.41419 -2.64576 1.6
      vertex 1.41419 2.64576 1.6
    endloop
  endfacet
  facet normal 0 0 1
    outer loop
      vertex 1.14805 2.77164 1.6
      vertex 1.14805 -2.77164 1.6
      vertex 1.41419 -2.64576 1.6
    endloop
  endfacet
  facet normal 0 0 1
    outer loop
      vertex 0.870853 2.87082 1.6
      vertex 1.14805 -2.77164 1.6
      vertex 1.14805 2.77164 1.6
    endloop
  endfacet
  facet normal 0 0 1
    outer loop
      vertex 0.870853 2.87082 1.6
      vertex 0.870853 -2.87082 1.6
      vertex 1.14805 -2.77164 1.6
    endloop
  endfacet
  facet normal 0 0 1
    outer loop
      vertex 0.585271 2.94236 1.6
      vertex 0.870853 -2.87082 1.6
      vertex 0.870853 2.87082 1.6
    endloop
  endfacet
  facet normal 0 0 1
    outer loop
      vertex 0.585271 2.94236 1.6
      vertex 0.585271 -2.94236 1.6
      vertex 0.870853 -2.87082 1.6
    endloop
  endfacet
  facet normal 0 0 1
    outer loop
      vertex 0.294051 2.98555 1.6
      vertex 0.585271 -2.94236 1.6
      vertex 0.585271 2.94236 1.6
    endloop
  endfacet
  facet normal 0 0 1
    outer loop
      vertex 0.294051 2.98555 1.6
      vertex 0.294051 -2.98555 1.6
      vertex 0.585271 -2.94236 1.6
    endloop
  endfacet
  facet normal 0 0 1
    outer loop
      vertex 0 3 1.6
      vertex 0.294051 -2.98555 1.6
      vertex 0.294051 2.98555 1.6
    endloop
  endfacet
  facet normal 0 0 1
    outer loop
      vertex 0 3 1.6
      vertex 0 -3 1.6
      vertex 0.294051 -2.98555 1.6
    endloop
  endfacet
  facet normal -0 0 1
    outer loop
      vertex -0.294051 2.98555 1.6
      vertex 0 -3 1.6
      vertex 0 3 1.6
    endloop
  endfacet
  facet normal 0 0 1
    outer loop
      vertex -0.294051 2.98555 1.6
      vertex -0.294051 -2.98555 1.6
      vertex 0 -3 1.6
    endloop
  endfacet
  facet normal -0 0 1
    outer loop
      vertex -0.585271 2.94236 1.6
      vertex -0.294051 -2.98555 1.6
      vertex -0.294051 2.98555 1.6
    endloop
  endfacet
  facet normal 0 0 1
    outer loop
      vertex -0.585271 2.94236 1.6
      vertex -0.585271 -2.94236 1.6
      vertex -0.294051 -2.98555 1.6
    endloop
  endfacet
  facet normal -0 0 1
    outer loop
      vertex -0.870853 2.87082 1.6
      vertex -0.585271 -2.94236 1.6
      vertex -0.585271 2.94236 1.6
    endloop
  endfacet
  facet normal 0 0 1
    outer loop
      vertex -0.870853 2.87082 1.6
      vertex -0.870853 -2.87082 1.6
      vertex -0.585271 -2.94236 1.6
    endloop
  endfacet
  facet normal -0 0 1
    outer loop
      vertex -1.14805 2.77164 1.6
      vertex -0.870853 -2.87082 1.6
      vertex -0.870853 2.87082 1.6
    endloop
  endfacet
  facet normal 0 0 1
    outer loop
      vertex -1.14805 2.77164 1.6
      vertex -1.14805 -2.77164 1.6
      vertex -0.870853 -2.87082 1.6
    endloop
  endfacet
  facet normal -0 0 1
    outer loop
      vertex -1.41419 2.64576 1.6
      vertex -1.14805 -2.77164 1.6
      vertex -1.14805 2.77164 1.6
    endloop
  endfacet
  facet normal 0 0 1
    outer loop
      vertex -1.41419 2.64576 1.6
      vertex -1.41419 -2.64576 1.6
      vertex -1.14805 -2.77164 1.6
    endloop
  endfacet
  facet normal -0 0 1
    outer loop
      vertex -1.66671 2.49441 1.6
      vertex -1.41419 -2.64576 1.6
      vertex -1.41419 2.64576 1.6
    endloop
  endfacet
  facet normal 0 0 1
    outer loop
      vertex -1.66671 2.49441 1.6
      vertex -1.66671 -2.49441 1.6
      vertex -1.41419 -2.64576 1.6
    endloop
  endfacet
  facet normal -0 0 1
    outer loop
      vertex -1.90318 2.31903 1.6
      vertex -1.66671 -2.49441 1.6
      vertex -1.66671 2.49441 1.6
    endloop
  endfacet
  facet normal 0 0 1
    outer loop
      vertex -1.90318 2.31903 1.6
      vertex -1.90318 -2.31903 1.6
      vertex -1.66671 -2.49441 1.6
    endloop
  endfacet
  facet normal -0 0 1
    outer loop
      vertex -2.12132 2.12132 1.6
      vertex -1.90318 -2.31903 1.6
      vertex -1.90318 2.31903 1.6
    endloop
  endfacet
  facet normal 0 0 1
    outer loop
      vertex -2.12132 2.12132 1.6
      vertex -2.12132 -2.12132 1.6
      vertex -1.90318 -2.31903 1.6
    endloop
  endfacet
  facet normal -0 0 1
    outer loop
      vertex -2.31903 1.90318 1.6
      vertex -2.12132 -2.12132 1.6
      vertex -2.12132 2.12132 1.6
    endloop
  endfacet
  facet normal 0 0 1
    outer loop
      vertex -2.31903 1.90318 1.6
      vertex -2.31903 -1.90318 1.6
      vertex -2.12132 -2.12132 1.6
    endloop
  endfacet
  facet normal -0 0 1
    outer loop
      vertex -2.49441 1.66671 1.6
      vertex -2.31903 -1.90318 1.6
      vertex -2.31903 1.90318 1.6
    endloop
  endfacet
  facet normal 0 0 1
    outer loop
      vertex -2.49441 1.66671 1.6
      vertex -2.49441 -1.66671 1.6
      vertex -2.31903 -1.90318 1.6
    endloop
  endfacet
  facet normal -0 0 1
    outer loop
      vertex -2.64576 1.41419 1.6
      vertex -2.49441 -1.66671 1.6
      vertex -2.49441 1.66671 1.6
    endloop
  endfacet
  facet normal 0 0 1
    outer loop
      vertex -2.64576 1.41419 1.6
      vertex -2.64576 -1.41419 1.6
      vertex -2.49441 -1.66671 1.6
    endloop
  endfacet
  facet normal -0 0 1
    outer loop
      vertex -2.77164 1.14805 1.6
      vertex -2.64576 -1.41419 1.6
      vertex -2.64576 1.41419 1.6
    endloop
  endfacet
  facet normal 0 0 1
    outer loop
      vertex -2.77164 1.14805 1.6
      vertex -2.77164 -1.14805 1.6
      vertex -2.64576 -1.41419 1.6
    endloop
  endfacet
  facet normal -0 0 1
    outer loop
      vertex -2.87082 0.870853 1.6
      vertex -2.77164 -1.14805 1.6
      vertex -2.77164 1.14805 1.6
    endloop
  endfacet
  facet normal 0 0 1
    outer loop
      vertex -2.87082 0.870853 1.6
      vertex -2.87082 -0.870853 1.6
      vertex -2.77164 -1.14805 1.6
    endloop
  endfacet
  facet normal -0 0 1
    outer loop
      vertex -2.94236 0.585271 1.6
      vertex -2.87082 -0.870853 1.6
      vertex -2.87082 0.870853 1.6
    endloop
  endfacet
  facet normal 0 0 1
    outer loop
      vertex -2.94236 0.585271 1.6
      vertex -2.94236 -0.585271 1.6
      vertex -2.87082 -0.870853 1.6
    endloop
  endfacet
  facet normal -0 0 1
    outer loop
      vertex -2.98555 0.294051 1.6
      vertex -2.94236 -0.585271 1.6
      vertex -2.94236 0.585271 1.6
    endloop
  endfacet
  facet normal 0 0 1
    outer loop
      vertex -2.98555 0.294051 1.6
      vertex -2.98555 -0.294051 1.6
      vertex -2.94236 -0.585271 1.6
    endloop
  endfacet
  facet normal 0 -0 1
    outer loop
      vertex -2.98555 -0.294051 1.6
      vertex -2.98555 0.294051 1.6
      vertex -3 0 1.6
    endloop
  endfacet
  facet normal 0.970027 -0.242998 0
    outer loop
      vertex 2.87082 -0.870853 1.6
      vertex 2.94236 -0.585271 5.72205e-07
      vertex 2.94236 -0.585271 1.6
    endloop
  endfacet
  facet normal 0.970027 -0.242998 0
    outer loop
      vertex 2.94236 -0.585271 5.72205e-07
      vertex 2.87082 -0.870853 1.6
      vertex 2.87082 -0.870853 5.72205e-07
    endloop
  endfacet
  facet normal 0.989181 -0.146703 0
    outer loop
      vertex 2.94236 -0.585271 1.6
      vertex 2.98555 -0.294051 5.72205e-07
      vertex 2.98555 -0.294051 1.6
    endloop
  endfacet
  facet normal 0.989181 -0.146703 0
    outer loop
      vertex 2.98555 -0.294051 5.72205e-07
      vertex 2.94236 -0.585271 1.6
      vertex 2.94236 -0.585271 5.72205e-07
    endloop
  endfacet
  facet normal 0.941547 -0.336882 0
    outer loop
      vertex 2.77164 -1.14805 1.6
      vertex 2.87082 -0.870853 5.72205e-07
      vertex 2.87082 -0.870853 1.6
    endloop
  endfacet
  facet normal 0.941547 -0.336882 0
    outer loop
      vertex 2.87082 -0.870853 5.72205e-07
      vertex 2.77164 -1.14805 1.6
      vertex 2.77164 -1.14805 5.72205e-07
    endloop
  endfacet
  facet normal 0.242998 -0.970027 0
    outer loop
      vertex 0.585271 -2.94236 5.72205e-07
      vertex 0.870853 -2.87082 1.6
      vertex 0.585271 -2.94236 1.6
    endloop
  endfacet
  facet normal 0.242998 -0.970027 0
    outer loop
      vertex 0.870853 -2.87082 1.6
      vertex 0.585271 -2.94236 5.72205e-07
      vertex 0.870853 -2.87082 5.72205e-07
    endloop
  endfacet
  facet normal 0.146703 -0.989181 0
    outer loop
      vertex 0.294051 -2.98555 5.72205e-07
      vertex 0.585271 -2.94236 1.6
      vertex 0.294051 -2.98555 1.6
    endloop
  endfacet
  facet normal 0.146703 -0.989181 0
    outer loop
      vertex 0.585271 -2.94236 1.6
      vertex 0.294051 -2.98555 5.72205e-07
      vertex 0.585271 -2.94236 5.72205e-07
    endloop
  endfacet
  facet normal 0.595703 -0.803204 0
    outer loop
      vertex 1.66671 -2.49441 5.72205e-07
      vertex 1.90318 -2.31903 1.6
      vertex 1.66671 -2.49441 1.6
    endloop
  endfacet
  facet normal 0.595703 -0.803204 0
    outer loop
      vertex 1.90318 -2.31903 1.6
      vertex 1.66671 -2.49441 5.72205e-07
      vertex 1.90318 -2.31903 5.72205e-07
    endloop
  endfacet
  facet normal 0.671558 -0.740952 0
    outer loop
      vertex 1.90318 -2.31903 5.72205e-07
      vertex 2.12132 -2.12132 1.6
      vertex 1.90318 -2.31903 1.6
    endloop
  endfacet
  facet normal 0.671558 -0.740952 0
    outer loop
      vertex 2.12132 -2.12132 1.6
      vertex 1.90318 -2.31903 5.72205e-07
      vertex 2.12132 -2.12132 5.72205e-07
    endloop
  endfacet
  facet normal -0.970027 -0.242998 0
    outer loop
      vertex -2.87082 -0.870853 5.72205e-07
      vertex -2.94236 -0.585271 1.6
      vertex -2.94236 -0.585271 5.72205e-07
    endloop
  endfacet
  facet normal -0.970027 -0.242998 0
    outer loop
      vertex -2.94236 -0.585271 1.6
      vertex -2.87082 -0.870853 5.72205e-07
      vertex -2.87082 -0.870853 1.6
    endloop
  endfacet
  facet normal -0.903983 -0.427569 0
    outer loop
      vertex -2.64576 -1.41419 5.72205e-07
      vertex -2.77164 -1.14805 1.6
      vertex -2.77164 -1.14805 5.72205e-07
    endloop
  endfacet
  facet normal -0.903983 -0.427569 0
    outer loop
      vertex -2.77164 -1.14805 1.6
      vertex -2.64576 -1.41419 5.72205e-07
      vertex -2.64576 -1.41419 1.6
    endloop
  endfacet
  facet normal -0.989181 -0.146703 0
    outer loop
      vertex -2.94236 -0.585271 5.72205e-07
      vertex -2.98555 -0.294051 1.6
      vertex -2.98555 -0.294051 5.72205e-07
    endloop
  endfacet
  facet normal -0.989181 -0.146703 0
    outer loop
      vertex -2.98555 -0.294051 1.6
      vertex -2.94236 -0.585271 5.72205e-07
      vertex -2.94236 -0.585271 1.6
    endloop
  endfacet
  facet normal 0 0 -1
    outer loop
      vertex 1.5466 -0.135794 5.72205e-07
      vertex 3 0 5.72205e-07
      vertex 2.98555 -0.294051 5.72205e-07
    endloop
  endfacet
  facet normal 0 0 -1
    outer loop
      vertex 1.52584 -0.286733 5.72205e-07
      vertex 2.98555 -0.294051 5.72205e-07
      vertex 2.94236 -0.585271 5.72205e-07
    endloop
  endfacet
  facet normal -0 0 -1
    outer loop
      vertex 3 0 5.72205e-07
      vertex 1.5466 -0.135794 5.72205e-07
      vertex 1.55327 0 5.72205e-07
    endloop
  endfacet
  facet normal 0 0 -1
    outer loop
      vertex 1.51942 -0.319006 5.72205e-07
      vertex 2.94236 -0.585271 5.72205e-07
      vertex 2.87082 -0.870853 5.72205e-07
    endloop
  endfacet
  facet normal 0 0 -1
    outer loop
      vertex 3 0 5.72205e-07
      vertex 1.5466 0.135794 5.72205e-07
      vertex 2.98555 0.294051 5.72205e-07
    endloop
  endfacet
  facet normal 0 0 -1
    outer loop
      vertex 1.48083 -0.466398 5.72205e-07
      vertex 2.87082 -0.870853 5.72205e-07
      vertex 2.77164 -1.14805 5.72205e-07
    endloop
  endfacet
  facet normal 0 0 -1
    outer loop
      vertex 1.54579 0.152246 5.72205e-07
      vertex 2.98555 0.294051 5.72205e-07
      vertex 1.5466 0.135794 5.72205e-07
    endloop
  endfacet
  facet normal 0 0 -1
    outer loop
      vertex 1.42799 -0.6093 5.72205e-07
      vertex 2.77164 -1.14805 5.72205e-07
      vertex 2.64576 -1.41419 5.72205e-07
    endloop
  endfacet
  facet normal 0 0 -1
    outer loop
      vertex 1.52584 0.286733 5.72205e-07
      vertex 2.98555 0.294051 5.72205e-07
      vertex 1.54579 0.152246 5.72205e-07
    endloop
  endfacet
  facet normal 0 0 -1
    outer loop
      vertex 1.29996 -0.848819 5.72205e-07
      vertex 2.64576 -1.41419 5.72205e-07
      vertex 2.49441 -1.66671 5.72205e-07
    endloop
  endfacet
  facet normal -0 0 -1
    outer loop
      vertex 2.98555 0.294051 5.72205e-07
      vertex 1.52584 0.286733 5.72205e-07
      vertex 2.94236 0.585271 5.72205e-07
    endloop
  endfacet
  facet normal 0 0 -1
    outer loop
      vertex 1.2105 -0.972151 5.72205e-07
      vertex 2.49441 -1.66671 5.72205e-07
      vertex 2.31903 -1.90318 5.72205e-07
    endloop
  endfacet
  facet normal 0 0 -1
    outer loop
      vertex 1.52342 0.303027 5.72205e-07
      vertex 2.94236 0.585271 5.72205e-07
      vertex 1.52584 0.286733 5.72205e-07
    endloop
  endfacet
  facet normal 0 0 -1
    outer loop
      vertex 1.18963 -0.997586 5.72205e-07
      vertex 2.31903 -1.90318 5.72205e-07
      vertex 2.12132 -2.12132 5.72205e-07
    endloop
  endfacet
  facet normal 0 0 -1
    outer loop
      vertex 1.51942 0.319006 5.72205e-07
      vertex 2.94236 0.585271 5.72205e-07
      vertex 1.52342 0.303027 5.72205e-07
    endloop
  endfacet
  facet normal 0 0 -1
    outer loop
      vertex 0.997586 -1.18963 5.72205e-07
      vertex 2.12132 -2.12132 5.72205e-07
      vertex 1.90318 -2.31903 5.72205e-07
    endloop
  endfacet
  facet normal -0 0 -1
    outer loop
      vertex 2.94236 0.585271 5.72205e-07
      vertex 1.51942 0.319006 5.72205e-07
      vertex 2.87082 0.870853 5.72205e-07
    endloop
  endfacet
  facet normal 0 0 -1
    outer loop
      vertex 0.972151 -1.2105 5.72205e-07
      vertex 1.90318 -2.31903 5.72205e-07
      vertex 1.66671 -2.49441 5.72205e-07
    endloop
  endfacet
  facet normal 0 0 -1
    outer loop
      vertex 1.48638 0.450889 5.72205e-07
      vertex 2.87082 0.870853 5.72205e-07
      vertex 1.51942 0.319006 5.72205e-07
    endloop
  endfacet
  facet normal 0 0 -1
    outer loop
      vertex 1.48083 0.466398 5.72205e-07
      vertex 2.87082 0.870853 5.72205e-07
      vertex 1.48638 0.450889 5.72205e-07
    endloop
  endfacet
  facet normal 0 0 -1
    outer loop
      vertex 1.5466 0.135794 5.72205e-07
      vertex 3 0 5.72205e-07
      vertex 1.55327 0 5.72205e-07
    endloop
  endfacet
  facet normal 0 0 -1
    outer loop
      vertex 2.98555 -0.294051 5.72205e-07
      vertex 1.54579 -0.152246 5.72205e-07
      vertex 1.5466 -0.135794 5.72205e-07
    endloop
  endfacet
  facet normal 0 0 -1
    outer loop
      vertex 2.98555 -0.294051 5.72205e-07
      vertex 1.52584 -0.286733 5.72205e-07
      vertex 1.54579 -0.152246 5.72205e-07
    endloop
  endfacet
  facet normal 0 0 -1
    outer loop
      vertex 2.94236 -0.585271 5.72205e-07
      vertex 1.52342 -0.303027 5.72205e-07
      vertex 1.52584 -0.286733 5.72205e-07
    endloop
  endfacet
  facet normal 0 0 -1
    outer loop
      vertex 2.94236 -0.585271 5.72205e-07
      vertex 1.51942 -0.319006 5.72205e-07
      vertex 1.52342 -0.303027 5.72205e-07
    endloop
  endfacet
  facet normal 0 0 -1
    outer loop
      vertex 2.87082 -0.870853 5.72205e-07
      vertex 1.48638 -0.450889 5.72205e-07
      vertex 1.51942 -0.319006 5.72205e-07
    endloop
  endfacet
  facet normal 0 0 -1
    outer loop
      vertex 2.87082 -0.870853 5.72205e-07
      vertex 1.48083 -0.466398 5.72205e-07
      vertex 1.48638 -0.450889 5.72205e-07
    endloop
  endfacet
  facet normal 0 0 -1
    outer loop
      vertex 2.77164 -1.14805 5.72205e-07
      vertex 1.43503 -0.594409 5.72205e-07
      vertex 1.48083 -0.466398 5.72205e-07
    endloop
  endfacet
  facet normal 0 0 -1
    outer loop
      vertex 2.77164 -1.14805 5.72205e-07
      vertex 1.42799 -0.6093 5.72205e-07
      vertex 1.43503 -0.594409 5.72205e-07
    endloop
  endfacet
  facet normal 0 0 -1
    outer loop
      vertex 0.848819 -1.29996 5.72205e-07
      vertex 1.66671 -2.49441 5.72205e-07
      vertex 1.41419 -2.64576 5.72205e-07
    endloop
  endfacet
  facet normal 0 0 -1
    outer loop
      vertex 2.64576 -1.41419 5.72205e-07
      vertex 1.36986 -0.732204 5.72205e-07
      vertex 1.42799 -0.6093 5.72205e-07
    endloop
  endfacet
  facet normal 0 0 -1
    outer loop
      vertex 2.64576 -1.41419 5.72205e-07
      vertex 1.29996 -0.848819 5.72205e-07
      vertex 1.36986 -0.732204 5.72205e-07
    endloop
  endfacet
  facet normal 0 0 -1
    outer loop
      vertex 2.49441 -1.66671 5.72205e-07
      vertex 1.29149 -0.862948 5.72205e-07
      vertex 1.29996 -0.848819 5.72205e-07
    endloop
  endfacet
  facet normal 0 0 -1
    outer loop
      vertex 2.49441 -1.66671 5.72205e-07
      vertex 1.2105 -0.972151 5.72205e-07
      vertex 1.29149 -0.862948 5.72205e-07
    endloop
  endfacet
  facet normal 0 0 -1
    outer loop
      vertex 2.31903 -1.90318 5.72205e-07
      vertex 1.20069 -0.985381 5.72205e-07
      vertex 1.2105 -0.972151 5.72205e-07
    endloop
  endfacet
  facet normal 0 0 -1
    outer loop
      vertex 2.31903 -1.90318 5.72205e-07
      vertex 1.18963 -0.997586 5.72205e-07
      vertex 1.20069 -0.985381 5.72205e-07
    endloop
  endfacet
  facet normal 0 0 -1
    outer loop
      vertex 0.6093 -1.42799 5.72205e-07
      vertex 1.41419 -2.64576 5.72205e-07
      vertex 1.14805 -2.77164 5.72205e-07
    endloop
  endfacet
  facet normal 0 0 -1
    outer loop
      vertex 2.12132 -2.12132 5.72205e-07
      vertex 1.09833 -1.09833 5.72205e-07
      vertex 1.18963 -0.997586 5.72205e-07
    endloop
  endfacet
  facet normal 0 0 -1
    outer loop
      vertex 2.12132 -2.12132 5.72205e-07
      vertex 0.997586 -1.18963 5.72205e-07
      vertex 1.09833 -1.09833 5.72205e-07
    endloop
  endfacet
  facet normal 0 0 -1
    outer loop
      vertex 1.90318 -2.31903 5.72205e-07
      vertex 0.985381 -1.20069 5.72205e-07
      vertex 0.997586 -1.18963 5.72205e-07
    endloop
  endfacet
  facet normal 0 0 -1
    outer loop
      vertex 1.90318 -2.31903 5.72205e-07
      vertex 0.972151 -1.2105 5.72205e-07
      vertex 0.985381 -1.20069 5.72205e-07
    endloop
  endfacet
  facet normal 0 0 -1
    outer loop
      vertex 0.466398 -1.48083 5.72205e-07
      vertex 1.14805 -2.77164 5.72205e-07
      vertex 0.870853 -2.87082 5.72205e-07
    endloop
  endfacet
  facet normal 0 0 -1
    outer loop
      vertex 1.66671 -2.49441 5.72205e-07
      vertex 0.862948 -1.29149 5.72205e-07
      vertex 0.972151 -1.2105 5.72205e-07
    endloop
  endfacet
  facet normal 0 0 -1
    outer loop
      vertex 1.66671 -2.49441 5.72205e-07
      vertex 0.848819 -1.29996 5.72205e-07
      vertex 0.862948 -1.29149 5.72205e-07
    endloop
  endfacet
  facet normal 0 0 -1
    outer loop
      vertex 1.41419 -2.64576 5.72205e-07
      vertex 0.732204 -1.36986 5.72205e-07
      vertex 0.848819 -1.29996 5.72205e-07
    endloop
  endfacet
  facet normal 0 0 -1
    outer loop
      vertex 1.41419 -2.64576 5.72205e-07
      vertex 0.6093 -1.42799 5.72205e-07
      vertex 0.732204 -1.36986 5.72205e-07
    endloop
  endfacet
  facet normal 0 0 -1
    outer loop
      vertex 1.14805 -2.77164 5.72205e-07
      vertex 0.594409 -1.43503 5.72205e-07
      vertex 0.6093 -1.42799 5.72205e-07
    endloop
  endfacet
  facet normal 0 0 -1
    outer loop
      vertex 0.319006 -1.51942 5.72205e-07
      vertex 0.870853 -2.87082 5.72205e-07
      vertex 0.585271 -2.94236 5.72205e-07
    endloop
  endfacet
  facet normal 0 0 -1
    outer loop
      vertex 1.14805 -2.77164 5.72205e-07
      vertex 0.466398 -1.48083 5.72205e-07
      vertex 0.594409 -1.43503 5.72205e-07
    endloop
  endfacet
  facet normal 0 0 -1
    outer loop
      vertex 0.870853 -2.87082 5.72205e-07
      vertex 0.450889 -1.48638 5.72205e-07
      vertex 0.466398 -1.48083 5.72205e-07
    endloop
  endfacet
  facet normal 0 0 -1
    outer loop
      vertex 0.870853 -2.87082 5.72205e-07
      vertex 0.319006 -1.51942 5.72205e-07
      vertex 0.450889 -1.48638 5.72205e-07
    endloop
  endfacet
  facet normal 0 0 -1
    outer loop
      vertex 0.585271 -2.94236 5.72205e-07
      vertex 0.303027 -1.52342 5.72205e-07
      vertex 0.319006 -1.51942 5.72205e-07
    endloop
  endfacet
  facet normal 0 0 -1
    outer loop
      vertex 0.286733 -1.52584 5.72205e-07
      vertex 0.585271 -2.94236 5.72205e-07
      vertex 0.294051 -2.98555 5.72205e-07
    endloop
  endfacet
  facet normal 0 0 -1
    outer loop
      vertex 0.585271 -2.94236 5.72205e-07
      vertex 0.286733 -1.52584 5.72205e-07
      vertex 0.303027 -1.52342 5.72205e-07
    endloop
  endfacet
  facet normal 0 0 -1
    outer loop
      vertex 0.294051 -2.98555 5.72205e-07
      vertex 0.152246 -1.54579 5.72205e-07
      vertex 0.286733 -1.52584 5.72205e-07
    endloop
  endfacet
  facet normal 0 0 -1
    outer loop
      vertex 0.294051 -2.98555 5.72205e-07
      vertex 0.135794 -1.5466 5.72205e-07
      vertex 0.152246 -1.54579 5.72205e-07
    endloop
  endfacet
  facet normal 0 0 -1
    outer loop
      vertex 0 -3 5.72205e-07
      vertex 0.135794 -1.5466 5.72205e-07
      vertex 0.294051 -2.98555 5.72205e-07
    endloop
  endfacet
  facet normal 0 0 -1
    outer loop
      vertex 0 -3 5.72205e-07
      vertex 0 -1.55327 5.72205e-07
      vertex 0.135794 -1.5466 5.72205e-07
    endloop
  endfacet
  facet normal 0 0 -1
    outer loop
      vertex 0 -3 5.72205e-07
      vertex -0.135794 -1.5466 5.72205e-07
      vertex 0 -1.55327 5.72205e-07
    endloop
  endfacet
  facet normal 0 0 -1
    outer loop
      vertex -0.294051 -2.98555 5.72205e-07
      vertex -0.135794 -1.5466 5.72205e-07
      vertex 0 -3 5.72205e-07
    endloop
  endfacet
  facet normal -0 0 -1
    outer loop
      vertex -0.135794 -1.5466 5.72205e-07
      vertex -0.294051 -2.98555 5.72205e-07
      vertex -0.152246 -1.54579 5.72205e-07
    endloop
  endfacet
  facet normal -0 0 -1
    outer loop
      vertex -0.152246 -1.54579 5.72205e-07
      vertex -0.294051 -2.98555 5.72205e-07
      vertex -0.286733 -1.52584 5.72205e-07
    endloop
  endfacet
  facet normal 0 0 -1
    outer loop
      vertex -0.585271 -2.94236 5.72205e-07
      vertex -0.286733 -1.52584 5.72205e-07
      vertex -0.294051 -2.98555 5.72205e-07
    endloop
  endfacet
  facet normal -0 0 -1
    outer loop
      vertex -0.286733 -1.52584 5.72205e-07
      vertex -0.585271 -2.94236 5.72205e-07
      vertex -0.303027 -1.52342 5.72205e-07
    endloop
  endfacet
  facet normal -0 0 -1
    outer loop
      vertex -0.303027 -1.52342 5.72205e-07
      vertex -0.585271 -2.94236 5.72205e-07
      vertex -0.319006 -1.51942 5.72205e-07
    endloop
  endfacet
  facet normal 0 0 -1
    outer loop
      vertex -0.870853 -2.87082 5.72205e-07
      vertex -0.319006 -1.51942 5.72205e-07
      vertex -0.585271 -2.94236 5.72205e-07
    endloop
  endfacet
  facet normal -0 0 -1
    outer loop
      vertex -0.319006 -1.51942 5.72205e-07
      vertex -0.870853 -2.87082 5.72205e-07
      vertex -0.450889 -1.48638 5.72205e-07
    endloop
  endfacet
  facet normal -0 0 -1
    outer loop
      vertex -0.450889 -1.48638 5.72205e-07
      vertex -0.870853 -2.87082 5.72205e-07
      vertex -0.466398 -1.48083 5.72205e-07
    endloop
  endfacet
  facet normal 0 0 -1
    outer loop
      vertex -1.14805 -2.77164 5.72205e-07
      vertex -0.466398 -1.48083 5.72205e-07
      vertex -0.870853 -2.87082 5.72205e-07
    endloop
  endfacet
  facet normal -0 0 -1
    outer loop
      vertex -0.466398 -1.48083 5.72205e-07
      vertex -1.14805 -2.77164 5.72205e-07
      vertex -0.594409 -1.43503 5.72205e-07
    endloop
  endfacet
  facet normal -0 0 -1
    outer loop
      vertex -0.594409 -1.43503 5.72205e-07
      vertex -1.14805 -2.77164 5.72205e-07
      vertex -0.6093 -1.42799 5.72205e-07
    endloop
  endfacet
  facet normal 0 0 -1
    outer loop
      vertex -1.41419 -2.64576 5.72205e-07
      vertex -0.6093 -1.42799 5.72205e-07
      vertex -1.14805 -2.77164 5.72205e-07
    endloop
  endfacet
  facet normal -0 0 -1
    outer loop
      vertex -0.6093 -1.42799 5.72205e-07
      vertex -1.41419 -2.64576 5.72205e-07
      vertex -0.732204 -1.36986 5.72205e-07
    endloop
  endfacet
  facet normal -0 0 -1
    outer loop
      vertex -0.732204 -1.36986 5.72205e-07
      vertex -1.41419 -2.64576 5.72205e-07
      vertex -0.848819 -1.29996 5.72205e-07
    endloop
  endfacet
  facet normal 0 0 -1
    outer loop
      vertex -1.66671 -2.49441 5.72205e-07
      vertex -0.848819 -1.29996 5.72205e-07
      vertex -1.41419 -2.64576 5.72205e-07
    endloop
  endfacet
  facet normal -0 0 -1
    outer loop
      vertex -0.848819 -1.29996 5.72205e-07
      vertex -1.66671 -2.49441 5.72205e-07
      vertex -0.862948 -1.29149 5.72205e-07
    endloop
  endfacet
  facet normal -0 0 -1
    outer loop
      vertex -0.862948 -1.29149 5.72205e-07
      vertex -1.66671 -2.49441 5.72205e-07
      vertex -0.972151 -1.2105 5.72205e-07
    endloop
  endfacet
  facet normal 0 0 -1
    outer loop
      vertex -1.90318 -2.31903 5.72205e-07
      vertex -0.972151 -1.2105 5.72205e-07
      vertex -1.66671 -2.49441 5.72205e-07
    endloop
  endfacet
  facet normal -0 0 -1
    outer loop
      vertex -0.972151 -1.2105 5.72205e-07
      vertex -1.90318 -2.31903 5.72205e-07
      vertex -0.985381 -1.20069 5.72205e-07
    endloop
  endfacet
  facet normal -0 0 -1
    outer loop
      vertex -0.985381 -1.20069 5.72205e-07
      vertex -1.90318 -2.31903 5.72205e-07
      vertex -0.997586 -1.18963 5.72205e-07
    endloop
  endfacet
  facet normal 0 0 -1
    outer loop
      vertex -2.12132 -2.12132 5.72205e-07
      vertex -0.997586 -1.18963 5.72205e-07
      vertex -1.90318 -2.31903 5.72205e-07
    endloop
  endfacet
  facet normal -0 0 -1
    outer loop
      vertex -0.997586 -1.18963 5.72205e-07
      vertex -2.12132 -2.12132 5.72205e-07
      vertex -1.09833 -1.09833 5.72205e-07
    endloop
  endfacet
  facet normal -0 0 -1
    outer loop
      vertex -1.09833 -1.09833 5.72205e-07
      vertex -2.12132 -2.12132 5.72205e-07
      vertex -1.18963 -0.997586 5.72205e-07
    endloop
  endfacet
  facet normal 0 0 -1
    outer loop
      vertex -2.31903 -1.90318 5.72205e-07
      vertex -1.18963 -0.997586 5.72205e-07
      vertex -2.12132 -2.12132 5.72205e-07
    endloop
  endfacet
  facet normal -0 0 -1
    outer loop
      vertex -1.18963 -0.997586 5.72205e-07
      vertex -2.31903 -1.90318 5.72205e-07
      vertex -1.20069 -0.985381 5.72205e-07
    endloop
  endfacet
  facet normal -0 0 -1
    outer loop
      vertex -1.20069 -0.985381 5.72205e-07
      vertex -2.31903 -1.90318 5.72205e-07
      vertex -1.2105 -0.972151 5.72205e-07
    endloop
  endfacet
  facet normal 0 0 -1
    outer loop
      vertex -2.49441 -1.66671 5.72205e-07
      vertex -1.2105 -0.972151 5.72205e-07
      vertex -2.31903 -1.90318 5.72205e-07
    endloop
  endfacet
  facet normal -0 0 -1
    outer loop
      vertex -1.2105 -0.972151 5.72205e-07
      vertex -2.49441 -1.66671 5.72205e-07
      vertex -1.29149 -0.862948 5.72205e-07
    endloop
  endfacet
  facet normal -0 0 -1
    outer loop
      vertex -1.29149 -0.862948 5.72205e-07
      vertex -2.49441 -1.66671 5.72205e-07
      vertex -1.29996 -0.848819 5.72205e-07
    endloop
  endfacet
  facet normal 0 0 -1
    outer loop
      vertex -2.64576 -1.41419 5.72205e-07
      vertex -1.29996 -0.848819 5.72205e-07
      vertex -2.49441 -1.66671 5.72205e-07
    endloop
  endfacet
  facet normal -0 0 -1
    outer loop
      vertex -1.29996 -0.848819 5.72205e-07
      vertex -2.64576 -1.41419 5.72205e-07
      vertex -1.36986 -0.732204 5.72205e-07
    endloop
  endfacet
  facet normal -0 0 -1
    outer loop
      vertex -1.36986 -0.732204 5.72205e-07
      vertex -2.64576 -1.41419 5.72205e-07
      vertex -1.42799 -0.6093 5.72205e-07
    endloop
  endfacet
  facet normal 0 0 -1
    outer loop
      vertex -2.77164 -1.14805 5.72205e-07
      vertex -1.42799 -0.6093 5.72205e-07
      vertex -2.64576 -1.41419 5.72205e-07
    endloop
  endfacet
  facet normal 0 0 -1
    outer loop
      vertex -2.87082 -0.870853 5.72205e-07
      vertex -1.48083 -0.466398 5.72205e-07
      vertex -2.77164 -1.14805 5.72205e-07
    endloop
  endfacet
  facet normal -0 0 -1
    outer loop
      vertex -1.43503 -0.594409 5.72205e-07
      vertex -2.77164 -1.14805 5.72205e-07
      vertex -1.48083 -0.466398 5.72205e-07
    endloop
  endfacet
  facet normal -0 0 -1
    outer loop
      vertex -1.42799 -0.6093 5.72205e-07
      vertex -2.77164 -1.14805 5.72205e-07
      vertex -1.43503 -0.594409 5.72205e-07
    endloop
  endfacet
  facet normal -0 0 -1
    outer loop
      vertex 2.87082 0.870853 5.72205e-07
      vertex 1.48083 0.466398 5.72205e-07
      vertex 2.77164 1.14805 5.72205e-07
    endloop
  endfacet
  facet normal 0 0 -1
    outer loop
      vertex 1.43503 0.594409 5.72205e-07
      vertex 2.77164 1.14805 5.72205e-07
      vertex 1.48083 0.466398 5.72205e-07
    endloop
  endfacet
  facet normal 0 0 -1
    outer loop
      vertex 1.42799 0.6093 5.72205e-07
      vertex 2.77164 1.14805 5.72205e-07
      vertex 1.43503 0.594409 5.72205e-07
    endloop
  endfacet
  facet normal -0 0 -1
    outer loop
      vertex 2.77164 1.14805 5.72205e-07
      vertex 1.42799 0.6093 5.72205e-07
      vertex 2.64576 1.41419 5.72205e-07
    endloop
  endfacet
  facet normal 0 0 -1
    outer loop
      vertex 1.36986 0.732204 5.72205e-07
      vertex 2.64576 1.41419 5.72205e-07
      vertex 1.42799 0.6093 5.72205e-07
    endloop
  endfacet
  facet normal 0 0 -1
    outer loop
      vertex 1.29996 0.848819 5.72205e-07
      vertex 2.64576 1.41419 5.72205e-07
      vertex 1.36986 0.732204 5.72205e-07
    endloop
  endfacet
  facet normal -0 0 -1
    outer loop
      vertex 2.64576 1.41419 5.72205e-07
      vertex 1.29996 0.848819 5.72205e-07
      vertex 2.49441 1.66671 5.72205e-07
    endloop
  endfacet
  facet normal 0 0 -1
    outer loop
      vertex 1.29149 0.862948 5.72205e-07
      vertex 2.49441 1.66671 5.72205e-07
      vertex 1.29996 0.848819 5.72205e-07
    endloop
  endfacet
  facet normal 0 0 -1
    outer loop
      vertex 1.2105 0.972151 5.72205e-07
      vertex 2.49441 1.66671 5.72205e-07
      vertex 1.29149 0.862948 5.72205e-07
    endloop
  endfacet
  facet normal -0 0 -1
    outer loop
      vertex 2.49441 1.66671 5.72205e-07
      vertex 1.2105 0.972151 5.72205e-07
      vertex 2.31903 1.90318 5.72205e-07
    endloop
  endfacet
  facet normal 0 0 -1
    outer loop
      vertex 1.20069 0.985381 5.72205e-07
      vertex 2.31903 1.90318 5.72205e-07
      vertex 1.2105 0.972151 5.72205e-07
    endloop
  endfacet
  facet normal 0 0 -1
    outer loop
      vertex 1.18963 0.997586 5.72205e-07
      vertex 2.31903 1.90318 5.72205e-07
      vertex 1.20069 0.985381 5.72205e-07
    endloop
  endfacet
  facet normal -0 0 -1
    outer loop
      vertex 2.31903 1.90318 5.72205e-07
      vertex 1.18963 0.997586 5.72205e-07
      vertex 2.12132 2.12132 5.72205e-07
    endloop
  endfacet
  facet normal 0 0 -1
    outer loop
      vertex 1.09833 1.09833 5.72205e-07
      vertex 2.12132 2.12132 5.72205e-07
      vertex 1.18963 0.997586 5.72205e-07
    endloop
  endfacet
  facet normal 0 0 -1
    outer loop
      vertex 0.997586 1.18963 5.72205e-07
      vertex 2.12132 2.12132 5.72205e-07
      vertex 1.09833 1.09833 5.72205e-07
    endloop
  endfacet
  facet normal -0 0 -1
    outer loop
      vertex 2.12132 2.12132 5.72205e-07
      vertex 0.997586 1.18963 5.72205e-07
      vertex 1.90318 2.31903 5.72205e-07
    endloop
  endfacet
  facet normal 0 0 -1
    outer loop
      vertex 0.985381 1.20069 5.72205e-07
      vertex 1.90318 2.31903 5.72205e-07
      vertex 0.997586 1.18963 5.72205e-07
    endloop
  endfacet
  facet normal 0 0 -1
    outer loop
      vertex 0.972151 1.2105 5.72205e-07
      vertex 1.90318 2.31903 5.72205e-07
      vertex 0.985381 1.20069 5.72205e-07
    endloop
  endfacet
  facet normal -0 0 -1
    outer loop
      vertex 1.90318 2.31903 5.72205e-07
      vertex 0.972151 1.2105 5.72205e-07
      vertex 1.66671 2.49441 5.72205e-07
    endloop
  endfacet
  facet normal 0 0 -1
    outer loop
      vertex 0.862948 1.29149 5.72205e-07
      vertex 1.66671 2.49441 5.72205e-07
      vertex 0.972151 1.2105 5.72205e-07
    endloop
  endfacet
  facet normal 0 0 -1
    outer loop
      vertex 0.848819 1.29996 5.72205e-07
      vertex 1.66671 2.49441 5.72205e-07
      vertex 0.862948 1.29149 5.72205e-07
    endloop
  endfacet
  facet normal -0 0 -1
    outer loop
      vertex 1.66671 2.49441 5.72205e-07
      vertex 0.848819 1.29996 5.72205e-07
      vertex 1.41419 2.64576 5.72205e-07
    endloop
  endfacet
  facet normal 0 0 -1
    outer loop
      vertex 0.732204 1.36986 5.72205e-07
      vertex 1.41419 2.64576 5.72205e-07
      vertex 0.848819 1.29996 5.72205e-07
    endloop
  endfacet
  facet normal 0 0 -1
    outer loop
      vertex 0.6093 1.42799 5.72205e-07
      vertex 1.41419 2.64576 5.72205e-07
      vertex 0.732204 1.36986 5.72205e-07
    endloop
  endfacet
  facet normal -0 0 -1
    outer loop
      vertex 1.41419 2.64576 5.72205e-07
      vertex 0.6093 1.42799 5.72205e-07
      vertex 1.14805 2.77164 5.72205e-07
    endloop
  endfacet
  facet normal 0 0 -1
    outer loop
      vertex 0.594409 1.43503 5.72205e-07
      vertex 1.14805 2.77164 5.72205e-07
      vertex 0.6093 1.42799 5.72205e-07
    endloop
  endfacet
  facet normal 0 0 -1
    outer loop
      vertex 0.466398 1.48083 5.72205e-07
      vertex 1.14805 2.77164 5.72205e-07
      vertex 0.594409 1.43503 5.72205e-07
    endloop
  endfacet
  facet normal -0 0 -1
    outer loop
      vertex 1.14805 2.77164 5.72205e-07
      vertex 0.466398 1.48083 5.72205e-07
      vertex 0.870853 2.87082 5.72205e-07
    endloop
  endfacet
  facet normal 0 0 -1
    outer loop
      vertex 0.450889 1.48638 5.72205e-07
      vertex 0.870853 2.87082 5.72205e-07
      vertex 0.466398 1.48083 5.72205e-07
    endloop
  endfacet
  facet normal 0 0 -1
    outer loop
      vertex 0.319006 1.51942 5.72205e-07
      vertex 0.870853 2.87082 5.72205e-07
      vertex 0.450889 1.48638 5.72205e-07
    endloop
  endfacet
  facet normal -0 0 -1
    outer loop
      vertex 0.870853 2.87082 5.72205e-07
      vertex 0.319006 1.51942 5.72205e-07
      vertex 0.585271 2.94236 5.72205e-07
    endloop
  endfacet
  facet normal 0 0 -1
    outer loop
      vertex 0.303027 1.52342 5.72205e-07
      vertex 0.585271 2.94236 5.72205e-07
      vertex 0.319006 1.51942 5.72205e-07
    endloop
  endfacet
  facet normal 0 0 -1
    outer loop
      vertex 0.286733 1.52584 5.72205e-07
      vertex 0.585271 2.94236 5.72205e-07
      vertex 0.303027 1.52342 5.72205e-07
    endloop
  endfacet
  facet normal -0 0 -1
    outer loop
      vertex 0.585271 2.94236 5.72205e-07
      vertex 0.286733 1.52584 5.72205e-07
      vertex 0.294051 2.98555 5.72205e-07
    endloop
  endfacet
  facet normal 0 0 -1
    outer loop
      vertex 0.152246 1.54579 5.72205e-07
      vertex 0.294051 2.98555 5.72205e-07
      vertex 0.286733 1.52584 5.72205e-07
    endloop
  endfacet
  facet normal 0 0 -1
    outer loop
      vertex 0.135794 1.5466 5.72205e-07
      vertex 0.294051 2.98555 5.72205e-07
      vertex 0.152246 1.54579 5.72205e-07
    endloop
  endfacet
  facet normal 0 0 -1
    outer loop
      vertex 0 3 5.72205e-07
      vertex 0.135794 1.5466 5.72205e-07
      vertex 0 1.55327 5.72205e-07
    endloop
  endfacet
  facet normal 0 0 -1
    outer loop
      vertex 0.135794 1.5466 5.72205e-07
      vertex 0 3 5.72205e-07
      vertex 0.294051 2.98555 5.72205e-07
    endloop
  endfacet
  facet normal 0 0 -1
    outer loop
      vertex -0.135794 1.5466 5.72205e-07
      vertex 0 3 5.72205e-07
      vertex 0 1.55327 5.72205e-07
    endloop
  endfacet
  facet normal 0 0 -1
    outer loop
      vertex -0.294051 2.98555 5.72205e-07
      vertex -0.135794 1.5466 5.72205e-07
      vertex -0.152246 1.54579 5.72205e-07
    endloop
  endfacet
  facet normal 0 0 -1
    outer loop
      vertex -0.294051 2.98555 5.72205e-07
      vertex -0.152246 1.54579 5.72205e-07
      vertex -0.286733 1.52584 5.72205e-07
    endloop
  endfacet
  facet normal 0 0 -1
    outer loop
      vertex -0.135794 1.5466 5.72205e-07
      vertex -0.294051 2.98555 5.72205e-07
      vertex 0 3 5.72205e-07
    endloop
  endfacet
  facet normal 0 0 -1
    outer loop
      vertex -0.585271 2.94236 5.72205e-07
      vertex -0.286733 1.52584 5.72205e-07
      vertex -0.303027 1.52342 5.72205e-07
    endloop
  endfacet
  facet normal 0 0 -1
    outer loop
      vertex -0.585271 2.94236 5.72205e-07
      vertex -0.303027 1.52342 5.72205e-07
      vertex -0.319006 1.51942 5.72205e-07
    endloop
  endfacet
  facet normal 0 0 -1
    outer loop
      vertex -0.870853 2.87082 5.72205e-07
      vertex -0.319006 1.51942 5.72205e-07
      vertex -0.450889 1.48638 5.72205e-07
    endloop
  endfacet
  facet normal 0 0 -1
    outer loop
      vertex -0.870853 2.87082 5.72205e-07
      vertex -0.450889 1.48638 5.72205e-07
      vertex -0.466398 1.48083 5.72205e-07
    endloop
  endfacet
  facet normal 0 0 -1
    outer loop
      vertex -0.286733 1.52584 5.72205e-07
      vertex -0.585271 2.94236 5.72205e-07
      vertex -0.294051 2.98555 5.72205e-07
    endloop
  endfacet
  facet normal 0 0 -1
    outer loop
      vertex -1.14805 2.77164 5.72205e-07
      vertex -0.466398 1.48083 5.72205e-07
      vertex -0.594409 1.43503 5.72205e-07
    endloop
  endfacet
  facet normal 0 0 -1
    outer loop
      vertex -1.14805 2.77164 5.72205e-07
      vertex -0.594409 1.43503 5.72205e-07
      vertex -0.6093 1.42799 5.72205e-07
    endloop
  endfacet
  facet normal 0 0 -1
    outer loop
      vertex -1.41419 2.64576 5.72205e-07
      vertex -0.6093 1.42799 5.72205e-07
      vertex -0.732204 1.36986 5.72205e-07
    endloop
  endfacet
  facet normal 0 0 -1
    outer loop
      vertex -1.41419 2.64576 5.72205e-07
      vertex -0.732204 1.36986 5.72205e-07
      vertex -0.848819 1.29996 5.72205e-07
    endloop
  endfacet
  facet normal 0 0 -1
    outer loop
      vertex -1.66671 2.49441 5.72205e-07
      vertex -0.848819 1.29996 5.72205e-07
      vertex -0.862948 1.29149 5.72205e-07
    endloop
  endfacet
  facet normal 0 0 -1
    outer loop
      vertex -0.319006 1.51942 5.72205e-07
      vertex -0.870853 2.87082 5.72205e-07
      vertex -0.585271 2.94236 5.72205e-07
    endloop
  endfacet
  facet normal 0 0 -1
    outer loop
      vertex -1.66671 2.49441 5.72205e-07
      vertex -0.862948 1.29149 5.72205e-07
      vertex -0.972151 1.2105 5.72205e-07
    endloop
  endfacet
  facet normal 0 0 -1
    outer loop
      vertex -1.90318 2.31903 5.72205e-07
      vertex -0.972151 1.2105 5.72205e-07
      vertex -0.985381 1.20069 5.72205e-07
    endloop
  endfacet
  facet normal 0 0 -1
    outer loop
      vertex -1.90318 2.31903 5.72205e-07
      vertex -0.985381 1.20069 5.72205e-07
      vertex -0.997586 1.18963 5.72205e-07
    endloop
  endfacet
  facet normal 0 0 -1
    outer loop
      vertex -2.12132 2.12132 5.72205e-07
      vertex -0.997586 1.18963 5.72205e-07
      vertex -1.09833 1.09833 5.72205e-07
    endloop
  endfacet
  facet normal 0 0 -1
    outer loop
      vertex -0.466398 1.48083 5.72205e-07
      vertex -1.14805 2.77164 5.72205e-07
      vertex -0.870853 2.87082 5.72205e-07
    endloop
  endfacet
  facet normal 0 0 -1
    outer loop
      vertex -2.12132 2.12132 5.72205e-07
      vertex -1.09833 1.09833 5.72205e-07
      vertex -1.18963 0.997586 5.72205e-07
    endloop
  endfacet
  facet normal 0 0 -1
    outer loop
      vertex -2.31903 1.90318 5.72205e-07
      vertex -1.18963 0.997586 5.72205e-07
      vertex -1.20069 0.985381 5.72205e-07
    endloop
  endfacet
  facet normal 0 0 -1
    outer loop
      vertex -2.31903 1.90318 5.72205e-07
      vertex -1.20069 0.985381 5.72205e-07
      vertex -1.2105 0.972151 5.72205e-07
    endloop
  endfacet
  facet normal 0 0 -1
    outer loop
      vertex -2.49441 1.66671 5.72205e-07
      vertex -1.2105 0.972151 5.72205e-07
      vertex -1.29149 0.862948 5.72205e-07
    endloop
  endfacet
  facet normal 0 0 -1
    outer loop
      vertex -2.49441 1.66671 5.72205e-07
      vertex -1.29149 0.862948 5.72205e-07
      vertex -1.29996 0.848819 5.72205e-07
    endloop
  endfacet
  facet normal 0 0 -1
    outer loop
      vertex -2.64576 1.41419 5.72205e-07
      vertex -1.29996 0.848819 5.72205e-07
      vertex -1.36986 0.732204 5.72205e-07
    endloop
  endfacet
  facet normal 0 0 -1
    outer loop
      vertex -0.6093 1.42799 5.72205e-07
      vertex -1.41419 2.64576 5.72205e-07
      vertex -1.14805 2.77164 5.72205e-07
    endloop
  endfacet
  facet normal 0 0 -1
    outer loop
      vertex -2.64576 1.41419 5.72205e-07
      vertex -1.36986 0.732204 5.72205e-07
      vertex -1.42799 0.6093 5.72205e-07
    endloop
  endfacet
  facet normal 0 0 -1
    outer loop
      vertex -2.77164 1.14805 5.72205e-07
      vertex -1.42799 0.6093 5.72205e-07
      vertex -1.43503 0.594409 5.72205e-07
    endloop
  endfacet
  facet normal 0 0 -1
    outer loop
      vertex -2.77164 1.14805 5.72205e-07
      vertex -1.43503 0.594409 5.72205e-07
      vertex -1.48083 0.466398 5.72205e-07
    endloop
  endfacet
  facet normal 0 0 -1
    outer loop
      vertex -2.87082 0.870853 5.72205e-07
      vertex -1.48083 0.466398 5.72205e-07
      vertex -1.48638 0.450889 5.72205e-07
    endloop
  endfacet
  facet normal 0 0 -1
    outer loop
      vertex -2.87082 0.870853 5.72205e-07
      vertex -1.48638 0.450889 5.72205e-07
      vertex -1.51942 0.319006 5.72205e-07
    endloop
  endfacet
  facet normal 0 0 -1
    outer loop
      vertex -2.94236 0.585271 5.72205e-07
      vertex -1.51942 0.319006 5.72205e-07
      vertex -1.52342 0.303027 5.72205e-07
    endloop
  endfacet
  facet normal 0 0 -1
    outer loop
      vertex -2.94236 0.585271 5.72205e-07
      vertex -1.52342 0.303027 5.72205e-07
      vertex -1.52584 0.286733 5.72205e-07
    endloop
  endfacet
  facet normal 0 0 -1
    outer loop
      vertex -2.98555 0.294051 5.72205e-07
      vertex -1.52584 0.286733 5.72205e-07
      vertex -1.54579 0.152246 5.72205e-07
    endloop
  endfacet
  facet normal 0 0 -1
    outer loop
      vertex -0.848819 1.29996 5.72205e-07
      vertex -1.66671 2.49441 5.72205e-07
      vertex -1.41419 2.64576 5.72205e-07
    endloop
  endfacet
  facet normal 0 0 -1
    outer loop
      vertex -2.98555 0.294051 5.72205e-07
      vertex -1.54579 0.152246 5.72205e-07
      vertex -1.5466 0.135794 5.72205e-07
    endloop
  endfacet
  facet normal 0 0 -1
    outer loop
      vertex -3 0 5.72205e-07
      vertex -1.5466 0.135794 5.72205e-07
      vertex -1.55327 0 5.72205e-07
    endloop
  endfacet
  facet normal -0 0 -1
    outer loop
      vertex -1.48083 -0.466398 5.72205e-07
      vertex -2.87082 -0.870853 5.72205e-07
      vertex -1.48638 -0.450889 5.72205e-07
    endloop
  endfacet
  facet normal -0 0 -1
    outer loop
      vertex -1.48638 -0.450889 5.72205e-07
      vertex -2.87082 -0.870853 5.72205e-07
      vertex -1.51942 -0.319006 5.72205e-07
    endloop
  endfacet
  facet normal 0 0 -1
    outer loop
      vertex -0.972151 1.2105 5.72205e-07
      vertex -1.90318 2.31903 5.72205e-07
      vertex -1.66671 2.49441 5.72205e-07
    endloop
  endfacet
  facet normal 0 0 -1
    outer loop
      vertex -2.94236 -0.585271 5.72205e-07
      vertex -1.51942 -0.319006 5.72205e-07
      vertex -2.87082 -0.870853 5.72205e-07
    endloop
  endfacet
  facet normal 0 0 -1
    outer loop
      vertex -0.997586 1.18963 5.72205e-07
      vertex -2.12132 2.12132 5.72205e-07
      vertex -1.90318 2.31903 5.72205e-07
    endloop
  endfacet
  facet normal -0 0 -1
    outer loop
      vertex -1.51942 -0.319006 5.72205e-07
      vertex -2.94236 -0.585271 5.72205e-07
      vertex -1.52342 -0.303027 5.72205e-07
    endloop
  endfacet
  facet normal 0 0 -1
    outer loop
      vertex -1.18963 0.997586 5.72205e-07
      vertex -2.31903 1.90318 5.72205e-07
      vertex -2.12132 2.12132 5.72205e-07
    endloop
  endfacet
  facet normal -0 0 -1
    outer loop
      vertex -1.52342 -0.303027 5.72205e-07
      vertex -2.94236 -0.585271 5.72205e-07
      vertex -1.52584 -0.286733 5.72205e-07
    endloop
  endfacet
  facet normal 0 0 -1
    outer loop
      vertex -1.2105 0.972151 5.72205e-07
      vertex -2.49441 1.66671 5.72205e-07
      vertex -2.31903 1.90318 5.72205e-07
    endloop
  endfacet
  facet normal 0 0 -1
    outer loop
      vertex -2.98555 -0.294051 5.72205e-07
      vertex -1.52584 -0.286733 5.72205e-07
      vertex -2.94236 -0.585271 5.72205e-07
    endloop
  endfacet
  facet normal 0 0 -1
    outer loop
      vertex -1.29996 0.848819 5.72205e-07
      vertex -2.64576 1.41419 5.72205e-07
      vertex -2.49441 1.66671 5.72205e-07
    endloop
  endfacet
  facet normal -0 0 -1
    outer loop
      vertex -1.52584 -0.286733 5.72205e-07
      vertex -2.98555 -0.294051 5.72205e-07
      vertex -1.54579 -0.152246 5.72205e-07
    endloop
  endfacet
  facet normal 0 0 -1
    outer loop
      vertex -1.42799 0.6093 5.72205e-07
      vertex -2.77164 1.14805 5.72205e-07
      vertex -2.64576 1.41419 5.72205e-07
    endloop
  endfacet
  facet normal -0 0 -1
    outer loop
      vertex -1.54579 -0.152246 5.72205e-07
      vertex -2.98555 -0.294051 5.72205e-07
      vertex -1.5466 -0.135794 5.72205e-07
    endloop
  endfacet
  facet normal 0 0 -1
    outer loop
      vertex -1.48083 0.466398 5.72205e-07
      vertex -2.87082 0.870853 5.72205e-07
      vertex -2.77164 1.14805 5.72205e-07
    endloop
  endfacet
  facet normal 0 0 -1
    outer loop
      vertex -3 0 5.72205e-07
      vertex -1.5466 -0.135794 5.72205e-07
      vertex -2.98555 -0.294051 5.72205e-07
    endloop
  endfacet
  facet normal 0 0 -1
    outer loop
      vertex -1.51942 0.319006 5.72205e-07
      vertex -2.94236 0.585271 5.72205e-07
      vertex -2.87082 0.870853 5.72205e-07
    endloop
  endfacet
  facet normal 0 0 -1
    outer loop
      vertex -1.5466 -0.135794 5.72205e-07
      vertex -3 0 5.72205e-07
      vertex -1.55327 0 5.72205e-07
    endloop
  endfacet
  facet normal 0 0 -1
    outer loop
      vertex -1.52584 0.286733 5.72205e-07
      vertex -2.98555 0.294051 5.72205e-07
      vertex -2.94236 0.585271 5.72205e-07
    endloop
  endfacet
  facet normal -0 0 -1
    outer loop
      vertex -1.5466 0.135794 5.72205e-07
      vertex -3 0 5.72205e-07
      vertex -2.98555 0.294051 5.72205e-07
    endloop
  endfacet
  facet normal -0.514091 -0.857736 0
    outer loop
      vertex -1.66671 -2.49441 5.72205e-07
      vertex -1.41419 -2.64576 1.6
      vertex -1.66671 -2.49441 1.6
    endloop
  endfacet
  facet normal -0.514091 -0.857736 -0
    outer loop
      vertex -1.41419 -2.64576 1.6
      vertex -1.66671 -2.49441 5.72205e-07
      vertex -1.41419 -2.64576 5.72205e-07
    endloop
  endfacet
  facet normal -0.0490819 -0.998795 0
    outer loop
      vertex -0.294051 -2.98555 5.72205e-07
      vertex 0 -3 1.6
      vertex -0.294051 -2.98555 1.6
    endloop
  endfacet
  facet normal -0.0490819 -0.998795 -0
    outer loop
      vertex 0 -3 1.6
      vertex -0.294051 -2.98555 5.72205e-07
      vertex 0 -3 5.72205e-07
    endloop
  endfacet
  facet normal 0.998795 0.0490819 0
    outer loop
      vertex 3 0 1.6
      vertex 2.98555 0.294051 5.72205e-07
      vertex 2.98555 0.294051 1.6
    endloop
  endfacet
  facet normal 0.998795 0.0490819 0
    outer loop
      vertex 2.98555 0.294051 5.72205e-07
      vertex 3 0 1.6
      vertex 3 0 5.72205e-07
    endloop
  endfacet
  facet normal 0.0490819 0.998795 -0
    outer loop
      vertex 0.294051 2.98555 5.72205e-07
      vertex 0 3 1.6
      vertex 0.294051 2.98555 1.6
    endloop
  endfacet
  facet normal 0.0490819 0.998795 0
    outer loop
      vertex 0 3 1.6
      vertex 0.294051 2.98555 5.72205e-07
      vertex 0 3 5.72205e-07
    endloop
  endfacet
  facet normal 0.427569 0.903983 -0
    outer loop
      vertex 1.41419 2.64576 5.72205e-07
      vertex 1.14805 2.77164 1.6
      vertex 1.41419 2.64576 1.6
    endloop
  endfacet
  facet normal 0.427569 0.903983 0
    outer loop
      vertex 1.14805 2.77164 1.6
      vertex 1.41419 2.64576 5.72205e-07
      vertex 1.14805 2.77164 5.72205e-07
    endloop
  endfacet
  facet normal 0.595703 0.803204 -0
    outer loop
      vertex 1.90318 2.31903 5.72205e-07
      vertex 1.66671 2.49441 1.6
      vertex 1.90318 2.31903 1.6
    endloop
  endfacet
  facet normal 0.595703 0.803204 0
    outer loop
      vertex 1.66671 2.49441 1.6
      vertex 1.90318 2.31903 5.72205e-07
      vertex 1.66671 2.49441 5.72205e-07
    endloop
  endfacet
  facet normal 0.514091 0.857736 -0
    outer loop
      vertex 1.66671 2.49441 5.72205e-07
      vertex 1.41419 2.64576 1.6
      vertex 1.66671 2.49441 1.6
    endloop
  endfacet
  facet normal 0.514091 0.857736 0
    outer loop
      vertex 1.41419 2.64576 1.6
      vertex 1.66671 2.49441 5.72205e-07
      vertex 1.41419 2.64576 5.72205e-07
    endloop
  endfacet
  facet normal 0.740952 0.671558 0
    outer loop
      vertex 2.31903 1.90318 1.6
      vertex 2.12132 2.12132 5.72205e-07
      vertex 2.12132 2.12132 1.6
    endloop
  endfacet
  facet normal 0.740952 0.671558 0
    outer loop
      vertex 2.12132 2.12132 5.72205e-07
      vertex 2.31903 1.90318 1.6
      vertex 2.31903 1.90318 5.72205e-07
    endloop
  endfacet
  facet normal 0.803204 0.595703 0
    outer loop
      vertex 2.49441 1.66671 1.6
      vertex 2.31903 1.90318 5.72205e-07
      vertex 2.31903 1.90318 1.6
    endloop
  endfacet
  facet normal 0.803204 0.595703 0
    outer loop
      vertex 2.31903 1.90318 5.72205e-07
      vertex 2.49441 1.66671 1.6
      vertex 2.49441 1.66671 5.72205e-07
    endloop
  endfacet
  facet normal -0.671558 0.740952 0
    outer loop
      vertex -1.90318 2.31903 5.72205e-07
      vertex -2.12132 2.12132 1.6
      vertex -1.90318 2.31903 1.6
    endloop
  endfacet
  facet normal -0.671558 0.740952 0
    outer loop
      vertex -2.12132 2.12132 1.6
      vertex -1.90318 2.31903 5.72205e-07
      vertex -2.12132 2.12132 5.72205e-07
    endloop
  endfacet
  facet normal -0.595703 0.803204 0
    outer loop
      vertex -1.66671 2.49441 5.72205e-07
      vertex -1.90318 2.31903 1.6
      vertex -1.66671 2.49441 1.6
    endloop
  endfacet
  facet normal -0.595703 0.803204 0
    outer loop
      vertex -1.90318 2.31903 1.6
      vertex -1.66671 2.49441 5.72205e-07
      vertex -1.90318 2.31903 5.72205e-07
    endloop
  endfacet
  facet normal -0.514091 0.857736 0
    outer loop
      vertex -1.41419 2.64576 5.72205e-07
      vertex -1.66671 2.49441 1.6
      vertex -1.41419 2.64576 1.6
    endloop
  endfacet
  facet normal -0.514091 0.857736 0
    outer loop
      vertex -1.66671 2.49441 1.6
      vertex -1.41419 2.64576 5.72205e-07
      vertex -1.66671 2.49441 5.72205e-07
    endloop
  endfacet
  facet normal -0.146703 0.989181 0
    outer loop
      vertex -0.294051 2.98555 5.72205e-07
      vertex -0.585271 2.94236 1.6
      vertex -0.294051 2.98555 1.6
    endloop
  endfacet
  facet normal -0.146703 0.989181 0
    outer loop
      vertex -0.585271 2.94236 1.6
      vertex -0.294051 2.98555 5.72205e-07
      vertex -0.585271 2.94236 5.72205e-07
    endloop
  endfacet
  facet normal -0.903983 0.427569 0
    outer loop
      vertex -2.77164 1.14805 5.72205e-07
      vertex -2.64576 1.41419 1.6
      vertex -2.64576 1.41419 5.72205e-07
    endloop
  endfacet
  facet normal -0.903983 0.427569 0
    outer loop
      vertex -2.64576 1.41419 1.6
      vertex -2.77164 1.14805 5.72205e-07
      vertex -2.77164 1.14805 1.6
    endloop
  endfacet
  facet normal -0.941547 0.336882 0
    outer loop
      vertex -2.87082 0.870853 5.72205e-07
      vertex -2.77164 1.14805 1.6
      vertex -2.77164 1.14805 5.72205e-07
    endloop
  endfacet
  facet normal -0.941547 0.336882 0
    outer loop
      vertex -2.77164 1.14805 1.6
      vertex -2.87082 0.870853 5.72205e-07
      vertex -2.87082 0.870853 1.6
    endloop
  endfacet
  facet normal -0.998795 0.0490819 0
    outer loop
      vertex -3 0 5.72205e-07
      vertex -2.98555 0.294051 1.6
      vertex -2.98555 0.294051 5.72205e-07
    endloop
  endfacet
  facet normal -0.998795 0.0490819 0
    outer loop
      vertex -2.98555 0.294051 1.6
      vertex -3 0 5.72205e-07
      vertex -3 0 1.6
    endloop
  endfacet
  facet normal 0.803204 -0.595703 0
    outer loop
      vertex 2.31903 -1.90318 1.6
      vertex 2.49441 -1.66671 5.72205e-07
      vertex 2.49441 -1.66671 1.6
    endloop
  endfacet
  facet normal 0.803204 -0.595703 0
    outer loop
      vertex 2.49441 -1.66671 5.72205e-07
      vertex 2.31903 -1.90318 1.6
      vertex 2.31903 -1.90318 5.72205e-07
    endloop
  endfacet
  facet normal 0.336882 -0.941547 0
    outer loop
      vertex 0.870853 -2.87082 5.72205e-07
      vertex 1.14805 -2.77164 1.6
      vertex 0.870853 -2.87082 1.6
    endloop
  endfacet
  facet normal 0.336882 -0.941547 0
    outer loop
      vertex 1.14805 -2.77164 1.6
      vertex 0.870853 -2.87082 5.72205e-07
      vertex 1.14805 -2.77164 5.72205e-07
    endloop
  endfacet
  facet normal 0.514091 -0.857736 0
    outer loop
      vertex 1.41419 -2.64576 5.72205e-07
      vertex 1.66671 -2.49441 1.6
      vertex 1.41419 -2.64576 1.6
    endloop
  endfacet
  facet normal 0.514091 -0.857736 0
    outer loop
      vertex 1.66671 -2.49441 1.6
      vertex 1.41419 -2.64576 5.72205e-07
      vertex 1.66671 -2.49441 5.72205e-07
    endloop
  endfacet
  facet normal -0.740952 -0.671558 0
    outer loop
      vertex -2.12132 -2.12132 5.72205e-07
      vertex -2.31903 -1.90318 1.6
      vertex -2.31903 -1.90318 5.72205e-07
    endloop
  endfacet
  facet normal -0.740952 -0.671558 0
    outer loop
      vertex -2.31903 -1.90318 1.6
      vertex -2.12132 -2.12132 5.72205e-07
      vertex -2.12132 -2.12132 1.6
    endloop
  endfacet
  facet normal -0.941547 -0.336882 0
    outer loop
      vertex -2.77164 -1.14805 5.72205e-07
      vertex -2.87082 -0.870853 1.6
      vertex -2.87082 -0.870853 5.72205e-07
    endloop
  endfacet
  facet normal -0.941547 -0.336882 0
    outer loop
      vertex -2.87082 -0.870853 1.6
      vertex -2.77164 -1.14805 5.72205e-07
      vertex -2.77164 -1.14805 1.6
    endloop
  endfacet
  facet normal -0.595703 -0.803204 0
    outer loop
      vertex -1.90318 -2.31903 5.72205e-07
      vertex -1.66671 -2.49441 1.6
      vertex -1.90318 -2.31903 1.6
    endloop
  endfacet
  facet normal -0.595703 -0.803204 -0
    outer loop
      vertex -1.66671 -2.49441 1.6
      vertex -1.90318 -2.31903 5.72205e-07
      vertex -1.66671 -2.49441 5.72205e-07
    endloop
  endfacet
  facet normal -0.427569 -0.903983 0
    outer loop
      vertex -1.41419 -2.64576 5.72205e-07
      vertex -1.14805 -2.77164 1.6
      vertex -1.41419 -2.64576 1.6
    endloop
  endfacet
  facet normal -0.427569 -0.903983 -0
    outer loop
      vertex -1.14805 -2.77164 1.6
      vertex -1.41419 -2.64576 5.72205e-07
      vertex -1.14805 -2.77164 5.72205e-07
    endloop
  endfacet
  facet normal -0.242998 -0.970027 0
    outer loop
      vertex -0.870853 -2.87082 5.72205e-07
      vertex -0.585271 -2.94236 1.6
      vertex -0.870853 -2.87082 1.6
    endloop
  endfacet
  facet normal -0.242998 -0.970027 -0
    outer loop
      vertex -0.585271 -2.94236 1.6
      vertex -0.870853 -2.87082 5.72205e-07
      vertex -0.585271 -2.94236 5.72205e-07
    endloop
  endfacet
  facet normal 0.146703 0.989181 -0
    outer loop
      vertex 0.585271 2.94236 5.72205e-07
      vertex 0.294051 2.98555 1.6
      vertex 0.585271 2.94236 1.6
    endloop
  endfacet
  facet normal 0.146703 0.989181 0
    outer loop
      vertex 0.294051 2.98555 1.6
      vertex 0.585271 2.94236 5.72205e-07
      vertex 0.294051 2.98555 5.72205e-07
    endloop
  endfacet
  facet normal 0.336882 0.941547 -0
    outer loop
      vertex 1.14805 2.77164 5.72205e-07
      vertex 0.870853 2.87082 1.6
      vertex 1.14805 2.77164 1.6
    endloop
  endfacet
  facet normal 0.336882 0.941547 0
    outer loop
      vertex 0.870853 2.87082 1.6
      vertex 1.14805 2.77164 5.72205e-07
      vertex 0.870853 2.87082 5.72205e-07
    endloop
  endfacet
  facet normal 0.903983 0.427569 0
    outer loop
      vertex 2.77164 1.14805 1.6
      vertex 2.64576 1.41419 5.72205e-07
      vertex 2.64576 1.41419 1.6
    endloop
  endfacet
  facet normal 0.903983 0.427569 0
    outer loop
      vertex 2.64576 1.41419 5.72205e-07
      vertex 2.77164 1.14805 1.6
      vertex 2.77164 1.14805 5.72205e-07
    endloop
  endfacet
  facet normal 0.941547 0.336882 0
    outer loop
      vertex 2.87082 0.870853 1.6
      vertex 2.77164 1.14805 5.72205e-07
      vertex 2.77164 1.14805 1.6
    endloop
  endfacet
  facet normal 0.941547 0.336882 0
    outer loop
      vertex 2.77164 1.14805 5.72205e-07
      vertex 2.87082 0.870853 1.6
      vertex 2.87082 0.870853 5.72205e-07
    endloop
  endfacet
  facet normal 0.989181 0.146703 0
    outer loop
      vertex 2.98555 0.294051 1.6
      vertex 2.94236 0.585271 5.72205e-07
      vertex 2.94236 0.585271 1.6
    endloop
  endfacet
  facet normal 0.989181 0.146703 0
    outer loop
      vertex 2.94236 0.585271 5.72205e-07
      vertex 2.98555 0.294051 1.6
      vertex 2.98555 0.294051 5.72205e-07
    endloop
  endfacet
  facet normal -0.427569 0.903983 0
    outer loop
      vertex -1.14805 2.77164 5.72205e-07
      vertex -1.41419 2.64576 1.6
      vertex -1.14805 2.77164 1.6
    endloop
  endfacet
  facet normal -0.427569 0.903983 0
    outer loop
      vertex -1.41419 2.64576 1.6
      vertex -1.14805 2.77164 5.72205e-07
      vertex -1.41419 2.64576 5.72205e-07
    endloop
  endfacet
  facet normal -0.242998 0.970027 0
    outer loop
      vertex -0.585271 2.94236 5.72205e-07
      vertex -0.870853 2.87082 1.6
      vertex -0.585271 2.94236 1.6
    endloop
  endfacet
  facet normal -0.242998 0.970027 0
    outer loop
      vertex -0.870853 2.87082 1.6
      vertex -0.585271 2.94236 5.72205e-07
      vertex -0.870853 2.87082 5.72205e-07
    endloop
  endfacet
  facet normal -0.857736 0.514091 0
    outer loop
      vertex -2.64576 1.41419 5.72205e-07
      vertex -2.49441 1.66671 1.6
      vertex -2.49441 1.66671 5.72205e-07
    endloop
  endfacet
  facet normal -0.857736 0.514091 0
    outer loop
      vertex -2.49441 1.66671 1.6
      vertex -2.64576 1.41419 5.72205e-07
      vertex -2.64576 1.41419 1.6
    endloop
  endfacet
  facet normal -0.989181 0.146703 0
    outer loop
      vertex -2.98555 0.294051 5.72205e-07
      vertex -2.94236 0.585271 1.6
      vertex -2.94236 0.585271 5.72205e-07
    endloop
  endfacet
  facet normal -0.989181 0.146703 0
    outer loop
      vertex -2.94236 0.585271 1.6
      vertex -2.98555 0.294051 5.72205e-07
      vertex -2.98555 0.294051 1.6
    endloop
  endfacet
  facet normal -0.149395 0.249237 -0.95685
    outer loop
      vertex 0.710148 -1.32859 0.0141941
      vertex 0.848819 -1.29996 5.72205e-07
      vertex 0.732204 -1.36986 5.72205e-07
    endloop
  endfacet
  facet normal -0.149401 0.249274 -0.956839
    outer loop
      vertex 0.848819 -1.29996 5.72205e-07
      vertex 0.710148 -1.32859 0.0141941
      vertex 0.836953 -1.25259 0.0141941
    endloop
  endfacet
  facet normal 0.0286558 0.193204 -0.98074
    outer loop
      vertex -0.0891685 -0.905348 0.132895
      vertex -0.14766 -1.49922 0.0141941
      vertex -0.293899 -1.47753 0.0141941
    endloop
  endfacet
  facet normal 0.0142568 -0.290254 -0.956843
    outer loop
      vertex 0 1.50648 0.0141941
      vertex -0.135794 1.5466 5.72205e-07
      vertex 0 1.55327 5.72205e-07
    endloop
  endfacet
  facet normal 0.0142691 -0.290217 -0.956855
    outer loop
      vertex -0.135794 1.5466 5.72205e-07
      vertex 0 1.50648 0.0141941
      vertex -0.14766 1.49922 0.0141941
    endloop
  endfacet
  facet normal -0.0835099 0.176565 -0.98074
    outer loop
      vertex 0.428843 -0.802309 0.132895
      vertex 0.576504 -1.3918 0.0141941
      vertex 0.348138 -0.84048 0.132895
    endloop
  endfacet
  facet normal -0.0426338 -0.287447 -0.956847
    outer loop
      vertex 0.14766 1.49922 0.0141941
      vertex 0.286733 1.52584 5.72205e-07
      vertex 0.293899 1.47753 0.0141941
    endloop
  endfacet
  facet normal -0.0426377 -0.287429 -0.956852
    outer loop
      vertex 0.286733 1.52584 5.72205e-07
      vertex 0.14766 1.49922 0.0141941
      vertex 0.152246 1.54579 5.72205e-07
    endloop
  endfacet
  facet normal -0.0657994 0.1839 -0.98074
    outer loop
      vertex 0.348138 -0.84048 0.132895
      vertex 0.437306 -1.44161 0.0141941
      vertex 0.26408 -0.870556 0.132895
    endloop
  endfacet
  facet normal 0.1839 -0.0657994 -0.98074
    outer loop
      vertex -0.84048 0.348138 0.132895
      vertex -0.870556 0.26408 0.132895
      vertex -1.44161 0.437306 0.0141941
    endloop
  endfacet
  facet normal -0.097071 -0.0144005 -0.995173
    outer loop
      vertex 0.892248 0.177479 0.132895
      vertex 0.302754 0.0298185 0.192532
      vertex 0.298373 0.05935 0.192532
    endloop
  endfacet
  facet normal 0.183899 -0.0658055 -0.98074
    outer loop
      vertex -1.3918 0.576504 0.0141941
      vertex -0.84048 0.348138 0.132895
      vertex -1.44161 0.437306 0.0141941
    endloop
  endfacet
  facet normal 0.249267 -0.149429 -0.956837
    outer loop
      vertex -1.29149 0.862948 5.72205e-07
      vertex -1.25259 0.836953 0.0141941
      vertex -1.29996 0.848819 5.72205e-07
    endloop
  endfacet
  facet normal 0.0142568 0.290254 -0.956843
    outer loop
      vertex -0.135794 -1.5466 5.72205e-07
      vertex 0 -1.50648 0.0141941
      vertex 0 -1.55327 5.72205e-07
    endloop
  endfacet
  facet normal 0.0142691 0.290217 -0.956855
    outer loop
      vertex 0 -1.50648 0.0141941
      vertex -0.135794 -1.5466 5.72205e-07
      vertex -0.14766 -1.49922 0.0141941
    endloop
  endfacet
  facet normal -0.0727116 0.0659031 -0.995173
    outer loop
      vertex 0.70323 -0.577126 0.132895
      vertex 0.643275 -0.643275 0.132895
      vertex 0.215116 -0.215116 0.192532
    endloop
  endfacet
  facet normal 0.124203 -0.262715 -0.956846
    outer loop
      vertex -0.594409 1.43503 5.72205e-07
      vertex -0.576504 1.3918 0.0141941
      vertex -0.6093 1.42799 5.72205e-07
    endloop
  endfacet
  facet normal -0.173088 -0.233431 -0.956844
    outer loop
      vertex 0.972151 1.2105 5.72205e-07
      vertex 0.985381 1.20069 5.72205e-07
      vertex 0.955698 1.16452 0.0141941
    endloop
  endfacet
  facet normal -0.176565 0.0835105 -0.98074
    outer loop
      vertex 1.3918 -0.576504 0.0141941
      vertex 1.32859 -0.710148 0.0141941
      vertex 0.802309 -0.428843 0.132895
    endloop
  endfacet
  facet normal 0.273612 0.0978933 -0.956846
    outer loop
      vertex -1.48083 -0.466398 5.72205e-07
      vertex -1.3918 -0.576504 0.0141941
      vertex -1.43503 -0.594409 5.72205e-07
    endloop
  endfacet
  facet normal 0.273641 0.0979186 -0.956835
    outer loop
      vertex -1.3918 -0.576504 0.0141941
      vertex -1.48083 -0.466398 5.72205e-07
      vertex -1.44161 -0.437306 0.0141941
    endloop
  endfacet
  facet normal 0.156881 -0.11635 -0.98074
    outer loop
      vertex -0.70323 0.577126 0.132895
      vertex -0.756412 0.505418 0.132895
      vertex -1.25259 0.836953 0.0141941
    endloop
  endfacet
  facet normal -0.116353 0.156879 -0.98074
    outer loop
      vertex 0.955698 -1.16452 0.0141941
      vertex 0.836953 -1.25259 0.0141941
      vertex 0.577126 -0.70323 0.132895
    endloop
  endfacet
  facet normal 0.149429 0.249267 -0.956837
    outer loop
      vertex -0.836953 -1.25259 0.0141941
      vertex -0.848819 -1.29996 5.72205e-07
      vertex -0.862948 -1.29149 5.72205e-07
    endloop
  endfacet
  facet normal 0.124203 0.262715 -0.956846
    outer loop
      vertex -0.576504 -1.3918 0.0141941
      vertex -0.594409 -1.43503 5.72205e-07
      vertex -0.6093 -1.42799 5.72205e-07
    endloop
  endfacet
  facet normal 0.0706063 0.281888 -0.956846
    outer loop
      vertex -0.319006 -1.51942 5.72205e-07
      vertex -0.437306 -1.44161 0.0141941
      vertex -0.293899 -1.47753 0.0141941
    endloop
  endfacet
  facet normal 0.0706279 0.281919 -0.956835
    outer loop
      vertex -0.437306 -1.44161 0.0141941
      vertex -0.319006 -1.51942 5.72205e-07
      vertex -0.450889 -1.48638 5.72205e-07
    endloop
  endfacet
  facet normal 0.0705699 0.281909 -0.956842
    outer loop
      vertex -0.293899 -1.47753 0.0141941
      vertex -0.303027 -1.52342 5.72205e-07
      vertex -0.319006 -1.51942 5.72205e-07
    endloop
  endfacet
  facet normal -0.167529 -0.100413 -0.98074
    outer loop
      vertex 1.25259 0.836953 0.0141941
      vertex 0.802309 0.428843 0.132895
      vertex 0.756412 0.505418 0.132895
    endloop
  endfacet
  facet normal -0.262715 0.124203 -0.956846
    outer loop
      vertex 1.43503 -0.594409 5.72205e-07
      vertex 1.42799 -0.6093 5.72205e-07
      vertex 1.3918 -0.576504 0.0141941
    endloop
  endfacet
  facet normal -0.287454 -0.0426929 -0.956842
    outer loop
      vertex 1.52342 0.303027 5.72205e-07
      vertex 1.52584 0.286733 5.72205e-07
      vertex 1.47753 0.293899 0.0141941
    endloop
  endfacet
  facet normal -0.12424 -0.262681 -0.956851
    outer loop
      vertex 0.710148 1.32859 0.0141941
      vertex 0.6093 1.42799 5.72205e-07
      vertex 0.732204 1.36986 5.72205e-07
    endloop
  endfacet
  facet normal -0.124241 -0.262682 -0.95685
    outer loop
      vertex 0.6093 1.42799 5.72205e-07
      vertex 0.710148 1.32859 0.0141941
      vertex 0.576504 1.3918 0.0141941
    endloop
  endfacet
  facet normal -0.116353 -0.156879 -0.98074
    outer loop
      vertex 0.836953 1.25259 0.0141941
      vertex 0.955698 1.16452 0.0141941
      vertex 0.577126 0.70323 0.132895
    endloop
  endfacet
  facet normal -0.281888 -0.0706063 -0.956846
    outer loop
      vertex 1.44161 0.437306 0.0141941
      vertex 1.51942 0.319006 5.72205e-07
      vertex 1.47753 0.293899 0.0141941
    endloop
  endfacet
  facet normal -0.281919 -0.0706279 -0.956835
    outer loop
      vertex 1.51942 0.319006 5.72205e-07
      vertex 1.44161 0.437306 0.0141941
      vertex 1.48638 0.450889 5.72205e-07
    endloop
  endfacet
  facet normal -0.249237 -0.149395 -0.95685
    outer loop
      vertex 1.32859 0.710148 0.0141941
      vertex 1.29996 0.848819 5.72205e-07
      vertex 1.36986 0.732204 5.72205e-07
    endloop
  endfacet
  facet normal -0.249274 -0.149401 -0.956839
    outer loop
      vertex 1.29996 0.848819 5.72205e-07
      vertex 1.32859 0.710148 0.0141941
      vertex 1.25259 0.836953 0.0141941
    endloop
  endfacet
  facet normal -0.195136 -0.215338 -0.956845
    outer loop
      vertex 0.985381 1.20069 5.72205e-07
      vertex 0.997586 1.18963 5.72205e-07
      vertex 0.955698 1.16452 0.0141941
    endloop
  endfacet
  facet normal 0.173088 -0.233431 -0.956844
    outer loop
      vertex -0.972151 1.2105 5.72205e-07
      vertex -0.955698 1.16452 0.0141941
      vertex -0.985381 1.20069 5.72205e-07
    endloop
  endfacet
  facet normal 0.149429 -0.249267 -0.956837
    outer loop
      vertex -0.848819 1.29996 5.72205e-07
      vertex -0.836953 1.25259 0.0141941
      vertex -0.862948 1.29149 5.72205e-07
    endloop
  endfacet
  facet normal 0.0923969 -0.0330606 -0.995173
    outer loop
      vertex -0.281062 0.11642 0.192532
      vertex -0.29112 0.0883102 0.192532
      vertex -0.870556 0.26408 0.132895
    endloop
  endfacet
  facet normal 0.084172 -0.0504504 -0.995173
    outer loop
      vertex -0.756412 0.505418 0.132895
      vertex -0.268297 0.143408 0.192532
      vertex -0.802309 0.428843 0.132895
    endloop
  endfacet
  facet normal 0.124241 -0.262682 -0.95685
    outer loop
      vertex -0.710148 1.32859 0.0141941
      vertex -0.6093 1.42799 5.72205e-07
      vertex -0.576504 1.3918 0.0141941
    endloop
  endfacet
  facet normal 0.12424 -0.262681 -0.956851
    outer loop
      vertex -0.6093 1.42799 5.72205e-07
      vertex -0.710148 1.32859 0.0141941
      vertex -0.732204 1.36986 5.72205e-07
    endloop
  endfacet
  facet normal 0.0979232 0.273638 -0.956835
    outer loop
      vertex -0.437306 -1.44161 0.0141941
      vertex -0.450889 -1.48638 5.72205e-07
      vertex -0.466398 -1.48083 5.72205e-07
    endloop
  endfacet
  facet normal 0.167532 -0.10041 -0.98074
    outer loop
      vertex -1.25259 0.836953 0.0141941
      vertex -0.802309 0.428843 0.132895
      vertex -1.32859 0.710148 0.0141941
    endloop
  endfacet
  facet normal 0.193204 -0.0286558 -0.98074
    outer loop
      vertex -1.47753 0.293899 0.0141941
      vertex -0.905348 0.0891685 0.132895
      vertex -1.49922 0.14766 0.0141941
    endloop
  endfacet
  facet normal 0.10041 0.167532 -0.98074
    outer loop
      vertex -0.428843 -0.802309 0.132895
      vertex -0.710148 -1.32859 0.0141941
      vertex -0.836953 -1.25259 0.0141941
    endloop
  endfacet
  facet normal 0.167532 0.10041 -0.98074
    outer loop
      vertex -0.802309 -0.428843 0.132895
      vertex -1.25259 -0.836953 0.0141941
      vertex -1.32859 -0.710148 0.0141941
    endloop
  endfacet
  facet normal -0.0286558 0.193204 -0.98074
    outer loop
      vertex 0.293899 -1.47753 0.0141941
      vertex 0.14766 -1.49922 0.0141941
      vertex 0.0891685 -0.905348 0.132895
    endloop
  endfacet
  facet normal 0.0419578 0.0887114 -0.995173
    outer loop
      vertex -0.11642 -0.281062 0.192532
      vertex -0.348138 -0.84048 0.132895
      vertex -0.428843 -0.802309 0.132895
    endloop
  endfacet
  facet normal 0.0142888 0.290221 -0.956853
    outer loop
      vertex -0.14766 -1.49922 0.0141941
      vertex -0.135794 -1.5466 5.72205e-07
      vertex -0.152246 -1.54579 5.72205e-07
    endloop
  endfacet
  facet normal 0.195148 0.215319 -0.956846
    outer loop
      vertex -0.997586 -1.18963 5.72205e-07
      vertex -1.06524 -1.06524 0.0141941
      vertex -0.955698 -1.16452 0.0141941
    endloop
  endfacet
  facet normal 0.195123 0.215307 -0.956854
    outer loop
      vertex -1.06524 -1.06524 0.0141941
      vertex -0.997586 -1.18963 5.72205e-07
      vertex -1.09833 -1.09833 5.72205e-07
    endloop
  endfacet
  facet normal 0.195136 0.215338 -0.956845
    outer loop
      vertex -0.955698 -1.16452 0.0141941
      vertex -0.985381 -1.20069 5.72205e-07
      vertex -0.997586 -1.18963 5.72205e-07
    endloop
  endfacet
  facet normal -0.0286598 0.193203 -0.98074
    outer loop
      vertex 0.177479 -0.892248 0.132895
      vertex 0.293899 -1.47753 0.0141941
      vertex 0.0891685 -0.905348 0.132895
    endloop
  endfacet
  facet normal -0.0426377 0.287429 -0.956852
    outer loop
      vertex 0.14766 -1.49922 0.0141941
      vertex 0.286733 -1.52584 5.72205e-07
      vertex 0.152246 -1.54579 5.72205e-07
    endloop
  endfacet
  facet normal -0.0426338 0.287447 -0.956847
    outer loop
      vertex 0.286733 -1.52584 5.72205e-07
      vertex 0.14766 -1.49922 0.0141941
      vertex 0.293899 -1.47753 0.0141941
    endloop
  endfacet
  facet normal -0.00481456 0.0980153 -0.995173
    outer loop
      vertex 0 -0.304219 0.192532
      vertex 0.0891685 -0.905348 0.132895
      vertex 0 -0.909728 0.132895
    endloop
  endfacet
  facet normal -0.156879 0.116353 -0.98074
    outer loop
      vertex 1.25259 -0.836953 0.0141941
      vertex 1.16452 -0.955698 0.0141941
      vertex 0.70323 -0.577126 0.132895
    endloop
  endfacet
  facet normal -0.097071 0.0144005 -0.995173
    outer loop
      vertex 0.302754 -0.0298185 0.192532
      vertex 0.892248 -0.177479 0.132895
      vertex 0.298373 -0.05935 0.192532
    endloop
  endfacet
  facet normal -0.195123 0.215307 -0.956854
    outer loop
      vertex 0.997586 -1.18963 5.72205e-07
      vertex 1.06524 -1.06524 0.0141941
      vertex 1.09833 -1.09833 5.72205e-07
    endloop
  endfacet
  facet normal -0.195148 0.215319 -0.956846
    outer loop
      vertex 1.06524 -1.06524 0.0141941
      vertex 0.997586 -1.18963 5.72205e-07
      vertex 0.955698 -1.16452 0.0141941
    endloop
  endfacet
  facet normal -0.131168 -0.144719 -0.98074
    outer loop
      vertex 1.06524 1.06524 0.0141941
      vertex 0.643275 0.643275 0.132895
      vertex 0.577126 0.70323 0.132895
    endloop
  endfacet
  facet normal -0.173121 -0.233419 -0.956841
    outer loop
      vertex 0.836953 1.25259 0.0141941
      vertex 0.972151 1.2105 5.72205e-07
      vertex 0.955698 1.16452 0.0141941
    endloop
  endfacet
  facet normal -0.173124 -0.233433 -0.956837
    outer loop
      vertex 0.972151 1.2105 5.72205e-07
      vertex 0.836953 1.25259 0.0141941
      vertex 0.862948 1.29149 5.72205e-07
    endloop
  endfacet
  facet normal -0.0238441 -0.0951927 -0.995173
    outer loop
      vertex 0.177479 0.892248 0.132895
      vertex 0.26408 0.870556 0.132895
      vertex 0.0883102 0.29112 0.192532
    endloop
  endfacet
  facet normal -0.0474573 -0.189464 -0.98074
    outer loop
      vertex 0.293899 1.47753 0.0141941
      vertex 0.26408 0.870556 0.132895
      vertex 0.177479 0.892248 0.132895
    endloop
  endfacet
  facet normal 0.131165 -0.144723 -0.98074
    outer loop
      vertex -0.955698 1.16452 0.0141941
      vertex -0.577126 0.70323 0.132895
      vertex -1.06524 1.06524 0.0141941
    endloop
  endfacet
  facet normal 0.0419578 -0.0887114 -0.995173
    outer loop
      vertex -0.348138 0.84048 0.132895
      vertex -0.11642 0.281062 0.192532
      vertex -0.428843 0.802309 0.132895
    endloop
  endfacet
  facet normal 0.0474573 -0.189464 -0.98074
    outer loop
      vertex -0.177479 0.892248 0.132895
      vertex -0.26408 0.870556 0.132895
      vertex -0.293899 1.47753 0.0141941
    endloop
  endfacet
  facet normal 0.176565 -0.0835099 -0.98074
    outer loop
      vertex -0.802309 0.428843 0.132895
      vertex -0.84048 0.348138 0.132895
      vertex -1.3918 0.576504 0.0141941
    endloop
  endfacet
  facet normal 0.189464 -0.0474561 -0.98074
    outer loop
      vertex -1.44161 0.437306 0.0141941
      vertex -0.870556 0.26408 0.132895
      vertex -1.47753 0.293899 0.0141941
    endloop
  endfacet
  facet normal 0.00481554 0.0980152 -0.995173
    outer loop
      vertex -0.0298185 -0.302754 0.192532
      vertex 0 -0.304219 0.192532
      vertex -0.0891685 -0.905348 0.132895
    endloop
  endfacet
  facet normal 0.0835105 0.176565 -0.98074
    outer loop
      vertex -0.428843 -0.802309 0.132895
      vertex -0.576504 -1.3918 0.0141941
      vertex -0.710148 -1.32859 0.0141941
    endloop
  endfacet
  facet normal -0.0705699 0.281909 -0.956842
    outer loop
      vertex 0.319006 -1.51942 5.72205e-07
      vertex 0.303027 -1.52342 5.72205e-07
      vertex 0.293899 -1.47753 0.0141941
    endloop
  endfacet
  facet normal -0.0426929 0.287454 -0.956842
    outer loop
      vertex 0.293899 -1.47753 0.0141941
      vertex 0.303027 -1.52342 5.72205e-07
      vertex 0.286733 -1.52584 5.72205e-07
    endloop
  endfacet
  facet normal 0.0788215 0.0584579 -0.995173
    outer loop
      vertex -0.252949 -0.169015 0.192532
      vertex -0.235165 -0.192994 0.192532
      vertex -0.70323 -0.577126 0.132895
    endloop
  endfacet
  facet normal 0.156879 0.116353 -0.98074
    outer loop
      vertex -0.70323 -0.577126 0.132895
      vertex -1.16452 -0.955698 0.0141941
      vertex -1.25259 -0.836953 0.0141941
    endloop
  endfacet
  facet normal 0.0657994 0.1839 -0.98074
    outer loop
      vertex -0.348138 -0.84048 0.132895
      vertex -0.26408 -0.870556 0.132895
      vertex -0.437306 -1.44161 0.0141941
    endloop
  endfacet
  facet normal -0.0979232 0.273638 -0.956835
    outer loop
      vertex 0.466398 -1.48083 5.72205e-07
      vertex 0.450889 -1.48638 5.72205e-07
      vertex 0.437306 -1.44161 0.0141941
    endloop
  endfacet
  facet normal -0.0142568 0.290254 -0.956843
    outer loop
      vertex 0 -1.50648 0.0141941
      vertex 0.135794 -1.5466 5.72205e-07
      vertex 0 -1.55327 5.72205e-07
    endloop
  endfacet
  facet normal -0.0142691 0.290217 -0.956855
    outer loop
      vertex 0.135794 -1.5466 5.72205e-07
      vertex 0 -1.50648 0.0141941
      vertex 0.14766 -1.49922 0.0141941
    endloop
  endfacet
  facet normal -0.0142888 0.290221 -0.956853
    outer loop
      vertex 0.14766 -1.49922 0.0141941
      vertex 0.152246 -1.54579 5.72205e-07
      vertex 0.135794 -1.5466 5.72205e-07
    endloop
  endfacet
  facet normal -0.262681 0.12424 -0.956851
    outer loop
      vertex 1.32859 -0.710148 0.0141941
      vertex 1.42799 -0.6093 5.72205e-07
      vertex 1.36986 -0.732204 5.72205e-07
    endloop
  endfacet
  facet normal -0.262682 0.124241 -0.95685
    outer loop
      vertex 1.42799 -0.6093 5.72205e-07
      vertex 1.32859 -0.710148 0.0141941
      vertex 1.3918 -0.576504 0.0141941
    endloop
  endfacet
  facet normal -0.0980152 -0.00481554 -0.995173
    outer loop
      vertex 0.905348 0.0891685 0.132895
      vertex 0.304219 0 0.192532
      vertex 0.302754 0.0298185 0.192532
    endloop
  endfacet
  facet normal -0.084172 -0.0504504 -0.995173
    outer loop
      vertex 0.756412 0.505418 0.132895
      vertex 0.802309 0.428843 0.132895
      vertex 0.268297 0.143408 0.192532
    endloop
  endfacet
  facet normal -0.1839 0.0657994 -0.98074
    outer loop
      vertex 0.870556 -0.26408 0.132895
      vertex 1.44161 -0.437306 0.0141941
      vertex 0.84048 -0.348138 0.132895
    endloop
  endfacet
  facet normal 0.0504504 0.084172 -0.995173
    outer loop
      vertex -0.143408 -0.268297 0.192532
      vertex -0.428843 -0.802309 0.132895
      vertex -0.505418 -0.756412 0.132895
    endloop
  endfacet
  facet normal -0.183899 0.0658055 -0.98074
    outer loop
      vertex 1.44161 -0.437306 0.0141941
      vertex 1.3918 -0.576504 0.0141941
      vertex 0.84048 -0.348138 0.132895
    endloop
  endfacet
  facet normal -0.215338 0.195136 -0.956845
    outer loop
      vertex 1.20069 -0.985381 5.72205e-07
      vertex 1.18963 -0.997586 5.72205e-07
      vertex 1.16452 -0.955698 0.0141941
    endloop
  endfacet
  facet normal -0.124203 -0.262715 -0.956846
    outer loop
      vertex 0.594409 1.43503 5.72205e-07
      vertex 0.6093 1.42799 5.72205e-07
      vertex 0.576504 1.3918 0.0141941
    endloop
  endfacet
  facet normal -0.193204 0.0286558 -0.98074
    outer loop
      vertex 1.49922 -0.14766 0.0141941
      vertex 1.47753 -0.293899 0.0141941
      vertex 0.905348 -0.0891685 0.132895
    endloop
  endfacet
  facet normal -0.262715 -0.124203 -0.956846
    outer loop
      vertex 1.42799 0.6093 5.72205e-07
      vertex 1.43503 0.594409 5.72205e-07
      vertex 1.3918 0.576504 0.0141941
    endloop
  endfacet
  facet normal -0.215319 -0.195148 -0.956846
    outer loop
      vertex 1.06524 1.06524 0.0141941
      vertex 1.18963 0.997586 5.72205e-07
      vertex 1.16452 0.955698 0.0141941
    endloop
  endfacet
  facet normal -0.215307 -0.195123 -0.956854
    outer loop
      vertex 1.18963 0.997586 5.72205e-07
      vertex 1.06524 1.06524 0.0141941
      vertex 1.09833 1.09833 5.72205e-07
    endloop
  endfacet
  facet normal -0.215338 -0.195136 -0.956845
    outer loop
      vertex 1.18963 0.997586 5.72205e-07
      vertex 1.20069 0.985381 5.72205e-07
      vertex 1.16452 0.955698 0.0141941
    endloop
  endfacet
  facet normal -0.195123 -0.215307 -0.956854
    outer loop
      vertex 1.06524 1.06524 0.0141941
      vertex 0.997586 1.18963 5.72205e-07
      vertex 1.09833 1.09833 5.72205e-07
    endloop
  endfacet
  facet normal -0.195148 -0.215319 -0.956846
    outer loop
      vertex 0.997586 1.18963 5.72205e-07
      vertex 1.06524 1.06524 0.0141941
      vertex 0.955698 1.16452 0.0141941
    endloop
  endfacet
  facet normal -0.131165 -0.144723 -0.98074
    outer loop
      vertex 0.955698 1.16452 0.0141941
      vertex 1.06524 1.06524 0.0141941
      vertex 0.577126 0.70323 0.132895
    endloop
  endfacet
  facet normal -0.0504501 -0.0841722 -0.995173
    outer loop
      vertex 0.505418 0.756412 0.132895
      vertex 0.169015 0.252949 0.192532
      vertex 0.143408 0.268297 0.192532
    endloop
  endfacet
  facet normal -0.0504504 -0.084172 -0.995173
    outer loop
      vertex 0.428843 0.802309 0.132895
      vertex 0.505418 0.756412 0.132895
      vertex 0.143408 0.268297 0.192532
    endloop
  endfacet
  facet normal 0.100413 -0.167529 -0.98074
    outer loop
      vertex -0.428843 0.802309 0.132895
      vertex -0.505418 0.756412 0.132895
      vertex -0.836953 1.25259 0.0141941
    endloop
  endfacet
  facet normal 0.11635 -0.156881 -0.98074
    outer loop
      vertex -0.505418 0.756412 0.132895
      vertex -0.577126 0.70323 0.132895
      vertex -0.836953 1.25259 0.0141941
    endloop
  endfacet
  facet normal 0.0142888 -0.290221 -0.956853
    outer loop
      vertex -0.135794 1.5466 5.72205e-07
      vertex -0.14766 1.49922 0.0141941
      vertex -0.152246 1.54579 5.72205e-07
    endloop
  endfacet
  facet normal -0.0142691 -0.290217 -0.956855
    outer loop
      vertex 0 1.50648 0.0141941
      vertex 0.135794 1.5466 5.72205e-07
      vertex 0.14766 1.49922 0.0141941
    endloop
  endfacet
  facet normal -0.0142568 -0.290254 -0.956843
    outer loop
      vertex 0.135794 1.5466 5.72205e-07
      vertex 0 1.50648 0.0141941
      vertex 0 1.55327 5.72205e-07
    endloop
  endfacet
  facet normal 0.215319 -0.195148 -0.956846
    outer loop
      vertex -1.18963 0.997586 5.72205e-07
      vertex -1.06524 1.06524 0.0141941
      vertex -1.16452 0.955698 0.0141941
    endloop
  endfacet
  facet normal 0.215307 -0.195123 -0.956854
    outer loop
      vertex -1.06524 1.06524 0.0141941
      vertex -1.18963 0.997586 5.72205e-07
      vertex -1.09833 1.09833 5.72205e-07
    endloop
  endfacet
  facet normal 0.233431 -0.173088 -0.956844
    outer loop
      vertex -1.20069 0.985381 5.72205e-07
      vertex -1.16452 0.955698 0.0141941
      vertex -1.2105 0.972151 5.72205e-07
    endloop
  endfacet
  facet normal 0.233419 -0.173121 -0.956841
    outer loop
      vertex -1.25259 0.836953 0.0141941
      vertex -1.2105 0.972151 5.72205e-07
      vertex -1.16452 0.955698 0.0141941
    endloop
  endfacet
  facet normal 0.233433 -0.173124 -0.956837
    outer loop
      vertex -1.2105 0.972151 5.72205e-07
      vertex -1.25259 0.836953 0.0141941
      vertex -1.29149 0.862948 5.72205e-07
    endloop
  endfacet
  facet normal 0.00959159 -0.195082 -0.98074
    outer loop
      vertex 0 1.50648 0.0141941
      vertex -0.0891685 0.905348 0.132895
      vertex -0.14766 1.49922 0.0141941
    endloop
  endfacet
  facet normal -0.0286598 -0.193203 -0.98074
    outer loop
      vertex 0.293899 1.47753 0.0141941
      vertex 0.177479 0.892248 0.132895
      vertex 0.0891685 0.905348 0.132895
    endloop
  endfacet
  facet normal 0.0286598 -0.193203 -0.98074
    outer loop
      vertex -0.0891685 0.905348 0.132895
      vertex -0.177479 0.892248 0.132895
      vertex -0.293899 1.47753 0.0141941
    endloop
  endfacet
  facet normal 0.0238441 -0.0951927 -0.995173
    outer loop
      vertex -0.177479 0.892248 0.132895
      vertex -0.0883102 0.29112 0.192532
      vertex -0.26408 0.870556 0.132895
    endloop
  endfacet
  facet normal 0.097071 0.0144005 -0.995173
    outer loop
      vertex -0.302754 -0.0298185 0.192532
      vertex -0.298373 -0.05935 0.192532
      vertex -0.892248 -0.177479 0.132895
    endloop
  endfacet
  facet normal 0.0659001 -0.0727139 -0.995173
    outer loop
      vertex -0.192994 0.235165 0.192532
      vertex -0.215116 0.215116 0.192532
      vertex -0.577126 0.70323 0.132895
    endloop
  endfacet
  facet normal 0.0887107 -0.0419591 -0.995173
    outer loop
      vertex -0.268297 0.143408 0.192532
      vertex -0.281062 0.11642 0.192532
      vertex -0.802309 0.428843 0.132895
    endloop
  endfacet
  facet normal 0.290221 0.0142888 -0.956853
    outer loop
      vertex -1.49922 -0.14766 0.0141941
      vertex -1.54579 -0.152246 5.72205e-07
      vertex -1.5466 -0.135794 5.72205e-07
    endloop
  endfacet
  facet normal 0.273638 -0.0979232 -0.956835
    outer loop
      vertex -1.48083 0.466398 5.72205e-07
      vertex -1.44161 0.437306 0.0141941
      vertex -1.48638 0.450889 5.72205e-07
    endloop
  endfacet
  facet normal 0.273641 -0.0979186 -0.956835
    outer loop
      vertex -1.48083 0.466398 5.72205e-07
      vertex -1.3918 0.576504 0.0141941
      vertex -1.44161 0.437306 0.0141941
    endloop
  endfacet
  facet normal 0.273612 -0.0978933 -0.956846
    outer loop
      vertex -1.3918 0.576504 0.0141941
      vertex -1.48083 0.466398 5.72205e-07
      vertex -1.43503 0.594409 5.72205e-07
    endloop
  endfacet
  facet normal 0.287447 0.0426338 -0.956847
    outer loop
      vertex -1.52584 -0.286733 5.72205e-07
      vertex -1.49922 -0.14766 0.0141941
      vertex -1.47753 -0.293899 0.0141941
    endloop
  endfacet
  facet normal 0.287429 0.0426377 -0.956852
    outer loop
      vertex -1.49922 -0.14766 0.0141941
      vertex -1.52584 -0.286733 5.72205e-07
      vertex -1.54579 -0.152246 5.72205e-07
    endloop
  endfacet
  facet normal 0.0980153 0.00481456 -0.995173
    outer loop
      vertex -0.304219 0 0.192532
      vertex -0.905348 -0.0891685 0.132895
      vertex -0.909728 0 0.132895
    endloop
  endfacet
  facet normal 0.0144005 0.097071 -0.995173
    outer loop
      vertex -0.05935 -0.298373 0.192532
      vertex -0.0298185 -0.302754 0.192532
      vertex -0.177479 -0.892248 0.132895
    endloop
  endfacet
  facet normal -0.156881 0.11635 -0.98074
    outer loop
      vertex 0.756412 -0.505418 0.132895
      vertex 1.25259 -0.836953 0.0141941
      vertex 0.70323 -0.577126 0.132895
    endloop
  endfacet
  facet normal 0.00481456 0.0980153 -0.995173
    outer loop
      vertex 0 -0.304219 0.192532
      vertex 0 -0.909728 0.132895
      vertex -0.0891685 -0.905348 0.132895
    endloop
  endfacet
  facet normal 0.0658055 0.183899 -0.98074
    outer loop
      vertex -0.348138 -0.84048 0.132895
      vertex -0.437306 -1.44161 0.0141941
      vertex -0.576504 -1.3918 0.0141941
    endloop
  endfacet
  facet normal 0.0979186 0.273641 -0.956835
    outer loop
      vertex -0.466398 -1.48083 5.72205e-07
      vertex -0.576504 -1.3918 0.0141941
      vertex -0.437306 -1.44161 0.0141941
    endloop
  endfacet
  facet normal 0.0978933 0.273612 -0.956846
    outer loop
      vertex -0.576504 -1.3918 0.0141941
      vertex -0.466398 -1.48083 5.72205e-07
      vertex -0.594409 -1.43503 5.72205e-07
    endloop
  endfacet
  facet normal 0.149395 0.249237 -0.95685
    outer loop
      vertex -0.848819 -1.29996 5.72205e-07
      vertex -0.710148 -1.32859 0.0141941
      vertex -0.732204 -1.36986 5.72205e-07
    endloop
  endfacet
  facet normal 0.149401 0.249274 -0.956839
    outer loop
      vertex -0.710148 -1.32859 0.0141941
      vertex -0.848819 -1.29996 5.72205e-07
      vertex -0.836953 -1.25259 0.0141941
    endloop
  endfacet
  facet normal 0.124241 0.262682 -0.95685
    outer loop
      vertex -0.6093 -1.42799 5.72205e-07
      vertex -0.710148 -1.32859 0.0141941
      vertex -0.576504 -1.3918 0.0141941
    endloop
  endfacet
  facet normal 0.12424 0.262681 -0.956851
    outer loop
      vertex -0.710148 -1.32859 0.0141941
      vertex -0.6093 -1.42799 5.72205e-07
      vertex -0.732204 -1.36986 5.72205e-07
    endloop
  endfacet
  facet normal 0.173124 0.233433 -0.956837
    outer loop
      vertex -0.972151 -1.2105 5.72205e-07
      vertex -0.836953 -1.25259 0.0141941
      vertex -0.862948 -1.29149 5.72205e-07
    endloop
  endfacet
  facet normal 0.173121 0.233419 -0.956841
    outer loop
      vertex -0.836953 -1.25259 0.0141941
      vertex -0.972151 -1.2105 5.72205e-07
      vertex -0.955698 -1.16452 0.0141941
    endloop
  endfacet
  facet normal 0.173088 0.233431 -0.956844
    outer loop
      vertex -0.955698 -1.16452 0.0141941
      vertex -0.972151 -1.2105 5.72205e-07
      vertex -0.985381 -1.20069 5.72205e-07
    endloop
  endfacet
  facet normal -0.167532 0.10041 -0.98074
    outer loop
      vertex 1.32859 -0.710148 0.0141941
      vertex 1.25259 -0.836953 0.0141941
      vertex 0.802309 -0.428843 0.132895
    endloop
  endfacet
  facet normal -0.195081 -0.00958246 -0.98074
    outer loop
      vertex 1.50648 0 0.0141941
      vertex 0.909728 0 0.132895
      vertex 0.905348 0.0891685 0.132895
    endloop
  endfacet
  facet normal -0.0923971 -0.0330597 -0.995173
    outer loop
      vertex 0.84048 0.348138 0.132895
      vertex 0.870556 0.26408 0.132895
      vertex 0.281062 0.11642 0.192532
    endloop
  endfacet
  facet normal -0.189464 -0.0474573 -0.98074
    outer loop
      vertex 1.47753 0.293899 0.0141941
      vertex 0.892248 0.177479 0.132895
      vertex 0.870556 0.26408 0.132895
    endloop
  endfacet
  facet normal -0.0978933 0.273612 -0.956846
    outer loop
      vertex 0.466398 -1.48083 5.72205e-07
      vertex 0.576504 -1.3918 0.0141941
      vertex 0.594409 -1.43503 5.72205e-07
    endloop
  endfacet
  facet normal -0.0979186 0.273641 -0.956835
    outer loop
      vertex 0.576504 -1.3918 0.0141941
      vertex 0.466398 -1.48083 5.72205e-07
      vertex 0.437306 -1.44161 0.0141941
    endloop
  endfacet
  facet normal -0.10041 -0.167532 -0.98074
    outer loop
      vertex 0.710148 1.32859 0.0141941
      vertex 0.836953 1.25259 0.0141941
      vertex 0.428843 0.802309 0.132895
    endloop
  endfacet
  facet normal 0.0143996 -0.0970712 -0.995173
    outer loop
      vertex -0.0891685 0.905348 0.132895
      vertex -0.0298185 0.302754 0.192532
      vertex -0.177479 0.892248 0.132895
    endloop
  endfacet
  facet normal -0.0286558 -0.193204 -0.98074
    outer loop
      vertex 0.14766 1.49922 0.0141941
      vertex 0.293899 1.47753 0.0141941
      vertex 0.0891685 0.905348 0.132895
    endloop
  endfacet
  facet normal -0.233431 -0.173088 -0.956844
    outer loop
      vertex 1.20069 0.985381 5.72205e-07
      vertex 1.2105 0.972151 5.72205e-07
      vertex 1.16452 0.955698 0.0141941
    endloop
  endfacet
  facet normal -0.273638 -0.0979232 -0.956835
    outer loop
      vertex 1.48083 0.466398 5.72205e-07
      vertex 1.48638 0.450889 5.72205e-07
      vertex 1.44161 0.437306 0.0141941
    endloop
  endfacet
  facet normal -0.144723 -0.131165 -0.98074
    outer loop
      vertex 1.06524 1.06524 0.0141941
      vertex 1.16452 0.955698 0.0141941
      vertex 0.70323 0.577126 0.132895
    endloop
  endfacet
  facet normal -0.156881 -0.11635 -0.98074
    outer loop
      vertex 1.25259 0.836953 0.0141941
      vertex 0.756412 0.505418 0.132895
      vertex 0.70323 0.577126 0.132895
    endloop
  endfacet
  facet normal -0.0788216 -0.0584578 -0.995173
    outer loop
      vertex 0.70323 0.577126 0.132895
      vertex 0.756412 0.505418 0.132895
      vertex 0.252949 0.169015 0.192532
    endloop
  endfacet
  facet normal -0.0330606 -0.0923969 -0.995173
    outer loop
      vertex 0.26408 0.870556 0.132895
      vertex 0.11642 0.281062 0.192532
      vertex 0.0883102 0.29112 0.192532
    endloop
  endfacet
  facet normal -0.0659031 -0.0727116 -0.995173
    outer loop
      vertex 0.577126 0.70323 0.132895
      vertex 0.643275 0.643275 0.132895
      vertex 0.215116 0.215116 0.192532
    endloop
  endfacet
  facet normal -0.0727139 -0.0659001 -0.995173
    outer loop
      vertex 0.70323 0.577126 0.132895
      vertex 0.235165 0.192994 0.192532
      vertex 0.215116 0.215116 0.192532
    endloop
  endfacet
  facet normal 0.0835099 -0.176565 -0.98074
    outer loop
      vertex -0.348138 0.84048 0.132895
      vertex -0.428843 0.802309 0.132895
      vertex -0.576504 1.3918 0.0141941
    endloop
  endfacet
  facet normal 0.0835105 -0.176565 -0.98074
    outer loop
      vertex -0.576504 1.3918 0.0141941
      vertex -0.428843 0.802309 0.132895
      vertex -0.710148 1.32859 0.0141941
    endloop
  endfacet
  facet normal 0.0474561 -0.189464 -0.98074
    outer loop
      vertex -0.293899 1.47753 0.0141941
      vertex -0.26408 0.870556 0.132895
      vertex -0.437306 1.44161 0.0141941
    endloop
  endfacet
  facet normal 0.0657994 -0.1839 -0.98074
    outer loop
      vertex -0.26408 0.870556 0.132895
      vertex -0.348138 0.84048 0.132895
      vertex -0.437306 1.44161 0.0141941
    endloop
  endfacet
  facet normal 0.0286558 -0.193204 -0.98074
    outer loop
      vertex -0.14766 1.49922 0.0141941
      vertex -0.0891685 0.905348 0.132895
      vertex -0.293899 1.47753 0.0141941
    endloop
  endfacet
  facet normal 0.0426377 -0.287429 -0.956852
    outer loop
      vertex -0.14766 1.49922 0.0141941
      vertex -0.286733 1.52584 5.72205e-07
      vertex -0.152246 1.54579 5.72205e-07
    endloop
  endfacet
  facet normal 0.0426338 -0.287447 -0.956847
    outer loop
      vertex -0.286733 1.52584 5.72205e-07
      vertex -0.14766 1.49922 0.0141941
      vertex -0.293899 1.47753 0.0141941
    endloop
  endfacet
  facet normal 0.195136 -0.215338 -0.956845
    outer loop
      vertex -0.985381 1.20069 5.72205e-07
      vertex -0.955698 1.16452 0.0141941
      vertex -0.997586 1.18963 5.72205e-07
    endloop
  endfacet
  facet normal 0.195148 -0.215319 -0.956846
    outer loop
      vertex -1.06524 1.06524 0.0141941
      vertex -0.997586 1.18963 5.72205e-07
      vertex -0.955698 1.16452 0.0141941
    endloop
  endfacet
  facet normal 0.195123 -0.215307 -0.956854
    outer loop
      vertex -0.997586 1.18963 5.72205e-07
      vertex -1.06524 1.06524 0.0141941
      vertex -1.09833 1.09833 5.72205e-07
    endloop
  endfacet
  facet normal 0.215338 -0.195136 -0.956845
    outer loop
      vertex -1.18963 0.997586 5.72205e-07
      vertex -1.16452 0.955698 0.0141941
      vertex -1.20069 0.985381 5.72205e-07
    endloop
  endfacet
  facet normal -0.0143996 -0.0970712 -0.995173
    outer loop
      vertex 0.0891685 0.905348 0.132895
      vertex 0.177479 0.892248 0.132895
      vertex 0.0298185 0.302754 0.192532
    endloop
  endfacet
  facet normal -0.00481554 -0.0980152 -0.995173
    outer loop
      vertex 0.0891685 0.905348 0.132895
      vertex 0.0298185 0.302754 0.192532
      vertex 0 0.304219 0.192532
    endloop
  endfacet
  facet normal -0.00481456 -0.0980153 -0.995173
    outer loop
      vertex 0 0.909728 0.132895
      vertex 0.0891685 0.905348 0.132895
      vertex 0 0.304219 0.192532
    endloop
  endfacet
  facet normal 0.0330606 -0.0923969 -0.995173
    outer loop
      vertex -0.0883102 0.29112 0.192532
      vertex -0.11642 0.281062 0.192532
      vertex -0.26408 0.870556 0.132895
    endloop
  endfacet
  facet normal 0.0330597 -0.0923971 -0.995173
    outer loop
      vertex -0.26408 0.870556 0.132895
      vertex -0.11642 0.281062 0.192532
      vertex -0.348138 0.84048 0.132895
    endloop
  endfacet
  facet normal 0.195081 -0.00958246 -0.98074
    outer loop
      vertex -0.905348 0.0891685 0.132895
      vertex -0.909728 0 0.132895
      vertex -1.50648 0 0.0141941
    endloop
  endfacet
  facet normal 0.281888 -0.0706063 -0.956846
    outer loop
      vertex -1.51942 0.319006 5.72205e-07
      vertex -1.44161 0.437306 0.0141941
      vertex -1.47753 0.293899 0.0141941
    endloop
  endfacet
  facet normal 0.281919 -0.0706279 -0.956835
    outer loop
      vertex -1.44161 0.437306 0.0141941
      vertex -1.51942 0.319006 5.72205e-07
      vertex -1.48638 0.450889 5.72205e-07
    endloop
  endfacet
  facet normal 0.0970712 0.0143996 -0.995173
    outer loop
      vertex -0.302754 -0.0298185 0.192532
      vertex -0.892248 -0.177479 0.132895
      vertex -0.905348 -0.0891685 0.132895
    endloop
  endfacet
  facet normal 0.193203 -0.0286598 -0.98074
    outer loop
      vertex -0.892248 0.177479 0.132895
      vertex -0.905348 0.0891685 0.132895
      vertex -1.47753 0.293899 0.0141941
    endloop
  endfacet
  facet normal 0.144723 -0.131165 -0.98074
    outer loop
      vertex -1.06524 1.06524 0.0141941
      vertex -0.70323 0.577126 0.132895
      vertex -1.16452 0.955698 0.0141941
    endloop
  endfacet
  facet normal 0.156879 -0.116353 -0.98074
    outer loop
      vertex -1.16452 0.955698 0.0141941
      vertex -0.70323 0.577126 0.132895
      vertex -1.25259 0.836953 0.0141941
    endloop
  endfacet
  facet normal 0.290217 0.0142691 -0.956855
    outer loop
      vertex -1.5466 -0.135794 5.72205e-07
      vertex -1.50648 0 0.0141941
      vertex -1.49922 -0.14766 0.0141941
    endloop
  endfacet
  facet normal 0.290254 0.0142568 -0.956843
    outer loop
      vertex -1.50648 0 0.0141941
      vertex -1.5466 -0.135794 5.72205e-07
      vertex -1.55327 0 5.72205e-07
    endloop
  endfacet
  facet normal 0.290221 -0.0142888 -0.956853
    outer loop
      vertex -1.54579 0.152246 5.72205e-07
      vertex -1.49922 0.14766 0.0141941
      vertex -1.5466 0.135794 5.72205e-07
    endloop
  endfacet
  facet normal 0.287454 -0.0426929 -0.956842
    outer loop
      vertex -1.52342 0.303027 5.72205e-07
      vertex -1.47753 0.293899 0.0141941
      vertex -1.52584 0.286733 5.72205e-07
    endloop
  endfacet
  facet normal 0.262715 -0.124203 -0.956846
    outer loop
      vertex -1.42799 0.6093 5.72205e-07
      vertex -1.3918 0.576504 0.0141941
      vertex -1.43503 0.594409 5.72205e-07
    endloop
  endfacet
  facet normal 0.144723 0.131165 -0.98074
    outer loop
      vertex -0.70323 -0.577126 0.132895
      vertex -1.06524 -1.06524 0.0141941
      vertex -1.16452 -0.955698 0.0141941
    endloop
  endfacet
  facet normal 0.116353 0.156879 -0.98074
    outer loop
      vertex -0.577126 -0.70323 0.132895
      vertex -0.836953 -1.25259 0.0141941
      vertex -0.955698 -1.16452 0.0141941
    endloop
  endfacet
  facet normal 0.183899 0.0658055 -0.98074
    outer loop
      vertex -0.84048 -0.348138 0.132895
      vertex -1.3918 -0.576504 0.0141941
      vertex -1.44161 -0.437306 0.0141941
    endloop
  endfacet
  facet normal 0.0887107 0.0419591 -0.995173
    outer loop
      vertex -0.281062 -0.11642 0.192532
      vertex -0.268297 -0.143408 0.192532
      vertex -0.802309 -0.428843 0.132895
    endloop
  endfacet
  facet normal 0.131168 0.144719 -0.98074
    outer loop
      vertex -0.643275 -0.643275 0.132895
      vertex -0.577126 -0.70323 0.132895
      vertex -1.06524 -1.06524 0.0141941
    endloop
  endfacet
  facet normal -0.100413 0.167529 -0.98074
    outer loop
      vertex 0.505418 -0.756412 0.132895
      vertex 0.836953 -1.25259 0.0141941
      vertex 0.428843 -0.802309 0.132895
    endloop
  endfacet
  facet normal 0.00959159 0.195082 -0.98074
    outer loop
      vertex -0.0891685 -0.905348 0.132895
      vertex 0 -1.50648 0.0141941
      vertex -0.14766 -1.49922 0.0141941
    endloop
  endfacet
  facet normal 0.00958246 0.195081 -0.98074
    outer loop
      vertex 0 -0.909728 0.132895
      vertex 0 -1.50648 0.0141941
      vertex -0.0891685 -0.905348 0.132895
    endloop
  endfacet
  facet normal -0.00959159 0.195082 -0.98074
    outer loop
      vertex 0.0891685 -0.905348 0.132895
      vertex 0.14766 -1.49922 0.0141941
      vertex 0 -1.50648 0.0141941
    endloop
  endfacet
  facet normal 0.0330597 0.0923971 -0.995173
    outer loop
      vertex -0.11642 -0.281062 0.192532
      vertex -0.26408 -0.870556 0.132895
      vertex -0.348138 -0.84048 0.132895
    endloop
  endfacet
  facet normal 0.0474561 0.189464 -0.98074
    outer loop
      vertex -0.26408 -0.870556 0.132895
      vertex -0.293899 -1.47753 0.0141941
      vertex -0.437306 -1.44161 0.0141941
    endloop
  endfacet
  facet normal -0.176565 0.0835099 -0.98074
    outer loop
      vertex 0.84048 -0.348138 0.132895
      vertex 1.3918 -0.576504 0.0141941
      vertex 0.802309 -0.428843 0.132895
    endloop
  endfacet
  facet normal -0.0330597 0.0923971 -0.995173
    outer loop
      vertex 0.348138 -0.84048 0.132895
      vertex 0.26408 -0.870556 0.132895
      vertex 0.11642 -0.281062 0.192532
    endloop
  endfacet
  facet normal -0.124203 0.262715 -0.956846
    outer loop
      vertex 0.6093 -1.42799 5.72205e-07
      vertex 0.594409 -1.43503 5.72205e-07
      vertex 0.576504 -1.3918 0.0141941
    endloop
  endfacet
  facet normal -0.0659031 0.0727116 -0.995173
    outer loop
      vertex 0.643275 -0.643275 0.132895
      vertex 0.577126 -0.70323 0.132895
      vertex 0.215116 -0.215116 0.192532
    endloop
  endfacet
  facet normal -0.215307 0.195123 -0.956854
    outer loop
      vertex 1.06524 -1.06524 0.0141941
      vertex 1.18963 -0.997586 5.72205e-07
      vertex 1.09833 -1.09833 5.72205e-07
    endloop
  endfacet
  facet normal -0.215319 0.195148 -0.956846
    outer loop
      vertex 1.18963 -0.997586 5.72205e-07
      vertex 1.06524 -1.06524 0.0141941
      vertex 1.16452 -0.955698 0.0141941
    endloop
  endfacet
  facet normal 0.0426929 0.287454 -0.956842
    outer loop
      vertex -0.293899 -1.47753 0.0141941
      vertex -0.286733 -1.52584 5.72205e-07
      vertex -0.303027 -1.52342 5.72205e-07
    endloop
  endfacet
  facet normal 0.0426377 0.287429 -0.956852
    outer loop
      vertex -0.286733 -1.52584 5.72205e-07
      vertex -0.14766 -1.49922 0.0141941
      vertex -0.152246 -1.54579 5.72205e-07
    endloop
  endfacet
  facet normal 0.0426338 0.287447 -0.956847
    outer loop
      vertex -0.14766 -1.49922 0.0141941
      vertex -0.286733 -1.52584 5.72205e-07
      vertex -0.293899 -1.47753 0.0141941
    endloop
  endfacet
  facet normal 0.233419 0.173121 -0.956841
    outer loop
      vertex -1.2105 -0.972151 5.72205e-07
      vertex -1.25259 -0.836953 0.0141941
      vertex -1.16452 -0.955698 0.0141941
    endloop
  endfacet
  facet normal 0.233433 0.173124 -0.956837
    outer loop
      vertex -1.25259 -0.836953 0.0141941
      vertex -1.2105 -0.972151 5.72205e-07
      vertex -1.29149 -0.862948 5.72205e-07
    endloop
  endfacet
  facet normal 0.215338 0.195136 -0.956845
    outer loop
      vertex -1.16452 -0.955698 0.0141941
      vertex -1.18963 -0.997586 5.72205e-07
      vertex -1.20069 -0.985381 5.72205e-07
    endloop
  endfacet
  facet normal -0.189464 0.0474561 -0.98074
    outer loop
      vertex 1.47753 -0.293899 0.0141941
      vertex 1.44161 -0.437306 0.0141941
      vertex 0.870556 -0.26408 0.132895
    endloop
  endfacet
  facet normal -0.281919 0.0706279 -0.956835
    outer loop
      vertex 1.44161 -0.437306 0.0141941
      vertex 1.51942 -0.319006 5.72205e-07
      vertex 1.48638 -0.450889 5.72205e-07
    endloop
  endfacet
  facet normal -0.281888 0.0706063 -0.956846
    outer loop
      vertex 1.51942 -0.319006 5.72205e-07
      vertex 1.44161 -0.437306 0.0141941
      vertex 1.47753 -0.293899 0.0141941
    endloop
  endfacet
  facet normal -0.0980153 0.00481456 -0.995173
    outer loop
      vertex 0.909728 0 0.132895
      vertex 0.905348 -0.0891685 0.132895
      vertex 0.304219 0 0.192532
    endloop
  endfacet
  facet normal -0.193204 -0.0286558 -0.98074
    outer loop
      vertex 1.47753 0.293899 0.0141941
      vertex 1.49922 0.14766 0.0141941
      vertex 0.905348 0.0891685 0.132895
    endloop
  endfacet
  facet normal -0.0923969 -0.0330606 -0.995173
    outer loop
      vertex 0.870556 0.26408 0.132895
      vertex 0.29112 0.0883102 0.192532
      vertex 0.281062 0.11642 0.192532
    endloop
  endfacet
  facet normal -0.176565 -0.0835099 -0.98074
    outer loop
      vertex 1.3918 0.576504 0.0141941
      vertex 0.84048 0.348138 0.132895
      vertex 0.802309 0.428843 0.132895
    endloop
  endfacet
  facet normal -0.249267 0.149429 -0.956837
    outer loop
      vertex 1.29996 -0.848819 5.72205e-07
      vertex 1.29149 -0.862948 5.72205e-07
      vertex 1.25259 -0.836953 0.0141941
    endloop
  endfacet
  facet normal -0.233433 0.173124 -0.956837
    outer loop
      vertex 1.2105 -0.972151 5.72205e-07
      vertex 1.25259 -0.836953 0.0141941
      vertex 1.29149 -0.862948 5.72205e-07
    endloop
  endfacet
  facet normal -0.233419 0.173121 -0.956841
    outer loop
      vertex 1.25259 -0.836953 0.0141941
      vertex 1.2105 -0.972151 5.72205e-07
      vertex 1.16452 -0.955698 0.0141941
    endloop
  endfacet
  facet normal -0.173124 0.233433 -0.956837
    outer loop
      vertex 0.836953 -1.25259 0.0141941
      vertex 0.972151 -1.2105 5.72205e-07
      vertex 0.862948 -1.29149 5.72205e-07
    endloop
  endfacet
  facet normal -0.173121 0.233419 -0.956841
    outer loop
      vertex 0.972151 -1.2105 5.72205e-07
      vertex 0.836953 -1.25259 0.0141941
      vertex 0.955698 -1.16452 0.0141941
    endloop
  endfacet
  facet normal -0.149429 0.249267 -0.956837
    outer loop
      vertex 0.862948 -1.29149 5.72205e-07
      vertex 0.848819 -1.29996 5.72205e-07
      vertex 0.836953 -1.25259 0.0141941
    endloop
  endfacet
  facet normal -0.0142888 -0.290221 -0.956853
    outer loop
      vertex 0.152246 1.54579 5.72205e-07
      vertex 0.14766 1.49922 0.0141941
      vertex 0.135794 1.5466 5.72205e-07
    endloop
  endfacet
  facet normal 0.0979232 -0.273638 -0.956835
    outer loop
      vertex -0.450889 1.48638 5.72205e-07
      vertex -0.437306 1.44161 0.0141941
      vertex -0.466398 1.48083 5.72205e-07
    endloop
  endfacet
  facet normal -0.149401 -0.249274 -0.956839
    outer loop
      vertex 0.710148 1.32859 0.0141941
      vertex 0.848819 1.29996 5.72205e-07
      vertex 0.836953 1.25259 0.0141941
    endloop
  endfacet
  facet normal -0.149395 -0.249237 -0.95685
    outer loop
      vertex 0.848819 1.29996 5.72205e-07
      vertex 0.710148 1.32859 0.0141941
      vertex 0.732204 1.36986 5.72205e-07
    endloop
  endfacet
  facet normal -0.149429 -0.249267 -0.956837
    outer loop
      vertex 0.848819 1.29996 5.72205e-07
      vertex 0.862948 1.29149 5.72205e-07
      vertex 0.836953 1.25259 0.0141941
    endloop
  endfacet
  facet normal -0.0426929 -0.287454 -0.956842
    outer loop
      vertex 0.303027 1.52342 5.72205e-07
      vertex 0.293899 1.47753 0.0141941
      vertex 0.286733 1.52584 5.72205e-07
    endloop
  endfacet
  facet normal -0.0979232 -0.273638 -0.956835
    outer loop
      vertex 0.450889 1.48638 5.72205e-07
      vertex 0.466398 1.48083 5.72205e-07
      vertex 0.437306 1.44161 0.0141941
    endloop
  endfacet
  facet normal -0.0835099 -0.176565 -0.98074
    outer loop
      vertex 0.576504 1.3918 0.0141941
      vertex 0.428843 0.802309 0.132895
      vertex 0.348138 0.84048 0.132895
    endloop
  endfacet
  facet normal -0.0978933 -0.273612 -0.956846
    outer loop
      vertex 0.576504 1.3918 0.0141941
      vertex 0.466398 1.48083 5.72205e-07
      vertex 0.594409 1.43503 5.72205e-07
    endloop
  endfacet
  facet normal -0.0979186 -0.273641 -0.956835
    outer loop
      vertex 0.466398 1.48083 5.72205e-07
      vertex 0.576504 1.3918 0.0141941
      vertex 0.437306 1.44161 0.0141941
    endloop
  endfacet
  facet normal -0.281909 -0.0705699 -0.956842
    outer loop
      vertex 1.51942 0.319006 5.72205e-07
      vertex 1.52342 0.303027 5.72205e-07
      vertex 1.47753 0.293899 0.0141941
    endloop
  endfacet
  facet normal -0.183899 -0.0658055 -0.98074
    outer loop
      vertex 1.3918 0.576504 0.0141941
      vertex 1.44161 0.437306 0.0141941
      vertex 0.84048 0.348138 0.132895
    endloop
  endfacet
  facet normal -0.273641 -0.0979186 -0.956835
    outer loop
      vertex 1.3918 0.576504 0.0141941
      vertex 1.48083 0.466398 5.72205e-07
      vertex 1.44161 0.437306 0.0141941
    endloop
  endfacet
  facet normal -0.273612 -0.0978933 -0.956846
    outer loop
      vertex 1.48083 0.466398 5.72205e-07
      vertex 1.3918 0.576504 0.0141941
      vertex 1.43503 0.594409 5.72205e-07
    endloop
  endfacet
  facet normal -0.100413 -0.167529 -0.98074
    outer loop
      vertex 0.836953 1.25259 0.0141941
      vertex 0.505418 0.756412 0.132895
      vertex 0.428843 0.802309 0.132895
    endloop
  endfacet
  facet normal -0.0835105 -0.176565 -0.98074
    outer loop
      vertex 0.576504 1.3918 0.0141941
      vertex 0.710148 1.32859 0.0141941
      vertex 0.428843 0.802309 0.132895
    endloop
  endfacet
  facet normal -0.0419591 -0.0887107 -0.995173
    outer loop
      vertex 0.428843 0.802309 0.132895
      vertex 0.143408 0.268297 0.192532
      vertex 0.11642 0.281062 0.192532
    endloop
  endfacet
  facet normal -0.0727116 -0.0659031 -0.995173
    outer loop
      vertex 0.643275 0.643275 0.132895
      vertex 0.70323 0.577126 0.132895
      vertex 0.215116 0.215116 0.192532
    endloop
  endfacet
  facet normal -0.144719 -0.131168 -0.98074
    outer loop
      vertex 1.06524 1.06524 0.0141941
      vertex 0.70323 0.577126 0.132895
      vertex 0.643275 0.643275 0.132895
    endloop
  endfacet
  facet normal 0.0504504 -0.084172 -0.995173
    outer loop
      vertex -0.428843 0.802309 0.132895
      vertex -0.143408 0.268297 0.192532
      vertex -0.505418 0.756412 0.132895
    endloop
  endfacet
  facet normal 0.0584578 -0.0788216 -0.995173
    outer loop
      vertex -0.505418 0.756412 0.132895
      vertex -0.169015 0.252949 0.192532
      vertex -0.577126 0.70323 0.132895
    endloop
  endfacet
  facet normal 0.0658055 -0.183899 -0.98074
    outer loop
      vertex -0.437306 1.44161 0.0141941
      vertex -0.348138 0.84048 0.132895
      vertex -0.576504 1.3918 0.0141941
    endloop
  endfacet
  facet normal 0.0979186 -0.273641 -0.956835
    outer loop
      vertex -0.576504 1.3918 0.0141941
      vertex -0.466398 1.48083 5.72205e-07
      vertex -0.437306 1.44161 0.0141941
    endloop
  endfacet
  facet normal 0.0978933 -0.273612 -0.956846
    outer loop
      vertex -0.466398 1.48083 5.72205e-07
      vertex -0.576504 1.3918 0.0141941
      vertex -0.594409 1.43503 5.72205e-07
    endloop
  endfacet
  facet normal 0.0706063 -0.281888 -0.956846
    outer loop
      vertex -0.437306 1.44161 0.0141941
      vertex -0.319006 1.51942 5.72205e-07
      vertex -0.293899 1.47753 0.0141941
    endloop
  endfacet
  facet normal 0.0706279 -0.281919 -0.956835
    outer loop
      vertex -0.319006 1.51942 5.72205e-07
      vertex -0.437306 1.44161 0.0141941
      vertex -0.450889 1.48638 5.72205e-07
    endloop
  endfacet
  facet normal 0.116353 -0.156879 -0.98074
    outer loop
      vertex -0.836953 1.25259 0.0141941
      vertex -0.577126 0.70323 0.132895
      vertex -0.955698 1.16452 0.0141941
    endloop
  endfacet
  facet normal 0.173121 -0.233419 -0.956841
    outer loop
      vertex -0.972151 1.2105 5.72205e-07
      vertex -0.836953 1.25259 0.0141941
      vertex -0.955698 1.16452 0.0141941
    endloop
  endfacet
  facet normal 0.173124 -0.233433 -0.956837
    outer loop
      vertex -0.836953 1.25259 0.0141941
      vertex -0.972151 1.2105 5.72205e-07
      vertex -0.862948 1.29149 5.72205e-07
    endloop
  endfacet
  facet normal 0.00481456 -0.0980153 -0.995173
    outer loop
      vertex 0 0.909728 0.132895
      vertex 0 0.304219 0.192532
      vertex -0.0891685 0.905348 0.132895
    endloop
  endfacet
  facet normal 0.00958246 -0.195081 -0.98074
    outer loop
      vertex 0 1.50648 0.0141941
      vertex 0 0.909728 0.132895
      vertex -0.0891685 0.905348 0.132895
    endloop
  endfacet
  facet normal 0.189464 0.0474561 -0.98074
    outer loop
      vertex -0.870556 -0.26408 0.132895
      vertex -1.44161 -0.437306 0.0141941
      vertex -1.47753 -0.293899 0.0141941
    endloop
  endfacet
  facet normal 0.193204 0.0286558 -0.98074
    outer loop
      vertex -0.905348 -0.0891685 0.132895
      vertex -1.47753 -0.293899 0.0141941
      vertex -1.49922 -0.14766 0.0141941
    endloop
  endfacet
  facet normal 0.287447 -0.0426338 -0.956847
    outer loop
      vertex -1.49922 0.14766 0.0141941
      vertex -1.52584 0.286733 5.72205e-07
      vertex -1.47753 0.293899 0.0141941
    endloop
  endfacet
  facet normal 0.287429 -0.0426377 -0.956852
    outer loop
      vertex -1.52584 0.286733 5.72205e-07
      vertex -1.49922 0.14766 0.0141941
      vertex -1.54579 0.152246 5.72205e-07
    endloop
  endfacet
  facet normal 0.189464 -0.0474573 -0.98074
    outer loop
      vertex -0.870556 0.26408 0.132895
      vertex -0.892248 0.177479 0.132895
      vertex -1.47753 0.293899 0.0141941
    endloop
  endfacet
  facet normal 0.167529 -0.100413 -0.98074
    outer loop
      vertex -0.756412 0.505418 0.132895
      vertex -0.802309 0.428843 0.132895
      vertex -1.25259 0.836953 0.0141941
    endloop
  endfacet
  facet normal 0.176565 -0.0835105 -0.98074
    outer loop
      vertex -1.32859 0.710148 0.0141941
      vertex -0.802309 0.428843 0.132895
      vertex -1.3918 0.576504 0.0141941
    endloop
  endfacet
  facet normal 0.0788215 -0.0584579 -0.995173
    outer loop
      vertex -0.235165 0.192994 0.192532
      vertex -0.252949 0.169015 0.192532
      vertex -0.70323 0.577126 0.132895
    endloop
  endfacet
  facet normal 0.0788216 -0.0584578 -0.995173
    outer loop
      vertex -0.70323 0.577126 0.132895
      vertex -0.252949 0.169015 0.192532
      vertex -0.756412 0.505418 0.132895
    endloop
  endfacet
  facet normal 0.215307 0.195123 -0.956854
    outer loop
      vertex -1.18963 -0.997586 5.72205e-07
      vertex -1.06524 -1.06524 0.0141941
      vertex -1.09833 -1.09833 5.72205e-07
    endloop
  endfacet
  facet normal 0.215319 0.195148 -0.956846
    outer loop
      vertex -1.06524 -1.06524 0.0141941
      vertex -1.18963 -0.997586 5.72205e-07
      vertex -1.16452 -0.955698 0.0141941
    endloop
  endfacet
  facet normal 0.167529 0.100413 -0.98074
    outer loop
      vertex -0.802309 -0.428843 0.132895
      vertex -0.756412 -0.505418 0.132895
      vertex -1.25259 -0.836953 0.0141941
    endloop
  endfacet
  facet normal 0.0659031 0.0727116 -0.995173
    outer loop
      vertex -0.215116 -0.215116 0.192532
      vertex -0.577126 -0.70323 0.132895
      vertex -0.643275 -0.643275 0.132895
    endloop
  endfacet
  facet normal 0.131165 0.144723 -0.98074
    outer loop
      vertex -0.577126 -0.70323 0.132895
      vertex -0.955698 -1.16452 0.0141941
      vertex -1.06524 -1.06524 0.0141941
    endloop
  endfacet
  facet normal -0.00958246 0.195081 -0.98074
    outer loop
      vertex 0 -0.909728 0.132895
      vertex 0.0891685 -0.905348 0.132895
      vertex 0 -1.50648 0.0141941
    endloop
  endfacet
  facet normal -0.0143996 0.0970712 -0.995173
    outer loop
      vertex 0.177479 -0.892248 0.132895
      vertex 0.0891685 -0.905348 0.132895
      vertex 0.0298185 -0.302754 0.192532
    endloop
  endfacet
  facet normal 0.0238409 0.0951932 -0.995173
    outer loop
      vertex -0.0883102 -0.29112 0.192532
      vertex -0.05935 -0.298373 0.192532
      vertex -0.177479 -0.892248 0.132895
    endloop
  endfacet
  facet normal 0.0474573 0.189464 -0.98074
    outer loop
      vertex -0.26408 -0.870556 0.132895
      vertex -0.177479 -0.892248 0.132895
      vertex -0.293899 -1.47753 0.0141941
    endloop
  endfacet
  facet normal 0.0238441 0.0951927 -0.995173
    outer loop
      vertex -0.0883102 -0.29112 0.192532
      vertex -0.177479 -0.892248 0.132895
      vertex -0.26408 -0.870556 0.132895
    endloop
  endfacet
  facet normal 0.0835099 0.176565 -0.98074
    outer loop
      vertex -0.428843 -0.802309 0.132895
      vertex -0.348138 -0.84048 0.132895
      vertex -0.576504 -1.3918 0.0141941
    endloop
  endfacet
  facet normal -0.131168 0.144719 -0.98074
    outer loop
      vertex 0.643275 -0.643275 0.132895
      vertex 1.06524 -1.06524 0.0141941
      vertex 0.577126 -0.70323 0.132895
    endloop
  endfacet
  facet normal -0.131165 0.144723 -0.98074
    outer loop
      vertex 1.06524 -1.06524 0.0141941
      vertex 0.955698 -1.16452 0.0141941
      vertex 0.577126 -0.70323 0.132895
    endloop
  endfacet
  facet normal -0.193203 0.0286598 -0.98074
    outer loop
      vertex 0.905348 -0.0891685 0.132895
      vertex 1.47753 -0.293899 0.0141941
      vertex 0.892248 -0.177479 0.132895
    endloop
  endfacet
  facet normal -0.0658055 0.183899 -0.98074
    outer loop
      vertex 0.576504 -1.3918 0.0141941
      vertex 0.437306 -1.44161 0.0141941
      vertex 0.348138 -0.84048 0.132895
    endloop
  endfacet
  facet normal -0.12424 0.262681 -0.956851
    outer loop
      vertex 0.6093 -1.42799 5.72205e-07
      vertex 0.710148 -1.32859 0.0141941
      vertex 0.732204 -1.36986 5.72205e-07
    endloop
  endfacet
  facet normal -0.124241 0.262682 -0.95685
    outer loop
      vertex 0.710148 -1.32859 0.0141941
      vertex 0.6093 -1.42799 5.72205e-07
      vertex 0.576504 -1.3918 0.0141941
    endloop
  endfacet
  facet normal -0.0330606 0.0923969 -0.995173
    outer loop
      vertex 0.11642 -0.281062 0.192532
      vertex 0.26408 -0.870556 0.132895
      vertex 0.0883102 -0.29112 0.192532
    endloop
  endfacet
  facet normal -0.0706279 0.281919 -0.956835
    outer loop
      vertex 0.319006 -1.51942 5.72205e-07
      vertex 0.437306 -1.44161 0.0141941
      vertex 0.450889 -1.48638 5.72205e-07
    endloop
  endfacet
  facet normal -0.0706063 0.281888 -0.956846
    outer loop
      vertex 0.437306 -1.44161 0.0141941
      vertex 0.319006 -1.51942 5.72205e-07
      vertex 0.293899 -1.47753 0.0141941
    endloop
  endfacet
  facet normal -0.173088 0.233431 -0.956844
    outer loop
      vertex 0.985381 -1.20069 5.72205e-07
      vertex 0.972151 -1.2105 5.72205e-07
      vertex 0.955698 -1.16452 0.0141941
    endloop
  endfacet
  facet normal -0.195136 0.215338 -0.956845
    outer loop
      vertex 0.997586 -1.18963 5.72205e-07
      vertex 0.985381 -1.20069 5.72205e-07
      vertex 0.955698 -1.16452 0.0141941
    endloop
  endfacet
  facet normal 0.0286598 0.193203 -0.98074
    outer loop
      vertex -0.177479 -0.892248 0.132895
      vertex -0.0891685 -0.905348 0.132895
      vertex -0.293899 -1.47753 0.0141941
    endloop
  endfacet
  facet normal 0.0143996 0.0970712 -0.995173
    outer loop
      vertex -0.0298185 -0.302754 0.192532
      vertex -0.0891685 -0.905348 0.132895
      vertex -0.177479 -0.892248 0.132895
    endloop
  endfacet
  facet normal -0.0887114 0.0419578 -0.995173
    outer loop
      vertex 0.84048 -0.348138 0.132895
      vertex 0.802309 -0.428843 0.132895
      vertex 0.281062 -0.11642 0.192532
    endloop
  endfacet
  facet normal -0.249237 0.149395 -0.95685
    outer loop
      vertex 1.29996 -0.848819 5.72205e-07
      vertex 1.32859 -0.710148 0.0141941
      vertex 1.36986 -0.732204 5.72205e-07
    endloop
  endfacet
  facet normal -0.249274 0.149401 -0.956839
    outer loop
      vertex 1.32859 -0.710148 0.0141941
      vertex 1.29996 -0.848819 5.72205e-07
      vertex 1.25259 -0.836953 0.0141941
    endloop
  endfacet
  facet normal -0.195082 0.00959159 -0.98074
    outer loop
      vertex 1.50648 0 0.0141941
      vertex 1.49922 -0.14766 0.0141941
      vertex 0.905348 -0.0891685 0.132895
    endloop
  endfacet
  facet normal -0.290254 0.0142568 -0.956843
    outer loop
      vertex 1.5466 -0.135794 5.72205e-07
      vertex 1.50648 0 0.0141941
      vertex 1.55327 0 5.72205e-07
    endloop
  endfacet
  facet normal -0.290217 0.0142691 -0.956855
    outer loop
      vertex 1.50648 0 0.0141941
      vertex 1.5466 -0.135794 5.72205e-07
      vertex 1.49922 -0.14766 0.0141941
    endloop
  endfacet
  facet normal -0.195081 0.00958246 -0.98074
    outer loop
      vertex 0.909728 0 0.132895
      vertex 1.50648 0 0.0141941
      vertex 0.905348 -0.0891685 0.132895
    endloop
  endfacet
  facet normal -0.0980153 -0.00481456 -0.995173
    outer loop
      vertex 0.905348 0.0891685 0.132895
      vertex 0.909728 0 0.132895
      vertex 0.304219 0 0.192532
    endloop
  endfacet
  facet normal -0.0970712 -0.0143996 -0.995173
    outer loop
      vertex 0.892248 0.177479 0.132895
      vertex 0.905348 0.0891685 0.132895
      vertex 0.302754 0.0298185 0.192532
    endloop
  endfacet
  facet normal -0.193203 -0.0286598 -0.98074
    outer loop
      vertex 1.47753 0.293899 0.0141941
      vertex 0.905348 0.0891685 0.132895
      vertex 0.892248 0.177479 0.132895
    endloop
  endfacet
  facet normal -0.0887114 -0.0419578 -0.995173
    outer loop
      vertex 0.802309 0.428843 0.132895
      vertex 0.84048 0.348138 0.132895
      vertex 0.281062 0.11642 0.192532
    endloop
  endfacet
  facet normal -0.0887107 -0.0419591 -0.995173
    outer loop
      vertex 0.802309 0.428843 0.132895
      vertex 0.281062 0.11642 0.192532
      vertex 0.268297 0.143408 0.192532
    endloop
  endfacet
  facet normal -0.233431 0.173088 -0.956844
    outer loop
      vertex 1.2105 -0.972151 5.72205e-07
      vertex 1.20069 -0.985381 5.72205e-07
      vertex 1.16452 -0.955698 0.0141941
    endloop
  endfacet
  facet normal -0.00958246 -0.195081 -0.98074
    outer loop
      vertex 0 1.50648 0.0141941
      vertex 0.0891685 0.905348 0.132895
      vertex 0 0.909728 0.132895
    endloop
  endfacet
  facet normal -0.00959159 -0.195082 -0.98074
    outer loop
      vertex 0.14766 1.49922 0.0141941
      vertex 0.0891685 0.905348 0.132895
      vertex 0 1.50648 0.0141941
    endloop
  endfacet
  facet normal -0.0705699 -0.281909 -0.956842
    outer loop
      vertex 0.303027 1.52342 5.72205e-07
      vertex 0.319006 1.51942 5.72205e-07
      vertex 0.293899 1.47753 0.0141941
    endloop
  endfacet
  facet normal -0.0706279 -0.281919 -0.956835
    outer loop
      vertex 0.437306 1.44161 0.0141941
      vertex 0.319006 1.51942 5.72205e-07
      vertex 0.450889 1.48638 5.72205e-07
    endloop
  endfacet
  facet normal -0.0706063 -0.281888 -0.956846
    outer loop
      vertex 0.319006 1.51942 5.72205e-07
      vertex 0.437306 1.44161 0.0141941
      vertex 0.293899 1.47753 0.0141941
    endloop
  endfacet
  facet normal -0.0474561 -0.189464 -0.98074
    outer loop
      vertex 0.293899 1.47753 0.0141941
      vertex 0.437306 1.44161 0.0141941
      vertex 0.26408 0.870556 0.132895
    endloop
  endfacet
  facet normal -0.1839 -0.0657994 -0.98074
    outer loop
      vertex 1.44161 0.437306 0.0141941
      vertex 0.870556 0.26408 0.132895
      vertex 0.84048 0.348138 0.132895
    endloop
  endfacet
  facet normal -0.189464 -0.0474561 -0.98074
    outer loop
      vertex 1.44161 0.437306 0.0141941
      vertex 1.47753 0.293899 0.0141941
      vertex 0.870556 0.26408 0.132895
    endloop
  endfacet
  facet normal -0.167532 -0.10041 -0.98074
    outer loop
      vertex 1.25259 0.836953 0.0141941
      vertex 1.32859 0.710148 0.0141941
      vertex 0.802309 0.428843 0.132895
    endloop
  endfacet
  facet normal -0.249267 -0.149429 -0.956837
    outer loop
      vertex 1.29149 0.862948 5.72205e-07
      vertex 1.29996 0.848819 5.72205e-07
      vertex 1.25259 0.836953 0.0141941
    endloop
  endfacet
  facet normal -0.0238409 -0.0951932 -0.995173
    outer loop
      vertex 0.177479 0.892248 0.132895
      vertex 0.0883102 0.29112 0.192532
      vertex 0.05935 0.298373 0.192532
    endloop
  endfacet
  facet normal -0.0144005 -0.097071 -0.995173
    outer loop
      vertex 0.177479 0.892248 0.132895
      vertex 0.05935 0.298373 0.192532
      vertex 0.0298185 0.302754 0.192532
    endloop
  endfacet
  facet normal -0.0841722 -0.0504501 -0.995173
    outer loop
      vertex 0.756412 0.505418 0.132895
      vertex 0.268297 0.143408 0.192532
      vertex 0.252949 0.169015 0.192532
    endloop
  endfacet
  facet normal -0.0584579 -0.0788215 -0.995173
    outer loop
      vertex 0.577126 0.70323 0.132895
      vertex 0.192994 0.235165 0.192532
      vertex 0.169015 0.252949 0.192532
    endloop
  endfacet
  facet normal -0.0658055 -0.183899 -0.98074
    outer loop
      vertex 0.437306 1.44161 0.0141941
      vertex 0.576504 1.3918 0.0141941
      vertex 0.348138 0.84048 0.132895
    endloop
  endfacet
  facet normal -0.0657994 -0.1839 -0.98074
    outer loop
      vertex 0.437306 1.44161 0.0141941
      vertex 0.348138 0.84048 0.132895
      vertex 0.26408 0.870556 0.132895
    endloop
  endfacet
  facet normal 0.0504501 -0.0841722 -0.995173
    outer loop
      vertex -0.143408 0.268297 0.192532
      vertex -0.169015 0.252949 0.192532
      vertex -0.505418 0.756412 0.132895
    endloop
  endfacet
  facet normal 0.0705699 -0.281909 -0.956842
    outer loop
      vertex -0.303027 1.52342 5.72205e-07
      vertex -0.293899 1.47753 0.0141941
      vertex -0.319006 1.51942 5.72205e-07
    endloop
  endfacet
  facet normal 0.0426929 -0.287454 -0.956842
    outer loop
      vertex -0.286733 1.52584 5.72205e-07
      vertex -0.293899 1.47753 0.0141941
      vertex -0.303027 1.52342 5.72205e-07
    endloop
  endfacet
  facet normal 0.00481554 -0.0980152 -0.995173
    outer loop
      vertex 0 0.304219 0.192532
      vertex -0.0298185 0.302754 0.192532
      vertex -0.0891685 0.905348 0.132895
    endloop
  endfacet
  facet normal 0.0144005 -0.097071 -0.995173
    outer loop
      vertex -0.0298185 0.302754 0.192532
      vertex -0.05935 0.298373 0.192532
      vertex -0.177479 0.892248 0.132895
    endloop
  endfacet
  facet normal 0.0238409 -0.0951932 -0.995173
    outer loop
      vertex -0.05935 0.298373 0.192532
      vertex -0.0883102 0.29112 0.192532
      vertex -0.177479 0.892248 0.132895
    endloop
  endfacet
  facet normal 0.0923969 0.0330606 -0.995173
    outer loop
      vertex -0.29112 -0.0883102 0.192532
      vertex -0.281062 -0.11642 0.192532
      vertex -0.870556 -0.26408 0.132895
    endloop
  endfacet
  facet normal 0.0980152 -0.00481554 -0.995173
    outer loop
      vertex -0.302754 0.0298185 0.192532
      vertex -0.304219 0 0.192532
      vertex -0.905348 0.0891685 0.132895
    endloop
  endfacet
  facet normal 0.0980153 -0.00481456 -0.995173
    outer loop
      vertex -0.905348 0.0891685 0.132895
      vertex -0.304219 0 0.192532
      vertex -0.909728 0 0.132895
    endloop
  endfacet
  facet normal 0.189464 0.0474573 -0.98074
    outer loop
      vertex -0.892248 -0.177479 0.132895
      vertex -0.870556 -0.26408 0.132895
      vertex -1.47753 -0.293899 0.0141941
    endloop
  endfacet
  facet normal 0.193203 0.0286598 -0.98074
    outer loop
      vertex -0.905348 -0.0891685 0.132895
      vertex -0.892248 -0.177479 0.132895
      vertex -1.47753 -0.293899 0.0141941
    endloop
  endfacet
  facet normal 0.195082 0.00959159 -0.98074
    outer loop
      vertex -0.905348 -0.0891685 0.132895
      vertex -1.49922 -0.14766 0.0141941
      vertex -1.50648 0 0.0141941
    endloop
  endfacet
  facet normal 0.195081 0.00958246 -0.98074
    outer loop
      vertex -0.909728 0 0.132895
      vertex -0.905348 -0.0891685 0.132895
      vertex -1.50648 0 0.0141941
    endloop
  endfacet
  facet normal 0.281919 0.0706279 -0.956835
    outer loop
      vertex -1.51942 -0.319006 5.72205e-07
      vertex -1.44161 -0.437306 0.0141941
      vertex -1.48638 -0.450889 5.72205e-07
    endloop
  endfacet
  facet normal 0.281888 0.0706063 -0.956846
    outer loop
      vertex -1.44161 -0.437306 0.0141941
      vertex -1.51942 -0.319006 5.72205e-07
      vertex -1.47753 -0.293899 0.0141941
    endloop
  endfacet
  facet normal 0.281909 -0.0705699 -0.956842
    outer loop
      vertex -1.51942 0.319006 5.72205e-07
      vertex -1.47753 0.293899 0.0141941
      vertex -1.52342 0.303027 5.72205e-07
    endloop
  endfacet
  facet normal 0 0 -1
    outer loop
      vertex 0.302754 -0.0298185 0.192532
      vertex 0.302754 0.0298185 0.192532
      vertex 0.304219 0 0.192532
    endloop
  endfacet
  facet normal 0 0 -1
    outer loop
      vertex 0.298373 -0.05935 0.192532
      vertex 0.302754 0.0298185 0.192532
      vertex 0.302754 -0.0298185 0.192532
    endloop
  endfacet
  facet normal 0 0 -1
    outer loop
      vertex 0.298373 -0.05935 0.192532
      vertex 0.298373 0.05935 0.192532
      vertex 0.302754 0.0298185 0.192532
    endloop
  endfacet
  facet normal 0 0 -1
    outer loop
      vertex 0.29112 -0.0883102 0.192532
      vertex 0.298373 0.05935 0.192532
      vertex 0.298373 -0.05935 0.192532
    endloop
  endfacet
  facet normal 0 0 -1
    outer loop
      vertex 0.29112 -0.0883102 0.192532
      vertex 0.29112 0.0883102 0.192532
      vertex 0.298373 0.05935 0.192532
    endloop
  endfacet
  facet normal 0 0 -1
    outer loop
      vertex 0.281062 -0.11642 0.192532
      vertex 0.29112 0.0883102 0.192532
      vertex 0.29112 -0.0883102 0.192532
    endloop
  endfacet
  facet normal 0 0 -1
    outer loop
      vertex 0.281062 -0.11642 0.192532
      vertex 0.281062 0.11642 0.192532
      vertex 0.29112 0.0883102 0.192532
    endloop
  endfacet
  facet normal 0 0 -1
    outer loop
      vertex 0.268297 -0.143408 0.192532
      vertex 0.281062 0.11642 0.192532
      vertex 0.281062 -0.11642 0.192532
    endloop
  endfacet
  facet normal 0 0 -1
    outer loop
      vertex 0.268297 -0.143408 0.192532
      vertex 0.268297 0.143408 0.192532
      vertex 0.281062 0.11642 0.192532
    endloop
  endfacet
  facet normal 0 0 -1
    outer loop
      vertex 0.252949 -0.169015 0.192532
      vertex 0.268297 0.143408 0.192532
      vertex 0.268297 -0.143408 0.192532
    endloop
  endfacet
  facet normal 0 0 -1
    outer loop
      vertex 0.252949 -0.169015 0.192532
      vertex 0.252949 0.169015 0.192532
      vertex 0.268297 0.143408 0.192532
    endloop
  endfacet
  facet normal 0 0 -1
    outer loop
      vertex 0.235165 -0.192994 0.192532
      vertex 0.252949 0.169015 0.192532
      vertex 0.252949 -0.169015 0.192532
    endloop
  endfacet
  facet normal 0 0 -1
    outer loop
      vertex 0.235165 -0.192994 0.192532
      vertex 0.235165 0.192994 0.192532
      vertex 0.252949 0.169015 0.192532
    endloop
  endfacet
  facet normal 0 0 -1
    outer loop
      vertex 0.215116 -0.215116 0.192532
      vertex 0.235165 0.192994 0.192532
      vertex 0.235165 -0.192994 0.192532
    endloop
  endfacet
  facet normal 0 0 -1
    outer loop
      vertex 0.215116 -0.215116 0.192532
      vertex 0.215116 0.215116 0.192532
      vertex 0.235165 0.192994 0.192532
    endloop
  endfacet
  facet normal 0 0 -1
    outer loop
      vertex 0.192994 -0.235165 0.192532
      vertex 0.215116 0.215116 0.192532
      vertex 0.215116 -0.215116 0.192532
    endloop
  endfacet
  facet normal 0 0 -1
    outer loop
      vertex 0.192994 -0.235165 0.192532
      vertex 0.192994 0.235165 0.192532
      vertex 0.215116 0.215116 0.192532
    endloop
  endfacet
  facet normal 0 0 -1
    outer loop
      vertex 0.169015 -0.252949 0.192532
      vertex 0.192994 0.235165 0.192532
      vertex 0.192994 -0.235165 0.192532
    endloop
  endfacet
  facet normal 0 0 -1
    outer loop
      vertex 0.169015 -0.252949 0.192532
      vertex 0.169015 0.252949 0.192532
      vertex 0.192994 0.235165 0.192532
    endloop
  endfacet
  facet normal 0 0 -1
    outer loop
      vertex 0.143408 -0.268297 0.192532
      vertex 0.169015 0.252949 0.192532
      vertex 0.169015 -0.252949 0.192532
    endloop
  endfacet
  facet normal 0 0 -1
    outer loop
      vertex 0.143408 -0.268297 0.192532
      vertex 0.143408 0.268297 0.192532
      vertex 0.169015 0.252949 0.192532
    endloop
  endfacet
  facet normal 0 0 -1
    outer loop
      vertex 0.11642 -0.281062 0.192532
      vertex 0.143408 0.268297 0.192532
      vertex 0.143408 -0.268297 0.192532
    endloop
  endfacet
  facet normal 0 0 -1
    outer loop
      vertex 0.11642 -0.281062 0.192532
      vertex 0.11642 0.281062 0.192532
      vertex 0.143408 0.268297 0.192532
    endloop
  endfacet
  facet normal 0 0 -1
    outer loop
      vertex 0.0883102 -0.29112 0.192532
      vertex 0.11642 0.281062 0.192532
      vertex 0.11642 -0.281062 0.192532
    endloop
  endfacet
  facet normal 0 0 -1
    outer loop
      vertex 0.0883102 -0.29112 0.192532
      vertex 0.0883102 0.29112 0.192532
      vertex 0.11642 0.281062 0.192532
    endloop
  endfacet
  facet normal 0 0 -1
    outer loop
      vertex 0.05935 -0.298373 0.192532
      vertex 0.0883102 0.29112 0.192532
      vertex 0.0883102 -0.29112 0.192532
    endloop
  endfacet
  facet normal 0 0 -1
    outer loop
      vertex 0.05935 -0.298373 0.192532
      vertex 0.05935 0.298373 0.192532
      vertex 0.0883102 0.29112 0.192532
    endloop
  endfacet
  facet normal 0 0 -1
    outer loop
      vertex 0.0298185 -0.302754 0.192532
      vertex 0.05935 0.298373 0.192532
      vertex 0.05935 -0.298373 0.192532
    endloop
  endfacet
  facet normal 0 0 -1
    outer loop
      vertex 0.0298185 -0.302754 0.192532
      vertex 0.0298185 0.302754 0.192532
      vertex 0.05935 0.298373 0.192532
    endloop
  endfacet
  facet normal 0 0 -1
    outer loop
      vertex 0 -0.304219 0.192532
      vertex 0.0298185 0.302754 0.192532
      vertex 0.0298185 -0.302754 0.192532
    endloop
  endfacet
  facet normal 0 0 -1
    outer loop
      vertex 0 -0.304219 0.192532
      vertex 0 0.304219 0.192532
      vertex 0.0298185 0.302754 0.192532
    endloop
  endfacet
  facet normal 0 0 -1
    outer loop
      vertex -0.0298185 -0.302754 0.192532
      vertex 0 0.304219 0.192532
      vertex 0 -0.304219 0.192532
    endloop
  endfacet
  facet normal 0 0 -1
    outer loop
      vertex -0.0298185 -0.302754 0.192532
      vertex -0.0298185 0.302754 0.192532
      vertex 0 0.304219 0.192532
    endloop
  endfacet
  facet normal 0 0 -1
    outer loop
      vertex -0.05935 -0.298373 0.192532
      vertex -0.0298185 0.302754 0.192532
      vertex -0.0298185 -0.302754 0.192532
    endloop
  endfacet
  facet normal 0 0 -1
    outer loop
      vertex -0.05935 -0.298373 0.192532
      vertex -0.05935 0.298373 0.192532
      vertex -0.0298185 0.302754 0.192532
    endloop
  endfacet
  facet normal 0 0 -1
    outer loop
      vertex -0.0883102 -0.29112 0.192532
      vertex -0.05935 0.298373 0.192532
      vertex -0.05935 -0.298373 0.192532
    endloop
  endfacet
  facet normal 0 0 -1
    outer loop
      vertex -0.0883102 -0.29112 0.192532
      vertex -0.0883102 0.29112 0.192532
      vertex -0.05935 0.298373 0.192532
    endloop
  endfacet
  facet normal 0 0 -1
    outer loop
      vertex -0.11642 -0.281062 0.192532
      vertex -0.0883102 0.29112 0.192532
      vertex -0.0883102 -0.29112 0.192532
    endloop
  endfacet
  facet normal 0 0 -1
    outer loop
      vertex -0.11642 -0.281062 0.192532
      vertex -0.11642 0.281062 0.192532
      vertex -0.0883102 0.29112 0.192532
    endloop
  endfacet
  facet normal 0 0 -1
    outer loop
      vertex -0.143408 -0.268297 0.192532
      vertex -0.11642 0.281062 0.192532
      vertex -0.11642 -0.281062 0.192532
    endloop
  endfacet
  facet normal 0 0 -1
    outer loop
      vertex -0.143408 -0.268297 0.192532
      vertex -0.143408 0.268297 0.192532
      vertex -0.11642 0.281062 0.192532
    endloop
  endfacet
  facet normal 0 0 -1
    outer loop
      vertex -0.169015 -0.252949 0.192532
      vertex -0.143408 0.268297 0.192532
      vertex -0.143408 -0.268297 0.192532
    endloop
  endfacet
  facet normal 0 0 -1
    outer loop
      vertex -0.169015 -0.252949 0.192532
      vertex -0.169015 0.252949 0.192532
      vertex -0.143408 0.268297 0.192532
    endloop
  endfacet
  facet normal 0 0 -1
    outer loop
      vertex -0.192994 -0.235165 0.192532
      vertex -0.169015 0.252949 0.192532
      vertex -0.169015 -0.252949 0.192532
    endloop
  endfacet
  facet normal 0 0 -1
    outer loop
      vertex -0.192994 -0.235165 0.192532
      vertex -0.192994 0.235165 0.192532
      vertex -0.169015 0.252949 0.192532
    endloop
  endfacet
  facet normal 0 0 -1
    outer loop
      vertex -0.215116 -0.215116 0.192532
      vertex -0.192994 0.235165 0.192532
      vertex -0.192994 -0.235165 0.192532
    endloop
  endfacet
  facet normal 0 0 -1
    outer loop
      vertex -0.215116 -0.215116 0.192532
      vertex -0.215116 0.215116 0.192532
      vertex -0.192994 0.235165 0.192532
    endloop
  endfacet
  facet normal 0 0 -1
    outer loop
      vertex -0.235165 -0.192994 0.192532
      vertex -0.215116 0.215116 0.192532
      vertex -0.215116 -0.215116 0.192532
    endloop
  endfacet
  facet normal 0 0 -1
    outer loop
      vertex -0.235165 -0.192994 0.192532
      vertex -0.235165 0.192994 0.192532
      vertex -0.215116 0.215116 0.192532
    endloop
  endfacet
  facet normal 0 0 -1
    outer loop
      vertex -0.252949 -0.169015 0.192532
      vertex -0.235165 0.192994 0.192532
      vertex -0.235165 -0.192994 0.192532
    endloop
  endfacet
  facet normal 0 0 -1
    outer loop
      vertex -0.252949 -0.169015 0.192532
      vertex -0.252949 0.169015 0.192532
      vertex -0.235165 0.192994 0.192532
    endloop
  endfacet
  facet normal 0 0 -1
    outer loop
      vertex -0.268297 -0.143408 0.192532
      vertex -0.252949 0.169015 0.192532
      vertex -0.252949 -0.169015 0.192532
    endloop
  endfacet
  facet normal 0 0 -1
    outer loop
      vertex -0.268297 -0.143408 0.192532
      vertex -0.268297 0.143408 0.192532
      vertex -0.252949 0.169015 0.192532
    endloop
  endfacet
  facet normal 0 0 -1
    outer loop
      vertex -0.281062 -0.11642 0.192532
      vertex -0.268297 0.143408 0.192532
      vertex -0.268297 -0.143408 0.192532
    endloop
  endfacet
  facet normal 0 0 -1
    outer loop
      vertex -0.281062 -0.11642 0.192532
      vertex -0.281062 0.11642 0.192532
      vertex -0.268297 0.143408 0.192532
    endloop
  endfacet
  facet normal 0 0 -1
    outer loop
      vertex -0.29112 -0.0883102 0.192532
      vertex -0.281062 0.11642 0.192532
      vertex -0.281062 -0.11642 0.192532
    endloop
  endfacet
  facet normal 0 0 -1
    outer loop
      vertex -0.29112 -0.0883102 0.192532
      vertex -0.29112 0.0883102 0.192532
      vertex -0.281062 0.11642 0.192532
    endloop
  endfacet
  facet normal 0 0 -1
    outer loop
      vertex -0.298373 -0.05935 0.192532
      vertex -0.29112 0.0883102 0.192532
      vertex -0.29112 -0.0883102 0.192532
    endloop
  endfacet
  facet normal 0 0 -1
    outer loop
      vertex -0.298373 -0.05935 0.192532
      vertex -0.298373 0.05935 0.192532
      vertex -0.29112 0.0883102 0.192532
    endloop
  endfacet
  facet normal 0 0 -1
    outer loop
      vertex -0.302754 -0.0298185 0.192532
      vertex -0.298373 0.05935 0.192532
      vertex -0.298373 -0.05935 0.192532
    endloop
  endfacet
  facet normal 0 0 -1
    outer loop
      vertex -0.302754 -0.0298185 0.192532
      vertex -0.302754 0.0298185 0.192532
      vertex -0.298373 0.05935 0.192532
    endloop
  endfacet
  facet normal 0 -0 -1
    outer loop
      vertex -0.302754 0.0298185 0.192532
      vertex -0.302754 -0.0298185 0.192532
      vertex -0.304219 0 0.192532
    endloop
  endfacet
  facet normal 0.0951927 -0.0238441 -0.995173
    outer loop
      vertex -0.870556 0.26408 0.132895
      vertex -0.29112 0.0883102 0.192532
      vertex -0.892248 0.177479 0.132895
    endloop
  endfacet
  facet normal 0.249274 -0.149401 -0.956839
    outer loop
      vertex -1.32859 0.710148 0.0141941
      vertex -1.29996 0.848819 5.72205e-07
      vertex -1.25259 0.836953 0.0141941
    endloop
  endfacet
  facet normal 0.249237 -0.149395 -0.95685
    outer loop
      vertex -1.29996 0.848819 5.72205e-07
      vertex -1.32859 0.710148 0.0141941
      vertex -1.36986 0.732204 5.72205e-07
    endloop
  endfacet
  facet normal 0.262682 -0.124241 -0.95685
    outer loop
      vertex -1.42799 0.6093 5.72205e-07
      vertex -1.32859 0.710148 0.0141941
      vertex -1.3918 0.576504 0.0141941
    endloop
  endfacet
  facet normal 0.262681 -0.12424 -0.956851
    outer loop
      vertex -1.32859 0.710148 0.0141941
      vertex -1.42799 0.6093 5.72205e-07
      vertex -1.36986 0.732204 5.72205e-07
    endloop
  endfacet
  facet normal 0.0841722 -0.0504501 -0.995173
    outer loop
      vertex -0.252949 0.169015 0.192532
      vertex -0.268297 0.143408 0.192532
      vertex -0.756412 0.505418 0.132895
    endloop
  endfacet
  facet normal 0.131168 -0.144719 -0.98074
    outer loop
      vertex -0.577126 0.70323 0.132895
      vertex -0.643275 0.643275 0.132895
      vertex -1.06524 1.06524 0.0141941
    endloop
  endfacet
  facet normal 0.144719 -0.131168 -0.98074
    outer loop
      vertex -0.643275 0.643275 0.132895
      vertex -0.70323 0.577126 0.132895
      vertex -1.06524 1.06524 0.0141941
    endloop
  endfacet
  facet normal 0.233431 0.173088 -0.956844
    outer loop
      vertex -1.16452 -0.955698 0.0141941
      vertex -1.20069 -0.985381 5.72205e-07
      vertex -1.2105 -0.972151 5.72205e-07
    endloop
  endfacet
  facet normal 0.249267 0.149429 -0.956837
    outer loop
      vertex -1.25259 -0.836953 0.0141941
      vertex -1.29149 -0.862948 5.72205e-07
      vertex -1.29996 -0.848819 5.72205e-07
    endloop
  endfacet
  facet normal 0.249274 0.149401 -0.956839
    outer loop
      vertex -1.29996 -0.848819 5.72205e-07
      vertex -1.32859 -0.710148 0.0141941
      vertex -1.25259 -0.836953 0.0141941
    endloop
  endfacet
  facet normal 0.249237 0.149395 -0.95685
    outer loop
      vertex -1.32859 -0.710148 0.0141941
      vertex -1.29996 -0.848819 5.72205e-07
      vertex -1.36986 -0.732204 5.72205e-07
    endloop
  endfacet
  facet normal 0.0887114 0.0419578 -0.995173
    outer loop
      vertex -0.281062 -0.11642 0.192532
      vertex -0.802309 -0.428843 0.132895
      vertex -0.84048 -0.348138 0.132895
    endloop
  endfacet
  facet normal 0.0923971 0.0330597 -0.995173
    outer loop
      vertex -0.281062 -0.11642 0.192532
      vertex -0.84048 -0.348138 0.132895
      vertex -0.870556 -0.26408 0.132895
    endloop
  endfacet
  facet normal 0.156881 0.11635 -0.98074
    outer loop
      vertex -0.756412 -0.505418 0.132895
      vertex -0.70323 -0.577126 0.132895
      vertex -1.25259 -0.836953 0.0141941
    endloop
  endfacet
  facet normal 0.0788216 0.0584578 -0.995173
    outer loop
      vertex -0.252949 -0.169015 0.192532
      vertex -0.70323 -0.577126 0.132895
      vertex -0.756412 -0.505418 0.132895
    endloop
  endfacet
  facet normal 0.11635 0.156881 -0.98074
    outer loop
      vertex -0.577126 -0.70323 0.132895
      vertex -0.505418 -0.756412 0.132895
      vertex -0.836953 -1.25259 0.0141941
    endloop
  endfacet
  facet normal 0.100413 0.167529 -0.98074
    outer loop
      vertex -0.505418 -0.756412 0.132895
      vertex -0.428843 -0.802309 0.132895
      vertex -0.836953 -1.25259 0.0141941
    endloop
  endfacet
  facet normal 0.0584579 0.0788215 -0.995173
    outer loop
      vertex -0.192994 -0.235165 0.192532
      vertex -0.169015 -0.252949 0.192532
      vertex -0.577126 -0.70323 0.132895
    endloop
  endfacet
  facet normal 0.0419591 0.0887107 -0.995173
    outer loop
      vertex -0.143408 -0.268297 0.192532
      vertex -0.11642 -0.281062 0.192532
      vertex -0.428843 -0.802309 0.132895
    endloop
  endfacet
  facet normal -0.0474561 0.189464 -0.98074
    outer loop
      vertex 0.437306 -1.44161 0.0141941
      vertex 0.293899 -1.47753 0.0141941
      vertex 0.26408 -0.870556 0.132895
    endloop
  endfacet
  facet normal -0.0419578 0.0887114 -0.995173
    outer loop
      vertex 0.428843 -0.802309 0.132895
      vertex 0.348138 -0.84048 0.132895
      vertex 0.11642 -0.281062 0.192532
    endloop
  endfacet
  facet normal -0.0504501 0.0841722 -0.995173
    outer loop
      vertex 0.169015 -0.252949 0.192532
      vertex 0.505418 -0.756412 0.132895
      vertex 0.143408 -0.268297 0.192532
    endloop
  endfacet
  facet normal -0.144719 0.131168 -0.98074
    outer loop
      vertex 0.70323 -0.577126 0.132895
      vertex 1.06524 -1.06524 0.0141941
      vertex 0.643275 -0.643275 0.132895
    endloop
  endfacet
  facet normal -0.144723 0.131165 -0.98074
    outer loop
      vertex 1.16452 -0.955698 0.0141941
      vertex 1.06524 -1.06524 0.0141941
      vertex 0.70323 -0.577126 0.132895
    endloop
  endfacet
  facet normal -0.0584578 0.0788216 -0.995173
    outer loop
      vertex 0.577126 -0.70323 0.132895
      vertex 0.505418 -0.756412 0.132895
      vertex 0.169015 -0.252949 0.192532
    endloop
  endfacet
  facet normal -0.11635 0.156881 -0.98074
    outer loop
      vertex 0.577126 -0.70323 0.132895
      vertex 0.836953 -1.25259 0.0141941
      vertex 0.505418 -0.756412 0.132895
    endloop
  endfacet
  facet normal -0.0727139 0.0659001 -0.995173
    outer loop
      vertex 0.235165 -0.192994 0.192532
      vertex 0.70323 -0.577126 0.132895
      vertex 0.215116 -0.215116 0.192532
    endloop
  endfacet
  facet normal -0.0788216 0.0584578 -0.995173
    outer loop
      vertex 0.756412 -0.505418 0.132895
      vertex 0.70323 -0.577126 0.132895
      vertex 0.252949 -0.169015 0.192532
    endloop
  endfacet
  facet normal -0.0923971 0.0330597 -0.995173
    outer loop
      vertex 0.870556 -0.26408 0.132895
      vertex 0.84048 -0.348138 0.132895
      vertex 0.281062 -0.11642 0.192532
    endloop
  endfacet
  facet normal -0.0887107 0.0419591 -0.995173
    outer loop
      vertex 0.281062 -0.11642 0.192532
      vertex 0.802309 -0.428843 0.132895
      vertex 0.268297 -0.143408 0.192532
    endloop
  endfacet
  facet normal -0.189464 0.0474573 -0.98074
    outer loop
      vertex 0.892248 -0.177479 0.132895
      vertex 1.47753 -0.293899 0.0141941
      vertex 0.870556 -0.26408 0.132895
    endloop
  endfacet
  facet normal -0.273612 0.0978933 -0.956846
    outer loop
      vertex 1.3918 -0.576504 0.0141941
      vertex 1.48083 -0.466398 5.72205e-07
      vertex 1.43503 -0.594409 5.72205e-07
    endloop
  endfacet
  facet normal -0.273641 0.0979186 -0.956835
    outer loop
      vertex 1.48083 -0.466398 5.72205e-07
      vertex 1.3918 -0.576504 0.0141941
      vertex 1.44161 -0.437306 0.0141941
    endloop
  endfacet
  facet normal -0.273638 0.0979232 -0.956835
    outer loop
      vertex 1.48638 -0.450889 5.72205e-07
      vertex 1.48083 -0.466398 5.72205e-07
      vertex 1.44161 -0.437306 0.0141941
    endloop
  endfacet
  facet normal -0.290254 -0.0142568 -0.956843
    outer loop
      vertex 1.50648 0 0.0141941
      vertex 1.5466 0.135794 5.72205e-07
      vertex 1.55327 0 5.72205e-07
    endloop
  endfacet
  facet normal -0.290217 -0.0142691 -0.956855
    outer loop
      vertex 1.5466 0.135794 5.72205e-07
      vertex 1.50648 0 0.0141941
      vertex 1.49922 0.14766 0.0141941
    endloop
  endfacet
  facet normal -0.195082 -0.00959159 -0.98074
    outer loop
      vertex 1.49922 0.14766 0.0141941
      vertex 1.50648 0 0.0141941
      vertex 0.905348 0.0891685 0.132895
    endloop
  endfacet
  facet normal -0.0951932 -0.0238409 -0.995173
    outer loop
      vertex 0.892248 0.177479 0.132895
      vertex 0.298373 0.05935 0.192532
      vertex 0.29112 0.0883102 0.192532
    endloop
  endfacet
  facet normal -0.0951927 -0.0238441 -0.995173
    outer loop
      vertex 0.870556 0.26408 0.132895
      vertex 0.892248 0.177479 0.132895
      vertex 0.29112 0.0883102 0.192532
    endloop
  endfacet
  facet normal -0.156879 -0.116353 -0.98074
    outer loop
      vertex 1.16452 0.955698 0.0141941
      vertex 1.25259 0.836953 0.0141941
      vertex 0.70323 0.577126 0.132895
    endloop
  endfacet
  facet normal -0.233433 -0.173124 -0.956837
    outer loop
      vertex 1.25259 0.836953 0.0141941
      vertex 1.2105 0.972151 5.72205e-07
      vertex 1.29149 0.862948 5.72205e-07
    endloop
  endfacet
  facet normal -0.233419 -0.173121 -0.956841
    outer loop
      vertex 1.2105 0.972151 5.72205e-07
      vertex 1.25259 0.836953 0.0141941
      vertex 1.16452 0.955698 0.0141941
    endloop
  endfacet
  facet normal -0.176565 -0.0835105 -0.98074
    outer loop
      vertex 1.32859 0.710148 0.0141941
      vertex 1.3918 0.576504 0.0141941
      vertex 0.802309 0.428843 0.132895
    endloop
  endfacet
  facet normal -0.262682 -0.124241 -0.95685
    outer loop
      vertex 1.32859 0.710148 0.0141941
      vertex 1.42799 0.6093 5.72205e-07
      vertex 1.3918 0.576504 0.0141941
    endloop
  endfacet
  facet normal -0.262681 -0.12424 -0.956851
    outer loop
      vertex 1.42799 0.6093 5.72205e-07
      vertex 1.32859 0.710148 0.0141941
      vertex 1.36986 0.732204 5.72205e-07
    endloop
  endfacet
  facet normal -0.0788215 -0.0584579 -0.995173
    outer loop
      vertex 0.70323 0.577126 0.132895
      vertex 0.252949 0.169015 0.192532
      vertex 0.235165 0.192994 0.192532
    endloop
  endfacet
  facet normal -0.0584578 -0.0788216 -0.995173
    outer loop
      vertex 0.505418 0.756412 0.132895
      vertex 0.577126 0.70323 0.132895
      vertex 0.169015 0.252949 0.192532
    endloop
  endfacet
  facet normal -0.11635 -0.156881 -0.98074
    outer loop
      vertex 0.836953 1.25259 0.0141941
      vertex 0.577126 0.70323 0.132895
      vertex 0.505418 0.756412 0.132895
    endloop
  endfacet
  facet normal -0.0659001 -0.0727139 -0.995173
    outer loop
      vertex 0.577126 0.70323 0.132895
      vertex 0.215116 0.215116 0.192532
      vertex 0.192994 0.235165 0.192532
    endloop
  endfacet
  facet normal -0.0419578 -0.0887114 -0.995173
    outer loop
      vertex 0.348138 0.84048 0.132895
      vertex 0.428843 0.802309 0.132895
      vertex 0.11642 0.281062 0.192532
    endloop
  endfacet
  facet normal -0.0330597 -0.0923971 -0.995173
    outer loop
      vertex 0.26408 0.870556 0.132895
      vertex 0.348138 0.84048 0.132895
      vertex 0.11642 0.281062 0.192532
    endloop
  endfacet
  facet normal 0.0419591 -0.0887107 -0.995173
    outer loop
      vertex -0.11642 0.281062 0.192532
      vertex -0.143408 0.268297 0.192532
      vertex -0.428843 0.802309 0.132895
    endloop
  endfacet
  facet normal 0.149401 -0.249274 -0.956839
    outer loop
      vertex -0.848819 1.29996 5.72205e-07
      vertex -0.710148 1.32859 0.0141941
      vertex -0.836953 1.25259 0.0141941
    endloop
  endfacet
  facet normal 0.149395 -0.249237 -0.95685
    outer loop
      vertex -0.710148 1.32859 0.0141941
      vertex -0.848819 1.29996 5.72205e-07
      vertex -0.732204 1.36986 5.72205e-07
    endloop
  endfacet
  facet normal 0.10041 -0.167532 -0.98074
    outer loop
      vertex -0.710148 1.32859 0.0141941
      vertex -0.428843 0.802309 0.132895
      vertex -0.836953 1.25259 0.0141941
    endloop
  endfacet
  facet normal 0.084172 0.0504504 -0.995173
    outer loop
      vertex -0.268297 -0.143408 0.192532
      vertex -0.756412 -0.505418 0.132895
      vertex -0.802309 -0.428843 0.132895
    endloop
  endfacet
  facet normal 0.0841722 0.0504501 -0.995173
    outer loop
      vertex -0.268297 -0.143408 0.192532
      vertex -0.252949 -0.169015 0.192532
      vertex -0.756412 -0.505418 0.132895
    endloop
  endfacet
  facet normal 0.0951932 0.0238409 -0.995173
    outer loop
      vertex -0.298373 -0.05935 0.192532
      vertex -0.29112 -0.0883102 0.192532
      vertex -0.892248 -0.177479 0.132895
    endloop
  endfacet
  facet normal 0.0951927 0.0238441 -0.995173
    outer loop
      vertex -0.29112 -0.0883102 0.192532
      vertex -0.870556 -0.26408 0.132895
      vertex -0.892248 -0.177479 0.132895
    endloop
  endfacet
  facet normal 0.0980152 0.00481554 -0.995173
    outer loop
      vertex -0.304219 0 0.192532
      vertex -0.302754 -0.0298185 0.192532
      vertex -0.905348 -0.0891685 0.132895
    endloop
  endfacet
  facet normal 0.0951932 -0.0238409 -0.995173
    outer loop
      vertex -0.29112 0.0883102 0.192532
      vertex -0.298373 0.05935 0.192532
      vertex -0.892248 0.177479 0.132895
    endloop
  endfacet
  facet normal 0.0970712 -0.0143996 -0.995173
    outer loop
      vertex -0.892248 0.177479 0.132895
      vertex -0.302754 0.0298185 0.192532
      vertex -0.905348 0.0891685 0.132895
    endloop
  endfacet
  facet normal 0.273638 0.0979232 -0.956835
    outer loop
      vertex -1.44161 -0.437306 0.0141941
      vertex -1.48083 -0.466398 5.72205e-07
      vertex -1.48638 -0.450889 5.72205e-07
    endloop
  endfacet
  facet normal 0.176565 0.0835105 -0.98074
    outer loop
      vertex -0.802309 -0.428843 0.132895
      vertex -1.32859 -0.710148 0.0141941
      vertex -1.3918 -0.576504 0.0141941
    endloop
  endfacet
  facet normal 0.290217 -0.0142691 -0.956855
    outer loop
      vertex -1.50648 0 0.0141941
      vertex -1.5466 0.135794 5.72205e-07
      vertex -1.49922 0.14766 0.0141941
    endloop
  endfacet
  facet normal 0.290254 -0.0142568 -0.956843
    outer loop
      vertex -1.5466 0.135794 5.72205e-07
      vertex -1.50648 0 0.0141941
      vertex -1.55327 0 5.72205e-07
    endloop
  endfacet
  facet normal 0.195082 -0.00959159 -0.98074
    outer loop
      vertex -1.49922 0.14766 0.0141941
      vertex -0.905348 0.0891685 0.132895
      vertex -1.50648 0 0.0141941
    endloop
  endfacet
  facet normal 0.0887114 -0.0419578 -0.995173
    outer loop
      vertex -0.802309 0.428843 0.132895
      vertex -0.281062 0.11642 0.192532
      vertex -0.84048 0.348138 0.132895
    endloop
  endfacet
  facet normal 0.0923971 -0.0330597 -0.995173
    outer loop
      vertex -0.84048 0.348138 0.132895
      vertex -0.281062 0.11642 0.192532
      vertex -0.870556 0.26408 0.132895
    endloop
  endfacet
  facet normal 0.0659031 -0.0727116 -0.995173
    outer loop
      vertex -0.577126 0.70323 0.132895
      vertex -0.215116 0.215116 0.192532
      vertex -0.643275 0.643275 0.132895
    endloop
  endfacet
  facet normal 0.0727116 -0.0659031 -0.995173
    outer loop
      vertex -0.643275 0.643275 0.132895
      vertex -0.215116 0.215116 0.192532
      vertex -0.70323 0.577126 0.132895
    endloop
  endfacet
  facet normal 0.0584578 0.0788216 -0.995173
    outer loop
      vertex -0.169015 -0.252949 0.192532
      vertex -0.505418 -0.756412 0.132895
      vertex -0.577126 -0.70323 0.132895
    endloop
  endfacet
  facet normal 0.0504501 0.0841722 -0.995173
    outer loop
      vertex -0.169015 -0.252949 0.192532
      vertex -0.143408 -0.268297 0.192532
      vertex -0.505418 -0.756412 0.132895
    endloop
  endfacet
  facet normal 0.0727139 0.0659001 -0.995173
    outer loop
      vertex -0.235165 -0.192994 0.192532
      vertex -0.215116 -0.215116 0.192532
      vertex -0.70323 -0.577126 0.132895
    endloop
  endfacet
  facet normal 0.0727116 0.0659031 -0.995173
    outer loop
      vertex -0.215116 -0.215116 0.192532
      vertex -0.643275 -0.643275 0.132895
      vertex -0.70323 -0.577126 0.132895
    endloop
  endfacet
  facet normal 0.144719 0.131168 -0.98074
    outer loop
      vertex -0.70323 -0.577126 0.132895
      vertex -0.643275 -0.643275 0.132895
      vertex -1.06524 -1.06524 0.0141941
    endloop
  endfacet
  facet normal 0.0330606 0.0923969 -0.995173
    outer loop
      vertex -0.11642 -0.281062 0.192532
      vertex -0.0883102 -0.29112 0.192532
      vertex -0.26408 -0.870556 0.132895
    endloop
  endfacet
  facet normal -0.00481554 0.0980152 -0.995173
    outer loop
      vertex 0.0298185 -0.302754 0.192532
      vertex 0.0891685 -0.905348 0.132895
      vertex 0 -0.304219 0.192532
    endloop
  endfacet
  facet normal -0.0238409 0.0951932 -0.995173
    outer loop
      vertex 0.0883102 -0.29112 0.192532
      vertex 0.177479 -0.892248 0.132895
      vertex 0.05935 -0.298373 0.192532
    endloop
  endfacet
  facet normal -0.0835105 0.176565 -0.98074
    outer loop
      vertex 0.710148 -1.32859 0.0141941
      vertex 0.576504 -1.3918 0.0141941
      vertex 0.428843 -0.802309 0.132895
    endloop
  endfacet
  facet normal -0.10041 0.167532 -0.98074
    outer loop
      vertex 0.836953 -1.25259 0.0141941
      vertex 0.710148 -1.32859 0.0141941
      vertex 0.428843 -0.802309 0.132895
    endloop
  endfacet
  facet normal -0.0584579 0.0788215 -0.995173
    outer loop
      vertex 0.192994 -0.235165 0.192532
      vertex 0.577126 -0.70323 0.132895
      vertex 0.169015 -0.252949 0.192532
    endloop
  endfacet
  facet normal -0.0659001 0.0727139 -0.995173
    outer loop
      vertex 0.215116 -0.215116 0.192532
      vertex 0.577126 -0.70323 0.132895
      vertex 0.192994 -0.235165 0.192532
    endloop
  endfacet
  facet normal -0.0841722 0.0504501 -0.995173
    outer loop
      vertex 0.268297 -0.143408 0.192532
      vertex 0.756412 -0.505418 0.132895
      vertex 0.252949 -0.169015 0.192532
    endloop
  endfacet
  facet normal -0.0788215 0.0584579 -0.995173
    outer loop
      vertex 0.252949 -0.169015 0.192532
      vertex 0.70323 -0.577126 0.132895
      vertex 0.235165 -0.192994 0.192532
    endloop
  endfacet
  facet normal -0.084172 0.0504504 -0.995173
    outer loop
      vertex 0.802309 -0.428843 0.132895
      vertex 0.756412 -0.505418 0.132895
      vertex 0.268297 -0.143408 0.192532
    endloop
  endfacet
  facet normal -0.167529 0.100413 -0.98074
    outer loop
      vertex 0.802309 -0.428843 0.132895
      vertex 1.25259 -0.836953 0.0141941
      vertex 0.756412 -0.505418 0.132895
    endloop
  endfacet
  facet normal -0.0923969 0.0330606 -0.995173
    outer loop
      vertex 0.29112 -0.0883102 0.192532
      vertex 0.870556 -0.26408 0.132895
      vertex 0.281062 -0.11642 0.192532
    endloop
  endfacet
  facet normal -0.0951932 0.0238409 -0.995173
    outer loop
      vertex 0.298373 -0.05935 0.192532
      vertex 0.892248 -0.177479 0.132895
      vertex 0.29112 -0.0883102 0.192532
    endloop
  endfacet
  facet normal -0.0951927 0.0238441 -0.995173
    outer loop
      vertex 0.892248 -0.177479 0.132895
      vertex 0.870556 -0.26408 0.132895
      vertex 0.29112 -0.0883102 0.192532
    endloop
  endfacet
  facet normal -0.0970712 0.0143996 -0.995173
    outer loop
      vertex 0.905348 -0.0891685 0.132895
      vertex 0.892248 -0.177479 0.132895
      vertex 0.302754 -0.0298185 0.192532
    endloop
  endfacet
  facet normal -0.0980152 0.00481554 -0.995173
    outer loop
      vertex 0.304219 0 0.192532
      vertex 0.905348 -0.0891685 0.132895
      vertex 0.302754 -0.0298185 0.192532
    endloop
  endfacet
  facet normal -0.290221 -0.0142888 -0.956853
    outer loop
      vertex 1.54579 0.152246 5.72205e-07
      vertex 1.5466 0.135794 5.72205e-07
      vertex 1.49922 0.14766 0.0141941
    endloop
  endfacet
  facet normal -0.287429 -0.0426377 -0.956852
    outer loop
      vertex 1.49922 0.14766 0.0141941
      vertex 1.52584 0.286733 5.72205e-07
      vertex 1.54579 0.152246 5.72205e-07
    endloop
  endfacet
  facet normal -0.287447 -0.0426338 -0.956847
    outer loop
      vertex 1.52584 0.286733 5.72205e-07
      vertex 1.49922 0.14766 0.0141941
      vertex 1.47753 0.293899 0.0141941
    endloop
  endfacet
  facet normal -0.287429 0.0426377 -0.956852
    outer loop
      vertex 1.52584 -0.286733 5.72205e-07
      vertex 1.49922 -0.14766 0.0141941
      vertex 1.54579 -0.152246 5.72205e-07
    endloop
  endfacet
  facet normal -0.287447 0.0426338 -0.956847
    outer loop
      vertex 1.49922 -0.14766 0.0141941
      vertex 1.52584 -0.286733 5.72205e-07
      vertex 1.47753 -0.293899 0.0141941
    endloop
  endfacet
  facet normal -0.290221 0.0142888 -0.956853
    outer loop
      vertex 1.5466 -0.135794 5.72205e-07
      vertex 1.54579 -0.152246 5.72205e-07
      vertex 1.49922 -0.14766 0.0141941
    endloop
  endfacet
  facet normal -0.287454 0.0426929 -0.956842
    outer loop
      vertex 1.52584 -0.286733 5.72205e-07
      vertex 1.52342 -0.303027 5.72205e-07
      vertex 1.47753 -0.293899 0.0141941
    endloop
  endfacet
  facet normal -0.281909 0.0705699 -0.956842
    outer loop
      vertex 1.52342 -0.303027 5.72205e-07
      vertex 1.51942 -0.319006 5.72205e-07
      vertex 1.47753 -0.293899 0.0141941
    endloop
  endfacet
  facet normal 0.097071 -0.0144005 -0.995173
    outer loop
      vertex -0.298373 0.05935 0.192532
      vertex -0.302754 0.0298185 0.192532
      vertex -0.892248 0.177479 0.132895
    endloop
  endfacet
  facet normal 0.281909 0.0705699 -0.956842
    outer loop
      vertex -1.47753 -0.293899 0.0141941
      vertex -1.51942 -0.319006 5.72205e-07
      vertex -1.52342 -0.303027 5.72205e-07
    endloop
  endfacet
  facet normal 0.287454 0.0426929 -0.956842
    outer loop
      vertex -1.47753 -0.293899 0.0141941
      vertex -1.52342 -0.303027 5.72205e-07
      vertex -1.52584 -0.286733 5.72205e-07
    endloop
  endfacet
  facet normal 0.176565 0.0835099 -0.98074
    outer loop
      vertex -0.84048 -0.348138 0.132895
      vertex -0.802309 -0.428843 0.132895
      vertex -1.3918 -0.576504 0.0141941
    endloop
  endfacet
  facet normal 0.1839 0.0657994 -0.98074
    outer loop
      vertex -0.870556 -0.26408 0.132895
      vertex -0.84048 -0.348138 0.132895
      vertex -1.44161 -0.437306 0.0141941
    endloop
  endfacet
  facet normal 0.0727139 -0.0659001 -0.995173
    outer loop
      vertex -0.215116 0.215116 0.192532
      vertex -0.235165 0.192994 0.192532
      vertex -0.70323 0.577126 0.132895
    endloop
  endfacet
  facet normal 0.0584579 -0.0788215 -0.995173
    outer loop
      vertex -0.169015 0.252949 0.192532
      vertex -0.192994 0.235165 0.192532
      vertex -0.577126 0.70323 0.132895
    endloop
  endfacet
  facet normal 0.0659001 0.0727139 -0.995173
    outer loop
      vertex -0.215116 -0.215116 0.192532
      vertex -0.192994 -0.235165 0.192532
      vertex -0.577126 -0.70323 0.132895
    endloop
  endfacet
  facet normal -0.0238441 0.0951927 -0.995173
    outer loop
      vertex 0.26408 -0.870556 0.132895
      vertex 0.177479 -0.892248 0.132895
      vertex 0.0883102 -0.29112 0.192532
    endloop
  endfacet
  facet normal -0.0474573 0.189464 -0.98074
    outer loop
      vertex 0.26408 -0.870556 0.132895
      vertex 0.293899 -1.47753 0.0141941
      vertex 0.177479 -0.892248 0.132895
    endloop
  endfacet
  facet normal -0.0144005 0.097071 -0.995173
    outer loop
      vertex 0.05935 -0.298373 0.192532
      vertex 0.177479 -0.892248 0.132895
      vertex 0.0298185 -0.302754 0.192532
    endloop
  endfacet
  facet normal -0.0419591 0.0887107 -0.995173
    outer loop
      vertex 0.143408 -0.268297 0.192532
      vertex 0.428843 -0.802309 0.132895
      vertex 0.11642 -0.281062 0.192532
    endloop
  endfacet
  facet normal -0.0504504 0.084172 -0.995173
    outer loop
      vertex 0.505418 -0.756412 0.132895
      vertex 0.428843 -0.802309 0.132895
      vertex 0.143408 -0.268297 0.192532
    endloop
  endfacet
  facet normal 0.262715 0.124203 -0.956846
    outer loop
      vertex -1.3918 -0.576504 0.0141941
      vertex -1.42799 -0.6093 5.72205e-07
      vertex -1.43503 -0.594409 5.72205e-07
    endloop
  endfacet
  facet normal 0.262681 0.12424 -0.956851
    outer loop
      vertex -1.42799 -0.6093 5.72205e-07
      vertex -1.32859 -0.710148 0.0141941
      vertex -1.36986 -0.732204 5.72205e-07
    endloop
  endfacet
  facet normal 0.262682 0.124241 -0.95685
    outer loop
      vertex -1.32859 -0.710148 0.0141941
      vertex -1.42799 -0.6093 5.72205e-07
      vertex -1.3918 -0.576504 0.0141941
    endloop
  endfacet
  facet normal 0.998796 -0.0490576 0
    outer loop
      vertex 4.17978 -0.411672 8.4
      vertex 4.2 0 7.4
      vertex 4.2 0 8.4
    endloop
  endfacet
  facet normal 0.998796 -0.0490576 0
    outer loop
      vertex 4.2 0 7.4
      vertex 4.17978 -0.411672 8.4
      vertex 4.17978 -0.411672 7.4
    endloop
  endfacet
  facet normal -0.998796 -0.0490576 0
    outer loop
      vertex -4.17978 -0.411672 7.4
      vertex -4.2 0 8.4
      vertex -4.2 0 7.4
    endloop
  endfacet
  facet normal -0.998796 -0.0490576 0
    outer loop
      vertex -4.2 0 8.4
      vertex -4.17978 -0.411672 7.4
      vertex -4.17978 -0.411672 8.4
    endloop
  endfacet
  facet normal 0.0490576 -0.998796 0
    outer loop
      vertex 0 -4.2 7.4
      vertex 0.411672 -4.17978 8.4
      vertex 0 -4.2 8.4
    endloop
  endfacet
  facet normal 0.0490576 -0.998796 0
    outer loop
      vertex 0.411672 -4.17978 8.4
      vertex 0 -4.2 7.4
      vertex 0.411672 -4.17978 7.4
    endloop
  endfacet
  facet normal -0.0490576 0.998796 0
    outer loop
      vertex 0 4.2 7.4
      vertex -0.411672 4.17978 8.4
      vertex 0 4.2 8.4
    endloop
  endfacet
  facet normal -0.0490576 0.998796 0
    outer loop
      vertex -0.411672 4.17978 8.4
      vertex 0 4.2 7.4
      vertex -0.411672 4.17978 7.4
    endloop
  endfacet
  facet normal 0.671548 -0.740961 0
    outer loop
      vertex 2.66445 -3.24664 7.4
      vertex 2.96985 -2.96985 8.4
      vertex 2.66445 -3.24664 8.4
    endloop
  endfacet
  facet normal 0.671548 -0.740961 0
    outer loop
      vertex 2.96985 -2.96985 8.4
      vertex 2.66445 -3.24664 7.4
      vertex 2.96985 -2.96985 7.4
    endloop
  endfacet
  facet normal -0.671548 -0.740961 0
    outer loop
      vertex -2.96985 -2.96985 7.4
      vertex -2.66445 -3.24664 8.4
      vertex -2.96985 -2.96985 8.4
    endloop
  endfacet
  facet normal -0.671548 -0.740961 -0
    outer loop
      vertex -2.66445 -3.24664 8.4
      vertex -2.96985 -2.96985 7.4
      vertex -2.66445 -3.24664 7.4
    endloop
  endfacet
  facet normal -0.336903 -0.941539 0
    outer loop
      vertex -1.60727 -3.88029 7.4
      vertex -1.2192 -4.01915 8.4
      vertex -1.60727 -3.88029 8.4
    endloop
  endfacet
  facet normal -0.336903 -0.941539 -0
    outer loop
      vertex -1.2192 -4.01915 8.4
      vertex -1.60727 -3.88029 7.4
      vertex -1.2192 -4.01915 7.4
    endloop
  endfacet
  facet normal 0.903996 -0.427542 0
    outer loop
      vertex 3.70407 -1.97987 8.4
      vertex 3.88029 -1.60727 7.4
      vertex 3.88029 -1.60727 8.4
    endloop
  endfacet
  facet normal 0.903996 -0.427542 0
    outer loop
      vertex 3.88029 -1.60727 7.4
      vertex 3.70407 -1.97987 8.4
      vertex 3.70407 -1.97987 7.4
    endloop
  endfacet
  facet normal 0.427542 -0.903996 0
    outer loop
      vertex 1.60727 -3.88029 7.4
      vertex 1.97987 -3.70407 8.4
      vertex 1.60727 -3.88029 8.4
    endloop
  endfacet
  facet normal 0.427542 -0.903996 0
    outer loop
      vertex 1.97987 -3.70407 8.4
      vertex 1.60727 -3.88029 7.4
      vertex 1.97987 -3.70407 7.4
    endloop
  endfacet
  facet normal 0.514117 -0.85772 0
    outer loop
      vertex 1.97987 -3.70407 7.4
      vertex 2.33339 -3.49217 8.4
      vertex 1.97987 -3.70407 8.4
    endloop
  endfacet
  facet normal 0.514117 -0.85772 0
    outer loop
      vertex 2.33339 -3.49217 8.4
      vertex 1.97987 -3.70407 7.4
      vertex 2.33339 -3.49217 7.4
    endloop
  endfacet
  facet normal -0.903996 -0.427542 0
    outer loop
      vertex -3.70407 -1.97987 7.4
      vertex -3.88029 -1.60727 8.4
      vertex -3.88029 -1.60727 7.4
    endloop
  endfacet
  facet normal -0.903996 -0.427542 0
    outer loop
      vertex -3.88029 -1.60727 8.4
      vertex -3.70407 -1.97987 7.4
      vertex -3.70407 -1.97987 8.4
    endloop
  endfacet
  facet normal -0.146736 -0.989176 0
    outer loop
      vertex -0.819379 -4.1193 7.4
      vertex -0.411672 -4.17978 8.4
      vertex -0.819379 -4.1193 8.4
    endloop
  endfacet
  facet normal -0.146736 -0.989176 -0
    outer loop
      vertex -0.411672 -4.17978 8.4
      vertex -0.819379 -4.1193 7.4
      vertex -0.411672 -4.17978 7.4
    endloop
  endfacet
  facet normal 0.941539 0.336903 0
    outer loop
      vertex 4.01915 1.2192 8.4
      vertex 3.88029 1.60727 7.4
      vertex 3.88029 1.60727 8.4
    endloop
  endfacet
  facet normal 0.941539 0.336903 0
    outer loop
      vertex 3.88029 1.60727 7.4
      vertex 4.01915 1.2192 8.4
      vertex 4.01915 1.2192 7.4
    endloop
  endfacet
  facet normal 0 0 1
    outer loop
      vertex 1.5 0 8.4
      vertex 4.2 0 8.4
      vertex 4.17978 0.411672 8.4
    endloop
  endfacet
  facet normal 0 0 1
    outer loop
      vertex 1.49278 0.147025 8.4
      vertex 4.17978 0.411672 8.4
      vertex 4.1193 0.819379 8.4
    endloop
  endfacet
  facet normal 0 0 1
    outer loop
      vertex 4.2 0 8.4
      vertex 1.5 0 8.4
      vertex 4.17978 -0.411672 8.4
    endloop
  endfacet
  facet normal 0 0 1
    outer loop
      vertex 1.47118 0.292635 8.4
      vertex 4.1193 0.819379 8.4
      vertex 4.01915 1.2192 8.4
    endloop
  endfacet
  facet normal -0 0 1
    outer loop
      vertex 1.49278 -0.147025 8.4
      vertex 4.17978 -0.411672 8.4
      vertex 1.5 0 8.4
    endloop
  endfacet
  facet normal 0 0 1
    outer loop
      vertex 1.43541 0.435427 8.4
      vertex 4.01915 1.2192 8.4
      vertex 3.88029 1.60727 8.4
    endloop
  endfacet
  facet normal 0 0 1
    outer loop
      vertex 4.17978 -0.411672 8.4
      vertex 1.49278 -0.147025 8.4
      vertex 4.1193 -0.819379 8.4
    endloop
  endfacet
  facet normal 0 0 1
    outer loop
      vertex 1.38582 0.574024 8.4
      vertex 3.88029 1.60727 8.4
      vertex 3.70407 1.97987 8.4
    endloop
  endfacet
  facet normal -0 0 1
    outer loop
      vertex 1.47118 -0.292635 8.4
      vertex 4.1193 -0.819379 8.4
      vertex 1.49278 -0.147025 8.4
    endloop
  endfacet
  facet normal 0 0 1
    outer loop
      vertex 1.32288 0.707094 8.4
      vertex 3.70407 1.97987 8.4
      vertex 3.49217 2.33339 8.4
    endloop
  endfacet
  facet normal 0 0 1
    outer loop
      vertex 4.1193 -0.819379 8.4
      vertex 1.47118 -0.292635 8.4
      vertex 4.01915 -1.2192 8.4
    endloop
  endfacet
  facet normal 0 0 1
    outer loop
      vertex 1.2472 0.833355 8.4
      vertex 3.49217 2.33339 8.4
      vertex 3.24664 2.66445 8.4
    endloop
  endfacet
  facet normal -0 0 1
    outer loop
      vertex 1.43541 -0.435427 8.4
      vertex 4.01915 -1.2192 8.4
      vertex 1.47118 -0.292635 8.4
    endloop
  endfacet
  facet normal 0 0 1
    outer loop
      vertex 1.15952 0.95159 8.4
      vertex 3.24664 2.66445 8.4
      vertex 2.96985 2.96985 8.4
    endloop
  endfacet
  facet normal 0 0 1
    outer loop
      vertex 4.01915 -1.2192 8.4
      vertex 1.43541 -0.435427 8.4
      vertex 3.88029 -1.60727 8.4
    endloop
  endfacet
  facet normal 0 0 1
    outer loop
      vertex 1.06066 1.06066 8.4
      vertex 2.96985 2.96985 8.4
      vertex 2.66445 3.24664 8.4
    endloop
  endfacet
  facet normal -0 0 1
    outer loop
      vertex 1.38582 -0.574024 8.4
      vertex 3.88029 -1.60727 8.4
      vertex 1.43541 -0.435427 8.4
    endloop
  endfacet
  facet normal 0 0 1
    outer loop
      vertex 0.95159 1.15952 8.4
      vertex 2.66445 3.24664 8.4
      vertex 2.33339 3.49217 8.4
    endloop
  endfacet
  facet normal 0 0 1
    outer loop
      vertex 3.88029 -1.60727 8.4
      vertex 1.38582 -0.574024 8.4
      vertex 3.70407 -1.97987 8.4
    endloop
  endfacet
  facet normal 0 0 1
    outer loop
      vertex 0.833355 1.2472 8.4
      vertex 2.33339 3.49217 8.4
      vertex 1.97987 3.70407 8.4
    endloop
  endfacet
  facet normal -0 0 1
    outer loop
      vertex 1.32288 -0.707094 8.4
      vertex 3.70407 -1.97987 8.4
      vertex 1.38582 -0.574024 8.4
    endloop
  endfacet
  facet normal 0 0 1
    outer loop
      vertex 0.707094 1.32288 8.4
      vertex 1.97987 3.70407 8.4
      vertex 1.60727 3.88029 8.4
    endloop
  endfacet
  facet normal 0 0 1
    outer loop
      vertex 3.70407 -1.97987 8.4
      vertex 1.32288 -0.707094 8.4
      vertex 3.49217 -2.33339 8.4
    endloop
  endfacet
  facet normal -0 0 1
    outer loop
      vertex 1.2472 -0.833355 8.4
      vertex 3.49217 -2.33339 8.4
      vertex 1.32288 -0.707094 8.4
    endloop
  endfacet
  facet normal 0 0 1
    outer loop
      vertex 4.17978 0.411672 8.4
      vertex 1.49278 0.147025 8.4
      vertex 1.5 0 8.4
    endloop
  endfacet
  facet normal 0 0 1
    outer loop
      vertex 4.1193 0.819379 8.4
      vertex 1.47118 0.292635 8.4
      vertex 1.49278 0.147025 8.4
    endloop
  endfacet
  facet normal 0 0 1
    outer loop
      vertex 4.01915 1.2192 8.4
      vertex 1.43541 0.435427 8.4
      vertex 1.47118 0.292635 8.4
    endloop
  endfacet
  facet normal 0 0 1
    outer loop
      vertex 3.88029 1.60727 8.4
      vertex 1.38582 0.574024 8.4
      vertex 1.43541 0.435427 8.4
    endloop
  endfacet
  facet normal 0 0 1
    outer loop
      vertex 3.70407 1.97987 8.4
      vertex 1.32288 0.707094 8.4
      vertex 1.38582 0.574024 8.4
    endloop
  endfacet
  facet normal 0 0 1
    outer loop
      vertex 3.49217 2.33339 8.4
      vertex 1.2472 0.833355 8.4
      vertex 1.32288 0.707094 8.4
    endloop
  endfacet
  facet normal 0 0 1
    outer loop
      vertex 0.574024 1.38582 8.4
      vertex 1.60727 3.88029 8.4
      vertex 1.2192 4.01915 8.4
    endloop
  endfacet
  facet normal 0 0 1
    outer loop
      vertex 3.24664 2.66445 8.4
      vertex 1.15952 0.95159 8.4
      vertex 1.2472 0.833355 8.4
    endloop
  endfacet
  facet normal 0 0 1
    outer loop
      vertex 2.96985 2.96985 8.4
      vertex 1.06066 1.06066 8.4
      vertex 1.15952 0.95159 8.4
    endloop
  endfacet
  facet normal 0 0 1
    outer loop
      vertex 2.66445 3.24664 8.4
      vertex 0.95159 1.15952 8.4
      vertex 1.06066 1.06066 8.4
    endloop
  endfacet
  facet normal 0 0 1
    outer loop
      vertex 2.33339 3.49217 8.4
      vertex 0.833355 1.2472 8.4
      vertex 0.95159 1.15952 8.4
    endloop
  endfacet
  facet normal 0 0 1
    outer loop
      vertex 0.435427 1.43541 8.4
      vertex 1.2192 4.01915 8.4
      vertex 0.819379 4.1193 8.4
    endloop
  endfacet
  facet normal 0 0 1
    outer loop
      vertex 1.97987 3.70407 8.4
      vertex 0.707094 1.32288 8.4
      vertex 0.833355 1.2472 8.4
    endloop
  endfacet
  facet normal 0 0 1
    outer loop
      vertex 1.60727 3.88029 8.4
      vertex 0.574024 1.38582 8.4
      vertex 0.707094 1.32288 8.4
    endloop
  endfacet
  facet normal 0 0 1
    outer loop
      vertex 1.2192 4.01915 8.4
      vertex 0.435427 1.43541 8.4
      vertex 0.574024 1.38582 8.4
    endloop
  endfacet
  facet normal 0 0 1
    outer loop
      vertex 0.292635 1.47118 8.4
      vertex 0.819379 4.1193 8.4
      vertex 0.411672 4.17978 8.4
    endloop
  endfacet
  facet normal 0 0 1
    outer loop
      vertex 0.819379 4.1193 8.4
      vertex 0.292635 1.47118 8.4
      vertex 0.435427 1.43541 8.4
    endloop
  endfacet
  facet normal 0 0 1
    outer loop
      vertex 0.411672 4.17978 8.4
      vertex 0.147025 1.49278 8.4
      vertex 0.292635 1.47118 8.4
    endloop
  endfacet
  facet normal 0 0 1
    outer loop
      vertex 0 4.2 8.4
      vertex 0.147025 1.49278 8.4
      vertex 0.411672 4.17978 8.4
    endloop
  endfacet
  facet normal 0 0 1
    outer loop
      vertex 0 4.2 8.4
      vertex 0 1.5 8.4
      vertex 0.147025 1.49278 8.4
    endloop
  endfacet
  facet normal 0 0 1
    outer loop
      vertex 0 4.2 8.4
      vertex -0.147025 1.49278 8.4
      vertex 0 1.5 8.4
    endloop
  endfacet
  facet normal -0 0 1
    outer loop
      vertex -0.411672 4.17978 8.4
      vertex -0.147025 1.49278 8.4
      vertex 0 4.2 8.4
    endloop
  endfacet
  facet normal 0 0 1
    outer loop
      vertex -0.147025 1.49278 8.4
      vertex -0.411672 4.17978 8.4
      vertex -0.292635 1.47118 8.4
    endloop
  endfacet
  facet normal -0 0 1
    outer loop
      vertex -0.819379 4.1193 8.4
      vertex -0.292635 1.47118 8.4
      vertex -0.411672 4.17978 8.4
    endloop
  endfacet
  facet normal 0 0 1
    outer loop
      vertex -0.292635 1.47118 8.4
      vertex -0.819379 4.1193 8.4
      vertex -0.435427 1.43541 8.4
    endloop
  endfacet
  facet normal -0 0 1
    outer loop
      vertex -1.2192 4.01915 8.4
      vertex -0.435427 1.43541 8.4
      vertex -0.819379 4.1193 8.4
    endloop
  endfacet
  facet normal 0 0 1
    outer loop
      vertex -0.435427 1.43541 8.4
      vertex -1.2192 4.01915 8.4
      vertex -0.574024 1.38582 8.4
    endloop
  endfacet
  facet normal -0 0 1
    outer loop
      vertex -1.60727 3.88029 8.4
      vertex -0.574024 1.38582 8.4
      vertex -1.2192 4.01915 8.4
    endloop
  endfacet
  facet normal 0 0 1
    outer loop
      vertex -0.574024 1.38582 8.4
      vertex -1.60727 3.88029 8.4
      vertex -0.707094 1.32288 8.4
    endloop
  endfacet
  facet normal -0 0 1
    outer loop
      vertex -1.97987 3.70407 8.4
      vertex -0.707094 1.32288 8.4
      vertex -1.60727 3.88029 8.4
    endloop
  endfacet
  facet normal 0 0 1
    outer loop
      vertex -0.707094 1.32288 8.4
      vertex -1.97987 3.70407 8.4
      vertex -0.833355 1.2472 8.4
    endloop
  endfacet
  facet normal -0 0 1
    outer loop
      vertex -2.33339 3.49217 8.4
      vertex -0.833355 1.2472 8.4
      vertex -1.97987 3.70407 8.4
    endloop
  endfacet
  facet normal 0 0 1
    outer loop
      vertex -0.833355 1.2472 8.4
      vertex -2.33339 3.49217 8.4
      vertex -0.95159 1.15952 8.4
    endloop
  endfacet
  facet normal -0 0 1
    outer loop
      vertex -2.66445 3.24664 8.4
      vertex -0.95159 1.15952 8.4
      vertex -2.33339 3.49217 8.4
    endloop
  endfacet
  facet normal 0 0 1
    outer loop
      vertex -0.95159 1.15952 8.4
      vertex -2.66445 3.24664 8.4
      vertex -1.06066 1.06066 8.4
    endloop
  endfacet
  facet normal -0 0 1
    outer loop
      vertex -2.96985 2.96985 8.4
      vertex -1.06066 1.06066 8.4
      vertex -2.66445 3.24664 8.4
    endloop
  endfacet
  facet normal 0 0 1
    outer loop
      vertex -1.06066 1.06066 8.4
      vertex -2.96985 2.96985 8.4
      vertex -1.15952 0.95159 8.4
    endloop
  endfacet
  facet normal -0 0 1
    outer loop
      vertex -3.24664 2.66445 8.4
      vertex -1.15952 0.95159 8.4
      vertex -2.96985 2.96985 8.4
    endloop
  endfacet
  facet normal -0 0 1
    outer loop
      vertex -3.49217 2.33339 8.4
      vertex -1.2472 0.833355 8.4
      vertex -3.24664 2.66445 8.4
    endloop
  endfacet
  facet normal 0 0 1
    outer loop
      vertex -1.15952 0.95159 8.4
      vertex -3.24664 2.66445 8.4
      vertex -1.2472 0.833355 8.4
    endloop
  endfacet
  facet normal 0 0 1
    outer loop
      vertex 3.49217 -2.33339 8.4
      vertex 1.2472 -0.833355 8.4
      vertex 3.24664 -2.66445 8.4
    endloop
  endfacet
  facet normal -0 0 1
    outer loop
      vertex 1.15952 -0.95159 8.4
      vertex 3.24664 -2.66445 8.4
      vertex 1.2472 -0.833355 8.4
    endloop
  endfacet
  facet normal 0 0 1
    outer loop
      vertex 3.24664 -2.66445 8.4
      vertex 1.15952 -0.95159 8.4
      vertex 2.96985 -2.96985 8.4
    endloop
  endfacet
  facet normal -0 0 1
    outer loop
      vertex 1.06066 -1.06066 8.4
      vertex 2.96985 -2.96985 8.4
      vertex 1.15952 -0.95159 8.4
    endloop
  endfacet
  facet normal 0 0 1
    outer loop
      vertex 2.96985 -2.96985 8.4
      vertex 1.06066 -1.06066 8.4
      vertex 2.66445 -3.24664 8.4
    endloop
  endfacet
  facet normal -0 0 1
    outer loop
      vertex 0.95159 -1.15952 8.4
      vertex 2.66445 -3.24664 8.4
      vertex 1.06066 -1.06066 8.4
    endloop
  endfacet
  facet normal 0 0 1
    outer loop
      vertex 2.66445 -3.24664 8.4
      vertex 0.95159 -1.15952 8.4
      vertex 2.33339 -3.49217 8.4
    endloop
  endfacet
  facet normal -0 0 1
    outer loop
      vertex 0.833355 -1.2472 8.4
      vertex 2.33339 -3.49217 8.4
      vertex 0.95159 -1.15952 8.4
    endloop
  endfacet
  facet normal 0 0 1
    outer loop
      vertex 2.33339 -3.49217 8.4
      vertex 0.833355 -1.2472 8.4
      vertex 1.97987 -3.70407 8.4
    endloop
  endfacet
  facet normal -0 0 1
    outer loop
      vertex 0.707094 -1.32288 8.4
      vertex 1.97987 -3.70407 8.4
      vertex 0.833355 -1.2472 8.4
    endloop
  endfacet
  facet normal 0 0 1
    outer loop
      vertex 1.97987 -3.70407 8.4
      vertex 0.707094 -1.32288 8.4
      vertex 1.60727 -3.88029 8.4
    endloop
  endfacet
  facet normal -0 0 1
    outer loop
      vertex 0.574024 -1.38582 8.4
      vertex 1.60727 -3.88029 8.4
      vertex 0.707094 -1.32288 8.4
    endloop
  endfacet
  facet normal 0 0 1
    outer loop
      vertex 1.60727 -3.88029 8.4
      vertex 0.574024 -1.38582 8.4
      vertex 1.2192 -4.01915 8.4
    endloop
  endfacet
  facet normal -0 0 1
    outer loop
      vertex 0.435427 -1.43541 8.4
      vertex 1.2192 -4.01915 8.4
      vertex 0.574024 -1.38582 8.4
    endloop
  endfacet
  facet normal 0 0 1
    outer loop
      vertex 1.2192 -4.01915 8.4
      vertex 0.435427 -1.43541 8.4
      vertex 0.819379 -4.1193 8.4
    endloop
  endfacet
  facet normal -0 0 1
    outer loop
      vertex 0.292635 -1.47118 8.4
      vertex 0.819379 -4.1193 8.4
      vertex 0.435427 -1.43541 8.4
    endloop
  endfacet
  facet normal 0 0 1
    outer loop
      vertex 0.819379 -4.1193 8.4
      vertex 0.292635 -1.47118 8.4
      vertex 0.411672 -4.17978 8.4
    endloop
  endfacet
  facet normal -0 0 1
    outer loop
      vertex 0.147025 -1.49278 8.4
      vertex 0.411672 -4.17978 8.4
      vertex 0.292635 -1.47118 8.4
    endloop
  endfacet
  facet normal -0 0 1
    outer loop
      vertex 0 -1.5 8.4
      vertex 0.411672 -4.17978 8.4
      vertex 0.147025 -1.49278 8.4
    endloop
  endfacet
  facet normal 0 0 1
    outer loop
      vertex 0 -1.5 8.4
      vertex 0 -4.2 8.4
      vertex 0.411672 -4.17978 8.4
    endloop
  endfacet
  facet normal 0 0 1
    outer loop
      vertex -0.147025 -1.49278 8.4
      vertex 0 -4.2 8.4
      vertex 0 -1.5 8.4
    endloop
  endfacet
  facet normal 0 0 1
    outer loop
      vertex -0.411672 -4.17978 8.4
      vertex -0.147025 -1.49278 8.4
      vertex -0.292635 -1.47118 8.4
    endloop
  endfacet
  facet normal 0 0 1
    outer loop
      vertex -0.147025 -1.49278 8.4
      vertex -0.411672 -4.17978 8.4
      vertex 0 -4.2 8.4
    endloop
  endfacet
  facet normal 0 0 1
    outer loop
      vertex -0.819379 -4.1193 8.4
      vertex -0.292635 -1.47118 8.4
      vertex -0.435427 -1.43541 8.4
    endloop
  endfacet
  facet normal 0 0 1
    outer loop
      vertex -1.2192 -4.01915 8.4
      vertex -0.435427 -1.43541 8.4
      vertex -0.574024 -1.38582 8.4
    endloop
  endfacet
  facet normal 0 0 1
    outer loop
      vertex -1.60727 -3.88029 8.4
      vertex -0.574024 -1.38582 8.4
      vertex -0.707094 -1.32288 8.4
    endloop
  endfacet
  facet normal 0 0 1
    outer loop
      vertex -0.292635 -1.47118 8.4
      vertex -0.819379 -4.1193 8.4
      vertex -0.411672 -4.17978 8.4
    endloop
  endfacet
  facet normal 0 0 1
    outer loop
      vertex -1.97987 -3.70407 8.4
      vertex -0.707094 -1.32288 8.4
      vertex -0.833355 -1.2472 8.4
    endloop
  endfacet
  facet normal 0 0 1
    outer loop
      vertex -2.33339 -3.49217 8.4
      vertex -0.833355 -1.2472 8.4
      vertex -0.95159 -1.15952 8.4
    endloop
  endfacet
  facet normal 0 0 1
    outer loop
      vertex -2.66445 -3.24664 8.4
      vertex -0.95159 -1.15952 8.4
      vertex -1.06066 -1.06066 8.4
    endloop
  endfacet
  facet normal 0 0 1
    outer loop
      vertex -2.96985 -2.96985 8.4
      vertex -1.06066 -1.06066 8.4
      vertex -1.15952 -0.95159 8.4
    endloop
  endfacet
  facet normal 0 0 1
    outer loop
      vertex -0.435427 -1.43541 8.4
      vertex -1.2192 -4.01915 8.4
      vertex -0.819379 -4.1193 8.4
    endloop
  endfacet
  facet normal 0 0 1
    outer loop
      vertex -3.24664 -2.66445 8.4
      vertex -1.15952 -0.95159 8.4
      vertex -1.2472 -0.833355 8.4
    endloop
  endfacet
  facet normal 0 0 1
    outer loop
      vertex -3.49217 -2.33339 8.4
      vertex -1.2472 -0.833355 8.4
      vertex -1.32288 -0.707094 8.4
    endloop
  endfacet
  facet normal 0 0 1
    outer loop
      vertex -3.70407 -1.97987 8.4
      vertex -1.32288 -0.707094 8.4
      vertex -1.38582 -0.574024 8.4
    endloop
  endfacet
  facet normal 0 0 1
    outer loop
      vertex -3.88029 -1.60727 8.4
      vertex -1.38582 -0.574024 8.4
      vertex -1.43541 -0.435427 8.4
    endloop
  endfacet
  facet normal 0 0 1
    outer loop
      vertex -4.01915 -1.2192 8.4
      vertex -1.43541 -0.435427 8.4
      vertex -1.47118 -0.292635 8.4
    endloop
  endfacet
  facet normal 0 0 1
    outer loop
      vertex -4.1193 -0.819379 8.4
      vertex -1.47118 -0.292635 8.4
      vertex -1.49278 -0.147025 8.4
    endloop
  endfacet
  facet normal 0 0 1
    outer loop
      vertex -0.574024 -1.38582 8.4
      vertex -1.60727 -3.88029 8.4
      vertex -1.2192 -4.01915 8.4
    endloop
  endfacet
  facet normal 0 0 1
    outer loop
      vertex -4.17978 -0.411672 8.4
      vertex -1.49278 -0.147025 8.4
      vertex -1.5 0 8.4
    endloop
  endfacet
  facet normal 0 0 1
    outer loop
      vertex -1.2472 0.833355 8.4
      vertex -3.49217 2.33339 8.4
      vertex -1.32288 0.707094 8.4
    endloop
  endfacet
  facet normal -0 0 1
    outer loop
      vertex -3.70407 1.97987 8.4
      vertex -1.32288 0.707094 8.4
      vertex -3.49217 2.33339 8.4
    endloop
  endfacet
  facet normal 0 0 1
    outer loop
      vertex -0.707094 -1.32288 8.4
      vertex -1.97987 -3.70407 8.4
      vertex -1.60727 -3.88029 8.4
    endloop
  endfacet
  facet normal 0 0 1
    outer loop
      vertex -1.32288 0.707094 8.4
      vertex -3.70407 1.97987 8.4
      vertex -1.38582 0.574024 8.4
    endloop
  endfacet
  facet normal 0 0 1
    outer loop
      vertex -0.833355 -1.2472 8.4
      vertex -2.33339 -3.49217 8.4
      vertex -1.97987 -3.70407 8.4
    endloop
  endfacet
  facet normal -0 0 1
    outer loop
      vertex -3.88029 1.60727 8.4
      vertex -1.38582 0.574024 8.4
      vertex -3.70407 1.97987 8.4
    endloop
  endfacet
  facet normal 0 0 1
    outer loop
      vertex -0.95159 -1.15952 8.4
      vertex -2.66445 -3.24664 8.4
      vertex -2.33339 -3.49217 8.4
    endloop
  endfacet
  facet normal 0 0 1
    outer loop
      vertex -1.38582 0.574024 8.4
      vertex -3.88029 1.60727 8.4
      vertex -1.43541 0.435427 8.4
    endloop
  endfacet
  facet normal 0 0 1
    outer loop
      vertex -1.06066 -1.06066 8.4
      vertex -2.96985 -2.96985 8.4
      vertex -2.66445 -3.24664 8.4
    endloop
  endfacet
  facet normal -0 0 1
    outer loop
      vertex -4.01915 1.2192 8.4
      vertex -1.43541 0.435427 8.4
      vertex -3.88029 1.60727 8.4
    endloop
  endfacet
  facet normal 0 0 1
    outer loop
      vertex -1.15952 -0.95159 8.4
      vertex -3.24664 -2.66445 8.4
      vertex -2.96985 -2.96985 8.4
    endloop
  endfacet
  facet normal 0 0 1
    outer loop
      vertex -1.43541 0.435427 8.4
      vertex -4.01915 1.2192 8.4
      vertex -1.47118 0.292635 8.4
    endloop
  endfacet
  facet normal 0 0 1
    outer loop
      vertex -1.2472 -0.833355 8.4
      vertex -3.49217 -2.33339 8.4
      vertex -3.24664 -2.66445 8.4
    endloop
  endfacet
  facet normal -0 0 1
    outer loop
      vertex -4.1193 0.819379 8.4
      vertex -1.47118 0.292635 8.4
      vertex -4.01915 1.2192 8.4
    endloop
  endfacet
  facet normal 0 0 1
    outer loop
      vertex -1.32288 -0.707094 8.4
      vertex -3.70407 -1.97987 8.4
      vertex -3.49217 -2.33339 8.4
    endloop
  endfacet
  facet normal 0 0 1
    outer loop
      vertex -1.47118 0.292635 8.4
      vertex -4.1193 0.819379 8.4
      vertex -1.49278 0.147025 8.4
    endloop
  endfacet
  facet normal 0 0 1
    outer loop
      vertex -1.38582 -0.574024 8.4
      vertex -3.88029 -1.60727 8.4
      vertex -3.70407 -1.97987 8.4
    endloop
  endfacet
  facet normal -0 0 1
    outer loop
      vertex -4.17978 0.411672 8.4
      vertex -1.49278 0.147025 8.4
      vertex -4.1193 0.819379 8.4
    endloop
  endfacet
  facet normal 0 0 1
    outer loop
      vertex -1.43541 -0.435427 8.4
      vertex -4.01915 -1.2192 8.4
      vertex -3.88029 -1.60727 8.4
    endloop
  endfacet
  facet normal 0 0 1
    outer loop
      vertex -1.49278 0.147025 8.4
      vertex -4.17978 0.411672 8.4
      vertex -1.5 0 8.4
    endloop
  endfacet
  facet normal 0 0 1
    outer loop
      vertex -1.47118 -0.292635 8.4
      vertex -4.1193 -0.819379 8.4
      vertex -4.01915 -1.2192 8.4
    endloop
  endfacet
  facet normal 0 0 1
    outer loop
      vertex -4.2 0 8.4
      vertex -1.5 0 8.4
      vertex -4.17978 0.411672 8.4
    endloop
  endfacet
  facet normal 0 0 1
    outer loop
      vertex -1.49278 -0.147025 8.4
      vertex -4.17978 -0.411672 8.4
      vertex -4.1193 -0.819379 8.4
    endloop
  endfacet
  facet normal 0 0 1
    outer loop
      vertex -1.5 0 8.4
      vertex -4.2 0 8.4
      vertex -4.17978 -0.411672 8.4
    endloop
  endfacet
  facet normal 0.970031 -0.24298 0
    outer loop
      vertex 4.01915 -1.2192 8.4
      vertex 4.1193 -0.819379 7.4
      vertex 4.1193 -0.819379 8.4
    endloop
  endfacet
  facet normal 0.970031 -0.24298 0
    outer loop
      vertex 4.1193 -0.819379 7.4
      vertex 4.01915 -1.2192 8.4
      vertex 4.01915 -1.2192 7.4
    endloop
  endfacet
  facet normal 0.989176 -0.146736 0
    outer loop
      vertex 4.1193 -0.819379 8.4
      vertex 4.17978 -0.411672 7.4
      vertex 4.17978 -0.411672 8.4
    endloop
  endfacet
  facet normal 0.989176 -0.146736 0
    outer loop
      vertex 4.17978 -0.411672 7.4
      vertex 4.1193 -0.819379 8.4
      vertex 4.1193 -0.819379 7.4
    endloop
  endfacet
  facet normal 0.941539 -0.336903 0
    outer loop
      vertex 3.88029 -1.60727 8.4
      vertex 4.01915 -1.2192 7.4
      vertex 4.01915 -1.2192 8.4
    endloop
  endfacet
  facet normal 0.941539 -0.336903 0
    outer loop
      vertex 4.01915 -1.2192 7.4
      vertex 3.88029 -1.60727 8.4
      vertex 3.88029 -1.60727 7.4
    endloop
  endfacet
  facet normal 0.803208 -0.595698 0
    outer loop
      vertex 3.24664 -2.66445 8.4
      vertex 3.49217 -2.33339 7.4
      vertex 3.49217 -2.33339 8.4
    endloop
  endfacet
  facet normal 0.803208 -0.595698 0
    outer loop
      vertex 3.49217 -2.33339 7.4
      vertex 3.24664 -2.66445 8.4
      vertex 3.24664 -2.66445 7.4
    endloop
  endfacet
  facet normal 0.740961 -0.671548 0
    outer loop
      vertex 2.96985 -2.96985 8.4
      vertex 3.24664 -2.66445 7.4
      vertex 3.24664 -2.66445 8.4
    endloop
  endfacet
  facet normal 0.740961 -0.671548 0
    outer loop
      vertex 3.24664 -2.66445 7.4
      vertex 2.96985 -2.96985 8.4
      vertex 2.96985 -2.96985 7.4
    endloop
  endfacet
  facet normal 0.85772 -0.514117 0
    outer loop
      vertex 3.49217 -2.33339 8.4
      vertex 3.70407 -1.97987 7.4
      vertex 3.70407 -1.97987 8.4
    endloop
  endfacet
  facet normal 0.85772 -0.514117 0
    outer loop
      vertex 3.70407 -1.97987 7.4
      vertex 3.49217 -2.33339 8.4
      vertex 3.49217 -2.33339 7.4
    endloop
  endfacet
  facet normal 0.24298 -0.970031 0
    outer loop
      vertex 0.819379 -4.1193 7.4
      vertex 1.2192 -4.01915 8.4
      vertex 0.819379 -4.1193 8.4
    endloop
  endfacet
  facet normal 0.24298 -0.970031 0
    outer loop
      vertex 1.2192 -4.01915 8.4
      vertex 0.819379 -4.1193 7.4
      vertex 1.2192 -4.01915 7.4
    endloop
  endfacet
  facet normal 0.336903 -0.941539 0
    outer loop
      vertex 1.2192 -4.01915 7.4
      vertex 1.60727 -3.88029 8.4
      vertex 1.2192 -4.01915 8.4
    endloop
  endfacet
  facet normal 0.336903 -0.941539 0
    outer loop
      vertex 1.60727 -3.88029 8.4
      vertex 1.2192 -4.01915 7.4
      vertex 1.60727 -3.88029 7.4
    endloop
  endfacet
  facet normal 0.146736 -0.989176 0
    outer loop
      vertex 0.411672 -4.17978 7.4
      vertex 0.819379 -4.1193 8.4
      vertex 0.411672 -4.17978 8.4
    endloop
  endfacet
  facet normal 0.146736 -0.989176 0
    outer loop
      vertex 0.819379 -4.1193 8.4
      vertex 0.411672 -4.17978 7.4
      vertex 0.819379 -4.1193 7.4
    endloop
  endfacet
  facet normal 0.595698 -0.803208 0
    outer loop
      vertex 2.33339 -3.49217 7.4
      vertex 2.66445 -3.24664 8.4
      vertex 2.33339 -3.49217 8.4
    endloop
  endfacet
  facet normal 0.595698 -0.803208 0
    outer loop
      vertex 2.66445 -3.24664 8.4
      vertex 2.33339 -3.49217 7.4
      vertex 2.66445 -3.24664 7.4
    endloop
  endfacet
  facet normal -0.970031 -0.24298 0
    outer loop
      vertex -4.01915 -1.2192 7.4
      vertex -4.1193 -0.819379 8.4
      vertex -4.1193 -0.819379 7.4
    endloop
  endfacet
  facet normal -0.970031 -0.24298 0
    outer loop
      vertex -4.1193 -0.819379 8.4
      vertex -4.01915 -1.2192 7.4
      vertex -4.01915 -1.2192 8.4
    endloop
  endfacet
  facet normal -0.803208 -0.595698 0
    outer loop
      vertex -3.24664 -2.66445 7.4
      vertex -3.49217 -2.33339 8.4
      vertex -3.49217 -2.33339 7.4
    endloop
  endfacet
  facet normal -0.803208 -0.595698 0
    outer loop
      vertex -3.49217 -2.33339 8.4
      vertex -3.24664 -2.66445 7.4
      vertex -3.24664 -2.66445 8.4
    endloop
  endfacet
  facet normal -0.740961 -0.671548 0
    outer loop
      vertex -2.96985 -2.96985 7.4
      vertex -3.24664 -2.66445 8.4
      vertex -3.24664 -2.66445 7.4
    endloop
  endfacet
  facet normal -0.740961 -0.671548 0
    outer loop
      vertex -3.24664 -2.66445 8.4
      vertex -2.96985 -2.96985 7.4
      vertex -2.96985 -2.96985 8.4
    endloop
  endfacet
  facet normal -0.85772 -0.514117 0
    outer loop
      vertex -3.49217 -2.33339 7.4
      vertex -3.70407 -1.97987 8.4
      vertex -3.70407 -1.97987 7.4
    endloop
  endfacet
  facet normal -0.85772 -0.514117 0
    outer loop
      vertex -3.70407 -1.97987 8.4
      vertex -3.49217 -2.33339 7.4
      vertex -3.49217 -2.33339 8.4
    endloop
  endfacet
  facet normal -0.941539 -0.336903 0
    outer loop
      vertex -3.88029 -1.60727 7.4
      vertex -4.01915 -1.2192 8.4
      vertex -4.01915 -1.2192 7.4
    endloop
  endfacet
  facet normal -0.941539 -0.336903 0
    outer loop
      vertex -4.01915 -1.2192 8.4
      vertex -3.88029 -1.60727 7.4
      vertex -3.88029 -1.60727 8.4
    endloop
  endfacet
  facet normal -0.989176 -0.146736 0
    outer loop
      vertex -4.1193 -0.819379 7.4
      vertex -4.17978 -0.411672 8.4
      vertex -4.17978 -0.411672 7.4
    endloop
  endfacet
  facet normal -0.989176 -0.146736 0
    outer loop
      vertex -4.17978 -0.411672 8.4
      vertex -4.1193 -0.819379 7.4
      vertex -4.1193 -0.819379 8.4
    endloop
  endfacet
  facet normal 0 0 -1
    outer loop
      vertex 3 0 7.4
      vertex 4.2 0 7.4
      vertex 4.17978 -0.411672 7.4
    endloop
  endfacet
  facet normal 0 0 -1
    outer loop
      vertex 2.98555 -0.294051 7.4
      vertex 4.17978 -0.411672 7.4
      vertex 4.1193 -0.819379 7.4
    endloop
  endfacet
  facet normal 0 0 -1
    outer loop
      vertex 4.2 0 7.4
      vertex 3 0 7.4
      vertex 4.17978 0.411672 7.4
    endloop
  endfacet
  facet normal 0 0 -1
    outer loop
      vertex 2.94236 -0.585271 7.4
      vertex 4.1193 -0.819379 7.4
      vertex 4.01915 -1.2192 7.4
    endloop
  endfacet
  facet normal 0 0 -1
    outer loop
      vertex 2.98555 0.294051 7.4
      vertex 4.17978 0.411672 7.4
      vertex 3 0 7.4
    endloop
  endfacet
  facet normal 0 0 -1
    outer loop
      vertex 2.87082 -0.870853 7.4
      vertex 4.01915 -1.2192 7.4
      vertex 3.88029 -1.60727 7.4
    endloop
  endfacet
  facet normal -0 0 -1
    outer loop
      vertex 4.17978 0.411672 7.4
      vertex 2.98555 0.294051 7.4
      vertex 4.1193 0.819379 7.4
    endloop
  endfacet
  facet normal 0 0 -1
    outer loop
      vertex 2.77164 -1.14805 7.4
      vertex 3.88029 -1.60727 7.4
      vertex 3.70407 -1.97987 7.4
    endloop
  endfacet
  facet normal 0 0 -1
    outer loop
      vertex 2.94236 0.585271 7.4
      vertex 4.1193 0.819379 7.4
      vertex 2.98555 0.294051 7.4
    endloop
  endfacet
  facet normal 0 0 -1
    outer loop
      vertex 2.64576 -1.41419 7.4
      vertex 3.70407 -1.97987 7.4
      vertex 3.49217 -2.33339 7.4
    endloop
  endfacet
  facet normal -0 0 -1
    outer loop
      vertex 4.1193 0.819379 7.4
      vertex 2.94236 0.585271 7.4
      vertex 4.01915 1.2192 7.4
    endloop
  endfacet
  facet normal 0 0 -1
    outer loop
      vertex 2.49441 -1.66671 7.4
      vertex 3.49217 -2.33339 7.4
      vertex 3.24664 -2.66445 7.4
    endloop
  endfacet
  facet normal 0 0 -1
    outer loop
      vertex 2.87082 0.870853 7.4
      vertex 4.01915 1.2192 7.4
      vertex 2.94236 0.585271 7.4
    endloop
  endfacet
  facet normal -0 0 -1
    outer loop
      vertex 4.01915 1.2192 7.4
      vertex 2.87082 0.870853 7.4
      vertex 3.88029 1.60727 7.4
    endloop
  endfacet
  facet normal 0 0 -1
    outer loop
      vertex 4.17978 -0.411672 7.4
      vertex 2.98555 -0.294051 7.4
      vertex 3 0 7.4
    endloop
  endfacet
  facet normal 0 0 -1
    outer loop
      vertex 2.31903 -1.90318 7.4
      vertex 3.24664 -2.66445 7.4
      vertex 2.96985 -2.96985 7.4
    endloop
  endfacet
  facet normal 0 0 -1
    outer loop
      vertex 4.1193 -0.819379 7.4
      vertex 2.94236 -0.585271 7.4
      vertex 2.98555 -0.294051 7.4
    endloop
  endfacet
  facet normal 0 0 -1
    outer loop
      vertex 4.01915 -1.2192 7.4
      vertex 2.87082 -0.870853 7.4
      vertex 2.94236 -0.585271 7.4
    endloop
  endfacet
  facet normal 0 0 -1
    outer loop
      vertex 3.88029 -1.60727 7.4
      vertex 2.77164 -1.14805 7.4
      vertex 2.87082 -0.870853 7.4
    endloop
  endfacet
  facet normal 0 0 -1
    outer loop
      vertex 2.12132 -2.12132 7.4
      vertex 2.96985 -2.96985 7.4
      vertex 2.66445 -3.24664 7.4
    endloop
  endfacet
  facet normal 0 0 -1
    outer loop
      vertex 3.70407 -1.97987 7.4
      vertex 2.64576 -1.41419 7.4
      vertex 2.77164 -1.14805 7.4
    endloop
  endfacet
  facet normal 0 0 -1
    outer loop
      vertex 3.49217 -2.33339 7.4
      vertex 2.49441 -1.66671 7.4
      vertex 2.64576 -1.41419 7.4
    endloop
  endfacet
  facet normal 0 0 -1
    outer loop
      vertex 1.90318 -2.31903 7.4
      vertex 2.66445 -3.24664 7.4
      vertex 2.33339 -3.49217 7.4
    endloop
  endfacet
  facet normal 0 0 -1
    outer loop
      vertex 3.24664 -2.66445 7.4
      vertex 2.31903 -1.90318 7.4
      vertex 2.49441 -1.66671 7.4
    endloop
  endfacet
  facet normal 0 0 -1
    outer loop
      vertex 2.96985 -2.96985 7.4
      vertex 2.12132 -2.12132 7.4
      vertex 2.31903 -1.90318 7.4
    endloop
  endfacet
  facet normal 0 0 -1
    outer loop
      vertex 1.66671 -2.49441 7.4
      vertex 2.33339 -3.49217 7.4
      vertex 1.97987 -3.70407 7.4
    endloop
  endfacet
  facet normal 0 0 -1
    outer loop
      vertex 2.66445 -3.24664 7.4
      vertex 1.90318 -2.31903 7.4
      vertex 2.12132 -2.12132 7.4
    endloop
  endfacet
  facet normal 0 0 -1
    outer loop
      vertex 2.33339 -3.49217 7.4
      vertex 1.66671 -2.49441 7.4
      vertex 1.90318 -2.31903 7.4
    endloop
  endfacet
  facet normal 0 0 -1
    outer loop
      vertex 1.41419 -2.64576 7.4
      vertex 1.97987 -3.70407 7.4
      vertex 1.60727 -3.88029 7.4
    endloop
  endfacet
  facet normal 0 0 -1
    outer loop
      vertex 1.97987 -3.70407 7.4
      vertex 1.41419 -2.64576 7.4
      vertex 1.66671 -2.49441 7.4
    endloop
  endfacet
  facet normal 0 0 -1
    outer loop
      vertex 1.14805 -2.77164 7.4
      vertex 1.60727 -3.88029 7.4
      vertex 1.2192 -4.01915 7.4
    endloop
  endfacet
  facet normal 0 0 -1
    outer loop
      vertex 1.60727 -3.88029 7.4
      vertex 1.14805 -2.77164 7.4
      vertex 1.41419 -2.64576 7.4
    endloop
  endfacet
  facet normal 0 0 -1
    outer loop
      vertex 1.2192 -4.01915 7.4
      vertex 0.870853 -2.87082 7.4
      vertex 1.14805 -2.77164 7.4
    endloop
  endfacet
  facet normal 0 0 -1
    outer loop
      vertex 0.819379 -4.1193 7.4
      vertex 0.870853 -2.87082 7.4
      vertex 1.2192 -4.01915 7.4
    endloop
  endfacet
  facet normal 0 0 -1
    outer loop
      vertex 0.819379 -4.1193 7.4
      vertex 0.585271 -2.94236 7.4
      vertex 0.870853 -2.87082 7.4
    endloop
  endfacet
  facet normal 0 0 -1
    outer loop
      vertex 0.411672 -4.17978 7.4
      vertex 0.585271 -2.94236 7.4
      vertex 0.819379 -4.1193 7.4
    endloop
  endfacet
  facet normal 0 0 -1
    outer loop
      vertex 0.411672 -4.17978 7.4
      vertex 0.294051 -2.98555 7.4
      vertex 0.585271 -2.94236 7.4
    endloop
  endfacet
  facet normal 0 0 -1
    outer loop
      vertex 0 -4.2 7.4
      vertex 0.294051 -2.98555 7.4
      vertex 0.411672 -4.17978 7.4
    endloop
  endfacet
  facet normal 0 0 -1
    outer loop
      vertex 0 -4.2 7.4
      vertex 0 -3 7.4
      vertex 0.294051 -2.98555 7.4
    endloop
  endfacet
  facet normal 0 0 -1
    outer loop
      vertex 0 -4.2 7.4
      vertex -0.294051 -2.98555 7.4
      vertex 0 -3 7.4
    endloop
  endfacet
  facet normal 0 0 -1
    outer loop
      vertex -0.411672 -4.17978 7.4
      vertex -0.294051 -2.98555 7.4
      vertex 0 -4.2 7.4
    endloop
  endfacet
  facet normal 0 0 -1
    outer loop
      vertex -0.411672 -4.17978 7.4
      vertex -0.585271 -2.94236 7.4
      vertex -0.294051 -2.98555 7.4
    endloop
  endfacet
  facet normal 0 0 -1
    outer loop
      vertex -0.819379 -4.1193 7.4
      vertex -0.585271 -2.94236 7.4
      vertex -0.411672 -4.17978 7.4
    endloop
  endfacet
  facet normal 0 0 -1
    outer loop
      vertex -0.819379 -4.1193 7.4
      vertex -0.870853 -2.87082 7.4
      vertex -0.585271 -2.94236 7.4
    endloop
  endfacet
  facet normal 0 0 -1
    outer loop
      vertex -1.2192 -4.01915 7.4
      vertex -0.870853 -2.87082 7.4
      vertex -0.819379 -4.1193 7.4
    endloop
  endfacet
  facet normal -0 0 -1
    outer loop
      vertex -0.870853 -2.87082 7.4
      vertex -1.2192 -4.01915 7.4
      vertex -1.14805 -2.77164 7.4
    endloop
  endfacet
  facet normal 0 0 -1
    outer loop
      vertex -1.60727 -3.88029 7.4
      vertex -1.14805 -2.77164 7.4
      vertex -1.2192 -4.01915 7.4
    endloop
  endfacet
  facet normal -0 0 -1
    outer loop
      vertex -1.14805 -2.77164 7.4
      vertex -1.60727 -3.88029 7.4
      vertex -1.41419 -2.64576 7.4
    endloop
  endfacet
  facet normal 0 0 -1
    outer loop
      vertex -1.97987 -3.70407 7.4
      vertex -1.41419 -2.64576 7.4
      vertex -1.60727 -3.88029 7.4
    endloop
  endfacet
  facet normal -0 0 -1
    outer loop
      vertex -1.41419 -2.64576 7.4
      vertex -1.97987 -3.70407 7.4
      vertex -1.66671 -2.49441 7.4
    endloop
  endfacet
  facet normal 0 0 -1
    outer loop
      vertex -2.33339 -3.49217 7.4
      vertex -1.66671 -2.49441 7.4
      vertex -1.97987 -3.70407 7.4
    endloop
  endfacet
  facet normal -0 0 -1
    outer loop
      vertex -1.66671 -2.49441 7.4
      vertex -2.33339 -3.49217 7.4
      vertex -1.90318 -2.31903 7.4
    endloop
  endfacet
  facet normal 0 0 -1
    outer loop
      vertex -2.66445 -3.24664 7.4
      vertex -1.90318 -2.31903 7.4
      vertex -2.33339 -3.49217 7.4
    endloop
  endfacet
  facet normal -0 0 -1
    outer loop
      vertex -1.90318 -2.31903 7.4
      vertex -2.66445 -3.24664 7.4
      vertex -2.12132 -2.12132 7.4
    endloop
  endfacet
  facet normal 0 0 -1
    outer loop
      vertex -2.96985 -2.96985 7.4
      vertex -2.12132 -2.12132 7.4
      vertex -2.66445 -3.24664 7.4
    endloop
  endfacet
  facet normal -0 0 -1
    outer loop
      vertex -2.12132 -2.12132 7.4
      vertex -2.96985 -2.96985 7.4
      vertex -2.31903 -1.90318 7.4
    endloop
  endfacet
  facet normal 0 0 -1
    outer loop
      vertex -3.24664 -2.66445 7.4
      vertex -2.31903 -1.90318 7.4
      vertex -2.96985 -2.96985 7.4
    endloop
  endfacet
  facet normal -0 0 -1
    outer loop
      vertex -2.31903 -1.90318 7.4
      vertex -3.24664 -2.66445 7.4
      vertex -2.49441 -1.66671 7.4
    endloop
  endfacet
  facet normal 0 0 -1
    outer loop
      vertex -3.49217 -2.33339 7.4
      vertex -2.49441 -1.66671 7.4
      vertex -3.24664 -2.66445 7.4
    endloop
  endfacet
  facet normal -0 0 -1
    outer loop
      vertex -2.49441 -1.66671 7.4
      vertex -3.49217 -2.33339 7.4
      vertex -2.64576 -1.41419 7.4
    endloop
  endfacet
  facet normal 0 0 -1
    outer loop
      vertex -3.70407 -1.97987 7.4
      vertex -2.64576 -1.41419 7.4
      vertex -3.49217 -2.33339 7.4
    endloop
  endfacet
  facet normal -0 0 -1
    outer loop
      vertex -2.64576 -1.41419 7.4
      vertex -3.70407 -1.97987 7.4
      vertex -2.77164 -1.14805 7.4
    endloop
  endfacet
  facet normal 0 0 -1
    outer loop
      vertex -3.88029 -1.60727 7.4
      vertex -2.77164 -1.14805 7.4
      vertex -3.70407 -1.97987 7.4
    endloop
  endfacet
  facet normal -0 0 -1
    outer loop
      vertex -2.77164 -1.14805 7.4
      vertex -3.88029 -1.60727 7.4
      vertex -2.87082 -0.870853 7.4
    endloop
  endfacet
  facet normal 0 0 -1
    outer loop
      vertex 2.77164 1.14805 7.4
      vertex 3.88029 1.60727 7.4
      vertex 2.87082 0.870853 7.4
    endloop
  endfacet
  facet normal -0 0 -1
    outer loop
      vertex 3.88029 1.60727 7.4
      vertex 2.77164 1.14805 7.4
      vertex 3.70407 1.97987 7.4
    endloop
  endfacet
  facet normal 0 0 -1
    outer loop
      vertex 2.64576 1.41419 7.4
      vertex 3.70407 1.97987 7.4
      vertex 2.77164 1.14805 7.4
    endloop
  endfacet
  facet normal -0 0 -1
    outer loop
      vertex 3.70407 1.97987 7.4
      vertex 2.64576 1.41419 7.4
      vertex 3.49217 2.33339 7.4
    endloop
  endfacet
  facet normal 0 0 -1
    outer loop
      vertex 2.49441 1.66671 7.4
      vertex 3.49217 2.33339 7.4
      vertex 2.64576 1.41419 7.4
    endloop
  endfacet
  facet normal -0 0 -1
    outer loop
      vertex 3.49217 2.33339 7.4
      vertex 2.49441 1.66671 7.4
      vertex 3.24664 2.66445 7.4
    endloop
  endfacet
  facet normal 0 0 -1
    outer loop
      vertex 2.31903 1.90318 7.4
      vertex 3.24664 2.66445 7.4
      vertex 2.49441 1.66671 7.4
    endloop
  endfacet
  facet normal -0 0 -1
    outer loop
      vertex 3.24664 2.66445 7.4
      vertex 2.31903 1.90318 7.4
      vertex 2.96985 2.96985 7.4
    endloop
  endfacet
  facet normal 0 0 -1
    outer loop
      vertex 2.12132 2.12132 7.4
      vertex 2.96985 2.96985 7.4
      vertex 2.31903 1.90318 7.4
    endloop
  endfacet
  facet normal -0 0 -1
    outer loop
      vertex 2.96985 2.96985 7.4
      vertex 2.12132 2.12132 7.4
      vertex 2.66445 3.24664 7.4
    endloop
  endfacet
  facet normal 0 0 -1
    outer loop
      vertex 1.90318 2.31903 7.4
      vertex 2.66445 3.24664 7.4
      vertex 2.12132 2.12132 7.4
    endloop
  endfacet
  facet normal -0 0 -1
    outer loop
      vertex 2.66445 3.24664 7.4
      vertex 1.90318 2.31903 7.4
      vertex 2.33339 3.49217 7.4
    endloop
  endfacet
  facet normal 0 0 -1
    outer loop
      vertex 1.66671 2.49441 7.4
      vertex 2.33339 3.49217 7.4
      vertex 1.90318 2.31903 7.4
    endloop
  endfacet
  facet normal -0 0 -1
    outer loop
      vertex 2.33339 3.49217 7.4
      vertex 1.66671 2.49441 7.4
      vertex 1.97987 3.70407 7.4
    endloop
  endfacet
  facet normal 0 0 -1
    outer loop
      vertex 1.41419 2.64576 7.4
      vertex 1.97987 3.70407 7.4
      vertex 1.66671 2.49441 7.4
    endloop
  endfacet
  facet normal -0 0 -1
    outer loop
      vertex 1.97987 3.70407 7.4
      vertex 1.41419 2.64576 7.4
      vertex 1.60727 3.88029 7.4
    endloop
  endfacet
  facet normal 0 0 -1
    outer loop
      vertex 1.14805 2.77164 7.4
      vertex 1.60727 3.88029 7.4
      vertex 1.41419 2.64576 7.4
    endloop
  endfacet
  facet normal -0 0 -1
    outer loop
      vertex 1.60727 3.88029 7.4
      vertex 1.14805 2.77164 7.4
      vertex 1.2192 4.01915 7.4
    endloop
  endfacet
  facet normal 0 0 -1
    outer loop
      vertex 0.870853 2.87082 7.4
      vertex 1.2192 4.01915 7.4
      vertex 1.14805 2.77164 7.4
    endloop
  endfacet
  facet normal 0 0 -1
    outer loop
      vertex 0.870853 2.87082 7.4
      vertex 0.819379 4.1193 7.4
      vertex 1.2192 4.01915 7.4
    endloop
  endfacet
  facet normal 0 0 -1
    outer loop
      vertex 0.585271 2.94236 7.4
      vertex 0.819379 4.1193 7.4
      vertex 0.870853 2.87082 7.4
    endloop
  endfacet
  facet normal 0 0 -1
    outer loop
      vertex 0.585271 2.94236 7.4
      vertex 0.411672 4.17978 7.4
      vertex 0.819379 4.1193 7.4
    endloop
  endfacet
  facet normal 0 0 -1
    outer loop
      vertex 0.294051 2.98555 7.4
      vertex 0.411672 4.17978 7.4
      vertex 0.585271 2.94236 7.4
    endloop
  endfacet
  facet normal 0 0 -1
    outer loop
      vertex 0 3 7.4
      vertex 0.411672 4.17978 7.4
      vertex 0.294051 2.98555 7.4
    endloop
  endfacet
  facet normal 0 0 -1
    outer loop
      vertex 0 3 7.4
      vertex 0 4.2 7.4
      vertex 0.411672 4.17978 7.4
    endloop
  endfacet
  facet normal 0 0 -1
    outer loop
      vertex -0.294051 2.98555 7.4
      vertex 0 4.2 7.4
      vertex 0 3 7.4
    endloop
  endfacet
  facet normal 0 0 -1
    outer loop
      vertex -0.294051 2.98555 7.4
      vertex -0.411672 4.17978 7.4
      vertex 0 4.2 7.4
    endloop
  endfacet
  facet normal 0 0 -1
    outer loop
      vertex -0.585271 2.94236 7.4
      vertex -0.411672 4.17978 7.4
      vertex -0.294051 2.98555 7.4
    endloop
  endfacet
  facet normal 0 0 -1
    outer loop
      vertex -0.585271 2.94236 7.4
      vertex -0.819379 4.1193 7.4
      vertex -0.411672 4.17978 7.4
    endloop
  endfacet
  facet normal 0 0 -1
    outer loop
      vertex -0.870853 2.87082 7.4
      vertex -0.819379 4.1193 7.4
      vertex -0.585271 2.94236 7.4
    endloop
  endfacet
  facet normal 0 0 -1
    outer loop
      vertex -1.2192 4.01915 7.4
      vertex -0.870853 2.87082 7.4
      vertex -1.14805 2.77164 7.4
    endloop
  endfacet
  facet normal 0 0 -1
    outer loop
      vertex -0.870853 2.87082 7.4
      vertex -1.2192 4.01915 7.4
      vertex -0.819379 4.1193 7.4
    endloop
  endfacet
  facet normal 0 0 -1
    outer loop
      vertex -1.60727 3.88029 7.4
      vertex -1.14805 2.77164 7.4
      vertex -1.41419 2.64576 7.4
    endloop
  endfacet
  facet normal 0 0 -1
    outer loop
      vertex -1.14805 2.77164 7.4
      vertex -1.60727 3.88029 7.4
      vertex -1.2192 4.01915 7.4
    endloop
  endfacet
  facet normal 0 0 -1
    outer loop
      vertex -1.97987 3.70407 7.4
      vertex -1.41419 2.64576 7.4
      vertex -1.66671 2.49441 7.4
    endloop
  endfacet
  facet normal 0 0 -1
    outer loop
      vertex -2.33339 3.49217 7.4
      vertex -1.66671 2.49441 7.4
      vertex -1.90318 2.31903 7.4
    endloop
  endfacet
  facet normal 0 0 -1
    outer loop
      vertex -1.41419 2.64576 7.4
      vertex -1.97987 3.70407 7.4
      vertex -1.60727 3.88029 7.4
    endloop
  endfacet
  facet normal 0 0 -1
    outer loop
      vertex -2.66445 3.24664 7.4
      vertex -1.90318 2.31903 7.4
      vertex -2.12132 2.12132 7.4
    endloop
  endfacet
  facet normal 0 0 -1
    outer loop
      vertex -2.96985 2.96985 7.4
      vertex -2.12132 2.12132 7.4
      vertex -2.31903 1.90318 7.4
    endloop
  endfacet
  facet normal 0 0 -1
    outer loop
      vertex -1.66671 2.49441 7.4
      vertex -2.33339 3.49217 7.4
      vertex -1.97987 3.70407 7.4
    endloop
  endfacet
  facet normal 0 0 -1
    outer loop
      vertex -3.24664 2.66445 7.4
      vertex -2.31903 1.90318 7.4
      vertex -2.49441 1.66671 7.4
    endloop
  endfacet
  facet normal 0 0 -1
    outer loop
      vertex -3.49217 2.33339 7.4
      vertex -2.49441 1.66671 7.4
      vertex -2.64576 1.41419 7.4
    endloop
  endfacet
  facet normal 0 0 -1
    outer loop
      vertex -1.90318 2.31903 7.4
      vertex -2.66445 3.24664 7.4
      vertex -2.33339 3.49217 7.4
    endloop
  endfacet
  facet normal 0 0 -1
    outer loop
      vertex -3.70407 1.97987 7.4
      vertex -2.64576 1.41419 7.4
      vertex -2.77164 1.14805 7.4
    endloop
  endfacet
  facet normal 0 0 -1
    outer loop
      vertex -3.88029 1.60727 7.4
      vertex -2.77164 1.14805 7.4
      vertex -2.87082 0.870853 7.4
    endloop
  endfacet
  facet normal 0 0 -1
    outer loop
      vertex -4.01915 1.2192 7.4
      vertex -2.87082 0.870853 7.4
      vertex -2.94236 0.585271 7.4
    endloop
  endfacet
  facet normal 0 0 -1
    outer loop
      vertex -2.12132 2.12132 7.4
      vertex -2.96985 2.96985 7.4
      vertex -2.66445 3.24664 7.4
    endloop
  endfacet
  facet normal 0 0 -1
    outer loop
      vertex -4.1193 0.819379 7.4
      vertex -2.94236 0.585271 7.4
      vertex -2.98555 0.294051 7.4
    endloop
  endfacet
  facet normal 0 0 -1
    outer loop
      vertex -4.17978 0.411672 7.4
      vertex -2.98555 0.294051 7.4
      vertex -3 0 7.4
    endloop
  endfacet
  facet normal 0 0 -1
    outer loop
      vertex -4.01915 -1.2192 7.4
      vertex -2.87082 -0.870853 7.4
      vertex -3.88029 -1.60727 7.4
    endloop
  endfacet
  facet normal 0 0 -1
    outer loop
      vertex -2.31903 1.90318 7.4
      vertex -3.24664 2.66445 7.4
      vertex -2.96985 2.96985 7.4
    endloop
  endfacet
  facet normal -0 0 -1
    outer loop
      vertex -2.87082 -0.870853 7.4
      vertex -4.01915 -1.2192 7.4
      vertex -2.94236 -0.585271 7.4
    endloop
  endfacet
  facet normal 0 0 -1
    outer loop
      vertex -2.49441 1.66671 7.4
      vertex -3.49217 2.33339 7.4
      vertex -3.24664 2.66445 7.4
    endloop
  endfacet
  facet normal 0 0 -1
    outer loop
      vertex -4.1193 -0.819379 7.4
      vertex -2.94236 -0.585271 7.4
      vertex -4.01915 -1.2192 7.4
    endloop
  endfacet
  facet normal 0 0 -1
    outer loop
      vertex -2.64576 1.41419 7.4
      vertex -3.70407 1.97987 7.4
      vertex -3.49217 2.33339 7.4
    endloop
  endfacet
  facet normal -0 0 -1
    outer loop
      vertex -2.94236 -0.585271 7.4
      vertex -4.1193 -0.819379 7.4
      vertex -2.98555 -0.294051 7.4
    endloop
  endfacet
  facet normal 0 0 -1
    outer loop
      vertex -2.77164 1.14805 7.4
      vertex -3.88029 1.60727 7.4
      vertex -3.70407 1.97987 7.4
    endloop
  endfacet
  facet normal 0 0 -1
    outer loop
      vertex -4.17978 -0.411672 7.4
      vertex -2.98555 -0.294051 7.4
      vertex -4.1193 -0.819379 7.4
    endloop
  endfacet
  facet normal 0 0 -1
    outer loop
      vertex -2.87082 0.870853 7.4
      vertex -4.01915 1.2192 7.4
      vertex -3.88029 1.60727 7.4
    endloop
  endfacet
  facet normal -0 0 -1
    outer loop
      vertex -2.98555 -0.294051 7.4
      vertex -4.17978 -0.411672 7.4
      vertex -3 0 7.4
    endloop
  endfacet
  facet normal 0 0 -1
    outer loop
      vertex -2.94236 0.585271 7.4
      vertex -4.1193 0.819379 7.4
      vertex -4.01915 1.2192 7.4
    endloop
  endfacet
  facet normal 0 0 -1
    outer loop
      vertex -4.2 0 7.4
      vertex -3 0 7.4
      vertex -4.17978 -0.411672 7.4
    endloop
  endfacet
  facet normal 0 0 -1
    outer loop
      vertex -2.98555 0.294051 7.4
      vertex -4.17978 0.411672 7.4
      vertex -4.1193 0.819379 7.4
    endloop
  endfacet
  facet normal 0 0 -1
    outer loop
      vertex -3 0 7.4
      vertex -4.2 0 7.4
      vertex -4.17978 0.411672 7.4
    endloop
  endfacet
  facet normal -0.514117 -0.85772 0
    outer loop
      vertex -2.33339 -3.49217 7.4
      vertex -1.97987 -3.70407 8.4
      vertex -2.33339 -3.49217 8.4
    endloop
  endfacet
  facet normal -0.514117 -0.85772 -0
    outer loop
      vertex -1.97987 -3.70407 8.4
      vertex -2.33339 -3.49217 7.4
      vertex -1.97987 -3.70407 7.4
    endloop
  endfacet
  facet normal -0.427542 -0.903996 0
    outer loop
      vertex -1.97987 -3.70407 7.4
      vertex -1.60727 -3.88029 8.4
      vertex -1.97987 -3.70407 8.4
    endloop
  endfacet
  facet normal -0.427542 -0.903996 -0
    outer loop
      vertex -1.60727 -3.88029 8.4
      vertex -1.97987 -3.70407 7.4
      vertex -1.60727 -3.88029 7.4
    endloop
  endfacet
  facet normal -0.595698 -0.803208 0
    outer loop
      vertex -2.66445 -3.24664 7.4
      vertex -2.33339 -3.49217 8.4
      vertex -2.66445 -3.24664 8.4
    endloop
  endfacet
  facet normal -0.595698 -0.803208 -0
    outer loop
      vertex -2.33339 -3.49217 8.4
      vertex -2.66445 -3.24664 7.4
      vertex -2.33339 -3.49217 7.4
    endloop
  endfacet
  facet normal -0.24298 -0.970031 0
    outer loop
      vertex -1.2192 -4.01915 7.4
      vertex -0.819379 -4.1193 8.4
      vertex -1.2192 -4.01915 8.4
    endloop
  endfacet
  facet normal -0.24298 -0.970031 -0
    outer loop
      vertex -0.819379 -4.1193 8.4
      vertex -1.2192 -4.01915 7.4
      vertex -0.819379 -4.1193 7.4
    endloop
  endfacet
  facet normal -0.0490576 -0.998796 0
    outer loop
      vertex -0.411672 -4.17978 7.4
      vertex 0 -4.2 8.4
      vertex -0.411672 -4.17978 8.4
    endloop
  endfacet
  facet normal -0.0490576 -0.998796 -0
    outer loop
      vertex 0 -4.2 8.4
      vertex -0.411672 -4.17978 7.4
      vertex 0 -4.2 7.4
    endloop
  endfacet
  facet normal 0.998796 0.0490576 0
    outer loop
      vertex 4.2 0 8.4
      vertex 4.17978 0.411672 7.4
      vertex 4.17978 0.411672 8.4
    endloop
  endfacet
  facet normal 0.998796 0.0490576 0
    outer loop
      vertex 4.17978 0.411672 7.4
      vertex 4.2 0 8.4
      vertex 4.2 0 7.4
    endloop
  endfacet
  facet normal 0.0490576 0.998796 -0
    outer loop
      vertex 0.411672 4.17978 7.4
      vertex 0 4.2 8.4
      vertex 0.411672 4.17978 8.4
    endloop
  endfacet
  facet normal 0.0490576 0.998796 0
    outer loop
      vertex 0 4.2 8.4
      vertex 0.411672 4.17978 7.4
      vertex 0 4.2 7.4
    endloop
  endfacet
  facet normal 0.671548 0.740961 -0
    outer loop
      vertex 2.96985 2.96985 7.4
      vertex 2.66445 3.24664 8.4
      vertex 2.96985 2.96985 8.4
    endloop
  endfacet
  facet normal 0.671548 0.740961 0
    outer loop
      vertex 2.66445 3.24664 8.4
      vertex 2.96985 2.96985 7.4
      vertex 2.66445 3.24664 7.4
    endloop
  endfacet
  facet normal 0.514117 0.85772 -0
    outer loop
      vertex 2.33339 3.49217 7.4
      vertex 1.97987 3.70407 8.4
      vertex 2.33339 3.49217 8.4
    endloop
  endfacet
  facet normal 0.514117 0.85772 0
    outer loop
      vertex 1.97987 3.70407 8.4
      vertex 2.33339 3.49217 7.4
      vertex 1.97987 3.70407 7.4
    endloop
  endfacet
  facet normal 0.803208 0.595698 0
    outer loop
      vertex 3.49217 2.33339 8.4
      vertex 3.24664 2.66445 7.4
      vertex 3.24664 2.66445 8.4
    endloop
  endfacet
  facet normal 0.803208 0.595698 0
    outer loop
      vertex 3.24664 2.66445 7.4
      vertex 3.49217 2.33339 8.4
      vertex 3.49217 2.33339 7.4
    endloop
  endfacet
  facet normal 0.903996 0.427542 0
    outer loop
      vertex 3.88029 1.60727 8.4
      vertex 3.70407 1.97987 7.4
      vertex 3.70407 1.97987 8.4
    endloop
  endfacet
  facet normal 0.903996 0.427542 0
    outer loop
      vertex 3.70407 1.97987 7.4
      vertex 3.88029 1.60727 8.4
      vertex 3.88029 1.60727 7.4
    endloop
  endfacet
  facet normal -0.671548 0.740961 0
    outer loop
      vertex -2.66445 3.24664 7.4
      vertex -2.96985 2.96985 8.4
      vertex -2.66445 3.24664 8.4
    endloop
  endfacet
  facet normal -0.671548 0.740961 0
    outer loop
      vertex -2.96985 2.96985 8.4
      vertex -2.66445 3.24664 7.4
      vertex -2.96985 2.96985 7.4
    endloop
  endfacet
  facet normal -0.514117 0.85772 0
    outer loop
      vertex -1.97987 3.70407 7.4
      vertex -2.33339 3.49217 8.4
      vertex -1.97987 3.70407 8.4
    endloop
  endfacet
  facet normal -0.514117 0.85772 0
    outer loop
      vertex -2.33339 3.49217 8.4
      vertex -1.97987 3.70407 7.4
      vertex -2.33339 3.49217 7.4
    endloop
  endfacet
  facet normal -0.336903 0.941539 0
    outer loop
      vertex -1.2192 4.01915 7.4
      vertex -1.60727 3.88029 8.4
      vertex -1.2192 4.01915 8.4
    endloop
  endfacet
  facet normal -0.336903 0.941539 0
    outer loop
      vertex -1.60727 3.88029 8.4
      vertex -1.2192 4.01915 7.4
      vertex -1.60727 3.88029 7.4
    endloop
  endfacet
  facet normal -0.146736 0.989176 0
    outer loop
      vertex -0.411672 4.17978 7.4
      vertex -0.819379 4.1193 8.4
      vertex -0.411672 4.17978 8.4
    endloop
  endfacet
  facet normal -0.146736 0.989176 0
    outer loop
      vertex -0.819379 4.1193 8.4
      vertex -0.411672 4.17978 7.4
      vertex -0.819379 4.1193 7.4
    endloop
  endfacet
  facet normal -0.803208 0.595698 0
    outer loop
      vertex -3.49217 2.33339 7.4
      vertex -3.24664 2.66445 8.4
      vertex -3.24664 2.66445 7.4
    endloop
  endfacet
  facet normal -0.803208 0.595698 0
    outer loop
      vertex -3.24664 2.66445 8.4
      vertex -3.49217 2.33339 7.4
      vertex -3.49217 2.33339 8.4
    endloop
  endfacet
  facet normal -0.903996 0.427542 0
    outer loop
      vertex -3.88029 1.60727 7.4
      vertex -3.70407 1.97987 8.4
      vertex -3.70407 1.97987 7.4
    endloop
  endfacet
  facet normal -0.903996 0.427542 0
    outer loop
      vertex -3.70407 1.97987 8.4
      vertex -3.88029 1.60727 7.4
      vertex -3.88029 1.60727 8.4
    endloop
  endfacet
  facet normal -0.85772 0.514117 0
    outer loop
      vertex -3.70407 1.97987 7.4
      vertex -3.49217 2.33339 8.4
      vertex -3.49217 2.33339 7.4
    endloop
  endfacet
  facet normal -0.85772 0.514117 0
    outer loop
      vertex -3.49217 2.33339 8.4
      vertex -3.70407 1.97987 7.4
      vertex -3.70407 1.97987 8.4
    endloop
  endfacet
  facet normal -0.970031 0.24298 0
    outer loop
      vertex -4.1193 0.819379 7.4
      vertex -4.01915 1.2192 8.4
      vertex -4.01915 1.2192 7.4
    endloop
  endfacet
  facet normal -0.970031 0.24298 0
    outer loop
      vertex -4.01915 1.2192 8.4
      vertex -4.1193 0.819379 7.4
      vertex -4.1193 0.819379 8.4
    endloop
  endfacet
  facet normal -0.941539 0.336903 0
    outer loop
      vertex -4.01915 1.2192 7.4
      vertex -3.88029 1.60727 8.4
      vertex -3.88029 1.60727 7.4
    endloop
  endfacet
  facet normal -0.941539 0.336903 0
    outer loop
      vertex -3.88029 1.60727 8.4
      vertex -4.01915 1.2192 7.4
      vertex -4.01915 1.2192 8.4
    endloop
  endfacet
  facet normal -0.998796 0.0490576 0
    outer loop
      vertex -4.2 0 7.4
      vertex -4.17978 0.411672 8.4
      vertex -4.17978 0.411672 7.4
    endloop
  endfacet
  facet normal -0.998796 0.0490576 0
    outer loop
      vertex -4.17978 0.411672 8.4
      vertex -4.2 0 7.4
      vertex -4.2 0 8.4
    endloop
  endfacet
  facet normal 0.146736 0.989176 -0
    outer loop
      vertex 0.819379 4.1193 7.4
      vertex 0.411672 4.17978 8.4
      vertex 0.819379 4.1193 8.4
    endloop
  endfacet
  facet normal 0.146736 0.989176 0
    outer loop
      vertex 0.411672 4.17978 8.4
      vertex 0.819379 4.1193 7.4
      vertex 0.411672 4.17978 7.4
    endloop
  endfacet
  facet normal 0.24298 0.970031 -0
    outer loop
      vertex 1.2192 4.01915 7.4
      vertex 0.819379 4.1193 8.4
      vertex 1.2192 4.01915 8.4
    endloop
  endfacet
  facet normal 0.24298 0.970031 0
    outer loop
      vertex 0.819379 4.1193 8.4
      vertex 1.2192 4.01915 7.4
      vertex 0.819379 4.1193 7.4
    endloop
  endfacet
  facet normal 0.427542 0.903996 -0
    outer loop
      vertex 1.97987 3.70407 7.4
      vertex 1.60727 3.88029 8.4
      vertex 1.97987 3.70407 8.4
    endloop
  endfacet
  facet normal 0.427542 0.903996 0
    outer loop
      vertex 1.60727 3.88029 8.4
      vertex 1.97987 3.70407 7.4
      vertex 1.60727 3.88029 7.4
    endloop
  endfacet
  facet normal 0.336903 0.941539 -0
    outer loop
      vertex 1.60727 3.88029 7.4
      vertex 1.2192 4.01915 8.4
      vertex 1.60727 3.88029 8.4
    endloop
  endfacet
  facet normal 0.336903 0.941539 0
    outer loop
      vertex 1.2192 4.01915 8.4
      vertex 1.60727 3.88029 7.4
      vertex 1.2192 4.01915 7.4
    endloop
  endfacet
  facet normal 0.740961 0.671548 0
    outer loop
      vertex 3.24664 2.66445 8.4
      vertex 2.96985 2.96985 7.4
      vertex 2.96985 2.96985 8.4
    endloop
  endfacet
  facet normal 0.740961 0.671548 0
    outer loop
      vertex 2.96985 2.96985 7.4
      vertex 3.24664 2.66445 8.4
      vertex 3.24664 2.66445 7.4
    endloop
  endfacet
  facet normal 0.595698 0.803208 -0
    outer loop
      vertex 2.66445 3.24664 7.4
      vertex 2.33339 3.49217 8.4
      vertex 2.66445 3.24664 8.4
    endloop
  endfacet
  facet normal 0.595698 0.803208 0
    outer loop
      vertex 2.33339 3.49217 8.4
      vertex 2.66445 3.24664 7.4
      vertex 2.33339 3.49217 7.4
    endloop
  endfacet
  facet normal 0.85772 0.514117 0
    outer loop
      vertex 3.70407 1.97987 8.4
      vertex 3.49217 2.33339 7.4
      vertex 3.49217 2.33339 8.4
    endloop
  endfacet
  facet normal 0.85772 0.514117 0
    outer loop
      vertex 3.49217 2.33339 7.4
      vertex 3.70407 1.97987 8.4
      vertex 3.70407 1.97987 7.4
    endloop
  endfacet
  facet normal 0.989176 0.146736 0
    outer loop
      vertex 4.17978 0.411672 8.4
      vertex 4.1193 0.819379 7.4
      vertex 4.1193 0.819379 8.4
    endloop
  endfacet
  facet normal 0.989176 0.146736 0
    outer loop
      vertex 4.1193 0.819379 7.4
      vertex 4.17978 0.411672 8.4
      vertex 4.17978 0.411672 7.4
    endloop
  endfacet
  facet normal 0.970031 0.24298 0
    outer loop
      vertex 4.1193 0.819379 8.4
      vertex 4.01915 1.2192 7.4
      vertex 4.01915 1.2192 8.4
    endloop
  endfacet
  facet normal 0.970031 0.24298 0
    outer loop
      vertex 4.01915 1.2192 7.4
      vertex 4.1193 0.819379 8.4
      vertex 4.1193 0.819379 7.4
    endloop
  endfacet
  facet normal -0.595698 0.803208 0
    outer loop
      vertex -2.33339 3.49217 7.4
      vertex -2.66445 3.24664 8.4
      vertex -2.33339 3.49217 8.4
    endloop
  endfacet
  facet normal -0.595698 0.803208 0
    outer loop
      vertex -2.66445 3.24664 8.4
      vertex -2.33339 3.49217 7.4
      vertex -2.66445 3.24664 7.4
    endloop
  endfacet
  facet normal -0.427542 0.903996 0
    outer loop
      vertex -1.60727 3.88029 7.4
      vertex -1.97987 3.70407 8.4
      vertex -1.60727 3.88029 8.4
    endloop
  endfacet
  facet normal -0.427542 0.903996 0
    outer loop
      vertex -1.97987 3.70407 8.4
      vertex -1.60727 3.88029 7.4
      vertex -1.97987 3.70407 7.4
    endloop
  endfacet
  facet normal -0.24298 0.970031 0
    outer loop
      vertex -0.819379 4.1193 7.4
      vertex -1.2192 4.01915 8.4
      vertex -0.819379 4.1193 8.4
    endloop
  endfacet
  facet normal -0.24298 0.970031 0
    outer loop
      vertex -1.2192 4.01915 8.4
      vertex -0.819379 4.1193 7.4
      vertex -1.2192 4.01915 7.4
    endloop
  endfacet
  facet normal -0.740961 0.671548 0
    outer loop
      vertex -3.24664 2.66445 7.4
      vertex -2.96985 2.96985 8.4
      vertex -2.96985 2.96985 7.4
    endloop
  endfacet
  facet normal -0.740961 0.671548 0
    outer loop
      vertex -2.96985 2.96985 8.4
      vertex -3.24664 2.66445 7.4
      vertex -3.24664 2.66445 8.4
    endloop
  endfacet
  facet normal -0.989176 0.146736 0
    outer loop
      vertex -4.17978 0.411672 7.4
      vertex -4.1193 0.819379 8.4
      vertex -4.1193 0.819379 7.4
    endloop
  endfacet
  facet normal -0.989176 0.146736 0
    outer loop
      vertex -4.1193 0.819379 8.4
      vertex -4.17978 0.411672 7.4
      vertex -4.17978 0.411672 8.4
    endloop
  endfacet
  facet normal 0.998795 -0.0490819 0
    outer loop
      vertex 2.98555 -0.294051 7.4
      vertex 3 0 1.6
      vertex 3 0 7.4
    endloop
  endfacet
  facet normal 0.998795 -0.0490819 0
    outer loop
      vertex 3 0 1.6
      vertex 2.98555 -0.294051 7.4
      vertex 2.98555 -0.294051 1.6
    endloop
  endfacet
  facet normal -0.998795 -0.0490819 0
    outer loop
      vertex -2.98555 -0.294051 1.6
      vertex -3 0 7.4
      vertex -3 0 1.6
    endloop
  endfacet
  facet normal -0.998795 -0.0490819 0
    outer loop
      vertex -3 0 7.4
      vertex -2.98555 -0.294051 1.6
      vertex -2.98555 -0.294051 7.4
    endloop
  endfacet
  facet normal 0.0490819 -0.998795 0
    outer loop
      vertex 0 -3 1.6
      vertex 0.294051 -2.98555 7.4
      vertex 0 -3 7.4
    endloop
  endfacet
  facet normal 0.0490819 -0.998795 0
    outer loop
      vertex 0.294051 -2.98555 7.4
      vertex 0 -3 1.6
      vertex 0.294051 -2.98555 1.6
    endloop
  endfacet
  facet normal -0.0490819 0.998795 0
    outer loop
      vertex 0 3 1.6
      vertex -0.294051 2.98555 7.4
      vertex 0 3 7.4
    endloop
  endfacet
  facet normal -0.0490819 0.998795 0
    outer loop
      vertex -0.294051 2.98555 7.4
      vertex 0 3 1.6
      vertex -0.294051 2.98555 1.6
    endloop
  endfacet
  facet normal -0.740952 0.671558 0
    outer loop
      vertex -2.31903 1.90318 1.6
      vertex -2.12132 2.12132 7.4
      vertex -2.12132 2.12132 1.6
    endloop
  endfacet
  facet normal -0.740952 0.671558 0
    outer loop
      vertex -2.12132 2.12132 7.4
      vertex -2.31903 1.90318 1.6
      vertex -2.31903 1.90318 7.4
    endloop
  endfacet
  facet normal 0.740952 -0.671558 0
    outer loop
      vertex 2.12132 -2.12132 7.4
      vertex 2.31903 -1.90318 1.6
      vertex 2.31903 -1.90318 7.4
    endloop
  endfacet
  facet normal 0.740952 -0.671558 0
    outer loop
      vertex 2.31903 -1.90318 1.6
      vertex 2.12132 -2.12132 7.4
      vertex 2.12132 -2.12132 1.6
    endloop
  endfacet
  facet normal -0.671558 -0.740952 0
    outer loop
      vertex -2.12132 -2.12132 1.6
      vertex -1.90318 -2.31903 7.4
      vertex -2.12132 -2.12132 7.4
    endloop
  endfacet
  facet normal -0.671558 -0.740952 -0
    outer loop
      vertex -1.90318 -2.31903 7.4
      vertex -2.12132 -2.12132 1.6
      vertex -1.90318 -2.31903 1.6
    endloop
  endfacet
  facet normal -0.336882 -0.941547 0
    outer loop
      vertex -1.14805 -2.77164 1.6
      vertex -0.870853 -2.87082 7.4
      vertex -1.14805 -2.77164 7.4
    endloop
  endfacet
  facet normal -0.336882 -0.941547 -0
    outer loop
      vertex -0.870853 -2.87082 7.4
      vertex -1.14805 -2.77164 1.6
      vertex -0.870853 -2.87082 1.6
    endloop
  endfacet
  facet normal -0.941547 0.336882 0
    outer loop
      vertex -2.87082 0.870853 1.6
      vertex -2.77164 1.14805 7.4
      vertex -2.77164 1.14805 1.6
    endloop
  endfacet
  facet normal -0.941547 0.336882 0
    outer loop
      vertex -2.77164 1.14805 7.4
      vertex -2.87082 0.870853 1.6
      vertex -2.87082 0.870853 7.4
    endloop
  endfacet
  facet normal 0.903983 -0.427569 0
    outer loop
      vertex 2.64576 -1.41419 7.4
      vertex 2.77164 -1.14805 1.6
      vertex 2.77164 -1.14805 7.4
    endloop
  endfacet
  facet normal 0.903983 -0.427569 0
    outer loop
      vertex 2.77164 -1.14805 1.6
      vertex 2.64576 -1.41419 7.4
      vertex 2.64576 -1.41419 1.6
    endloop
  endfacet
  facet normal 0.857736 -0.514091 0
    outer loop
      vertex 2.49441 -1.66671 7.4
      vertex 2.64576 -1.41419 1.6
      vertex 2.64576 -1.41419 7.4
    endloop
  endfacet
  facet normal 0.857736 -0.514091 0
    outer loop
      vertex 2.64576 -1.41419 1.6
      vertex 2.49441 -1.66671 7.4
      vertex 2.49441 -1.66671 1.6
    endloop
  endfacet
  facet normal 0.427569 -0.903983 0
    outer loop
      vertex 1.14805 -2.77164 1.6
      vertex 1.41419 -2.64576 7.4
      vertex 1.14805 -2.77164 7.4
    endloop
  endfacet
  facet normal 0.427569 -0.903983 0
    outer loop
      vertex 1.41419 -2.64576 7.4
      vertex 1.14805 -2.77164 1.6
      vertex 1.41419 -2.64576 1.6
    endloop
  endfacet
  facet normal 0.595703 -0.803204 0
    outer loop
      vertex 1.66671 -2.49441 1.6
      vertex 1.90318 -2.31903 7.4
      vertex 1.66671 -2.49441 7.4
    endloop
  endfacet
  facet normal 0.595703 -0.803204 0
    outer loop
      vertex 1.90318 -2.31903 7.4
      vertex 1.66671 -2.49441 1.6
      vertex 1.90318 -2.31903 1.6
    endloop
  endfacet
  facet normal -0.903983 -0.427569 0
    outer loop
      vertex -2.64576 -1.41419 1.6
      vertex -2.77164 -1.14805 7.4
      vertex -2.77164 -1.14805 1.6
    endloop
  endfacet
  facet normal -0.903983 -0.427569 0
    outer loop
      vertex -2.77164 -1.14805 7.4
      vertex -2.64576 -1.41419 1.6
      vertex -2.64576 -1.41419 7.4
    endloop
  endfacet
  facet normal -0.146703 -0.989181 0
    outer loop
      vertex -0.585271 -2.94236 1.6
      vertex -0.294051 -2.98555 7.4
      vertex -0.585271 -2.94236 7.4
    endloop
  endfacet
  facet normal -0.146703 -0.989181 -0
    outer loop
      vertex -0.294051 -2.98555 7.4
      vertex -0.585271 -2.94236 1.6
      vertex -0.294051 -2.98555 1.6
    endloop
  endfacet
  facet normal 0.941547 0.336882 0
    outer loop
      vertex 2.87082 0.870853 7.4
      vertex 2.77164 1.14805 1.6
      vertex 2.77164 1.14805 7.4
    endloop
  endfacet
  facet normal 0.941547 0.336882 0
    outer loop
      vertex 2.77164 1.14805 1.6
      vertex 2.87082 0.870853 7.4
      vertex 2.87082 0.870853 1.6
    endloop
  endfacet
  facet normal 0.970027 -0.242998 0
    outer loop
      vertex 2.87082 -0.870853 7.4
      vertex 2.94236 -0.585271 1.6
      vertex 2.94236 -0.585271 7.4
    endloop
  endfacet
  facet normal 0.970027 -0.242998 0
    outer loop
      vertex 2.94236 -0.585271 1.6
      vertex 2.87082 -0.870853 7.4
      vertex 2.87082 -0.870853 1.6
    endloop
  endfacet
  facet normal 0.989181 -0.146703 0
    outer loop
      vertex 2.94236 -0.585271 7.4
      vertex 2.98555 -0.294051 1.6
      vertex 2.98555 -0.294051 7.4
    endloop
  endfacet
  facet normal 0.989181 -0.146703 0
    outer loop
      vertex 2.98555 -0.294051 1.6
      vertex 2.94236 -0.585271 7.4
      vertex 2.94236 -0.585271 1.6
    endloop
  endfacet
  facet normal 0.941547 -0.336882 0
    outer loop
      vertex 2.77164 -1.14805 7.4
      vertex 2.87082 -0.870853 1.6
      vertex 2.87082 -0.870853 7.4
    endloop
  endfacet
  facet normal 0.941547 -0.336882 0
    outer loop
      vertex 2.87082 -0.870853 1.6
      vertex 2.77164 -1.14805 7.4
      vertex 2.77164 -1.14805 1.6
    endloop
  endfacet
  facet normal 0.803204 -0.595703 0
    outer loop
      vertex 2.31903 -1.90318 7.4
      vertex 2.49441 -1.66671 1.6
      vertex 2.49441 -1.66671 7.4
    endloop
  endfacet
  facet normal 0.803204 -0.595703 0
    outer loop
      vertex 2.49441 -1.66671 1.6
      vertex 2.31903 -1.90318 7.4
      vertex 2.31903 -1.90318 1.6
    endloop
  endfacet
  facet normal 0.242998 -0.970027 0
    outer loop
      vertex 0.585271 -2.94236 1.6
      vertex 0.870853 -2.87082 7.4
      vertex 0.585271 -2.94236 7.4
    endloop
  endfacet
  facet normal 0.242998 -0.970027 0
    outer loop
      vertex 0.870853 -2.87082 7.4
      vertex 0.585271 -2.94236 1.6
      vertex 0.870853 -2.87082 1.6
    endloop
  endfacet
  facet normal 0.336882 -0.941547 0
    outer loop
      vertex 0.870853 -2.87082 1.6
      vertex 1.14805 -2.77164 7.4
      vertex 0.870853 -2.87082 7.4
    endloop
  endfacet
  facet normal 0.336882 -0.941547 0
    outer loop
      vertex 1.14805 -2.77164 7.4
      vertex 0.870853 -2.87082 1.6
      vertex 1.14805 -2.77164 1.6
    endloop
  endfacet
  facet normal 0.146703 -0.989181 0
    outer loop
      vertex 0.294051 -2.98555 1.6
      vertex 0.585271 -2.94236 7.4
      vertex 0.294051 -2.98555 7.4
    endloop
  endfacet
  facet normal 0.146703 -0.989181 0
    outer loop
      vertex 0.585271 -2.94236 7.4
      vertex 0.294051 -2.98555 1.6
      vertex 0.585271 -2.94236 1.6
    endloop
  endfacet
  facet normal 0.514091 -0.857736 0
    outer loop
      vertex 1.41419 -2.64576 1.6
      vertex 1.66671 -2.49441 7.4
      vertex 1.41419 -2.64576 7.4
    endloop
  endfacet
  facet normal 0.514091 -0.857736 0
    outer loop
      vertex 1.66671 -2.49441 7.4
      vertex 1.41419 -2.64576 1.6
      vertex 1.66671 -2.49441 1.6
    endloop
  endfacet
  facet normal 0.671558 -0.740952 0
    outer loop
      vertex 1.90318 -2.31903 1.6
      vertex 2.12132 -2.12132 7.4
      vertex 1.90318 -2.31903 7.4
    endloop
  endfacet
  facet normal 0.671558 -0.740952 0
    outer loop
      vertex 2.12132 -2.12132 7.4
      vertex 1.90318 -2.31903 1.6
      vertex 2.12132 -2.12132 1.6
    endloop
  endfacet
  facet normal -0.970027 -0.242998 0
    outer loop
      vertex -2.87082 -0.870853 1.6
      vertex -2.94236 -0.585271 7.4
      vertex -2.94236 -0.585271 1.6
    endloop
  endfacet
  facet normal -0.970027 -0.242998 0
    outer loop
      vertex -2.94236 -0.585271 7.4
      vertex -2.87082 -0.870853 1.6
      vertex -2.87082 -0.870853 7.4
    endloop
  endfacet
  facet normal -0.803204 -0.595703 0
    outer loop
      vertex -2.31903 -1.90318 1.6
      vertex -2.49441 -1.66671 7.4
      vertex -2.49441 -1.66671 1.6
    endloop
  endfacet
  facet normal -0.803204 -0.595703 0
    outer loop
      vertex -2.49441 -1.66671 7.4
      vertex -2.31903 -1.90318 1.6
      vertex -2.31903 -1.90318 7.4
    endloop
  endfacet
  facet normal -0.740952 -0.671558 0
    outer loop
      vertex -2.12132 -2.12132 1.6
      vertex -2.31903 -1.90318 7.4
      vertex -2.31903 -1.90318 1.6
    endloop
  endfacet
  facet normal -0.740952 -0.671558 0
    outer loop
      vertex -2.31903 -1.90318 7.4
      vertex -2.12132 -2.12132 1.6
      vertex -2.12132 -2.12132 7.4
    endloop
  endfacet
  facet normal -0.857736 -0.514091 0
    outer loop
      vertex -2.49441 -1.66671 1.6
      vertex -2.64576 -1.41419 7.4
      vertex -2.64576 -1.41419 1.6
    endloop
  endfacet
  facet normal -0.857736 -0.514091 0
    outer loop
      vertex -2.64576 -1.41419 7.4
      vertex -2.49441 -1.66671 1.6
      vertex -2.49441 -1.66671 7.4
    endloop
  endfacet
  facet normal -0.941547 -0.336882 0
    outer loop
      vertex -2.77164 -1.14805 1.6
      vertex -2.87082 -0.870853 7.4
      vertex -2.87082 -0.870853 1.6
    endloop
  endfacet
  facet normal -0.941547 -0.336882 0
    outer loop
      vertex -2.87082 -0.870853 7.4
      vertex -2.77164 -1.14805 1.6
      vertex -2.77164 -1.14805 7.4
    endloop
  endfacet
  facet normal -0.989181 -0.146703 0
    outer loop
      vertex -2.94236 -0.585271 1.6
      vertex -2.98555 -0.294051 7.4
      vertex -2.98555 -0.294051 1.6
    endloop
  endfacet
  facet normal -0.989181 -0.146703 0
    outer loop
      vertex -2.98555 -0.294051 7.4
      vertex -2.94236 -0.585271 1.6
      vertex -2.94236 -0.585271 7.4
    endloop
  endfacet
  facet normal 0 0 -1
    outer loop
      vertex 2.98555 -0.294051 1.6
      vertex 2.98555 0.294051 1.6
      vertex 3 0 1.6
    endloop
  endfacet
  facet normal 0 0 -1
    outer loop
      vertex 2.94236 -0.585271 1.6
      vertex 2.98555 0.294051 1.6
      vertex 2.98555 -0.294051 1.6
    endloop
  endfacet
  facet normal 0 0 -1
    outer loop
      vertex 2.94236 -0.585271 1.6
      vertex 2.94236 0.585271 1.6
      vertex 2.98555 0.294051 1.6
    endloop
  endfacet
  facet normal 0 0 -1
    outer loop
      vertex 2.87082 -0.870853 1.6
      vertex 2.94236 0.585271 1.6
      vertex 2.94236 -0.585271 1.6
    endloop
  endfacet
  facet normal 0 0 -1
    outer loop
      vertex 2.87082 -0.870853 1.6
      vertex 2.87082 0.870853 1.6
      vertex 2.94236 0.585271 1.6
    endloop
  endfacet
  facet normal 0 0 -1
    outer loop
      vertex 2.77164 -1.14805 1.6
      vertex 2.87082 0.870853 1.6
      vertex 2.87082 -0.870853 1.6
    endloop
  endfacet
  facet normal 0 0 -1
    outer loop
      vertex 2.77164 -1.14805 1.6
      vertex 2.77164 1.14805 1.6
      vertex 2.87082 0.870853 1.6
    endloop
  endfacet
  facet normal 0 0 -1
    outer loop
      vertex 2.64576 -1.41419 1.6
      vertex 2.77164 1.14805 1.6
      vertex 2.77164 -1.14805 1.6
    endloop
  endfacet
  facet normal 0 0 -1
    outer loop
      vertex 2.64576 -1.41419 1.6
      vertex 2.64576 1.41419 1.6
      vertex 2.77164 1.14805 1.6
    endloop
  endfacet
  facet normal 0 0 -1
    outer loop
      vertex 2.49441 -1.66671 1.6
      vertex 2.64576 1.41419 1.6
      vertex 2.64576 -1.41419 1.6
    endloop
  endfacet
  facet normal 0 0 -1
    outer loop
      vertex 2.49441 -1.66671 1.6
      vertex 2.49441 1.66671 1.6
      vertex 2.64576 1.41419 1.6
    endloop
  endfacet
  facet normal 0 0 -1
    outer loop
      vertex 2.31903 -1.90318 1.6
      vertex 2.49441 1.66671 1.6
      vertex 2.49441 -1.66671 1.6
    endloop
  endfacet
  facet normal 0 0 -1
    outer loop
      vertex 2.31903 -1.90318 1.6
      vertex 2.31903 1.90318 1.6
      vertex 2.49441 1.66671 1.6
    endloop
  endfacet
  facet normal 0 0 -1
    outer loop
      vertex 2.12132 -2.12132 1.6
      vertex 2.31903 1.90318 1.6
      vertex 2.31903 -1.90318 1.6
    endloop
  endfacet
  facet normal 0 0 -1
    outer loop
      vertex 2.12132 -2.12132 1.6
      vertex 2.12132 2.12132 1.6
      vertex 2.31903 1.90318 1.6
    endloop
  endfacet
  facet normal 0 0 -1
    outer loop
      vertex 1.90318 -2.31903 1.6
      vertex 2.12132 2.12132 1.6
      vertex 2.12132 -2.12132 1.6
    endloop
  endfacet
  facet normal 0 0 -1
    outer loop
      vertex 1.90318 -2.31903 1.6
      vertex 1.90318 2.31903 1.6
      vertex 2.12132 2.12132 1.6
    endloop
  endfacet
  facet normal 0 0 -1
    outer loop
      vertex 1.66671 -2.49441 1.6
      vertex 1.90318 2.31903 1.6
      vertex 1.90318 -2.31903 1.6
    endloop
  endfacet
  facet normal 0 0 -1
    outer loop
      vertex 1.66671 -2.49441 1.6
      vertex 1.66671 2.49441 1.6
      vertex 1.90318 2.31903 1.6
    endloop
  endfacet
  facet normal 0 0 -1
    outer loop
      vertex 1.41419 -2.64576 1.6
      vertex 1.66671 2.49441 1.6
      vertex 1.66671 -2.49441 1.6
    endloop
  endfacet
  facet normal 0 0 -1
    outer loop
      vertex 1.41419 -2.64576 1.6
      vertex 1.41419 2.64576 1.6
      vertex 1.66671 2.49441 1.6
    endloop
  endfacet
  facet normal 0 0 -1
    outer loop
      vertex 1.14805 -2.77164 1.6
      vertex 1.41419 2.64576 1.6
      vertex 1.41419 -2.64576 1.6
    endloop
  endfacet
  facet normal 0 0 -1
    outer loop
      vertex 1.14805 -2.77164 1.6
      vertex 1.14805 2.77164 1.6
      vertex 1.41419 2.64576 1.6
    endloop
  endfacet
  facet normal 0 0 -1
    outer loop
      vertex 0.870853 -2.87082 1.6
      vertex 1.14805 2.77164 1.6
      vertex 1.14805 -2.77164 1.6
    endloop
  endfacet
  facet normal 0 0 -1
    outer loop
      vertex 0.870853 -2.87082 1.6
      vertex 0.870853 2.87082 1.6
      vertex 1.14805 2.77164 1.6
    endloop
  endfacet
  facet normal 0 0 -1
    outer loop
      vertex 0.585271 -2.94236 1.6
      vertex 0.870853 2.87082 1.6
      vertex 0.870853 -2.87082 1.6
    endloop
  endfacet
  facet normal 0 0 -1
    outer loop
      vertex 0.585271 -2.94236 1.6
      vertex 0.585271 2.94236 1.6
      vertex 0.870853 2.87082 1.6
    endloop
  endfacet
  facet normal 0 0 -1
    outer loop
      vertex 0.294051 -2.98555 1.6
      vertex 0.585271 2.94236 1.6
      vertex 0.585271 -2.94236 1.6
    endloop
  endfacet
  facet normal 0 0 -1
    outer loop
      vertex 0.294051 -2.98555 1.6
      vertex 0.294051 2.98555 1.6
      vertex 0.585271 2.94236 1.6
    endloop
  endfacet
  facet normal 0 0 -1
    outer loop
      vertex 0 -3 1.6
      vertex 0.294051 2.98555 1.6
      vertex 0.294051 -2.98555 1.6
    endloop
  endfacet
  facet normal 0 0 -1
    outer loop
      vertex 0 -3 1.6
      vertex 0 3 1.6
      vertex 0.294051 2.98555 1.6
    endloop
  endfacet
  facet normal 0 0 -1
    outer loop
      vertex -0.294051 -2.98555 1.6
      vertex 0 3 1.6
      vertex 0 -3 1.6
    endloop
  endfacet
  facet normal 0 0 -1
    outer loop
      vertex -0.294051 -2.98555 1.6
      vertex -0.294051 2.98555 1.6
      vertex 0 3 1.6
    endloop
  endfacet
  facet normal 0 0 -1
    outer loop
      vertex -0.585271 -2.94236 1.6
      vertex -0.294051 2.98555 1.6
      vertex -0.294051 -2.98555 1.6
    endloop
  endfacet
  facet normal 0 0 -1
    outer loop
      vertex -0.585271 -2.94236 1.6
      vertex -0.585271 2.94236 1.6
      vertex -0.294051 2.98555 1.6
    endloop
  endfacet
  facet normal 0 0 -1
    outer loop
      vertex -0.870853 -2.87082 1.6
      vertex -0.585271 2.94236 1.6
      vertex -0.585271 -2.94236 1.6
    endloop
  endfacet
  facet normal 0 0 -1
    outer loop
      vertex -0.870853 -2.87082 1.6
      vertex -0.870853 2.87082 1.6
      vertex -0.585271 2.94236 1.6
    endloop
  endfacet
  facet normal 0 0 -1
    outer loop
      vertex -1.14805 -2.77164 1.6
      vertex -0.870853 2.87082 1.6
      vertex -0.870853 -2.87082 1.6
    endloop
  endfacet
  facet normal 0 0 -1
    outer loop
      vertex -1.14805 -2.77164 1.6
      vertex -1.14805 2.77164 1.6
      vertex -0.870853 2.87082 1.6
    endloop
  endfacet
  facet normal 0 0 -1
    outer loop
      vertex -1.41419 -2.64576 1.6
      vertex -1.14805 2.77164 1.6
      vertex -1.14805 -2.77164 1.6
    endloop
  endfacet
  facet normal 0 0 -1
    outer loop
      vertex -1.41419 -2.64576 1.6
      vertex -1.41419 2.64576 1.6
      vertex -1.14805 2.77164 1.6
    endloop
  endfacet
  facet normal 0 0 -1
    outer loop
      vertex -1.66671 -2.49441 1.6
      vertex -1.41419 2.64576 1.6
      vertex -1.41419 -2.64576 1.6
    endloop
  endfacet
  facet normal 0 0 -1
    outer loop
      vertex -1.66671 -2.49441 1.6
      vertex -1.66671 2.49441 1.6
      vertex -1.41419 2.64576 1.6
    endloop
  endfacet
  facet normal 0 0 -1
    outer loop
      vertex -1.90318 -2.31903 1.6
      vertex -1.66671 2.49441 1.6
      vertex -1.66671 -2.49441 1.6
    endloop
  endfacet
  facet normal 0 0 -1
    outer loop
      vertex -1.90318 -2.31903 1.6
      vertex -1.90318 2.31903 1.6
      vertex -1.66671 2.49441 1.6
    endloop
  endfacet
  facet normal 0 0 -1
    outer loop
      vertex -2.12132 -2.12132 1.6
      vertex -1.90318 2.31903 1.6
      vertex -1.90318 -2.31903 1.6
    endloop
  endfacet
  facet normal 0 0 -1
    outer loop
      vertex -2.12132 -2.12132 1.6
      vertex -2.12132 2.12132 1.6
      vertex -1.90318 2.31903 1.6
    endloop
  endfacet
  facet normal 0 0 -1
    outer loop
      vertex -2.31903 -1.90318 1.6
      vertex -2.12132 2.12132 1.6
      vertex -2.12132 -2.12132 1.6
    endloop
  endfacet
  facet normal 0 0 -1
    outer loop
      vertex -2.31903 -1.90318 1.6
      vertex -2.31903 1.90318 1.6
      vertex -2.12132 2.12132 1.6
    endloop
  endfacet
  facet normal 0 0 -1
    outer loop
      vertex -2.49441 -1.66671 1.6
      vertex -2.31903 1.90318 1.6
      vertex -2.31903 -1.90318 1.6
    endloop
  endfacet
  facet normal 0 0 -1
    outer loop
      vertex -2.49441 -1.66671 1.6
      vertex -2.49441 1.66671 1.6
      vertex -2.31903 1.90318 1.6
    endloop
  endfacet
  facet normal 0 0 -1
    outer loop
      vertex -2.64576 -1.41419 1.6
      vertex -2.49441 1.66671 1.6
      vertex -2.49441 -1.66671 1.6
    endloop
  endfacet
  facet normal 0 0 -1
    outer loop
      vertex -2.64576 -1.41419 1.6
      vertex -2.64576 1.41419 1.6
      vertex -2.49441 1.66671 1.6
    endloop
  endfacet
  facet normal 0 0 -1
    outer loop
      vertex -2.77164 -1.14805 1.6
      vertex -2.64576 1.41419 1.6
      vertex -2.64576 -1.41419 1.6
    endloop
  endfacet
  facet normal 0 0 -1
    outer loop
      vertex -2.77164 -1.14805 1.6
      vertex -2.77164 1.14805 1.6
      vertex -2.64576 1.41419 1.6
    endloop
  endfacet
  facet normal 0 0 -1
    outer loop
      vertex -2.87082 -0.870853 1.6
      vertex -2.77164 1.14805 1.6
      vertex -2.77164 -1.14805 1.6
    endloop
  endfacet
  facet normal 0 0 -1
    outer loop
      vertex -2.87082 -0.870853 1.6
      vertex -2.87082 0.870853 1.6
      vertex -2.77164 1.14805 1.6
    endloop
  endfacet
  facet normal 0 0 -1
    outer loop
      vertex -2.94236 -0.585271 1.6
      vertex -2.87082 0.870853 1.6
      vertex -2.87082 -0.870853 1.6
    endloop
  endfacet
  facet normal 0 0 -1
    outer loop
      vertex -2.94236 -0.585271 1.6
      vertex -2.94236 0.585271 1.6
      vertex -2.87082 0.870853 1.6
    endloop
  endfacet
  facet normal 0 0 -1
    outer loop
      vertex -2.98555 -0.294051 1.6
      vertex -2.94236 0.585271 1.6
      vertex -2.94236 -0.585271 1.6
    endloop
  endfacet
  facet normal 0 0 -1
    outer loop
      vertex -2.98555 -0.294051 1.6
      vertex -2.98555 0.294051 1.6
      vertex -2.94236 0.585271 1.6
    endloop
  endfacet
  facet normal 0 -0 -1
    outer loop
      vertex -2.98555 0.294051 1.6
      vertex -2.98555 -0.294051 1.6
      vertex -3 0 1.6
    endloop
  endfacet
  facet normal -0.514091 -0.857736 0
    outer loop
      vertex -1.66671 -2.49441 1.6
      vertex -1.41419 -2.64576 7.4
      vertex -1.66671 -2.49441 7.4
    endloop
  endfacet
  facet normal -0.514091 -0.857736 -0
    outer loop
      vertex -1.41419 -2.64576 7.4
      vertex -1.66671 -2.49441 1.6
      vertex -1.41419 -2.64576 1.6
    endloop
  endfacet
  facet normal -0.427569 -0.903983 0
    outer loop
      vertex -1.41419 -2.64576 1.6
      vertex -1.14805 -2.77164 7.4
      vertex -1.41419 -2.64576 7.4
    endloop
  endfacet
  facet normal -0.427569 -0.903983 -0
    outer loop
      vertex -1.14805 -2.77164 7.4
      vertex -1.41419 -2.64576 1.6
      vertex -1.14805 -2.77164 1.6
    endloop
  endfacet
  facet normal -0.595703 -0.803204 0
    outer loop
      vertex -1.90318 -2.31903 1.6
      vertex -1.66671 -2.49441 7.4
      vertex -1.90318 -2.31903 7.4
    endloop
  endfacet
  facet normal -0.595703 -0.803204 -0
    outer loop
      vertex -1.66671 -2.49441 7.4
      vertex -1.90318 -2.31903 1.6
      vertex -1.66671 -2.49441 1.6
    endloop
  endfacet
  facet normal -0.242998 -0.970027 0
    outer loop
      vertex -0.870853 -2.87082 1.6
      vertex -0.585271 -2.94236 7.4
      vertex -0.870853 -2.87082 7.4
    endloop
  endfacet
  facet normal -0.242998 -0.970027 -0
    outer loop
      vertex -0.585271 -2.94236 7.4
      vertex -0.870853 -2.87082 1.6
      vertex -0.585271 -2.94236 1.6
    endloop
  endfacet
  facet normal -0.0490819 -0.998795 0
    outer loop
      vertex -0.294051 -2.98555 1.6
      vertex 0 -3 7.4
      vertex -0.294051 -2.98555 7.4
    endloop
  endfacet
  facet normal -0.0490819 -0.998795 -0
    outer loop
      vertex 0 -3 7.4
      vertex -0.294051 -2.98555 1.6
      vertex 0 -3 1.6
    endloop
  endfacet
  facet normal 0.998795 0.0490819 0
    outer loop
      vertex 3 0 7.4
      vertex 2.98555 0.294051 1.6
      vertex 2.98555 0.294051 7.4
    endloop
  endfacet
  facet normal 0.998795 0.0490819 0
    outer loop
      vertex 2.98555 0.294051 1.6
      vertex 3 0 7.4
      vertex 3 0 1.6
    endloop
  endfacet
  facet normal 0.0490819 0.998795 -0
    outer loop
      vertex 0.294051 2.98555 1.6
      vertex 0 3 7.4
      vertex 0.294051 2.98555 7.4
    endloop
  endfacet
  facet normal 0.0490819 0.998795 0
    outer loop
      vertex 0 3 7.4
      vertex 0.294051 2.98555 1.6
      vertex 0 3 1.6
    endloop
  endfacet
  facet normal 0.242998 0.970027 -0
    outer loop
      vertex 0.870853 2.87082 1.6
      vertex 0.585271 2.94236 7.4
      vertex 0.870853 2.87082 7.4
    endloop
  endfacet
  facet normal 0.242998 0.970027 0
    outer loop
      vertex 0.585271 2.94236 7.4
      vertex 0.870853 2.87082 1.6
      vertex 0.585271 2.94236 1.6
    endloop
  endfacet
  facet normal 0.595703 0.803204 -0
    outer loop
      vertex 1.90318 2.31903 1.6
      vertex 1.66671 2.49441 7.4
      vertex 1.90318 2.31903 7.4
    endloop
  endfacet
  facet normal 0.595703 0.803204 0
    outer loop
      vertex 1.66671 2.49441 7.4
      vertex 1.90318 2.31903 1.6
      vertex 1.66671 2.49441 1.6
    endloop
  endfacet
  facet normal 0.427569 0.903983 -0
    outer loop
      vertex 1.41419 2.64576 1.6
      vertex 1.14805 2.77164 7.4
      vertex 1.41419 2.64576 7.4
    endloop
  endfacet
  facet normal 0.427569 0.903983 0
    outer loop
      vertex 1.14805 2.77164 7.4
      vertex 1.41419 2.64576 1.6
      vertex 1.14805 2.77164 1.6
    endloop
  endfacet
  facet normal 0.740952 0.671558 0
    outer loop
      vertex 2.31903 1.90318 7.4
      vertex 2.12132 2.12132 1.6
      vertex 2.12132 2.12132 7.4
    endloop
  endfacet
  facet normal 0.740952 0.671558 0
    outer loop
      vertex 2.12132 2.12132 1.6
      vertex 2.31903 1.90318 7.4
      vertex 2.31903 1.90318 1.6
    endloop
  endfacet
  facet normal 0.857736 0.514091 0
    outer loop
      vertex 2.64576 1.41419 7.4
      vertex 2.49441 1.66671 1.6
      vertex 2.49441 1.66671 7.4
    endloop
  endfacet
  facet normal 0.857736 0.514091 0
    outer loop
      vertex 2.49441 1.66671 1.6
      vertex 2.64576 1.41419 7.4
      vertex 2.64576 1.41419 1.6
    endloop
  endfacet
  facet normal -0.671558 0.740952 0
    outer loop
      vertex -1.90318 2.31903 1.6
      vertex -2.12132 2.12132 7.4
      vertex -1.90318 2.31903 7.4
    endloop
  endfacet
  facet normal -0.671558 0.740952 0
    outer loop
      vertex -2.12132 2.12132 7.4
      vertex -1.90318 2.31903 1.6
      vertex -2.12132 2.12132 1.6
    endloop
  endfacet
  facet normal -0.514091 0.857736 0
    outer loop
      vertex -1.41419 2.64576 1.6
      vertex -1.66671 2.49441 7.4
      vertex -1.41419 2.64576 7.4
    endloop
  endfacet
  facet normal -0.514091 0.857736 0
    outer loop
      vertex -1.66671 2.49441 7.4
      vertex -1.41419 2.64576 1.6
      vertex -1.66671 2.49441 1.6
    endloop
  endfacet
  facet normal -0.336882 0.941547 0
    outer loop
      vertex -0.870853 2.87082 1.6
      vertex -1.14805 2.77164 7.4
      vertex -0.870853 2.87082 7.4
    endloop
  endfacet
  facet normal -0.336882 0.941547 0
    outer loop
      vertex -1.14805 2.77164 7.4
      vertex -0.870853 2.87082 1.6
      vertex -1.14805 2.77164 1.6
    endloop
  endfacet
  facet normal -0.146703 0.989181 0
    outer loop
      vertex -0.294051 2.98555 1.6
      vertex -0.585271 2.94236 7.4
      vertex -0.294051 2.98555 7.4
    endloop
  endfacet
  facet normal -0.146703 0.989181 0
    outer loop
      vertex -0.585271 2.94236 7.4
      vertex -0.294051 2.98555 1.6
      vertex -0.585271 2.94236 1.6
    endloop
  endfacet
  facet normal -0.903983 0.427569 0
    outer loop
      vertex -2.77164 1.14805 1.6
      vertex -2.64576 1.41419 7.4
      vertex -2.64576 1.41419 1.6
    endloop
  endfacet
  facet normal -0.903983 0.427569 0
    outer loop
      vertex -2.64576 1.41419 7.4
      vertex -2.77164 1.14805 1.6
      vertex -2.77164 1.14805 7.4
    endloop
  endfacet
  facet normal -0.803204 0.595703 0
    outer loop
      vertex -2.49441 1.66671 1.6
      vertex -2.31903 1.90318 7.4
      vertex -2.31903 1.90318 1.6
    endloop
  endfacet
  facet normal -0.803204 0.595703 0
    outer loop
      vertex -2.31903 1.90318 7.4
      vertex -2.49441 1.66671 1.6
      vertex -2.49441 1.66671 7.4
    endloop
  endfacet
  facet normal -0.970027 0.242998 0
    outer loop
      vertex -2.94236 0.585271 1.6
      vertex -2.87082 0.870853 7.4
      vertex -2.87082 0.870853 1.6
    endloop
  endfacet
  facet normal -0.970027 0.242998 0
    outer loop
      vertex -2.87082 0.870853 7.4
      vertex -2.94236 0.585271 1.6
      vertex -2.94236 0.585271 7.4
    endloop
  endfacet
  facet normal -0.998795 0.0490819 0
    outer loop
      vertex -3 0 1.6
      vertex -2.98555 0.294051 7.4
      vertex -2.98555 0.294051 1.6
    endloop
  endfacet
  facet normal -0.998795 0.0490819 0
    outer loop
      vertex -2.98555 0.294051 7.4
      vertex -3 0 1.6
      vertex -3 0 7.4
    endloop
  endfacet
  facet normal 0.146703 0.989181 -0
    outer loop
      vertex 0.585271 2.94236 1.6
      vertex 0.294051 2.98555 7.4
      vertex 0.585271 2.94236 7.4
    endloop
  endfacet
  facet normal 0.146703 0.989181 0
    outer loop
      vertex 0.294051 2.98555 7.4
      vertex 0.585271 2.94236 1.6
      vertex 0.294051 2.98555 1.6
    endloop
  endfacet
  facet normal 0.336882 0.941547 -0
    outer loop
      vertex 1.14805 2.77164 1.6
      vertex 0.870853 2.87082 7.4
      vertex 1.14805 2.77164 7.4
    endloop
  endfacet
  facet normal 0.336882 0.941547 0
    outer loop
      vertex 0.870853 2.87082 7.4
      vertex 1.14805 2.77164 1.6
      vertex 0.870853 2.87082 1.6
    endloop
  endfacet
  facet normal 0.671558 0.740952 -0
    outer loop
      vertex 2.12132 2.12132 1.6
      vertex 1.90318 2.31903 7.4
      vertex 2.12132 2.12132 7.4
    endloop
  endfacet
  facet normal 0.671558 0.740952 0
    outer loop
      vertex 1.90318 2.31903 7.4
      vertex 2.12132 2.12132 1.6
      vertex 1.90318 2.31903 1.6
    endloop
  endfacet
  facet normal 0.514091 0.857736 -0
    outer loop
      vertex 1.66671 2.49441 1.6
      vertex 1.41419 2.64576 7.4
      vertex 1.66671 2.49441 7.4
    endloop
  endfacet
  facet normal 0.514091 0.857736 0
    outer loop
      vertex 1.41419 2.64576 7.4
      vertex 1.66671 2.49441 1.6
      vertex 1.41419 2.64576 1.6
    endloop
  endfacet
  facet normal 0.803204 0.595703 0
    outer loop
      vertex 2.49441 1.66671 7.4
      vertex 2.31903 1.90318 1.6
      vertex 2.31903 1.90318 7.4
    endloop
  endfacet
  facet normal 0.803204 0.595703 0
    outer loop
      vertex 2.31903 1.90318 1.6
      vertex 2.49441 1.66671 7.4
      vertex 2.49441 1.66671 1.6
    endloop
  endfacet
  facet normal 0.903983 0.427569 0
    outer loop
      vertex 2.77164 1.14805 7.4
      vertex 2.64576 1.41419 1.6
      vertex 2.64576 1.41419 7.4
    endloop
  endfacet
  facet normal 0.903983 0.427569 0
    outer loop
      vertex 2.64576 1.41419 1.6
      vertex 2.77164 1.14805 7.4
      vertex 2.77164 1.14805 1.6
    endloop
  endfacet
  facet normal 0.989181 0.146703 0
    outer loop
      vertex 2.98555 0.294051 7.4
      vertex 2.94236 0.585271 1.6
      vertex 2.94236 0.585271 7.4
    endloop
  endfacet
  facet normal 0.989181 0.146703 0
    outer loop
      vertex 2.94236 0.585271 1.6
      vertex 2.98555 0.294051 7.4
      vertex 2.98555 0.294051 1.6
    endloop
  endfacet
  facet normal 0.970027 0.242998 0
    outer loop
      vertex 2.94236 0.585271 7.4
      vertex 2.87082 0.870853 1.6
      vertex 2.87082 0.870853 7.4
    endloop
  endfacet
  facet normal 0.970027 0.242998 0
    outer loop
      vertex 2.87082 0.870853 1.6
      vertex 2.94236 0.585271 7.4
      vertex 2.94236 0.585271 1.6
    endloop
  endfacet
  facet normal -0.595703 0.803204 0
    outer loop
      vertex -1.66671 2.49441 1.6
      vertex -1.90318 2.31903 7.4
      vertex -1.66671 2.49441 7.4
    endloop
  endfacet
  facet normal -0.595703 0.803204 0
    outer loop
      vertex -1.90318 2.31903 7.4
      vertex -1.66671 2.49441 1.6
      vertex -1.90318 2.31903 1.6
    endloop
  endfacet
  facet normal -0.427569 0.903983 0
    outer loop
      vertex -1.14805 2.77164 1.6
      vertex -1.41419 2.64576 7.4
      vertex -1.14805 2.77164 7.4
    endloop
  endfacet
  facet normal -0.427569 0.903983 0
    outer loop
      vertex -1.41419 2.64576 7.4
      vertex -1.14805 2.77164 1.6
      vertex -1.41419 2.64576 1.6
    endloop
  endfacet
  facet normal -0.242998 0.970027 0
    outer loop
      vertex -0.585271 2.94236 1.6
      vertex -0.870853 2.87082 7.4
      vertex -0.585271 2.94236 7.4
    endloop
  endfacet
  facet normal -0.242998 0.970027 0
    outer loop
      vertex -0.870853 2.87082 7.4
      vertex -0.585271 2.94236 1.6
      vertex -0.870853 2.87082 1.6
    endloop
  endfacet
  facet normal -0.857736 0.514091 0
    outer loop
      vertex -2.64576 1.41419 1.6
      vertex -2.49441 1.66671 7.4
      vertex -2.49441 1.66671 1.6
    endloop
  endfacet
  facet normal -0.857736 0.514091 0
    outer loop
      vertex -2.49441 1.66671 7.4
      vertex -2.64576 1.41419 1.6
      vertex -2.64576 1.41419 7.4
    endloop
  endfacet
  facet normal -0.989181 0.146703 0
    outer loop
      vertex -2.98555 0.294051 1.6
      vertex -2.94236 0.585271 7.4
      vertex -2.94236 0.585271 1.6
    endloop
  endfacet
  facet normal -0.989181 0.146703 0
    outer loop
      vertex -2.94236 0.585271 7.4
      vertex -2.98555 0.294051 1.6
      vertex -2.98555 0.294051 7.4
    endloop
  endfacet
  facet normal 0.729424 0.661143 0.175586
    outer loop
      vertex 1.06066 1.06066 8.4
      vertex 0.883883 0.883883 9.8
      vertex 1.15952 0.95159 8.4
    endloop
  endfacet
  facet normal 0.983279 -0.0482862 0.175586
    outer loop
      vertex 1.5 0 8.4
      vertex 1.25 0 9.8
      vertex 1.49278 -0.147025 8.4
    endloop
  endfacet
  facet normal 0.983278 -0.0483128 0.175588
    outer loop
      vertex 1.25 0 9.8
      vertex 1.24398 -0.122521 9.8
      vertex 1.49278 -0.147025 8.4
    endloop
  endfacet
  facet normal 0.983278 0.0483128 0.175588
    outer loop
      vertex 1.49278 0.147025 8.4
      vertex 1.24398 0.122521 9.8
      vertex 1.25 0 9.8
    endloop
  endfacet
  facet normal -0.983278 0.0483128 0.175588
    outer loop
      vertex -1.24398 0.122521 9.8
      vertex -1.49278 0.147025 8.4
      vertex -1.25 0 9.8
    endloop
  endfacet
  facet normal -0.983278 -0.0483128 0.175588
    outer loop
      vertex -1.25 0 9.8
      vertex -1.49278 -0.147025 8.4
      vertex -1.24398 -0.122521 9.8
    endloop
  endfacet
  facet normal 0.0482862 0.983279 0.175586
    outer loop
      vertex 0 1.5 8.4
      vertex 0 1.25 9.8
      vertex 0.147025 1.49278 8.4
    endloop
  endfacet
  facet normal 0.926918 0.331651 0.175585
    outer loop
      vertex 1.38582 0.574024 8.4
      vertex 1.15485 0.478354 9.8
      vertex 1.43541 0.435427 8.4
    endloop
  endfacet
  facet normal -0.0483128 0.983278 0.175588
    outer loop
      vertex 0 1.25 9.8
      vertex -0.147025 1.49278 8.4
      vertex -0.122521 1.24398 9.8
    endloop
  endfacet
  facet normal -0.973808 0.144457 0.175588
    outer loop
      vertex -1.22598 0.243862 9.8
      vertex -1.49278 0.147025 8.4
      vertex -1.24398 0.122521 9.8
    endloop
  endfacet
  facet normal -0.586406 0.790759 0.175582
    outer loop
      vertex -0.833355 1.2472 8.4
      vertex -0.95159 1.15952 8.4
      vertex -0.694463 1.03934 9.8
    endloop
  endfacet
  facet normal 0.0483128 -0.983278 0.175588
    outer loop
      vertex 0.122521 -1.24398 9.8
      vertex 0 -1.25 9.8
      vertex 0.147025 -1.49278 8.4
    endloop
  endfacet
  facet normal -0.0483128 -0.983278 0.175588
    outer loop
      vertex -0.122521 -1.24398 9.8
      vertex -0.147025 -1.49278 8.4
      vertex 0 -1.25 9.8
    endloop
  endfacet
  facet normal -0.790759 -0.586406 0.175582
    outer loop
      vertex -1.03934 -0.694463 9.8
      vertex -1.2472 -0.833355 8.4
      vertex -1.15952 -0.95159 8.4
    endloop
  endfacet
  facet normal 0.973808 0.144456 0.175588
    outer loop
      vertex 1.47118 0.292635 8.4
      vertex 1.22598 0.243862 9.8
      vertex 1.49278 0.147025 8.4
    endloop
  endfacet
  facet normal 0.983279 0.0482862 0.175586
    outer loop
      vertex 1.49278 0.147025 8.4
      vertex 1.25 0 9.8
      vertex 1.5 0 8.4
    endloop
  endfacet
  facet normal 0.954957 0.239221 0.175588
    outer loop
      vertex 1.43541 0.435427 8.4
      vertex 1.22598 0.243862 9.8
      vertex 1.47118 0.292635 8.4
    endloop
  endfacet
  facet normal 0.844398 0.506126 0.175581
    outer loop
      vertex 1.2472 0.833355 8.4
      vertex 1.03934 0.694463 9.8
      vertex 1.32288 0.707094 8.4
    endloop
  endfacet
  facet normal 0.790759 0.586406 0.175582
    outer loop
      vertex 1.15952 0.95159 8.4
      vertex 1.03934 0.694463 9.8
      vertex 1.2472 0.833355 8.4
    endloop
  endfacet
  facet normal 0.889939 0.420926 0.175585
    outer loop
      vertex 1.32288 0.707094 8.4
      vertex 1.1024 0.589246 9.8
      vertex 1.15485 0.478354 9.8
    endloop
  endfacet
  facet normal 0.889938 0.420927 0.175585
    outer loop
      vertex 1.32288 0.707094 8.4
      vertex 1.15485 0.478354 9.8
      vertex 1.38582 0.574024 8.4
    endloop
  endfacet
  facet normal 0.239221 0.954957 0.175588
    outer loop
      vertex 0.292635 1.47118 8.4
      vertex 0.243862 1.22598 9.8
      vertex 0.435427 1.43541 8.4
    endloop
  endfacet
  facet normal -0.844398 0.506126 0.175581
    outer loop
      vertex -1.2472 0.833355 8.4
      vertex -1.32288 0.707094 8.4
      vertex -1.03934 0.694463 9.8
    endloop
  endfacet
  facet normal -0.239221 0.954957 0.175588
    outer loop
      vertex -0.292635 1.47118 8.4
      vertex -0.435427 1.43541 8.4
      vertex -0.243862 1.22598 9.8
    endloop
  endfacet
  facet normal -0.0482862 0.983279 0.175586
    outer loop
      vertex 0 1.5 8.4
      vertex -0.147025 1.49278 8.4
      vertex 0 1.25 9.8
    endloop
  endfacet
  facet normal -0.506126 -0.844398 0.175581
    outer loop
      vertex -0.694463 -1.03934 9.8
      vertex -0.833355 -1.2472 8.4
      vertex -0.707094 -1.32288 8.4
    endloop
  endfacet
  facet normal -0.144456 -0.973808 0.175588
    outer loop
      vertex -0.243862 -1.22598 9.8
      vertex -0.292635 -1.47118 8.4
      vertex -0.147025 -1.49278 8.4
    endloop
  endfacet
  facet normal -0.420926 -0.889939 0.175585
    outer loop
      vertex -0.589246 -1.1024 9.8
      vertex -0.707094 -1.32288 8.4
      vertex -0.478354 -1.15485 9.8
    endloop
  endfacet
  facet normal -0.954957 -0.239221 0.175588
    outer loop
      vertex -1.22598 -0.243862 9.8
      vertex -1.47118 -0.292635 8.4
      vertex -1.43541 -0.435427 8.4
    endloop
  endfacet
  facet normal 0.973808 0.144457 0.175588
    outer loop
      vertex 1.49278 0.147025 8.4
      vertex 1.22598 0.243862 9.8
      vertex 1.24398 0.122521 9.8
    endloop
  endfacet
  facet normal 0.954953 0.239234 0.175589
    outer loop
      vertex 1.43541 0.435427 8.4
      vertex 1.19617 0.362855 9.8
      vertex 1.22598 0.243862 9.8
    endloop
  endfacet
  facet normal 0.926932 0.331612 0.175589
    outer loop
      vertex 1.43541 0.435427 8.4
      vertex 1.15485 0.478354 9.8
      vertex 1.19617 0.362855 9.8
    endloop
  endfacet
  facet normal 0.790715 0.586463 0.175588
    outer loop
      vertex 1.15952 0.95159 8.4
      vertex 0.966263 0.792991 9.8
      vertex 1.03934 0.694463 9.8
    endloop
  endfacet
  facet normal 0.729438 0.661127 0.175588
    outer loop
      vertex 1.15952 0.95159 8.4
      vertex 0.883883 0.883883 9.8
      vertex 0.966263 0.792991 9.8
    endloop
  endfacet
  facet normal 0.84442 0.506088 0.175585
    outer loop
      vertex 1.32288 0.707094 8.4
      vertex 1.03934 0.694463 9.8
      vertex 1.1024 0.589246 9.8
    endloop
  endfacet
  facet normal 0.586406 0.790759 0.175582
    outer loop
      vertex 0.833355 1.2472 8.4
      vertex 0.694463 1.03934 9.8
      vertex 0.95159 1.15952 8.4
    endloop
  endfacet
  facet normal 0.239234 0.954953 0.175589
    outer loop
      vertex 0.435427 1.43541 8.4
      vertex 0.243862 1.22598 9.8
      vertex 0.362855 1.19617 9.8
    endloop
  endfacet
  facet normal 0 0 1
    outer loop
      vertex 1.24398 0.122521 9.8
      vertex 1.24398 -0.122521 9.8
      vertex 1.25 0 9.8
    endloop
  endfacet
  facet normal 0 0 1
    outer loop
      vertex 1.22598 0.243862 9.8
      vertex 1.24398 -0.122521 9.8
      vertex 1.24398 0.122521 9.8
    endloop
  endfacet
  facet normal 0 0 1
    outer loop
      vertex 1.22598 0.243862 9.8
      vertex 1.22598 -0.243862 9.8
      vertex 1.24398 -0.122521 9.8
    endloop
  endfacet
  facet normal 0 0 1
    outer loop
      vertex 1.19617 0.362855 9.8
      vertex 1.22598 -0.243862 9.8
      vertex 1.22598 0.243862 9.8
    endloop
  endfacet
  facet normal 0 0 1
    outer loop
      vertex 1.19617 0.362855 9.8
      vertex 1.19617 -0.362855 9.8
      vertex 1.22598 -0.243862 9.8
    endloop
  endfacet
  facet normal 0 0 1
    outer loop
      vertex 1.15485 0.478354 9.8
      vertex 1.19617 -0.362855 9.8
      vertex 1.19617 0.362855 9.8
    endloop
  endfacet
  facet normal 0 0 1
    outer loop
      vertex 1.15485 0.478354 9.8
      vertex 1.15485 -0.478354 9.8
      vertex 1.19617 -0.362855 9.8
    endloop
  endfacet
  facet normal 0 0 1
    outer loop
      vertex 1.1024 0.589246 9.8
      vertex 1.15485 -0.478354 9.8
      vertex 1.15485 0.478354 9.8
    endloop
  endfacet
  facet normal 0 0 1
    outer loop
      vertex 1.1024 0.589246 9.8
      vertex 1.1024 -0.589246 9.8
      vertex 1.15485 -0.478354 9.8
    endloop
  endfacet
  facet normal 0 0 1
    outer loop
      vertex 1.03934 0.694463 9.8
      vertex 1.1024 -0.589246 9.8
      vertex 1.1024 0.589246 9.8
    endloop
  endfacet
  facet normal 0 0 1
    outer loop
      vertex 1.03934 0.694463 9.8
      vertex 1.03934 -0.694463 9.8
      vertex 1.1024 -0.589246 9.8
    endloop
  endfacet
  facet normal 0 0 1
    outer loop
      vertex 0.966263 0.792991 9.8
      vertex 1.03934 -0.694463 9.8
      vertex 1.03934 0.694463 9.8
    endloop
  endfacet
  facet normal 0 0 1
    outer loop
      vertex 0.966263 0.792991 9.8
      vertex 0.966263 -0.792991 9.8
      vertex 1.03934 -0.694463 9.8
    endloop
  endfacet
  facet normal 0 0 1
    outer loop
      vertex 0.883883 0.883883 9.8
      vertex 0.966263 -0.792991 9.8
      vertex 0.966263 0.792991 9.8
    endloop
  endfacet
  facet normal 0 0 1
    outer loop
      vertex 0.883883 0.883883 9.8
      vertex 0.883883 -0.883883 9.8
      vertex 0.966263 -0.792991 9.8
    endloop
  endfacet
  facet normal 0 0 1
    outer loop
      vertex 0.792991 0.966263 9.8
      vertex 0.883883 -0.883883 9.8
      vertex 0.883883 0.883883 9.8
    endloop
  endfacet
  facet normal 0 0 1
    outer loop
      vertex 0.792991 0.966263 9.8
      vertex 0.792991 -0.966263 9.8
      vertex 0.883883 -0.883883 9.8
    endloop
  endfacet
  facet normal 0 0 1
    outer loop
      vertex 0.694463 1.03934 9.8
      vertex 0.792991 -0.966263 9.8
      vertex 0.792991 0.966263 9.8
    endloop
  endfacet
  facet normal 0 0 1
    outer loop
      vertex 0.694463 1.03934 9.8
      vertex 0.694463 -1.03934 9.8
      vertex 0.792991 -0.966263 9.8
    endloop
  endfacet
  facet normal 0 0 1
    outer loop
      vertex 0.589246 1.1024 9.8
      vertex 0.694463 -1.03934 9.8
      vertex 0.694463 1.03934 9.8
    endloop
  endfacet
  facet normal 0 0 1
    outer loop
      vertex 0.589246 1.1024 9.8
      vertex 0.589246 -1.1024 9.8
      vertex 0.694463 -1.03934 9.8
    endloop
  endfacet
  facet normal 0 0 1
    outer loop
      vertex 0.478354 1.15485 9.8
      vertex 0.589246 -1.1024 9.8
      vertex 0.589246 1.1024 9.8
    endloop
  endfacet
  facet normal 0 0 1
    outer loop
      vertex 0.478354 1.15485 9.8
      vertex 0.478354 -1.15485 9.8
      vertex 0.589246 -1.1024 9.8
    endloop
  endfacet
  facet normal 0 0 1
    outer loop
      vertex 0.362855 1.19617 9.8
      vertex 0.478354 -1.15485 9.8
      vertex 0.478354 1.15485 9.8
    endloop
  endfacet
  facet normal 0 0 1
    outer loop
      vertex 0.362855 1.19617 9.8
      vertex 0.362855 -1.19617 9.8
      vertex 0.478354 -1.15485 9.8
    endloop
  endfacet
  facet normal 0 0 1
    outer loop
      vertex 0.243862 1.22598 9.8
      vertex 0.362855 -1.19617 9.8
      vertex 0.362855 1.19617 9.8
    endloop
  endfacet
  facet normal 0 0 1
    outer loop
      vertex 0.243862 1.22598 9.8
      vertex 0.243862 -1.22598 9.8
      vertex 0.362855 -1.19617 9.8
    endloop
  endfacet
  facet normal 0 0 1
    outer loop
      vertex 0.122521 1.24398 9.8
      vertex 0.243862 -1.22598 9.8
      vertex 0.243862 1.22598 9.8
    endloop
  endfacet
  facet normal 0 0 1
    outer loop
      vertex 0.122521 1.24398 9.8
      vertex 0.122521 -1.24398 9.8
      vertex 0.243862 -1.22598 9.8
    endloop
  endfacet
  facet normal 0 0 1
    outer loop
      vertex 0 1.25 9.8
      vertex 0.122521 -1.24398 9.8
      vertex 0.122521 1.24398 9.8
    endloop
  endfacet
  facet normal 0 0 1
    outer loop
      vertex 0 1.25 9.8
      vertex 0 -1.25 9.8
      vertex 0.122521 -1.24398 9.8
    endloop
  endfacet
  facet normal -0 0 1
    outer loop
      vertex -0.122521 1.24398 9.8
      vertex 0 -1.25 9.8
      vertex 0 1.25 9.8
    endloop
  endfacet
  facet normal 0 0 1
    outer loop
      vertex -0.122521 1.24398 9.8
      vertex -0.122521 -1.24398 9.8
      vertex 0 -1.25 9.8
    endloop
  endfacet
  facet normal -0 0 1
    outer loop
      vertex -0.243862 1.22598 9.8
      vertex -0.122521 -1.24398 9.8
      vertex -0.122521 1.24398 9.8
    endloop
  endfacet
  facet normal 0 0 1
    outer loop
      vertex -0.243862 1.22598 9.8
      vertex -0.243862 -1.22598 9.8
      vertex -0.122521 -1.24398 9.8
    endloop
  endfacet
  facet normal -0 0 1
    outer loop
      vertex -0.362855 1.19617 9.8
      vertex -0.243862 -1.22598 9.8
      vertex -0.243862 1.22598 9.8
    endloop
  endfacet
  facet normal 0 0 1
    outer loop
      vertex -0.362855 1.19617 9.8
      vertex -0.362855 -1.19617 9.8
      vertex -0.243862 -1.22598 9.8
    endloop
  endfacet
  facet normal -0 0 1
    outer loop
      vertex -0.478354 1.15485 9.8
      vertex -0.362855 -1.19617 9.8
      vertex -0.362855 1.19617 9.8
    endloop
  endfacet
  facet normal 0 0 1
    outer loop
      vertex -0.478354 1.15485 9.8
      vertex -0.478354 -1.15485 9.8
      vertex -0.362855 -1.19617 9.8
    endloop
  endfacet
  facet normal -0 0 1
    outer loop
      vertex -0.589246 1.1024 9.8
      vertex -0.478354 -1.15485 9.8
      vertex -0.478354 1.15485 9.8
    endloop
  endfacet
  facet normal 0 0 1
    outer loop
      vertex -0.589246 1.1024 9.8
      vertex -0.589246 -1.1024 9.8
      vertex -0.478354 -1.15485 9.8
    endloop
  endfacet
  facet normal -0 0 1
    outer loop
      vertex -0.694463 1.03934 9.8
      vertex -0.589246 -1.1024 9.8
      vertex -0.589246 1.1024 9.8
    endloop
  endfacet
  facet normal 0 0 1
    outer loop
      vertex -0.694463 1.03934 9.8
      vertex -0.694463 -1.03934 9.8
      vertex -0.589246 -1.1024 9.8
    endloop
  endfacet
  facet normal -0 0 1
    outer loop
      vertex -0.792991 0.966263 9.8
      vertex -0.694463 -1.03934 9.8
      vertex -0.694463 1.03934 9.8
    endloop
  endfacet
  facet normal 0 0 1
    outer loop
      vertex -0.792991 0.966263 9.8
      vertex -0.792991 -0.966263 9.8
      vertex -0.694463 -1.03934 9.8
    endloop
  endfacet
  facet normal -0 0 1
    outer loop
      vertex -0.883883 0.883883 9.8
      vertex -0.792991 -0.966263 9.8
      vertex -0.792991 0.966263 9.8
    endloop
  endfacet
  facet normal 0 0 1
    outer loop
      vertex -0.883883 0.883883 9.8
      vertex -0.883883 -0.883883 9.8
      vertex -0.792991 -0.966263 9.8
    endloop
  endfacet
  facet normal -0 0 1
    outer loop
      vertex -0.966263 0.792991 9.8
      vertex -0.883883 -0.883883 9.8
      vertex -0.883883 0.883883 9.8
    endloop
  endfacet
  facet normal 0 0 1
    outer loop
      vertex -0.966263 0.792991 9.8
      vertex -0.966263 -0.792991 9.8
      vertex -0.883883 -0.883883 9.8
    endloop
  endfacet
  facet normal -0 0 1
    outer loop
      vertex -1.03934 0.694463 9.8
      vertex -0.966263 -0.792991 9.8
      vertex -0.966263 0.792991 9.8
    endloop
  endfacet
  facet normal 0 0 1
    outer loop
      vertex -1.03934 0.694463 9.8
      vertex -1.03934 -0.694463 9.8
      vertex -0.966263 -0.792991 9.8
    endloop
  endfacet
  facet normal -0 0 1
    outer loop
      vertex -1.1024 0.589246 9.8
      vertex -1.03934 -0.694463 9.8
      vertex -1.03934 0.694463 9.8
    endloop
  endfacet
  facet normal 0 0 1
    outer loop
      vertex -1.1024 0.589246 9.8
      vertex -1.1024 -0.589246 9.8
      vertex -1.03934 -0.694463 9.8
    endloop
  endfacet
  facet normal -0 0 1
    outer loop
      vertex -1.15485 0.478354 9.8
      vertex -1.1024 -0.589246 9.8
      vertex -1.1024 0.589246 9.8
    endloop
  endfacet
  facet normal 0 0 1
    outer loop
      vertex -1.15485 0.478354 9.8
      vertex -1.15485 -0.478354 9.8
      vertex -1.1024 -0.589246 9.8
    endloop
  endfacet
  facet normal -0 0 1
    outer loop
      vertex -1.19617 0.362855 9.8
      vertex -1.15485 -0.478354 9.8
      vertex -1.15485 0.478354 9.8
    endloop
  endfacet
  facet normal 0 0 1
    outer loop
      vertex -1.19617 0.362855 9.8
      vertex -1.19617 -0.362855 9.8
      vertex -1.15485 -0.478354 9.8
    endloop
  endfacet
  facet normal -0 0 1
    outer loop
      vertex -1.22598 0.243862 9.8
      vertex -1.19617 -0.362855 9.8
      vertex -1.19617 0.362855 9.8
    endloop
  endfacet
  facet normal 0 0 1
    outer loop
      vertex -1.22598 0.243862 9.8
      vertex -1.22598 -0.243862 9.8
      vertex -1.19617 -0.362855 9.8
    endloop
  endfacet
  facet normal -0 0 1
    outer loop
      vertex -1.24398 0.122521 9.8
      vertex -1.22598 -0.243862 9.8
      vertex -1.22598 0.243862 9.8
    endloop
  endfacet
  facet normal 0 0 1
    outer loop
      vertex -1.24398 0.122521 9.8
      vertex -1.24398 -0.122521 9.8
      vertex -1.22598 -0.243862 9.8
    endloop
  endfacet
  facet normal 0 -0 1
    outer loop
      vertex -1.24398 -0.122521 9.8
      vertex -1.24398 0.122521 9.8
      vertex -1.25 0 9.8
    endloop
  endfacet
  facet normal -0.889939 0.420926 0.175585
    outer loop
      vertex -1.1024 0.589246 9.8
      vertex -1.32288 0.707094 8.4
      vertex -1.15485 0.478354 9.8
    endloop
  endfacet
  facet normal -0.661127 0.729438 0.175588
    outer loop
      vertex -0.792991 0.966263 9.8
      vertex -0.95159 1.15952 8.4
      vertex -0.883883 0.883883 9.8
    endloop
  endfacet
  facet normal 0.661127 -0.729438 0.175588
    outer loop
      vertex 0.883883 -0.883883 9.8
      vertex 0.792991 -0.966263 9.8
      vertex 0.95159 -1.15952 8.4
    endloop
  endfacet
  facet normal 0.144457 -0.973808 0.175588
    outer loop
      vertex 0.243862 -1.22598 9.8
      vertex 0.122521 -1.24398 9.8
      vertex 0.147025 -1.49278 8.4
    endloop
  endfacet
  facet normal -0.729438 -0.661127 0.175588
    outer loop
      vertex -0.966263 -0.792991 9.8
      vertex -1.15952 -0.95159 8.4
      vertex -0.883883 -0.883883 9.8
    endloop
  endfacet
  facet normal -0.144457 -0.973808 0.175588
    outer loop
      vertex -0.122521 -1.24398 9.8
      vertex -0.243862 -1.22598 9.8
      vertex -0.147025 -1.49278 8.4
    endloop
  endfacet
  facet normal -0.420927 -0.889938 0.175585
    outer loop
      vertex -0.478354 -1.15485 9.8
      vertex -0.707094 -1.32288 8.4
      vertex -0.574024 -1.38582 8.4
    endloop
  endfacet
  facet normal -0.983279 -0.0482862 0.175586
    outer loop
      vertex -1.25 0 9.8
      vertex -1.5 0 8.4
      vertex -1.49278 -0.147025 8.4
    endloop
  endfacet
  facet normal -0.983279 0.0482862 0.175586
    outer loop
      vertex -1.49278 0.147025 8.4
      vertex -1.5 0 8.4
      vertex -1.25 0 9.8
    endloop
  endfacet
  facet normal 0.506126 0.844398 0.175581
    outer loop
      vertex 0.707094 1.32288 8.4
      vertex 0.694463 1.03934 9.8
      vertex 0.833355 1.2472 8.4
    endloop
  endfacet
  facet normal 0.506088 0.84442 0.175585
    outer loop
      vertex 0.707094 1.32288 8.4
      vertex 0.589246 1.1024 9.8
      vertex 0.694463 1.03934 9.8
    endloop
  endfacet
  facet normal 0.661127 0.729438 0.175588
    outer loop
      vertex 0.95159 1.15952 8.4
      vertex 0.792991 0.966263 9.8
      vertex 0.883883 0.883883 9.8
    endloop
  endfacet
  facet normal 0.661143 0.729424 0.175586
    outer loop
      vertex 0.95159 1.15952 8.4
      vertex 0.883883 0.883883 9.8
      vertex 1.06066 1.06066 8.4
    endloop
  endfacet
  facet normal 0.420926 0.889939 0.175585
    outer loop
      vertex 0.707094 1.32288 8.4
      vertex 0.478354 1.15485 9.8
      vertex 0.589246 1.1024 9.8
    endloop
  endfacet
  facet normal 0.420927 0.889938 0.175585
    outer loop
      vertex 0.574024 1.38582 8.4
      vertex 0.478354 1.15485 9.8
      vertex 0.707094 1.32288 8.4
    endloop
  endfacet
  facet normal 0.331612 0.926932 0.175589
    outer loop
      vertex 0.435427 1.43541 8.4
      vertex 0.362855 1.19617 9.8
      vertex 0.478354 1.15485 9.8
    endloop
  endfacet
  facet normal 0.331651 0.926918 0.175585
    outer loop
      vertex 0.574024 1.38582 8.4
      vertex 0.435427 1.43541 8.4
      vertex 0.478354 1.15485 9.8
    endloop
  endfacet
  facet normal 0.144456 0.973808 0.175588
    outer loop
      vertex 0.292635 1.47118 8.4
      vertex 0.147025 1.49278 8.4
      vertex 0.243862 1.22598 9.8
    endloop
  endfacet
  facet normal -0.239234 0.954953 0.175589
    outer loop
      vertex -0.243862 1.22598 9.8
      vertex -0.435427 1.43541 8.4
      vertex -0.362855 1.19617 9.8
    endloop
  endfacet
  facet normal -0.506126 0.844398 0.175581
    outer loop
      vertex -0.707094 1.32288 8.4
      vertex -0.833355 1.2472 8.4
      vertex -0.694463 1.03934 9.8
    endloop
  endfacet
  facet normal -0.331612 0.926932 0.175589
    outer loop
      vertex -0.435427 1.43541 8.4
      vertex -0.478354 1.15485 9.8
      vertex -0.362855 1.19617 9.8
    endloop
  endfacet
  facet normal -0.84442 0.506088 0.175585
    outer loop
      vertex -1.03934 0.694463 9.8
      vertex -1.32288 0.707094 8.4
      vertex -1.1024 0.589246 9.8
    endloop
  endfacet
  facet normal -0.586463 0.790715 0.175588
    outer loop
      vertex -0.694463 1.03934 9.8
      vertex -0.95159 1.15952 8.4
      vertex -0.792991 0.966263 9.8
    endloop
  endfacet
  facet normal -0.954953 0.239234 0.175589
    outer loop
      vertex -1.19617 0.362855 9.8
      vertex -1.43541 0.435427 8.4
      vertex -1.22598 0.243862 9.8
    endloop
  endfacet
  facet normal -0.926918 0.331651 0.175585
    outer loop
      vertex -1.38582 0.574024 8.4
      vertex -1.43541 0.435427 8.4
      vertex -1.15485 0.478354 9.8
    endloop
  endfacet
  facet normal -0.889938 0.420927 0.175585
    outer loop
      vertex -1.32288 0.707094 8.4
      vertex -1.38582 0.574024 8.4
      vertex -1.15485 0.478354 9.8
    endloop
  endfacet
  facet normal 0.926918 -0.331651 0.175585
    outer loop
      vertex 1.43541 -0.435427 8.4
      vertex 1.15485 -0.478354 9.8
      vertex 1.38582 -0.574024 8.4
    endloop
  endfacet
  facet normal 0.790759 -0.586406 0.175582
    outer loop
      vertex 1.2472 -0.833355 8.4
      vertex 1.03934 -0.694463 9.8
      vertex 1.15952 -0.95159 8.4
    endloop
  endfacet
  facet normal 0.331651 -0.926918 0.175585
    outer loop
      vertex 0.478354 -1.15485 9.8
      vertex 0.435427 -1.43541 8.4
      vertex 0.574024 -1.38582 8.4
    endloop
  endfacet
  facet normal 0.420926 -0.889939 0.175585
    outer loop
      vertex 0.589246 -1.1024 9.8
      vertex 0.478354 -1.15485 9.8
      vertex 0.707094 -1.32288 8.4
    endloop
  endfacet
  facet normal 0.506088 -0.84442 0.175585
    outer loop
      vertex 0.694463 -1.03934 9.8
      vertex 0.589246 -1.1024 9.8
      vertex 0.707094 -1.32288 8.4
    endloop
  endfacet
  facet normal 0.586406 -0.790759 0.175582
    outer loop
      vertex 0.95159 -1.15952 8.4
      vertex 0.694463 -1.03934 9.8
      vertex 0.833355 -1.2472 8.4
    endloop
  endfacet
  facet normal 0.0482862 -0.983279 0.175586
    outer loop
      vertex 0 -1.25 9.8
      vertex 0 -1.5 8.4
      vertex 0.147025 -1.49278 8.4
    endloop
  endfacet
  facet normal -0.0482862 -0.983279 0.175586
    outer loop
      vertex 0 -1.25 9.8
      vertex -0.147025 -1.49278 8.4
      vertex 0 -1.5 8.4
    endloop
  endfacet
  facet normal -0.954953 -0.239234 0.175589
    outer loop
      vertex -1.22598 -0.243862 9.8
      vertex -1.43541 -0.435427 8.4
      vertex -1.19617 -0.362855 9.8
    endloop
  endfacet
  facet normal -0.844398 -0.506126 0.175581
    outer loop
      vertex -1.03934 -0.694463 9.8
      vertex -1.32288 -0.707094 8.4
      vertex -1.2472 -0.833355 8.4
    endloop
  endfacet
  facet normal -0.926932 -0.331612 0.175589
    outer loop
      vertex -1.19617 -0.362855 9.8
      vertex -1.43541 -0.435427 8.4
      vertex -1.15485 -0.478354 9.8
    endloop
  endfacet
  facet normal -0.506088 -0.84442 0.175585
    outer loop
      vertex -0.694463 -1.03934 9.8
      vertex -0.707094 -1.32288 8.4
      vertex -0.589246 -1.1024 9.8
    endloop
  endfacet
  facet normal -0.790715 -0.586463 0.175588
    outer loop
      vertex -1.03934 -0.694463 9.8
      vertex -1.15952 -0.95159 8.4
      vertex -0.966263 -0.792991 9.8
    endloop
  endfacet
  facet normal -0.239234 -0.954953 0.175589
    outer loop
      vertex -0.362855 -1.19617 9.8
      vertex -0.435427 -1.43541 8.4
      vertex -0.243862 -1.22598 9.8
    endloop
  endfacet
  facet normal -0.331651 -0.926918 0.175585
    outer loop
      vertex -0.478354 -1.15485 9.8
      vertex -0.574024 -1.38582 8.4
      vertex -0.435427 -1.43541 8.4
    endloop
  endfacet
  facet normal -0.331612 -0.926932 0.175589
    outer loop
      vertex -0.362855 -1.19617 9.8
      vertex -0.478354 -1.15485 9.8
      vertex -0.435427 -1.43541 8.4
    endloop
  endfacet
  facet normal 0.586463 0.790715 0.175588
    outer loop
      vertex 0.95159 1.15952 8.4
      vertex 0.694463 1.03934 9.8
      vertex 0.792991 0.966263 9.8
    endloop
  endfacet
  facet normal 0.144457 0.973808 0.175588
    outer loop
      vertex 0.147025 1.49278 8.4
      vertex 0.122521 1.24398 9.8
      vertex 0.243862 1.22598 9.8
    endloop
  endfacet
  facet normal 0.0483128 0.983278 0.175588
    outer loop
      vertex 0.147025 1.49278 8.4
      vertex 0 1.25 9.8
      vertex 0.122521 1.24398 9.8
    endloop
  endfacet
  facet normal -0.420927 0.889938 0.175585
    outer loop
      vertex -0.574024 1.38582 8.4
      vertex -0.707094 1.32288 8.4
      vertex -0.478354 1.15485 9.8
    endloop
  endfacet
  facet normal -0.331651 0.926918 0.175585
    outer loop
      vertex -0.435427 1.43541 8.4
      vertex -0.574024 1.38582 8.4
      vertex -0.478354 1.15485 9.8
    endloop
  endfacet
  facet normal -0.420926 0.889939 0.175585
    outer loop
      vertex -0.478354 1.15485 9.8
      vertex -0.707094 1.32288 8.4
      vertex -0.589246 1.1024 9.8
    endloop
  endfacet
  facet normal -0.506088 0.84442 0.175585
    outer loop
      vertex -0.589246 1.1024 9.8
      vertex -0.707094 1.32288 8.4
      vertex -0.694463 1.03934 9.8
    endloop
  endfacet
  facet normal -0.729424 0.661143 0.175586
    outer loop
      vertex -1.06066 1.06066 8.4
      vertex -1.15952 0.95159 8.4
      vertex -0.883883 0.883883 9.8
    endloop
  endfacet
  facet normal -0.661143 0.729424 0.175586
    outer loop
      vertex -0.95159 1.15952 8.4
      vertex -1.06066 1.06066 8.4
      vertex -0.883883 0.883883 9.8
    endloop
  endfacet
  facet normal -0.954957 0.239221 0.175588
    outer loop
      vertex -1.43541 0.435427 8.4
      vertex -1.47118 0.292635 8.4
      vertex -1.22598 0.243862 9.8
    endloop
  endfacet
  facet normal -0.973808 0.144456 0.175588
    outer loop
      vertex -1.47118 0.292635 8.4
      vertex -1.49278 0.147025 8.4
      vertex -1.22598 0.243862 9.8
    endloop
  endfacet
  facet normal -0.926932 0.331612 0.175589
    outer loop
      vertex -1.15485 0.478354 9.8
      vertex -1.43541 0.435427 8.4
      vertex -1.19617 0.362855 9.8
    endloop
  endfacet
  facet normal 0.84442 -0.506088 0.175585
    outer loop
      vertex 1.1024 -0.589246 9.8
      vertex 1.03934 -0.694463 9.8
      vertex 1.32288 -0.707094 8.4
    endloop
  endfacet
  facet normal 0.729424 -0.661143 0.175586
    outer loop
      vertex 1.15952 -0.95159 8.4
      vertex 0.883883 -0.883883 9.8
      vertex 1.06066 -1.06066 8.4
    endloop
  endfacet
  facet normal 0.661143 -0.729424 0.175586
    outer loop
      vertex 1.06066 -1.06066 8.4
      vertex 0.883883 -0.883883 9.8
      vertex 0.95159 -1.15952 8.4
    endloop
  endfacet
  facet normal 0.331612 -0.926932 0.175589
    outer loop
      vertex 0.478354 -1.15485 9.8
      vertex 0.362855 -1.19617 9.8
      vertex 0.435427 -1.43541 8.4
    endloop
  endfacet
  facet normal 0.586463 -0.790715 0.175588
    outer loop
      vertex 0.792991 -0.966263 9.8
      vertex 0.694463 -1.03934 9.8
      vertex 0.95159 -1.15952 8.4
    endloop
  endfacet
  facet normal 0.506126 -0.844398 0.175581
    outer loop
      vertex 0.833355 -1.2472 8.4
      vertex 0.694463 -1.03934 9.8
      vertex 0.707094 -1.32288 8.4
    endloop
  endfacet
  facet normal -0.889938 -0.420927 0.175585
    outer loop
      vertex -1.15485 -0.478354 9.8
      vertex -1.38582 -0.574024 8.4
      vertex -1.32288 -0.707094 8.4
    endloop
  endfacet
  facet normal -0.926918 -0.331651 0.175585
    outer loop
      vertex -1.15485 -0.478354 9.8
      vertex -1.43541 -0.435427 8.4
      vertex -1.38582 -0.574024 8.4
    endloop
  endfacet
  facet normal -0.889939 -0.420926 0.175585
    outer loop
      vertex -1.15485 -0.478354 9.8
      vertex -1.32288 -0.707094 8.4
      vertex -1.1024 -0.589246 9.8
    endloop
  endfacet
  facet normal -0.84442 -0.506088 0.175585
    outer loop
      vertex -1.1024 -0.589246 9.8
      vertex -1.32288 -0.707094 8.4
      vertex -1.03934 -0.694463 9.8
    endloop
  endfacet
  facet normal -0.661143 -0.729424 0.175586
    outer loop
      vertex -0.883883 -0.883883 9.8
      vertex -1.06066 -1.06066 8.4
      vertex -0.95159 -1.15952 8.4
    endloop
  endfacet
  facet normal -0.729424 -0.661143 0.175586
    outer loop
      vertex -0.883883 -0.883883 9.8
      vertex -1.15952 -0.95159 8.4
      vertex -1.06066 -1.06066 8.4
    endloop
  endfacet
  facet normal -0.239221 -0.954957 0.175588
    outer loop
      vertex -0.243862 -1.22598 9.8
      vertex -0.435427 -1.43541 8.4
      vertex -0.292635 -1.47118 8.4
    endloop
  endfacet
  facet normal -0.144457 0.973808 0.175588
    outer loop
      vertex -0.147025 1.49278 8.4
      vertex -0.243862 1.22598 9.8
      vertex -0.122521 1.24398 9.8
    endloop
  endfacet
  facet normal -0.144456 0.973808 0.175588
    outer loop
      vertex -0.147025 1.49278 8.4
      vertex -0.292635 1.47118 8.4
      vertex -0.243862 1.22598 9.8
    endloop
  endfacet
  facet normal -0.790759 0.586406 0.175582
    outer loop
      vertex -1.15952 0.95159 8.4
      vertex -1.2472 0.833355 8.4
      vertex -1.03934 0.694463 9.8
    endloop
  endfacet
  facet normal 0.729438 -0.661127 0.175588
    outer loop
      vertex 0.966263 -0.792991 9.8
      vertex 0.883883 -0.883883 9.8
      vertex 1.15952 -0.95159 8.4
    endloop
  endfacet
  facet normal 0.790715 -0.586463 0.175588
    outer loop
      vertex 1.03934 -0.694463 9.8
      vertex 0.966263 -0.792991 9.8
      vertex 1.15952 -0.95159 8.4
    endloop
  endfacet
  facet normal 0.844398 -0.506126 0.175581
    outer loop
      vertex 1.32288 -0.707094 8.4
      vertex 1.03934 -0.694463 9.8
      vertex 1.2472 -0.833355 8.4
    endloop
  endfacet
  facet normal 0.889939 -0.420926 0.175585
    outer loop
      vertex 1.15485 -0.478354 9.8
      vertex 1.1024 -0.589246 9.8
      vertex 1.32288 -0.707094 8.4
    endloop
  endfacet
  facet normal 0.926932 -0.331612 0.175589
    outer loop
      vertex 1.19617 -0.362855 9.8
      vertex 1.15485 -0.478354 9.8
      vertex 1.43541 -0.435427 8.4
    endloop
  endfacet
  facet normal 0.954953 -0.239234 0.175589
    outer loop
      vertex 1.22598 -0.243862 9.8
      vertex 1.19617 -0.362855 9.8
      vertex 1.43541 -0.435427 8.4
    endloop
  endfacet
  facet normal 0.889938 -0.420927 0.175585
    outer loop
      vertex 1.38582 -0.574024 8.4
      vertex 1.15485 -0.478354 9.8
      vertex 1.32288 -0.707094 8.4
    endloop
  endfacet
  facet normal 0.954957 -0.239221 0.175588
    outer loop
      vertex 1.47118 -0.292635 8.4
      vertex 1.22598 -0.243862 9.8
      vertex 1.43541 -0.435427 8.4
    endloop
  endfacet
  facet normal 0.239221 -0.954957 0.175588
    outer loop
      vertex 0.435427 -1.43541 8.4
      vertex 0.243862 -1.22598 9.8
      vertex 0.292635 -1.47118 8.4
    endloop
  endfacet
  facet normal 0.144456 -0.973808 0.175588
    outer loop
      vertex 0.243862 -1.22598 9.8
      vertex 0.147025 -1.49278 8.4
      vertex 0.292635 -1.47118 8.4
    endloop
  endfacet
  facet normal 0.420927 -0.889938 0.175585
    outer loop
      vertex 0.707094 -1.32288 8.4
      vertex 0.478354 -1.15485 9.8
      vertex 0.574024 -1.38582 8.4
    endloop
  endfacet
  facet normal -0.973808 -0.144457 0.175588
    outer loop
      vertex -1.24398 -0.122521 9.8
      vertex -1.49278 -0.147025 8.4
      vertex -1.22598 -0.243862 9.8
    endloop
  endfacet
  facet normal -0.973808 -0.144456 0.175588
    outer loop
      vertex -1.22598 -0.243862 9.8
      vertex -1.49278 -0.147025 8.4
      vertex -1.47118 -0.292635 8.4
    endloop
  endfacet
  facet normal -0.586406 -0.790759 0.175582
    outer loop
      vertex -0.694463 -1.03934 9.8
      vertex -0.95159 -1.15952 8.4
      vertex -0.833355 -1.2472 8.4
    endloop
  endfacet
  facet normal -0.729438 0.661127 0.175588
    outer loop
      vertex -0.883883 0.883883 9.8
      vertex -1.15952 0.95159 8.4
      vertex -0.966263 0.792991 9.8
    endloop
  endfacet
  facet normal -0.790715 0.586463 0.175588
    outer loop
      vertex -0.966263 0.792991 9.8
      vertex -1.15952 0.95159 8.4
      vertex -1.03934 0.694463 9.8
    endloop
  endfacet
  facet normal 0.973808 -0.144456 0.175588
    outer loop
      vertex 1.49278 -0.147025 8.4
      vertex 1.22598 -0.243862 9.8
      vertex 1.47118 -0.292635 8.4
    endloop
  endfacet
  facet normal 0.973808 -0.144457 0.175588
    outer loop
      vertex 1.24398 -0.122521 9.8
      vertex 1.22598 -0.243862 9.8
      vertex 1.49278 -0.147025 8.4
    endloop
  endfacet
  facet normal 0.239234 -0.954953 0.175589
    outer loop
      vertex 0.362855 -1.19617 9.8
      vertex 0.243862 -1.22598 9.8
      vertex 0.435427 -1.43541 8.4
    endloop
  endfacet
  facet normal -0.661127 -0.729438 0.175588
    outer loop
      vertex -0.883883 -0.883883 9.8
      vertex -0.95159 -1.15952 8.4
      vertex -0.792991 -0.966263 9.8
    endloop
  endfacet
  facet normal -0.586463 -0.790715 0.175588
    outer loop
      vertex -0.792991 -0.966263 9.8
      vertex -0.95159 -1.15952 8.4
      vertex -0.694463 -1.03934 9.8
    endloop
  endfacet
  facet normal 0.998803 -0.0489125 0
    outer loop
      vertex 16.9856 -0.294051 1.6
      vertex 17 0 5.72205e-07
      vertex 17 0 1.6
    endloop
  endfacet
  facet normal 0.998803 -0.0489125 0
    outer loop
      vertex 17 0 5.72205e-07
      vertex 16.9856 -0.294051 1.6
      vertex 16.9856 -0.294051 5.72205e-07
    endloop
  endfacet
  facet normal -0.998803 -0.0489125 0
    outer loop
      vertex 11.0144 -0.294051 5.72205e-07
      vertex 11 0 1.6
      vertex 11 0 5.72205e-07
    endloop
  endfacet
  facet normal -0.998803 -0.0489125 0
    outer loop
      vertex 11 0 1.6
      vertex 11.0144 -0.294051 5.72205e-07
      vertex 11.0144 -0.294051 1.6
    endloop
  endfacet
  facet normal 0.0490738 -0.998795 0
    outer loop
      vertex 14 -3 5.72205e-07
      vertex 14.2941 -2.98555 1.6
      vertex 14 -3 1.6
    endloop
  endfacet
  facet normal 0.0490738 -0.998795 0
    outer loop
      vertex 14.2941 -2.98555 1.6
      vertex 14 -3 5.72205e-07
      vertex 14.2941 -2.98555 5.72205e-07
    endloop
  endfacet
  facet normal -0.0490738 0.998795 0
    outer loop
      vertex 14 3 5.72205e-07
      vertex 13.7059 2.98555 1.6
      vertex 14 3 1.6
    endloop
  endfacet
  facet normal -0.0490738 0.998795 0
    outer loop
      vertex 13.7059 2.98555 1.6
      vertex 14 3 5.72205e-07
      vertex 13.7059 2.98555 5.72205e-07
    endloop
  endfacet
  facet normal 0.740969 -0.671539 0
    outer loop
      vertex 16.1213 -2.12132 1.6
      vertex 16.319 -1.90318 5.72205e-07
      vertex 16.319 -1.90318 1.6
    endloop
  endfacet
  facet normal 0.740969 -0.671539 0
    outer loop
      vertex 16.319 -1.90318 5.72205e-07
      vertex 16.1213 -2.12132 1.6
      vertex 16.1213 -2.12132 5.72205e-07
    endloop
  endfacet
  facet normal -0.671625 -0.740891 0
    outer loop
      vertex 11.8787 -2.12132 5.72205e-07
      vertex 12.0968 -2.31903 1.6
      vertex 11.8787 -2.12132 1.6
    endloop
  endfacet
  facet normal -0.671625 -0.740891 -0
    outer loop
      vertex 12.0968 -2.31903 1.6
      vertex 11.8787 -2.12132 5.72205e-07
      vertex 12.0968 -2.31903 5.72205e-07
    endloop
  endfacet
  facet normal -0.336986 -0.94151 0
    outer loop
      vertex 12.852 -2.77164 5.72205e-07
      vertex 13.1291 -2.87082 1.6
      vertex 12.852 -2.77164 1.6
    endloop
  endfacet
  facet normal -0.336986 -0.94151 -0
    outer loop
      vertex 13.1291 -2.87082 1.6
      vertex 12.852 -2.77164 5.72205e-07
      vertex 13.1291 -2.87082 5.72205e-07
    endloop
  endfacet
  facet normal -0.969979 0.243189 0
    outer loop
      vertex 11.0576 0.585271 5.72205e-07
      vertex 11.1292 0.870853 1.6
      vertex 11.1292 0.870853 5.72205e-07
    endloop
  endfacet
  facet normal -0.969979 0.243189 0
    outer loop
      vertex 11.1292 0.870853 1.6
      vertex 11.0576 0.585271 5.72205e-07
      vertex 11.0576 0.585271 1.6
    endloop
  endfacet
  facet normal 0.904088 -0.427347 0
    outer loop
      vertex 16.6458 -1.41419 1.6
      vertex 16.7716 -1.14805 5.72205e-07
      vertex 16.7716 -1.14805 1.6
    endloop
  endfacet
  facet normal 0.904088 -0.427347 0
    outer loop
      vertex 16.7716 -1.14805 5.72205e-07
      vertex 16.6458 -1.41419 1.6
      vertex 16.6458 -1.41419 5.72205e-07
    endloop
  endfacet
  facet normal 0.857661 -0.514216 0
    outer loop
      vertex 16.4944 -1.66671 1.6
      vertex 16.6458 -1.41419 5.72205e-07
      vertex 16.6458 -1.41419 1.6
    endloop
  endfacet
  facet normal 0.857661 -0.514216 0
    outer loop
      vertex 16.6458 -1.41419 5.72205e-07
      vertex 16.4944 -1.66671 1.6
      vertex 16.4944 -1.66671 5.72205e-07
    endloop
  endfacet
  facet normal 0.427491 -0.90402 0
    outer loop
      vertex 15.148 -2.77164 5.72205e-07
      vertex 15.4142 -2.64576 1.6
      vertex 15.148 -2.77164 1.6
    endloop
  endfacet
  facet normal 0.427491 -0.90402 0
    outer loop
      vertex 15.4142 -2.64576 1.6
      vertex 15.148 -2.77164 5.72205e-07
      vertex 15.4142 -2.64576 5.72205e-07
    endloop
  endfacet
  facet normal -0.857661 -0.514216 0
    outer loop
      vertex 11.5056 -1.66671 5.72205e-07
      vertex 11.3542 -1.41419 1.6
      vertex 11.3542 -1.41419 5.72205e-07
    endloop
  endfacet
  facet normal -0.857661 -0.514216 0
    outer loop
      vertex 11.3542 -1.41419 1.6
      vertex 11.5056 -1.66671 5.72205e-07
      vertex 11.5056 -1.66671 1.6
    endloop
  endfacet
  facet normal -0.803172 -0.595747 0
    outer loop
      vertex 11.681 -1.90318 5.72205e-07
      vertex 11.5056 -1.66671 1.6
      vertex 11.5056 -1.66671 5.72205e-07
    endloop
  endfacet
  facet normal -0.803172 -0.595747 0
    outer loop
      vertex 11.5056 -1.66671 1.6
      vertex 11.681 -1.90318 5.72205e-07
      vertex 11.681 -1.90318 1.6
    endloop
  endfacet
  facet normal -0.146712 -0.989179 0
    outer loop
      vertex 13.4147 -2.94236 5.72205e-07
      vertex 13.7059 -2.98555 1.6
      vertex 13.4147 -2.94236 1.6
    endloop
  endfacet
  facet normal -0.146712 -0.989179 -0
    outer loop
      vertex 13.7059 -2.98555 1.6
      vertex 13.4147 -2.94236 5.72205e-07
      vertex 13.7059 -2.98555 5.72205e-07
    endloop
  endfacet
  facet normal 0.857661 0.514216 0
    outer loop
      vertex 16.6458 1.41419 1.6
      vertex 16.4944 1.66671 5.72205e-07
      vertex 16.4944 1.66671 1.6
    endloop
  endfacet
  facet normal 0.857661 0.514216 0
    outer loop
      vertex 16.4944 1.66671 5.72205e-07
      vertex 16.6458 1.41419 1.6
      vertex 16.6458 1.41419 5.72205e-07
    endloop
  endfacet
  facet normal 0.242983 0.970031 -0
    outer loop
      vertex 14.8709 2.87082 5.72205e-07
      vertex 14.5853 2.94236 1.6
      vertex 14.8709 2.87082 1.6
    endloop
  endfacet
  facet normal 0.242983 0.970031 0
    outer loop
      vertex 14.5853 2.94236 1.6
      vertex 14.8709 2.87082 5.72205e-07
      vertex 14.5853 2.94236 5.72205e-07
    endloop
  endfacet
  facet normal 0.671625 0.740891 -0
    outer loop
      vertex 16.1213 2.12132 5.72205e-07
      vertex 15.9032 2.31903 1.6
      vertex 16.1213 2.12132 1.6
    endloop
  endfacet
  facet normal 0.671625 0.740891 0
    outer loop
      vertex 15.9032 2.31903 1.6
      vertex 16.1213 2.12132 5.72205e-07
      vertex 15.9032 2.31903 5.72205e-07
    endloop
  endfacet
  facet normal 0.969979 0.243189 0
    outer loop
      vertex 16.9424 0.585271 1.6
      vertex 16.8708 0.870853 5.72205e-07
      vertex 16.8708 0.870853 1.6
    endloop
  endfacet
  facet normal 0.969979 0.243189 0
    outer loop
      vertex 16.8708 0.870853 5.72205e-07
      vertex 16.9424 0.585271 1.6
      vertex 16.9424 0.585271 5.72205e-07
    endloop
  endfacet
  facet normal -0.336986 0.94151 0
    outer loop
      vertex 13.1291 2.87082 5.72205e-07
      vertex 12.852 2.77164 1.6
      vertex 13.1291 2.87082 1.6
    endloop
  endfacet
  facet normal -0.336986 0.94151 0
    outer loop
      vertex 12.852 2.77164 1.6
      vertex 13.1291 2.87082 5.72205e-07
      vertex 12.852 2.77164 5.72205e-07
    endloop
  endfacet
  facet normal -0.740969 0.671539 0
    outer loop
      vertex 11.681 1.90318 5.72205e-07
      vertex 11.8787 2.12132 1.6
      vertex 11.8787 2.12132 5.72205e-07
    endloop
  endfacet
  facet normal -0.740969 0.671539 0
    outer loop
      vertex 11.8787 2.12132 1.6
      vertex 11.681 1.90318 5.72205e-07
      vertex 11.681 1.90318 1.6
    endloop
  endfacet
  facet normal -0.803172 0.595747 0
    outer loop
      vertex 11.5056 1.66671 5.72205e-07
      vertex 11.681 1.90318 1.6
      vertex 11.681 1.90318 5.72205e-07
    endloop
  endfacet
  facet normal -0.803172 0.595747 0
    outer loop
      vertex 11.681 1.90318 1.6
      vertex 11.5056 1.66671 5.72205e-07
      vertex 11.5056 1.66671 1.6
    endloop
  endfacet
  facet normal 0 0 1
    outer loop
      vertex 16.9856 0.294051 1.6
      vertex 16.9856 -0.294051 1.6
      vertex 17 0 1.6
    endloop
  endfacet
  facet normal 0 0 1
    outer loop
      vertex 16.9424 0.585271 1.6
      vertex 16.9856 -0.294051 1.6
      vertex 16.9856 0.294051 1.6
    endloop
  endfacet
  facet normal 0 0 1
    outer loop
      vertex 16.9424 0.585271 1.6
      vertex 16.9424 -0.585271 1.6
      vertex 16.9856 -0.294051 1.6
    endloop
  endfacet
  facet normal 0 0 1
    outer loop
      vertex 16.8708 0.870853 1.6
      vertex 16.9424 -0.585271 1.6
      vertex 16.9424 0.585271 1.6
    endloop
  endfacet
  facet normal 0 0 1
    outer loop
      vertex 16.8708 0.870853 1.6
      vertex 16.8708 -0.870853 1.6
      vertex 16.9424 -0.585271 1.6
    endloop
  endfacet
  facet normal 0 0 1
    outer loop
      vertex 16.7716 1.14805 1.6
      vertex 16.8708 -0.870853 1.6
      vertex 16.8708 0.870853 1.6
    endloop
  endfacet
  facet normal 0 0 1
    outer loop
      vertex 16.7716 1.14805 1.6
      vertex 16.7716 -1.14805 1.6
      vertex 16.8708 -0.870853 1.6
    endloop
  endfacet
  facet normal 0 0 1
    outer loop
      vertex 16.6458 1.41419 1.6
      vertex 16.7716 -1.14805 1.6
      vertex 16.7716 1.14805 1.6
    endloop
  endfacet
  facet normal 0 0 1
    outer loop
      vertex 16.6458 1.41419 1.6
      vertex 16.6458 -1.41419 1.6
      vertex 16.7716 -1.14805 1.6
    endloop
  endfacet
  facet normal 0 0 1
    outer loop
      vertex 16.4944 1.66671 1.6
      vertex 16.6458 -1.41419 1.6
      vertex 16.6458 1.41419 1.6
    endloop
  endfacet
  facet normal 0 0 1
    outer loop
      vertex 16.4944 1.66671 1.6
      vertex 16.4944 -1.66671 1.6
      vertex 16.6458 -1.41419 1.6
    endloop
  endfacet
  facet normal 0 0 1
    outer loop
      vertex 16.319 1.90318 1.6
      vertex 16.4944 -1.66671 1.6
      vertex 16.4944 1.66671 1.6
    endloop
  endfacet
  facet normal 0 0 1
    outer loop
      vertex 16.319 1.90318 1.6
      vertex 16.319 -1.90318 1.6
      vertex 16.4944 -1.66671 1.6
    endloop
  endfacet
  facet normal 0 0 1
    outer loop
      vertex 16.1213 2.12132 1.6
      vertex 16.319 -1.90318 1.6
      vertex 16.319 1.90318 1.6
    endloop
  endfacet
  facet normal 0 0 1
    outer loop
      vertex 16.1213 2.12132 1.6
      vertex 16.1213 -2.12132 1.6
      vertex 16.319 -1.90318 1.6
    endloop
  endfacet
  facet normal 0 0 1
    outer loop
      vertex 15.9032 2.31903 1.6
      vertex 16.1213 -2.12132 1.6
      vertex 16.1213 2.12132 1.6
    endloop
  endfacet
  facet normal 0 0 1
    outer loop
      vertex 15.9032 2.31903 1.6
      vertex 15.9032 -2.31903 1.6
      vertex 16.1213 -2.12132 1.6
    endloop
  endfacet
  facet normal 0 0 1
    outer loop
      vertex 15.6667 2.49441 1.6
      vertex 15.9032 -2.31903 1.6
      vertex 15.9032 2.31903 1.6
    endloop
  endfacet
  facet normal 0 0 1
    outer loop
      vertex 15.6667 2.49441 1.6
      vertex 15.6667 -2.49441 1.6
      vertex 15.9032 -2.31903 1.6
    endloop
  endfacet
  facet normal 0 0 1
    outer loop
      vertex 15.4142 2.64576 1.6
      vertex 15.6667 -2.49441 1.6
      vertex 15.6667 2.49441 1.6
    endloop
  endfacet
  facet normal 0 0 1
    outer loop
      vertex 15.4142 2.64576 1.6
      vertex 15.4142 -2.64576 1.6
      vertex 15.6667 -2.49441 1.6
    endloop
  endfacet
  facet normal 0 0 1
    outer loop
      vertex 15.148 2.77164 1.6
      vertex 15.4142 -2.64576 1.6
      vertex 15.4142 2.64576 1.6
    endloop
  endfacet
  facet normal 0 0 1
    outer loop
      vertex 15.148 2.77164 1.6
      vertex 15.148 -2.77164 1.6
      vertex 15.4142 -2.64576 1.6
    endloop
  endfacet
  facet normal 0 0 1
    outer loop
      vertex 14.8709 2.87082 1.6
      vertex 15.148 -2.77164 1.6
      vertex 15.148 2.77164 1.6
    endloop
  endfacet
  facet normal 0 0 1
    outer loop
      vertex 14.8709 2.87082 1.6
      vertex 14.8709 -2.87082 1.6
      vertex 15.148 -2.77164 1.6
    endloop
  endfacet
  facet normal 0 0 1
    outer loop
      vertex 14.5853 2.94236 1.6
      vertex 14.8709 -2.87082 1.6
      vertex 14.8709 2.87082 1.6
    endloop
  endfacet
  facet normal 0 0 1
    outer loop
      vertex 14.5853 2.94236 1.6
      vertex 14.5853 -2.94236 1.6
      vertex 14.8709 -2.87082 1.6
    endloop
  endfacet
  facet normal 0 0 1
    outer loop
      vertex 14.2941 2.98555 1.6
      vertex 14.5853 -2.94236 1.6
      vertex 14.5853 2.94236 1.6
    endloop
  endfacet
  facet normal 0 0 1
    outer loop
      vertex 14.2941 2.98555 1.6
      vertex 14.2941 -2.98555 1.6
      vertex 14.5853 -2.94236 1.6
    endloop
  endfacet
  facet normal 0 0 1
    outer loop
      vertex 14 3 1.6
      vertex 14.2941 -2.98555 1.6
      vertex 14.2941 2.98555 1.6
    endloop
  endfacet
  facet normal 0 0 1
    outer loop
      vertex 14 3 1.6
      vertex 14 -3 1.6
      vertex 14.2941 -2.98555 1.6
    endloop
  endfacet
  facet normal -0 0 1
    outer loop
      vertex 13.7059 2.98555 1.6
      vertex 14 -3 1.6
      vertex 14 3 1.6
    endloop
  endfacet
  facet normal 0 0 1
    outer loop
      vertex 13.7059 2.98555 1.6
      vertex 13.7059 -2.98555 1.6
      vertex 14 -3 1.6
    endloop
  endfacet
  facet normal -0 0 1
    outer loop
      vertex 13.4147 2.94236 1.6
      vertex 13.7059 -2.98555 1.6
      vertex 13.7059 2.98555 1.6
    endloop
  endfacet
  facet normal 0 0 1
    outer loop
      vertex 13.4147 2.94236 1.6
      vertex 13.4147 -2.94236 1.6
      vertex 13.7059 -2.98555 1.6
    endloop
  endfacet
  facet normal -0 0 1
    outer loop
      vertex 13.1291 2.87082 1.6
      vertex 13.4147 -2.94236 1.6
      vertex 13.4147 2.94236 1.6
    endloop
  endfacet
  facet normal 0 0 1
    outer loop
      vertex 13.1291 2.87082 1.6
      vertex 13.1291 -2.87082 1.6
      vertex 13.4147 -2.94236 1.6
    endloop
  endfacet
  facet normal -0 0 1
    outer loop
      vertex 12.852 2.77164 1.6
      vertex 13.1291 -2.87082 1.6
      vertex 13.1291 2.87082 1.6
    endloop
  endfacet
  facet normal 0 0 1
    outer loop
      vertex 12.852 2.77164 1.6
      vertex 12.852 -2.77164 1.6
      vertex 13.1291 -2.87082 1.6
    endloop
  endfacet
  facet normal -0 0 1
    outer loop
      vertex 12.5858 2.64576 1.6
      vertex 12.852 -2.77164 1.6
      vertex 12.852 2.77164 1.6
    endloop
  endfacet
  facet normal 0 0 1
    outer loop
      vertex 12.5858 2.64576 1.6
      vertex 12.5858 -2.64576 1.6
      vertex 12.852 -2.77164 1.6
    endloop
  endfacet
  facet normal -0 0 1
    outer loop
      vertex 12.3333 2.49441 1.6
      vertex 12.5858 -2.64576 1.6
      vertex 12.5858 2.64576 1.6
    endloop
  endfacet
  facet normal 0 0 1
    outer loop
      vertex 12.3333 2.49441 1.6
      vertex 12.3333 -2.49441 1.6
      vertex 12.5858 -2.64576 1.6
    endloop
  endfacet
  facet normal -0 0 1
    outer loop
      vertex 12.0968 2.31903 1.6
      vertex 12.3333 -2.49441 1.6
      vertex 12.3333 2.49441 1.6
    endloop
  endfacet
  facet normal 0 0 1
    outer loop
      vertex 12.0968 2.31903 1.6
      vertex 12.0968 -2.31903 1.6
      vertex 12.3333 -2.49441 1.6
    endloop
  endfacet
  facet normal -0 0 1
    outer loop
      vertex 11.8787 2.12132 1.6
      vertex 12.0968 -2.31903 1.6
      vertex 12.0968 2.31903 1.6
    endloop
  endfacet
  facet normal 0 0 1
    outer loop
      vertex 11.8787 2.12132 1.6
      vertex 11.8787 -2.12132 1.6
      vertex 12.0968 -2.31903 1.6
    endloop
  endfacet
  facet normal -0 0 1
    outer loop
      vertex 11.681 1.90318 1.6
      vertex 11.8787 -2.12132 1.6
      vertex 11.8787 2.12132 1.6
    endloop
  endfacet
  facet normal 0 0 1
    outer loop
      vertex 11.681 1.90318 1.6
      vertex 11.681 -1.90318 1.6
      vertex 11.8787 -2.12132 1.6
    endloop
  endfacet
  facet normal -0 0 1
    outer loop
      vertex 11.5056 1.66671 1.6
      vertex 11.681 -1.90318 1.6
      vertex 11.681 1.90318 1.6
    endloop
  endfacet
  facet normal 0 0 1
    outer loop
      vertex 11.5056 1.66671 1.6
      vertex 11.5056 -1.66671 1.6
      vertex 11.681 -1.90318 1.6
    endloop
  endfacet
  facet normal -0 0 1
    outer loop
      vertex 11.3542 1.41419 1.6
      vertex 11.5056 -1.66671 1.6
      vertex 11.5056 1.66671 1.6
    endloop
  endfacet
  facet normal 0 0 1
    outer loop
      vertex 11.3542 1.41419 1.6
      vertex 11.3542 -1.41419 1.6
      vertex 11.5056 -1.66671 1.6
    endloop
  endfacet
  facet normal -0 0 1
    outer loop
      vertex 11.2284 1.14805 1.6
      vertex 11.3542 -1.41419 1.6
      vertex 11.3542 1.41419 1.6
    endloop
  endfacet
  facet normal 0 0 1
    outer loop
      vertex 11.2284 1.14805 1.6
      vertex 11.2284 -1.14805 1.6
      vertex 11.3542 -1.41419 1.6
    endloop
  endfacet
  facet normal -0 0 1
    outer loop
      vertex 11.1292 0.870853 1.6
      vertex 11.2284 -1.14805 1.6
      vertex 11.2284 1.14805 1.6
    endloop
  endfacet
  facet normal 0 0 1
    outer loop
      vertex 11.1292 0.870853 1.6
      vertex 11.1292 -0.870853 1.6
      vertex 11.2284 -1.14805 1.6
    endloop
  endfacet
  facet normal -0 0 1
    outer loop
      vertex 11.0576 0.585271 1.6
      vertex 11.1292 -0.870853 1.6
      vertex 11.1292 0.870853 1.6
    endloop
  endfacet
  facet normal 0 0 1
    outer loop
      vertex 11.0576 0.585271 1.6
      vertex 11.0576 -0.585271 1.6
      vertex 11.1292 -0.870853 1.6
    endloop
  endfacet
  facet normal -0 0 1
    outer loop
      vertex 11.0144 0.294051 1.6
      vertex 11.0576 -0.585271 1.6
      vertex 11.0576 0.585271 1.6
    endloop
  endfacet
  facet normal 0 0 1
    outer loop
      vertex 11.0144 0.294051 1.6
      vertex 11.0144 -0.294051 1.6
      vertex 11.0576 -0.585271 1.6
    endloop
  endfacet
  facet normal 0 -0 1
    outer loop
      vertex 11.0144 -0.294051 1.6
      vertex 11.0144 0.294051 1.6
      vertex 11 0 1.6
    endloop
  endfacet
  facet normal 0.969979 -0.243189 0
    outer loop
      vertex 16.8708 -0.870853 1.6
      vertex 16.9424 -0.585271 5.72205e-07
      vertex 16.9424 -0.585271 1.6
    endloop
  endfacet
  facet normal 0.969979 -0.243189 0
    outer loop
      vertex 16.9424 -0.585271 5.72205e-07
      vertex 16.8708 -0.870853 1.6
      vertex 16.8708 -0.870853 5.72205e-07
    endloop
  endfacet
  facet normal 0.989176 -0.146736 0
    outer loop
      vertex 16.9424 -0.585271 1.6
      vertex 16.9856 -0.294051 5.72205e-07
      vertex 16.9856 -0.294051 1.6
    endloop
  endfacet
  facet normal 0.989176 -0.146736 0
    outer loop
      vertex 16.9856 -0.294051 5.72205e-07
      vertex 16.9424 -0.585271 1.6
      vertex 16.9424 -0.585271 5.72205e-07
    endloop
  endfacet
  facet normal 0.941525 -0.336942 0
    outer loop
      vertex 16.7716 -1.14805 1.6
      vertex 16.8708 -0.870853 5.72205e-07
      vertex 16.8708 -0.870853 1.6
    endloop
  endfacet
  facet normal 0.941525 -0.336942 0
    outer loop
      vertex 16.8708 -0.870853 5.72205e-07
      vertex 16.7716 -1.14805 1.6
      vertex 16.7716 -1.14805 5.72205e-07
    endloop
  endfacet
  facet normal 0.242983 -0.970031 0
    outer loop
      vertex 14.5853 -2.94236 5.72205e-07
      vertex 14.8709 -2.87082 1.6
      vertex 14.5853 -2.94236 1.6
    endloop
  endfacet
  facet normal 0.242983 -0.970031 0
    outer loop
      vertex 14.8709 -2.87082 1.6
      vertex 14.5853 -2.94236 5.72205e-07
      vertex 14.8709 -2.87082 5.72205e-07
    endloop
  endfacet
  facet normal 0.146712 -0.989179 0
    outer loop
      vertex 14.2941 -2.98555 5.72205e-07
      vertex 14.5853 -2.94236 1.6
      vertex 14.2941 -2.98555 1.6
    endloop
  endfacet
  facet normal 0.146712 -0.989179 0
    outer loop
      vertex 14.5853 -2.94236 1.6
      vertex 14.2941 -2.98555 5.72205e-07
      vertex 14.5853 -2.94236 5.72205e-07
    endloop
  endfacet
  facet normal 0.595655 -0.803241 0
    outer loop
      vertex 15.6667 -2.49441 5.72205e-07
      vertex 15.9032 -2.31903 1.6
      vertex 15.6667 -2.49441 1.6
    endloop
  endfacet
  facet normal 0.595655 -0.803241 0
    outer loop
      vertex 15.9032 -2.31903 1.6
      vertex 15.6667 -2.49441 5.72205e-07
      vertex 15.9032 -2.31903 5.72205e-07
    endloop
  endfacet
  facet normal 0.671625 -0.740891 0
    outer loop
      vertex 15.9032 -2.31903 5.72205e-07
      vertex 16.1213 -2.12132 1.6
      vertex 15.9032 -2.31903 1.6
    endloop
  endfacet
  facet normal 0.671625 -0.740891 0
    outer loop
      vertex 16.1213 -2.12132 1.6
      vertex 15.9032 -2.31903 5.72205e-07
      vertex 16.1213 -2.12132 5.72205e-07
    endloop
  endfacet
  facet normal -0.969979 -0.243189 0
    outer loop
      vertex 11.1292 -0.870853 5.72205e-07
      vertex 11.0576 -0.585271 1.6
      vertex 11.0576 -0.585271 5.72205e-07
    endloop
  endfacet
  facet normal -0.969979 -0.243189 0
    outer loop
      vertex 11.0576 -0.585271 1.6
      vertex 11.1292 -0.870853 5.72205e-07
      vertex 11.1292 -0.870853 1.6
    endloop
  endfacet
  facet normal -0.904088 -0.427347 0
    outer loop
      vertex 11.3542 -1.41419 5.72205e-07
      vertex 11.2284 -1.14805 1.6
      vertex 11.2284 -1.14805 5.72205e-07
    endloop
  endfacet
  facet normal -0.904088 -0.427347 0
    outer loop
      vertex 11.2284 -1.14805 1.6
      vertex 11.3542 -1.41419 5.72205e-07
      vertex 11.3542 -1.41419 1.6
    endloop
  endfacet
  facet normal -0.989176 -0.146736 0
    outer loop
      vertex 11.0576 -0.585271 5.72205e-07
      vertex 11.0144 -0.294051 1.6
      vertex 11.0144 -0.294051 5.72205e-07
    endloop
  endfacet
  facet normal -0.989176 -0.146736 0
    outer loop
      vertex 11.0144 -0.294051 1.6
      vertex 11.0576 -0.585271 5.72205e-07
      vertex 11.0576 -0.585271 1.6
    endloop
  endfacet
  facet normal 0 0 -1
    outer loop
      vertex 15.5466 -0.135794 5.72205e-07
      vertex 17 0 5.72205e-07
      vertex 16.9856 -0.294051 5.72205e-07
    endloop
  endfacet
  facet normal 0 0 -1
    outer loop
      vertex 15.5258 -0.286733 5.72205e-07
      vertex 16.9856 -0.294051 5.72205e-07
      vertex 16.9424 -0.585271 5.72205e-07
    endloop
  endfacet
  facet normal -0 0 -1
    outer loop
      vertex 17 0 5.72205e-07
      vertex 15.5466 -0.135794 5.72205e-07
      vertex 15.5533 0 5.72205e-07
    endloop
  endfacet
  facet normal 0 0 -1
    outer loop
      vertex 15.5194 -0.319006 5.72205e-07
      vertex 16.9424 -0.585271 5.72205e-07
      vertex 16.8708 -0.870853 5.72205e-07
    endloop
  endfacet
  facet normal 0 0 -1
    outer loop
      vertex 17 0 5.72205e-07
      vertex 15.5466 0.135794 5.72205e-07
      vertex 16.9856 0.294051 5.72205e-07
    endloop
  endfacet
  facet normal 0 0 -1
    outer loop
      vertex 15.4808 -0.466398 5.72205e-07
      vertex 16.8708 -0.870853 5.72205e-07
      vertex 16.7716 -1.14805 5.72205e-07
    endloop
  endfacet
  facet normal 0 0 -1
    outer loop
      vertex 15.5458 0.152246 5.72205e-07
      vertex 16.9856 0.294051 5.72205e-07
      vertex 15.5466 0.135794 5.72205e-07
    endloop
  endfacet
  facet normal 0 0 -1
    outer loop
      vertex 15.428 -0.6093 5.72205e-07
      vertex 16.7716 -1.14805 5.72205e-07
      vertex 16.6458 -1.41419 5.72205e-07
    endloop
  endfacet
  facet normal 0 0 -1
    outer loop
      vertex 15.5258 0.286733 5.72205e-07
      vertex 16.9856 0.294051 5.72205e-07
      vertex 15.5458 0.152246 5.72205e-07
    endloop
  endfacet
  facet normal 0 0 -1
    outer loop
      vertex 15.3 -0.848819 5.72205e-07
      vertex 16.6458 -1.41419 5.72205e-07
      vertex 16.4944 -1.66671 5.72205e-07
    endloop
  endfacet
  facet normal -0 0 -1
    outer loop
      vertex 16.9856 0.294051 5.72205e-07
      vertex 15.5258 0.286733 5.72205e-07
      vertex 16.9424 0.585271 5.72205e-07
    endloop
  endfacet
  facet normal 0 0 -1
    outer loop
      vertex 15.2105 -0.972151 5.72205e-07
      vertex 16.4944 -1.66671 5.72205e-07
      vertex 16.319 -1.90318 5.72205e-07
    endloop
  endfacet
  facet normal 0 0 -1
    outer loop
      vertex 15.5234 0.303027 5.72205e-07
      vertex 16.9424 0.585271 5.72205e-07
      vertex 15.5258 0.286733 5.72205e-07
    endloop
  endfacet
  facet normal 0 0 -1
    outer loop
      vertex 15.1896 -0.997586 5.72205e-07
      vertex 16.319 -1.90318 5.72205e-07
      vertex 16.1213 -2.12132 5.72205e-07
    endloop
  endfacet
  facet normal 0 0 -1
    outer loop
      vertex 15.5194 0.319006 5.72205e-07
      vertex 16.9424 0.585271 5.72205e-07
      vertex 15.5234 0.303027 5.72205e-07
    endloop
  endfacet
  facet normal 0 0 -1
    outer loop
      vertex 14.9976 -1.18963 5.72205e-07
      vertex 16.1213 -2.12132 5.72205e-07
      vertex 15.9032 -2.31903 5.72205e-07
    endloop
  endfacet
  facet normal -0 0 -1
    outer loop
      vertex 16.9424 0.585271 5.72205e-07
      vertex 15.5194 0.319006 5.72205e-07
      vertex 16.8708 0.870853 5.72205e-07
    endloop
  endfacet
  facet normal 0 0 -1
    outer loop
      vertex 14.9722 -1.2105 5.72205e-07
      vertex 15.9032 -2.31903 5.72205e-07
      vertex 15.6667 -2.49441 5.72205e-07
    endloop
  endfacet
  facet normal 0 0 -1
    outer loop
      vertex 15.4864 0.450889 5.72205e-07
      vertex 16.8708 0.870853 5.72205e-07
      vertex 15.5194 0.319006 5.72205e-07
    endloop
  endfacet
  facet normal 0 0 -1
    outer loop
      vertex 15.4808 0.466398 5.72205e-07
      vertex 16.8708 0.870853 5.72205e-07
      vertex 15.4864 0.450889 5.72205e-07
    endloop
  endfacet
  facet normal 0 0 -1
    outer loop
      vertex 15.5466 0.135794 5.72205e-07
      vertex 17 0 5.72205e-07
      vertex 15.5533 0 5.72205e-07
    endloop
  endfacet
  facet normal 0 0 -1
    outer loop
      vertex 16.9856 -0.294051 5.72205e-07
      vertex 15.5458 -0.152246 5.72205e-07
      vertex 15.5466 -0.135794 5.72205e-07
    endloop
  endfacet
  facet normal 0 0 -1
    outer loop
      vertex 16.9856 -0.294051 5.72205e-07
      vertex 15.5258 -0.286733 5.72205e-07
      vertex 15.5458 -0.152246 5.72205e-07
    endloop
  endfacet
  facet normal 0 0 -1
    outer loop
      vertex 16.9424 -0.585271 5.72205e-07
      vertex 15.5234 -0.303027 5.72205e-07
      vertex 15.5258 -0.286733 5.72205e-07
    endloop
  endfacet
  facet normal 0 0 -1
    outer loop
      vertex 16.9424 -0.585271 5.72205e-07
      vertex 15.5194 -0.319006 5.72205e-07
      vertex 15.5234 -0.303027 5.72205e-07
    endloop
  endfacet
  facet normal 0 0 -1
    outer loop
      vertex 16.8708 -0.870853 5.72205e-07
      vertex 15.4864 -0.450889 5.72205e-07
      vertex 15.5194 -0.319006 5.72205e-07
    endloop
  endfacet
  facet normal 0 0 -1
    outer loop
      vertex 16.8708 -0.870853 5.72205e-07
      vertex 15.4808 -0.466398 5.72205e-07
      vertex 15.4864 -0.450889 5.72205e-07
    endloop
  endfacet
  facet normal 0 0 -1
    outer loop
      vertex 16.7716 -1.14805 5.72205e-07
      vertex 15.435 -0.594409 5.72205e-07
      vertex 15.4808 -0.466398 5.72205e-07
    endloop
  endfacet
  facet normal 0 0 -1
    outer loop
      vertex 16.7716 -1.14805 5.72205e-07
      vertex 15.428 -0.6093 5.72205e-07
      vertex 15.435 -0.594409 5.72205e-07
    endloop
  endfacet
  facet normal 0 0 -1
    outer loop
      vertex 14.8488 -1.29996 5.72205e-07
      vertex 15.6667 -2.49441 5.72205e-07
      vertex 15.4142 -2.64576 5.72205e-07
    endloop
  endfacet
  facet normal 0 0 -1
    outer loop
      vertex 16.6458 -1.41419 5.72205e-07
      vertex 15.3699 -0.732204 5.72205e-07
      vertex 15.428 -0.6093 5.72205e-07
    endloop
  endfacet
  facet normal 0 0 -1
    outer loop
      vertex 16.6458 -1.41419 5.72205e-07
      vertex 15.3 -0.848819 5.72205e-07
      vertex 15.3699 -0.732204 5.72205e-07
    endloop
  endfacet
  facet normal 0 0 -1
    outer loop
      vertex 16.4944 -1.66671 5.72205e-07
      vertex 15.2915 -0.862948 5.72205e-07
      vertex 15.3 -0.848819 5.72205e-07
    endloop
  endfacet
  facet normal 0 0 -1
    outer loop
      vertex 16.4944 -1.66671 5.72205e-07
      vertex 15.2105 -0.972151 5.72205e-07
      vertex 15.2915 -0.862948 5.72205e-07
    endloop
  endfacet
  facet normal 0 0 -1
    outer loop
      vertex 16.319 -1.90318 5.72205e-07
      vertex 15.2007 -0.985381 5.72205e-07
      vertex 15.2105 -0.972151 5.72205e-07
    endloop
  endfacet
  facet normal 0 0 -1
    outer loop
      vertex 16.319 -1.90318 5.72205e-07
      vertex 15.1896 -0.997586 5.72205e-07
      vertex 15.2007 -0.985381 5.72205e-07
    endloop
  endfacet
  facet normal 0 0 -1
    outer loop
      vertex 14.6093 -1.42799 5.72205e-07
      vertex 15.4142 -2.64576 5.72205e-07
      vertex 15.148 -2.77164 5.72205e-07
    endloop
  endfacet
  facet normal 0 0 -1
    outer loop
      vertex 16.1213 -2.12132 5.72205e-07
      vertex 15.0983 -1.09833 5.72205e-07
      vertex 15.1896 -0.997586 5.72205e-07
    endloop
  endfacet
  facet normal 0 0 -1
    outer loop
      vertex 16.1213 -2.12132 5.72205e-07
      vertex 14.9976 -1.18963 5.72205e-07
      vertex 15.0983 -1.09833 5.72205e-07
    endloop
  endfacet
  facet normal 0 0 -1
    outer loop
      vertex 15.9032 -2.31903 5.72205e-07
      vertex 14.9854 -1.20069 5.72205e-07
      vertex 14.9976 -1.18963 5.72205e-07
    endloop
  endfacet
  facet normal 0 0 -1
    outer loop
      vertex 15.9032 -2.31903 5.72205e-07
      vertex 14.9722 -1.2105 5.72205e-07
      vertex 14.9854 -1.20069 5.72205e-07
    endloop
  endfacet
  facet normal 0 0 -1
    outer loop
      vertex 14.4664 -1.48083 5.72205e-07
      vertex 15.148 -2.77164 5.72205e-07
      vertex 14.8709 -2.87082 5.72205e-07
    endloop
  endfacet
  facet normal 0 0 -1
    outer loop
      vertex 15.6667 -2.49441 5.72205e-07
      vertex 14.8629 -1.29149 5.72205e-07
      vertex 14.9722 -1.2105 5.72205e-07
    endloop
  endfacet
  facet normal 0 0 -1
    outer loop
      vertex 15.6667 -2.49441 5.72205e-07
      vertex 14.8488 -1.29996 5.72205e-07
      vertex 14.8629 -1.29149 5.72205e-07
    endloop
  endfacet
  facet normal 0 0 -1
    outer loop
      vertex 15.4142 -2.64576 5.72205e-07
      vertex 14.7322 -1.36986 5.72205e-07
      vertex 14.8488 -1.29996 5.72205e-07
    endloop
  endfacet
  facet normal 0 0 -1
    outer loop
      vertex 15.4142 -2.64576 5.72205e-07
      vertex 14.6093 -1.42799 5.72205e-07
      vertex 14.7322 -1.36986 5.72205e-07
    endloop
  endfacet
  facet normal 0 0 -1
    outer loop
      vertex 15.148 -2.77164 5.72205e-07
      vertex 14.5944 -1.43503 5.72205e-07
      vertex 14.6093 -1.42799 5.72205e-07
    endloop
  endfacet
  facet normal 0 0 -1
    outer loop
      vertex 14.319 -1.51942 5.72205e-07
      vertex 14.8709 -2.87082 5.72205e-07
      vertex 14.5853 -2.94236 5.72205e-07
    endloop
  endfacet
  facet normal 0 0 -1
    outer loop
      vertex 15.148 -2.77164 5.72205e-07
      vertex 14.4664 -1.48083 5.72205e-07
      vertex 14.5944 -1.43503 5.72205e-07
    endloop
  endfacet
  facet normal 0 0 -1
    outer loop
      vertex 14.8709 -2.87082 5.72205e-07
      vertex 14.4509 -1.48638 5.72205e-07
      vertex 14.4664 -1.48083 5.72205e-07
    endloop
  endfacet
  facet normal 0 0 -1
    outer loop
      vertex 14.8709 -2.87082 5.72205e-07
      vertex 14.319 -1.51942 5.72205e-07
      vertex 14.4509 -1.48638 5.72205e-07
    endloop
  endfacet
  facet normal 0 0 -1
    outer loop
      vertex 14.5853 -2.94236 5.72205e-07
      vertex 14.303 -1.52342 5.72205e-07
      vertex 14.319 -1.51942 5.72205e-07
    endloop
  endfacet
  facet normal 0 0 -1
    outer loop
      vertex 14.2867 -1.52584 5.72205e-07
      vertex 14.5853 -2.94236 5.72205e-07
      vertex 14.2941 -2.98555 5.72205e-07
    endloop
  endfacet
  facet normal 0 0 -1
    outer loop
      vertex 14.5853 -2.94236 5.72205e-07
      vertex 14.2867 -1.52584 5.72205e-07
      vertex 14.303 -1.52342 5.72205e-07
    endloop
  endfacet
  facet normal 0 0 -1
    outer loop
      vertex 14.2941 -2.98555 5.72205e-07
      vertex 14.1522 -1.54579 5.72205e-07
      vertex 14.2867 -1.52584 5.72205e-07
    endloop
  endfacet
  facet normal 0 0 -1
    outer loop
      vertex 14.2941 -2.98555 5.72205e-07
      vertex 14.1358 -1.5466 5.72205e-07
      vertex 14.1522 -1.54579 5.72205e-07
    endloop
  endfacet
  facet normal 0 0 -1
    outer loop
      vertex 14 -3 5.72205e-07
      vertex 14.1358 -1.5466 5.72205e-07
      vertex 14.2941 -2.98555 5.72205e-07
    endloop
  endfacet
  facet normal 0 0 -1
    outer loop
      vertex 14 -3 5.72205e-07
      vertex 14 -1.55327 5.72205e-07
      vertex 14.1358 -1.5466 5.72205e-07
    endloop
  endfacet
  facet normal 0 0 -1
    outer loop
      vertex 14 -3 5.72205e-07
      vertex 13.8642 -1.5466 5.72205e-07
      vertex 14 -1.55327 5.72205e-07
    endloop
  endfacet
  facet normal 0 0 -1
    outer loop
      vertex 13.7059 -2.98555 5.72205e-07
      vertex 13.8642 -1.5466 5.72205e-07
      vertex 14 -3 5.72205e-07
    endloop
  endfacet
  facet normal -0 0 -1
    outer loop
      vertex 13.8642 -1.5466 5.72205e-07
      vertex 13.7059 -2.98555 5.72205e-07
      vertex 13.8478 -1.54579 5.72205e-07
    endloop
  endfacet
  facet normal -0 0 -1
    outer loop
      vertex 13.8478 -1.54579 5.72205e-07
      vertex 13.7059 -2.98555 5.72205e-07
      vertex 13.7133 -1.52584 5.72205e-07
    endloop
  endfacet
  facet normal 0 0 -1
    outer loop
      vertex 13.4147 -2.94236 5.72205e-07
      vertex 13.7133 -1.52584 5.72205e-07
      vertex 13.7059 -2.98555 5.72205e-07
    endloop
  endfacet
  facet normal -0 0 -1
    outer loop
      vertex 13.7133 -1.52584 5.72205e-07
      vertex 13.4147 -2.94236 5.72205e-07
      vertex 13.697 -1.52342 5.72205e-07
    endloop
  endfacet
  facet normal -0 0 -1
    outer loop
      vertex 13.697 -1.52342 5.72205e-07
      vertex 13.4147 -2.94236 5.72205e-07
      vertex 13.681 -1.51942 5.72205e-07
    endloop
  endfacet
  facet normal 0 0 -1
    outer loop
      vertex 13.1291 -2.87082 5.72205e-07
      vertex 13.681 -1.51942 5.72205e-07
      vertex 13.4147 -2.94236 5.72205e-07
    endloop
  endfacet
  facet normal -0 0 -1
    outer loop
      vertex 13.681 -1.51942 5.72205e-07
      vertex 13.1291 -2.87082 5.72205e-07
      vertex 13.5491 -1.48638 5.72205e-07
    endloop
  endfacet
  facet normal -0 0 -1
    outer loop
      vertex 13.5491 -1.48638 5.72205e-07
      vertex 13.1291 -2.87082 5.72205e-07
      vertex 13.5336 -1.48083 5.72205e-07
    endloop
  endfacet
  facet normal 0 0 -1
    outer loop
      vertex 12.852 -2.77164 5.72205e-07
      vertex 13.5336 -1.48083 5.72205e-07
      vertex 13.1291 -2.87082 5.72205e-07
    endloop
  endfacet
  facet normal -0 0 -1
    outer loop
      vertex 13.5336 -1.48083 5.72205e-07
      vertex 12.852 -2.77164 5.72205e-07
      vertex 13.4056 -1.43503 5.72205e-07
    endloop
  endfacet
  facet normal -0 0 -1
    outer loop
      vertex 13.4056 -1.43503 5.72205e-07
      vertex 12.852 -2.77164 5.72205e-07
      vertex 13.3907 -1.42799 5.72205e-07
    endloop
  endfacet
  facet normal 0 0 -1
    outer loop
      vertex 12.5858 -2.64576 5.72205e-07
      vertex 13.3907 -1.42799 5.72205e-07
      vertex 12.852 -2.77164 5.72205e-07
    endloop
  endfacet
  facet normal -0 0 -1
    outer loop
      vertex 13.3907 -1.42799 5.72205e-07
      vertex 12.5858 -2.64576 5.72205e-07
      vertex 13.2678 -1.36986 5.72205e-07
    endloop
  endfacet
  facet normal -0 0 -1
    outer loop
      vertex 13.2678 -1.36986 5.72205e-07
      vertex 12.5858 -2.64576 5.72205e-07
      vertex 13.1512 -1.29996 5.72205e-07
    endloop
  endfacet
  facet normal 0 0 -1
    outer loop
      vertex 12.3333 -2.49441 5.72205e-07
      vertex 13.1512 -1.29996 5.72205e-07
      vertex 12.5858 -2.64576 5.72205e-07
    endloop
  endfacet
  facet normal -0 0 -1
    outer loop
      vertex 13.1512 -1.29996 5.72205e-07
      vertex 12.3333 -2.49441 5.72205e-07
      vertex 13.1371 -1.29149 5.72205e-07
    endloop
  endfacet
  facet normal -0 0 -1
    outer loop
      vertex 13.1371 -1.29149 5.72205e-07
      vertex 12.3333 -2.49441 5.72205e-07
      vertex 13.0278 -1.2105 5.72205e-07
    endloop
  endfacet
  facet normal 0 0 -1
    outer loop
      vertex 12.0968 -2.31903 5.72205e-07
      vertex 13.0278 -1.2105 5.72205e-07
      vertex 12.3333 -2.49441 5.72205e-07
    endloop
  endfacet
  facet normal -0 0 -1
    outer loop
      vertex 13.0278 -1.2105 5.72205e-07
      vertex 12.0968 -2.31903 5.72205e-07
      vertex 13.0146 -1.20069 5.72205e-07
    endloop
  endfacet
  facet normal -0 0 -1
    outer loop
      vertex 13.0146 -1.20069 5.72205e-07
      vertex 12.0968 -2.31903 5.72205e-07
      vertex 13.0024 -1.18963 5.72205e-07
    endloop
  endfacet
  facet normal 0 0 -1
    outer loop
      vertex 11.8787 -2.12132 5.72205e-07
      vertex 13.0024 -1.18963 5.72205e-07
      vertex 12.0968 -2.31903 5.72205e-07
    endloop
  endfacet
  facet normal -0 0 -1
    outer loop
      vertex 13.0024 -1.18963 5.72205e-07
      vertex 11.8787 -2.12132 5.72205e-07
      vertex 12.9017 -1.09833 5.72205e-07
    endloop
  endfacet
  facet normal -0 0 -1
    outer loop
      vertex 12.9017 -1.09833 5.72205e-07
      vertex 11.8787 -2.12132 5.72205e-07
      vertex 12.8104 -0.997586 5.72205e-07
    endloop
  endfacet
  facet normal 0 0 -1
    outer loop
      vertex 11.681 -1.90318 5.72205e-07
      vertex 12.8104 -0.997586 5.72205e-07
      vertex 11.8787 -2.12132 5.72205e-07
    endloop
  endfacet
  facet normal -0 0 -1
    outer loop
      vertex 12.8104 -0.997586 5.72205e-07
      vertex 11.681 -1.90318 5.72205e-07
      vertex 12.7993 -0.985381 5.72205e-07
    endloop
  endfacet
  facet normal -0 0 -1
    outer loop
      vertex 12.7993 -0.985381 5.72205e-07
      vertex 11.681 -1.90318 5.72205e-07
      vertex 12.7895 -0.972151 5.72205e-07
    endloop
  endfacet
  facet normal 0 0 -1
    outer loop
      vertex 11.5056 -1.66671 5.72205e-07
      vertex 12.7895 -0.972151 5.72205e-07
      vertex 11.681 -1.90318 5.72205e-07
    endloop
  endfacet
  facet normal -0 0 -1
    outer loop
      vertex 12.7895 -0.972151 5.72205e-07
      vertex 11.5056 -1.66671 5.72205e-07
      vertex 12.7085 -0.862948 5.72205e-07
    endloop
  endfacet
  facet normal -0 0 -1
    outer loop
      vertex 12.7085 -0.862948 5.72205e-07
      vertex 11.5056 -1.66671 5.72205e-07
      vertex 12.7 -0.848819 5.72205e-07
    endloop
  endfacet
  facet normal 0 0 -1
    outer loop
      vertex 11.3542 -1.41419 5.72205e-07
      vertex 12.7 -0.848819 5.72205e-07
      vertex 11.5056 -1.66671 5.72205e-07
    endloop
  endfacet
  facet normal -0 0 -1
    outer loop
      vertex 12.7 -0.848819 5.72205e-07
      vertex 11.3542 -1.41419 5.72205e-07
      vertex 12.6301 -0.732204 5.72205e-07
    endloop
  endfacet
  facet normal -0 0 -1
    outer loop
      vertex 12.6301 -0.732204 5.72205e-07
      vertex 11.3542 -1.41419 5.72205e-07
      vertex 12.572 -0.6093 5.72205e-07
    endloop
  endfacet
  facet normal 0 0 -1
    outer loop
      vertex 11.2284 -1.14805 5.72205e-07
      vertex 12.572 -0.6093 5.72205e-07
      vertex 11.3542 -1.41419 5.72205e-07
    endloop
  endfacet
  facet normal 0 0 -1
    outer loop
      vertex 11.1292 -0.870853 5.72205e-07
      vertex 12.5192 -0.466398 5.72205e-07
      vertex 11.2284 -1.14805 5.72205e-07
    endloop
  endfacet
  facet normal -0 0 -1
    outer loop
      vertex 12.565 -0.594409 5.72205e-07
      vertex 11.2284 -1.14805 5.72205e-07
      vertex 12.5192 -0.466398 5.72205e-07
    endloop
  endfacet
  facet normal -0 0 -1
    outer loop
      vertex 12.572 -0.6093 5.72205e-07
      vertex 11.2284 -1.14805 5.72205e-07
      vertex 12.565 -0.594409 5.72205e-07
    endloop
  endfacet
  facet normal -0 0 -1
    outer loop
      vertex 16.8708 0.870853 5.72205e-07
      vertex 15.4808 0.466398 5.72205e-07
      vertex 16.7716 1.14805 5.72205e-07
    endloop
  endfacet
  facet normal 0 0 -1
    outer loop
      vertex 15.435 0.594409 5.72205e-07
      vertex 16.7716 1.14805 5.72205e-07
      vertex 15.4808 0.466398 5.72205e-07
    endloop
  endfacet
  facet normal 0 0 -1
    outer loop
      vertex 15.428 0.6093 5.72205e-07
      vertex 16.7716 1.14805 5.72205e-07
      vertex 15.435 0.594409 5.72205e-07
    endloop
  endfacet
  facet normal -0 0 -1
    outer loop
      vertex 16.7716 1.14805 5.72205e-07
      vertex 15.428 0.6093 5.72205e-07
      vertex 16.6458 1.41419 5.72205e-07
    endloop
  endfacet
  facet normal 0 0 -1
    outer loop
      vertex 15.3699 0.732204 5.72205e-07
      vertex 16.6458 1.41419 5.72205e-07
      vertex 15.428 0.6093 5.72205e-07
    endloop
  endfacet
  facet normal 0 0 -1
    outer loop
      vertex 15.3 0.848819 5.72205e-07
      vertex 16.6458 1.41419 5.72205e-07
      vertex 15.3699 0.732204 5.72205e-07
    endloop
  endfacet
  facet normal -0 0 -1
    outer loop
      vertex 16.6458 1.41419 5.72205e-07
      vertex 15.3 0.848819 5.72205e-07
      vertex 16.4944 1.66671 5.72205e-07
    endloop
  endfacet
  facet normal 0 0 -1
    outer loop
      vertex 15.2915 0.862948 5.72205e-07
      vertex 16.4944 1.66671 5.72205e-07
      vertex 15.3 0.848819 5.72205e-07
    endloop
  endfacet
  facet normal 0 0 -1
    outer loop
      vertex 15.2105 0.972151 5.72205e-07
      vertex 16.4944 1.66671 5.72205e-07
      vertex 15.2915 0.862948 5.72205e-07
    endloop
  endfacet
  facet normal -0 0 -1
    outer loop
      vertex 16.4944 1.66671 5.72205e-07
      vertex 15.2105 0.972151 5.72205e-07
      vertex 16.319 1.90318 5.72205e-07
    endloop
  endfacet
  facet normal 0 0 -1
    outer loop
      vertex 15.2007 0.985381 5.72205e-07
      vertex 16.319 1.90318 5.72205e-07
      vertex 15.2105 0.972151 5.72205e-07
    endloop
  endfacet
  facet normal 0 0 -1
    outer loop
      vertex 15.1896 0.997586 5.72205e-07
      vertex 16.319 1.90318 5.72205e-07
      vertex 15.2007 0.985381 5.72205e-07
    endloop
  endfacet
  facet normal -0 0 -1
    outer loop
      vertex 16.319 1.90318 5.72205e-07
      vertex 15.1896 0.997586 5.72205e-07
      vertex 16.1213 2.12132 5.72205e-07
    endloop
  endfacet
  facet normal 0 0 -1
    outer loop
      vertex 15.0983 1.09833 5.72205e-07
      vertex 16.1213 2.12132 5.72205e-07
      vertex 15.1896 0.997586 5.72205e-07
    endloop
  endfacet
  facet normal 0 0 -1
    outer loop
      vertex 14.9976 1.18963 5.72205e-07
      vertex 16.1213 2.12132 5.72205e-07
      vertex 15.0983 1.09833 5.72205e-07
    endloop
  endfacet
  facet normal -0 0 -1
    outer loop
      vertex 16.1213 2.12132 5.72205e-07
      vertex 14.9976 1.18963 5.72205e-07
      vertex 15.9032 2.31903 5.72205e-07
    endloop
  endfacet
  facet normal 0 0 -1
    outer loop
      vertex 14.9854 1.20069 5.72205e-07
      vertex 15.9032 2.31903 5.72205e-07
      vertex 14.9976 1.18963 5.72205e-07
    endloop
  endfacet
  facet normal 0 0 -1
    outer loop
      vertex 14.9722 1.2105 5.72205e-07
      vertex 15.9032 2.31903 5.72205e-07
      vertex 14.9854 1.20069 5.72205e-07
    endloop
  endfacet
  facet normal -0 0 -1
    outer loop
      vertex 15.9032 2.31903 5.72205e-07
      vertex 14.9722 1.2105 5.72205e-07
      vertex 15.6667 2.49441 5.72205e-07
    endloop
  endfacet
  facet normal 0 0 -1
    outer loop
      vertex 14.8629 1.29149 5.72205e-07
      vertex 15.6667 2.49441 5.72205e-07
      vertex 14.9722 1.2105 5.72205e-07
    endloop
  endfacet
  facet normal 0 0 -1
    outer loop
      vertex 14.8488 1.29996 5.72205e-07
      vertex 15.6667 2.49441 5.72205e-07
      vertex 14.8629 1.29149 5.72205e-07
    endloop
  endfacet
  facet normal -0 0 -1
    outer loop
      vertex 15.6667 2.49441 5.72205e-07
      vertex 14.8488 1.29996 5.72205e-07
      vertex 15.4142 2.64576 5.72205e-07
    endloop
  endfacet
  facet normal 0 0 -1
    outer loop
      vertex 14.7322 1.36986 5.72205e-07
      vertex 15.4142 2.64576 5.72205e-07
      vertex 14.8488 1.29996 5.72205e-07
    endloop
  endfacet
  facet normal 0 0 -1
    outer loop
      vertex 14.6093 1.42799 5.72205e-07
      vertex 15.4142 2.64576 5.72205e-07
      vertex 14.7322 1.36986 5.72205e-07
    endloop
  endfacet
  facet normal -0 0 -1
    outer loop
      vertex 15.4142 2.64576 5.72205e-07
      vertex 14.6093 1.42799 5.72205e-07
      vertex 15.148 2.77164 5.72205e-07
    endloop
  endfacet
  facet normal 0 0 -1
    outer loop
      vertex 14.5944 1.43503 5.72205e-07
      vertex 15.148 2.77164 5.72205e-07
      vertex 14.6093 1.42799 5.72205e-07
    endloop
  endfacet
  facet normal 0 0 -1
    outer loop
      vertex 14.4664 1.48083 5.72205e-07
      vertex 15.148 2.77164 5.72205e-07
      vertex 14.5944 1.43503 5.72205e-07
    endloop
  endfacet
  facet normal -0 0 -1
    outer loop
      vertex 15.148 2.77164 5.72205e-07
      vertex 14.4664 1.48083 5.72205e-07
      vertex 14.8709 2.87082 5.72205e-07
    endloop
  endfacet
  facet normal 0 0 -1
    outer loop
      vertex 14.4509 1.48638 5.72205e-07
      vertex 14.8709 2.87082 5.72205e-07
      vertex 14.4664 1.48083 5.72205e-07
    endloop
  endfacet
  facet normal 0 0 -1
    outer loop
      vertex 14.319 1.51942 5.72205e-07
      vertex 14.8709 2.87082 5.72205e-07
      vertex 14.4509 1.48638 5.72205e-07
    endloop
  endfacet
  facet normal -0 0 -1
    outer loop
      vertex 14.8709 2.87082 5.72205e-07
      vertex 14.319 1.51942 5.72205e-07
      vertex 14.5853 2.94236 5.72205e-07
    endloop
  endfacet
  facet normal 0 0 -1
    outer loop
      vertex 14.303 1.52342 5.72205e-07
      vertex 14.5853 2.94236 5.72205e-07
      vertex 14.319 1.51942 5.72205e-07
    endloop
  endfacet
  facet normal 0 0 -1
    outer loop
      vertex 14.2867 1.52584 5.72205e-07
      vertex 14.5853 2.94236 5.72205e-07
      vertex 14.303 1.52342 5.72205e-07
    endloop
  endfacet
  facet normal -0 0 -1
    outer loop
      vertex 14.5853 2.94236 5.72205e-07
      vertex 14.2867 1.52584 5.72205e-07
      vertex 14.2941 2.98555 5.72205e-07
    endloop
  endfacet
  facet normal 0 0 -1
    outer loop
      vertex 14.1522 1.54579 5.72205e-07
      vertex 14.2941 2.98555 5.72205e-07
      vertex 14.2867 1.52584 5.72205e-07
    endloop
  endfacet
  facet normal 0 0 -1
    outer loop
      vertex 14.1358 1.5466 5.72205e-07
      vertex 14.2941 2.98555 5.72205e-07
      vertex 14.1522 1.54579 5.72205e-07
    endloop
  endfacet
  facet normal 0 0 -1
    outer loop
      vertex 14 3 5.72205e-07
      vertex 14.1358 1.5466 5.72205e-07
      vertex 14 1.55327 5.72205e-07
    endloop
  endfacet
  facet normal 0 0 -1
    outer loop
      vertex 14.1358 1.5466 5.72205e-07
      vertex 14 3 5.72205e-07
      vertex 14.2941 2.98555 5.72205e-07
    endloop
  endfacet
  facet normal 0 0 -1
    outer loop
      vertex 13.8642 1.5466 5.72205e-07
      vertex 14 3 5.72205e-07
      vertex 14 1.55327 5.72205e-07
    endloop
  endfacet
  facet normal 0 0 -1
    outer loop
      vertex 13.7059 2.98555 5.72205e-07
      vertex 13.8642 1.5466 5.72205e-07
      vertex 13.8478 1.54579 5.72205e-07
    endloop
  endfacet
  facet normal 0 0 -1
    outer loop
      vertex 13.7059 2.98555 5.72205e-07
      vertex 13.8478 1.54579 5.72205e-07
      vertex 13.7133 1.52584 5.72205e-07
    endloop
  endfacet
  facet normal 0 0 -1
    outer loop
      vertex 13.8642 1.5466 5.72205e-07
      vertex 13.7059 2.98555 5.72205e-07
      vertex 14 3 5.72205e-07
    endloop
  endfacet
  facet normal 0 0 -1
    outer loop
      vertex 13.4147 2.94236 5.72205e-07
      vertex 13.7133 1.52584 5.72205e-07
      vertex 13.697 1.52342 5.72205e-07
    endloop
  endfacet
  facet normal 0 0 -1
    outer loop
      vertex 13.4147 2.94236 5.72205e-07
      vertex 13.697 1.52342 5.72205e-07
      vertex 13.681 1.51942 5.72205e-07
    endloop
  endfacet
  facet normal 0 0 -1
    outer loop
      vertex 13.1291 2.87082 5.72205e-07
      vertex 13.681 1.51942 5.72205e-07
      vertex 13.5491 1.48638 5.72205e-07
    endloop
  endfacet
  facet normal 0 0 -1
    outer loop
      vertex 13.1291 2.87082 5.72205e-07
      vertex 13.5491 1.48638 5.72205e-07
      vertex 13.5336 1.48083 5.72205e-07
    endloop
  endfacet
  facet normal 0 0 -1
    outer loop
      vertex 13.7133 1.52584 5.72205e-07
      vertex 13.4147 2.94236 5.72205e-07
      vertex 13.7059 2.98555 5.72205e-07
    endloop
  endfacet
  facet normal 0 0 -1
    outer loop
      vertex 12.852 2.77164 5.72205e-07
      vertex 13.5336 1.48083 5.72205e-07
      vertex 13.4056 1.43503 5.72205e-07
    endloop
  endfacet
  facet normal 0 0 -1
    outer loop
      vertex 12.852 2.77164 5.72205e-07
      vertex 13.4056 1.43503 5.72205e-07
      vertex 13.3907 1.42799 5.72205e-07
    endloop
  endfacet
  facet normal 0 0 -1
    outer loop
      vertex 12.5858 2.64576 5.72205e-07
      vertex 13.3907 1.42799 5.72205e-07
      vertex 13.2678 1.36986 5.72205e-07
    endloop
  endfacet
  facet normal 0 0 -1
    outer loop
      vertex 12.5858 2.64576 5.72205e-07
      vertex 13.2678 1.36986 5.72205e-07
      vertex 13.1512 1.29996 5.72205e-07
    endloop
  endfacet
  facet normal 0 0 -1
    outer loop
      vertex 12.3333 2.49441 5.72205e-07
      vertex 13.1512 1.29996 5.72205e-07
      vertex 13.1371 1.29149 5.72205e-07
    endloop
  endfacet
  facet normal 0 0 -1
    outer loop
      vertex 13.681 1.51942 5.72205e-07
      vertex 13.1291 2.87082 5.72205e-07
      vertex 13.4147 2.94236 5.72205e-07
    endloop
  endfacet
  facet normal 0 0 -1
    outer loop
      vertex 12.3333 2.49441 5.72205e-07
      vertex 13.1371 1.29149 5.72205e-07
      vertex 13.0278 1.2105 5.72205e-07
    endloop
  endfacet
  facet normal 0 0 -1
    outer loop
      vertex 12.0968 2.31903 5.72205e-07
      vertex 13.0278 1.2105 5.72205e-07
      vertex 13.0146 1.20069 5.72205e-07
    endloop
  endfacet
  facet normal 0 0 -1
    outer loop
      vertex 12.0968 2.31903 5.72205e-07
      vertex 13.0146 1.20069 5.72205e-07
      vertex 13.0024 1.18963 5.72205e-07
    endloop
  endfacet
  facet normal 0 0 -1
    outer loop
      vertex 11.8787 2.12132 5.72205e-07
      vertex 13.0024 1.18963 5.72205e-07
      vertex 12.9017 1.09833 5.72205e-07
    endloop
  endfacet
  facet normal 0 0 -1
    outer loop
      vertex 13.5336 1.48083 5.72205e-07
      vertex 12.852 2.77164 5.72205e-07
      vertex 13.1291 2.87082 5.72205e-07
    endloop
  endfacet
  facet normal 0 0 -1
    outer loop
      vertex 11.8787 2.12132 5.72205e-07
      vertex 12.9017 1.09833 5.72205e-07
      vertex 12.8104 0.997586 5.72205e-07
    endloop
  endfacet
  facet normal 0 0 -1
    outer loop
      vertex 11.681 1.90318 5.72205e-07
      vertex 12.8104 0.997586 5.72205e-07
      vertex 12.7993 0.985381 5.72205e-07
    endloop
  endfacet
  facet normal 0 0 -1
    outer loop
      vertex 11.681 1.90318 5.72205e-07
      vertex 12.7993 0.985381 5.72205e-07
      vertex 12.7895 0.972151 5.72205e-07
    endloop
  endfacet
  facet normal 0 0 -1
    outer loop
      vertex 11.5056 1.66671 5.72205e-07
      vertex 12.7895 0.972151 5.72205e-07
      vertex 12.7085 0.862948 5.72205e-07
    endloop
  endfacet
  facet normal 0 0 -1
    outer loop
      vertex 11.5056 1.66671 5.72205e-07
      vertex 12.7085 0.862948 5.72205e-07
      vertex 12.7 0.848819 5.72205e-07
    endloop
  endfacet
  facet normal 0 0 -1
    outer loop
      vertex 11.3542 1.41419 5.72205e-07
      vertex 12.7 0.848819 5.72205e-07
      vertex 12.6301 0.732204 5.72205e-07
    endloop
  endfacet
  facet normal 0 0 -1
    outer loop
      vertex 13.3907 1.42799 5.72205e-07
      vertex 12.5858 2.64576 5.72205e-07
      vertex 12.852 2.77164 5.72205e-07
    endloop
  endfacet
  facet normal 0 0 -1
    outer loop
      vertex 11.3542 1.41419 5.72205e-07
      vertex 12.6301 0.732204 5.72205e-07
      vertex 12.572 0.6093 5.72205e-07
    endloop
  endfacet
  facet normal 0 0 -1
    outer loop
      vertex 11.2284 1.14805 5.72205e-07
      vertex 12.572 0.6093 5.72205e-07
      vertex 12.565 0.594409 5.72205e-07
    endloop
  endfacet
  facet normal 0 0 -1
    outer loop
      vertex 11.2284 1.14805 5.72205e-07
      vertex 12.565 0.594409 5.72205e-07
      vertex 12.5192 0.466398 5.72205e-07
    endloop
  endfacet
  facet normal 0 0 -1
    outer loop
      vertex 11.1292 0.870853 5.72205e-07
      vertex 12.5192 0.466398 5.72205e-07
      vertex 12.5136 0.450889 5.72205e-07
    endloop
  endfacet
  facet normal 0 0 -1
    outer loop
      vertex 11.1292 0.870853 5.72205e-07
      vertex 12.5136 0.450889 5.72205e-07
      vertex 12.4806 0.319006 5.72205e-07
    endloop
  endfacet
  facet normal 0 0 -1
    outer loop
      vertex 11.0576 0.585271 5.72205e-07
      vertex 12.4806 0.319006 5.72205e-07
      vertex 12.4766 0.303027 5.72205e-07
    endloop
  endfacet
  facet normal 0 0 -1
    outer loop
      vertex 11.0576 0.585271 5.72205e-07
      vertex 12.4766 0.303027 5.72205e-07
      vertex 12.4742 0.286733 5.72205e-07
    endloop
  endfacet
  facet normal 0 0 -1
    outer loop
      vertex 11.0144 0.294051 5.72205e-07
      vertex 12.4742 0.286733 5.72205e-07
      vertex 12.4542 0.152246 5.72205e-07
    endloop
  endfacet
  facet normal 0 0 -1
    outer loop
      vertex 13.1512 1.29996 5.72205e-07
      vertex 12.3333 2.49441 5.72205e-07
      vertex 12.5858 2.64576 5.72205e-07
    endloop
  endfacet
  facet normal 0 0 -1
    outer loop
      vertex 11.0144 0.294051 5.72205e-07
      vertex 12.4542 0.152246 5.72205e-07
      vertex 12.4534 0.135794 5.72205e-07
    endloop
  endfacet
  facet normal 0 0 -1
    outer loop
      vertex 11 0 5.72205e-07
      vertex 12.4534 0.135794 5.72205e-07
      vertex 12.4467 0 5.72205e-07
    endloop
  endfacet
  facet normal -0 0 -1
    outer loop
      vertex 12.5192 -0.466398 5.72205e-07
      vertex 11.1292 -0.870853 5.72205e-07
      vertex 12.5136 -0.450889 5.72205e-07
    endloop
  endfacet
  facet normal -0 0 -1
    outer loop
      vertex 12.5136 -0.450889 5.72205e-07
      vertex 11.1292 -0.870853 5.72205e-07
      vertex 12.4806 -0.319006 5.72205e-07
    endloop
  endfacet
  facet normal 0 0 -1
    outer loop
      vertex 13.0278 1.2105 5.72205e-07
      vertex 12.0968 2.31903 5.72205e-07
      vertex 12.3333 2.49441 5.72205e-07
    endloop
  endfacet
  facet normal 0 0 -1
    outer loop
      vertex 11.0576 -0.585271 5.72205e-07
      vertex 12.4806 -0.319006 5.72205e-07
      vertex 11.1292 -0.870853 5.72205e-07
    endloop
  endfacet
  facet normal 0 0 -1
    outer loop
      vertex 13.0024 1.18963 5.72205e-07
      vertex 11.8787 2.12132 5.72205e-07
      vertex 12.0968 2.31903 5.72205e-07
    endloop
  endfacet
  facet normal -0 0 -1
    outer loop
      vertex 12.4806 -0.319006 5.72205e-07
      vertex 11.0576 -0.585271 5.72205e-07
      vertex 12.4766 -0.303027 5.72205e-07
    endloop
  endfacet
  facet normal 0 0 -1
    outer loop
      vertex 12.8104 0.997586 5.72205e-07
      vertex 11.681 1.90318 5.72205e-07
      vertex 11.8787 2.12132 5.72205e-07
    endloop
  endfacet
  facet normal -0 0 -1
    outer loop
      vertex 12.4766 -0.303027 5.72205e-07
      vertex 11.0576 -0.585271 5.72205e-07
      vertex 12.4742 -0.286733 5.72205e-07
    endloop
  endfacet
  facet normal 0 0 -1
    outer loop
      vertex 12.7895 0.972151 5.72205e-07
      vertex 11.5056 1.66671 5.72205e-07
      vertex 11.681 1.90318 5.72205e-07
    endloop
  endfacet
  facet normal 0 0 -1
    outer loop
      vertex 11.0144 -0.294051 5.72205e-07
      vertex 12.4742 -0.286733 5.72205e-07
      vertex 11.0576 -0.585271 5.72205e-07
    endloop
  endfacet
  facet normal 0 0 -1
    outer loop
      vertex 12.7 0.848819 5.72205e-07
      vertex 11.3542 1.41419 5.72205e-07
      vertex 11.5056 1.66671 5.72205e-07
    endloop
  endfacet
  facet normal -0 0 -1
    outer loop
      vertex 12.4742 -0.286733 5.72205e-07
      vertex 11.0144 -0.294051 5.72205e-07
      vertex 12.4542 -0.152246 5.72205e-07
    endloop
  endfacet
  facet normal 0 0 -1
    outer loop
      vertex 12.572 0.6093 5.72205e-07
      vertex 11.2284 1.14805 5.72205e-07
      vertex 11.3542 1.41419 5.72205e-07
    endloop
  endfacet
  facet normal -0 0 -1
    outer loop
      vertex 12.4542 -0.152246 5.72205e-07
      vertex 11.0144 -0.294051 5.72205e-07
      vertex 12.4534 -0.135794 5.72205e-07
    endloop
  endfacet
  facet normal 0 0 -1
    outer loop
      vertex 12.5192 0.466398 5.72205e-07
      vertex 11.1292 0.870853 5.72205e-07
      vertex 11.2284 1.14805 5.72205e-07
    endloop
  endfacet
  facet normal 0 0 -1
    outer loop
      vertex 11 0 5.72205e-07
      vertex 12.4534 -0.135794 5.72205e-07
      vertex 11.0144 -0.294051 5.72205e-07
    endloop
  endfacet
  facet normal 0 0 -1
    outer loop
      vertex 12.4806 0.319006 5.72205e-07
      vertex 11.0576 0.585271 5.72205e-07
      vertex 11.1292 0.870853 5.72205e-07
    endloop
  endfacet
  facet normal 0 0 -1
    outer loop
      vertex 12.4534 -0.135794 5.72205e-07
      vertex 11 0 5.72205e-07
      vertex 12.4467 0 5.72205e-07
    endloop
  endfacet
  facet normal 0 0 -1
    outer loop
      vertex 12.4742 0.286733 5.72205e-07
      vertex 11.0144 0.294051 5.72205e-07
      vertex 11.0576 0.585271 5.72205e-07
    endloop
  endfacet
  facet normal -0 0 -1
    outer loop
      vertex 12.4534 0.135794 5.72205e-07
      vertex 11 0 5.72205e-07
      vertex 11.0144 0.294051 5.72205e-07
    endloop
  endfacet
  facet normal -0.514121 -0.857718 0
    outer loop
      vertex 12.3333 -2.49441 5.72205e-07
      vertex 12.5858 -2.64576 1.6
      vertex 12.3333 -2.49441 1.6
    endloop
  endfacet
  facet normal -0.514121 -0.857718 -0
    outer loop
      vertex 12.5858 -2.64576 1.6
      vertex 12.3333 -2.49441 5.72205e-07
      vertex 12.5858 -2.64576 5.72205e-07
    endloop
  endfacet
  facet normal -0.0490738 -0.998795 0
    outer loop
      vertex 13.7059 -2.98555 5.72205e-07
      vertex 14 -3 1.6
      vertex 13.7059 -2.98555 1.6
    endloop
  endfacet
  facet normal -0.0490738 -0.998795 -0
    outer loop
      vertex 14 -3 1.6
      vertex 13.7059 -2.98555 5.72205e-07
      vertex 14 -3 5.72205e-07
    endloop
  endfacet
  facet normal 0.998803 0.0489125 0
    outer loop
      vertex 17 0 1.6
      vertex 16.9856 0.294051 5.72205e-07
      vertex 16.9856 0.294051 1.6
    endloop
  endfacet
  facet normal 0.998803 0.0489125 0
    outer loop
      vertex 16.9856 0.294051 5.72205e-07
      vertex 17 0 1.6
      vertex 17 0 5.72205e-07
    endloop
  endfacet
  facet normal 0.0490738 0.998795 -0
    outer loop
      vertex 14.2941 2.98555 5.72205e-07
      vertex 14 3 1.6
      vertex 14.2941 2.98555 1.6
    endloop
  endfacet
  facet normal 0.0490738 0.998795 0
    outer loop
      vertex 14 3 1.6
      vertex 14.2941 2.98555 5.72205e-07
      vertex 14 3 5.72205e-07
    endloop
  endfacet
  facet normal 0.427491 0.90402 -0
    outer loop
      vertex 15.4142 2.64576 5.72205e-07
      vertex 15.148 2.77164 1.6
      vertex 15.4142 2.64576 1.6
    endloop
  endfacet
  facet normal 0.427491 0.90402 0
    outer loop
      vertex 15.148 2.77164 1.6
      vertex 15.4142 2.64576 5.72205e-07
      vertex 15.148 2.77164 5.72205e-07
    endloop
  endfacet
  facet normal 0.595655 0.803241 -0
    outer loop
      vertex 15.9032 2.31903 5.72205e-07
      vertex 15.6667 2.49441 1.6
      vertex 15.9032 2.31903 1.6
    endloop
  endfacet
  facet normal 0.595655 0.803241 0
    outer loop
      vertex 15.6667 2.49441 1.6
      vertex 15.9032 2.31903 5.72205e-07
      vertex 15.6667 2.49441 5.72205e-07
    endloop
  endfacet
  facet normal 0.514121 0.857718 -0
    outer loop
      vertex 15.6667 2.49441 5.72205e-07
      vertex 15.4142 2.64576 1.6
      vertex 15.6667 2.49441 1.6
    endloop
  endfacet
  facet normal 0.514121 0.857718 0
    outer loop
      vertex 15.4142 2.64576 1.6
      vertex 15.6667 2.49441 5.72205e-07
      vertex 15.4142 2.64576 5.72205e-07
    endloop
  endfacet
  facet normal 0.740969 0.671539 0
    outer loop
      vertex 16.319 1.90318 1.6
      vertex 16.1213 2.12132 5.72205e-07
      vertex 16.1213 2.12132 1.6
    endloop
  endfacet
  facet normal 0.740969 0.671539 0
    outer loop
      vertex 16.1213 2.12132 5.72205e-07
      vertex 16.319 1.90318 1.6
      vertex 16.319 1.90318 5.72205e-07
    endloop
  endfacet
  facet normal 0.803172 0.595747 0
    outer loop
      vertex 16.4944 1.66671 1.6
      vertex 16.319 1.90318 5.72205e-07
      vertex 16.319 1.90318 1.6
    endloop
  endfacet
  facet normal 0.803172 0.595747 0
    outer loop
      vertex 16.319 1.90318 5.72205e-07
      vertex 16.4944 1.66671 1.6
      vertex 16.4944 1.66671 5.72205e-07
    endloop
  endfacet
  facet normal -0.671625 0.740891 0
    outer loop
      vertex 12.0968 2.31903 5.72205e-07
      vertex 11.8787 2.12132 1.6
      vertex 12.0968 2.31903 1.6
    endloop
  endfacet
  facet normal -0.671625 0.740891 0
    outer loop
      vertex 11.8787 2.12132 1.6
      vertex 12.0968 2.31903 5.72205e-07
      vertex 11.8787 2.12132 5.72205e-07
    endloop
  endfacet
  facet normal -0.595655 0.803241 0
    outer loop
      vertex 12.3333 2.49441 5.72205e-07
      vertex 12.0968 2.31903 1.6
      vertex 12.3333 2.49441 1.6
    endloop
  endfacet
  facet normal -0.595655 0.803241 0
    outer loop
      vertex 12.0968 2.31903 1.6
      vertex 12.3333 2.49441 5.72205e-07
      vertex 12.0968 2.31903 5.72205e-07
    endloop
  endfacet
  facet normal -0.514121 0.857718 0
    outer loop
      vertex 12.5858 2.64576 5.72205e-07
      vertex 12.3333 2.49441 1.6
      vertex 12.5858 2.64576 1.6
    endloop
  endfacet
  facet normal -0.514121 0.857718 0
    outer loop
      vertex 12.3333 2.49441 1.6
      vertex 12.5858 2.64576 5.72205e-07
      vertex 12.3333 2.49441 5.72205e-07
    endloop
  endfacet
  facet normal -0.146712 0.989179 0
    outer loop
      vertex 13.7059 2.98555 5.72205e-07
      vertex 13.4147 2.94236 1.6
      vertex 13.7059 2.98555 1.6
    endloop
  endfacet
  facet normal -0.146712 0.989179 0
    outer loop
      vertex 13.4147 2.94236 1.6
      vertex 13.7059 2.98555 5.72205e-07
      vertex 13.4147 2.94236 5.72205e-07
    endloop
  endfacet
  facet normal -0.904088 0.427347 0
    outer loop
      vertex 11.2284 1.14805 5.72205e-07
      vertex 11.3542 1.41419 1.6
      vertex 11.3542 1.41419 5.72205e-07
    endloop
  endfacet
  facet normal -0.904088 0.427347 0
    outer loop
      vertex 11.3542 1.41419 1.6
      vertex 11.2284 1.14805 5.72205e-07
      vertex 11.2284 1.14805 1.6
    endloop
  endfacet
  facet normal -0.941525 0.336942 0
    outer loop
      vertex 11.1292 0.870853 5.72205e-07
      vertex 11.2284 1.14805 1.6
      vertex 11.2284 1.14805 5.72205e-07
    endloop
  endfacet
  facet normal -0.941525 0.336942 0
    outer loop
      vertex 11.2284 1.14805 1.6
      vertex 11.1292 0.870853 5.72205e-07
      vertex 11.1292 0.870853 1.6
    endloop
  endfacet
  facet normal -0.998803 0.0489125 0
    outer loop
      vertex 11 0 5.72205e-07
      vertex 11.0144 0.294051 1.6
      vertex 11.0144 0.294051 5.72205e-07
    endloop
  endfacet
  facet normal -0.998803 0.0489125 0
    outer loop
      vertex 11.0144 0.294051 1.6
      vertex 11 0 5.72205e-07
      vertex 11 0 1.6
    endloop
  endfacet
  facet normal 0.803172 -0.595747 0
    outer loop
      vertex 16.319 -1.90318 1.6
      vertex 16.4944 -1.66671 5.72205e-07
      vertex 16.4944 -1.66671 1.6
    endloop
  endfacet
  facet normal 0.803172 -0.595747 0
    outer loop
      vertex 16.4944 -1.66671 5.72205e-07
      vertex 16.319 -1.90318 1.6
      vertex 16.319 -1.90318 5.72205e-07
    endloop
  endfacet
  facet normal 0.336986 -0.94151 0
    outer loop
      vertex 14.8709 -2.87082 5.72205e-07
      vertex 15.148 -2.77164 1.6
      vertex 14.8709 -2.87082 1.6
    endloop
  endfacet
  facet normal 0.336986 -0.94151 0
    outer loop
      vertex 15.148 -2.77164 1.6
      vertex 14.8709 -2.87082 5.72205e-07
      vertex 15.148 -2.77164 5.72205e-07
    endloop
  endfacet
  facet normal 0.514121 -0.857718 0
    outer loop
      vertex 15.4142 -2.64576 5.72205e-07
      vertex 15.6667 -2.49441 1.6
      vertex 15.4142 -2.64576 1.6
    endloop
  endfacet
  facet normal 0.514121 -0.857718 0
    outer loop
      vertex 15.6667 -2.49441 1.6
      vertex 15.4142 -2.64576 5.72205e-07
      vertex 15.6667 -2.49441 5.72205e-07
    endloop
  endfacet
  facet normal -0.740969 -0.671539 0
    outer loop
      vertex 11.8787 -2.12132 5.72205e-07
      vertex 11.681 -1.90318 1.6
      vertex 11.681 -1.90318 5.72205e-07
    endloop
  endfacet
  facet normal -0.740969 -0.671539 0
    outer loop
      vertex 11.681 -1.90318 1.6
      vertex 11.8787 -2.12132 5.72205e-07
      vertex 11.8787 -2.12132 1.6
    endloop
  endfacet
  facet normal -0.941525 -0.336942 0
    outer loop
      vertex 11.2284 -1.14805 5.72205e-07
      vertex 11.1292 -0.870853 1.6
      vertex 11.1292 -0.870853 5.72205e-07
    endloop
  endfacet
  facet normal -0.941525 -0.336942 0
    outer loop
      vertex 11.1292 -0.870853 1.6
      vertex 11.2284 -1.14805 5.72205e-07
      vertex 11.2284 -1.14805 1.6
    endloop
  endfacet
  facet normal -0.595655 -0.803241 0
    outer loop
      vertex 12.0968 -2.31903 5.72205e-07
      vertex 12.3333 -2.49441 1.6
      vertex 12.0968 -2.31903 1.6
    endloop
  endfacet
  facet normal -0.595655 -0.803241 -0
    outer loop
      vertex 12.3333 -2.49441 1.6
      vertex 12.0968 -2.31903 5.72205e-07
      vertex 12.3333 -2.49441 5.72205e-07
    endloop
  endfacet
  facet normal -0.427491 -0.90402 0
    outer loop
      vertex 12.5858 -2.64576 5.72205e-07
      vertex 12.852 -2.77164 1.6
      vertex 12.5858 -2.64576 1.6
    endloop
  endfacet
  facet normal -0.427491 -0.90402 -0
    outer loop
      vertex 12.852 -2.77164 1.6
      vertex 12.5858 -2.64576 5.72205e-07
      vertex 12.852 -2.77164 5.72205e-07
    endloop
  endfacet
  facet normal -0.242983 -0.970031 0
    outer loop
      vertex 13.1291 -2.87082 5.72205e-07
      vertex 13.4147 -2.94236 1.6
      vertex 13.1291 -2.87082 1.6
    endloop
  endfacet
  facet normal -0.242983 -0.970031 -0
    outer loop
      vertex 13.4147 -2.94236 1.6
      vertex 13.1291 -2.87082 5.72205e-07
      vertex 13.4147 -2.94236 5.72205e-07
    endloop
  endfacet
  facet normal 0.146712 0.989179 -0
    outer loop
      vertex 14.5853 2.94236 5.72205e-07
      vertex 14.2941 2.98555 1.6
      vertex 14.5853 2.94236 1.6
    endloop
  endfacet
  facet normal 0.146712 0.989179 0
    outer loop
      vertex 14.2941 2.98555 1.6
      vertex 14.5853 2.94236 5.72205e-07
      vertex 14.2941 2.98555 5.72205e-07
    endloop
  endfacet
  facet normal 0.336986 0.94151 -0
    outer loop
      vertex 15.148 2.77164 5.72205e-07
      vertex 14.8709 2.87082 1.6
      vertex 15.148 2.77164 1.6
    endloop
  endfacet
  facet normal 0.336986 0.94151 0
    outer loop
      vertex 14.8709 2.87082 1.6
      vertex 15.148 2.77164 5.72205e-07
      vertex 14.8709 2.87082 5.72205e-07
    endloop
  endfacet
  facet normal 0.904088 0.427347 0
    outer loop
      vertex 16.7716 1.14805 1.6
      vertex 16.6458 1.41419 5.72205e-07
      vertex 16.6458 1.41419 1.6
    endloop
  endfacet
  facet normal 0.904088 0.427347 0
    outer loop
      vertex 16.6458 1.41419 5.72205e-07
      vertex 16.7716 1.14805 1.6
      vertex 16.7716 1.14805 5.72205e-07
    endloop
  endfacet
  facet normal 0.941525 0.336942 0
    outer loop
      vertex 16.8708 0.870853 1.6
      vertex 16.7716 1.14805 5.72205e-07
      vertex 16.7716 1.14805 1.6
    endloop
  endfacet
  facet normal 0.941525 0.336942 0
    outer loop
      vertex 16.7716 1.14805 5.72205e-07
      vertex 16.8708 0.870853 1.6
      vertex 16.8708 0.870853 5.72205e-07
    endloop
  endfacet
  facet normal 0.989176 0.146736 0
    outer loop
      vertex 16.9856 0.294051 1.6
      vertex 16.9424 0.585271 5.72205e-07
      vertex 16.9424 0.585271 1.6
    endloop
  endfacet
  facet normal 0.989176 0.146736 0
    outer loop
      vertex 16.9424 0.585271 5.72205e-07
      vertex 16.9856 0.294051 1.6
      vertex 16.9856 0.294051 5.72205e-07
    endloop
  endfacet
  facet normal -0.427491 0.90402 0
    outer loop
      vertex 12.852 2.77164 5.72205e-07
      vertex 12.5858 2.64576 1.6
      vertex 12.852 2.77164 1.6
    endloop
  endfacet
  facet normal -0.427491 0.90402 0
    outer loop
      vertex 12.5858 2.64576 1.6
      vertex 12.852 2.77164 5.72205e-07
      vertex 12.5858 2.64576 5.72205e-07
    endloop
  endfacet
  facet normal -0.242983 0.970031 0
    outer loop
      vertex 13.4147 2.94236 5.72205e-07
      vertex 13.1291 2.87082 1.6
      vertex 13.4147 2.94236 1.6
    endloop
  endfacet
  facet normal -0.242983 0.970031 0
    outer loop
      vertex 13.1291 2.87082 1.6
      vertex 13.4147 2.94236 5.72205e-07
      vertex 13.1291 2.87082 5.72205e-07
    endloop
  endfacet
  facet normal -0.857661 0.514216 0
    outer loop
      vertex 11.3542 1.41419 5.72205e-07
      vertex 11.5056 1.66671 1.6
      vertex 11.5056 1.66671 5.72205e-07
    endloop
  endfacet
  facet normal -0.857661 0.514216 0
    outer loop
      vertex 11.5056 1.66671 1.6
      vertex 11.3542 1.41419 5.72205e-07
      vertex 11.3542 1.41419 1.6
    endloop
  endfacet
  facet normal -0.989176 0.146736 0
    outer loop
      vertex 11.0144 0.294051 5.72205e-07
      vertex 11.0576 0.585271 1.6
      vertex 11.0576 0.585271 5.72205e-07
    endloop
  endfacet
  facet normal -0.989176 0.146736 0
    outer loop
      vertex 11.0576 0.585271 1.6
      vertex 11.0144 0.294051 5.72205e-07
      vertex 11.0144 0.294051 1.6
    endloop
  endfacet
  facet normal -0.149343 0.249119 -0.956889
    outer loop
      vertex 14.7101 -1.32859 0.0141941
      vertex 14.8488 -1.29996 5.72205e-07
      vertex 14.7322 -1.36986 5.72205e-07
    endloop
  endfacet
  facet normal -0.149405 0.249467 -0.956789
    outer loop
      vertex 14.8488 -1.29996 5.72205e-07
      vertex 14.7101 -1.32859 0.0141941
      vertex 14.837 -1.25259 0.0141941
    endloop
  endfacet
  facet normal 0.0286633 0.193203 -0.98074
    outer loop
      vertex 13.9108 -0.905348 0.132895
      vertex 13.8523 -1.49922 0.0141941
      vertex 13.7061 -1.47753 0.0141941
    endloop
  endfacet
  facet normal 0.0142562 -0.290254 -0.956843
    outer loop
      vertex 14 1.50648 0.0141941
      vertex 13.8642 1.5466 5.72205e-07
      vertex 14 1.55327 5.72205e-07
    endloop
  endfacet
  facet normal 0.0142656 -0.290225 -0.956852
    outer loop
      vertex 13.8642 1.5466 5.72205e-07
      vertex 14 1.50648 0.0141941
      vertex 13.8523 1.49922 0.0141941
    endloop
  endfacet
  facet normal -0.0835123 0.176559 -0.980741
    outer loop
      vertex 14.4288 -0.802309 0.132895
      vertex 14.5765 -1.3918 0.0141941
      vertex 14.3481 -0.84048 0.132895
    endloop
  endfacet
  facet normal -0.0426495 -0.287476 -0.956838
    outer loop
      vertex 14.1477 1.49922 0.0141941
      vertex 14.2867 1.52584 5.72205e-07
      vertex 14.2939 1.47753 0.0141941
    endloop
  endfacet
  facet normal -0.0426441 -0.287501 -0.956831
    outer loop
      vertex 14.2867 1.52584 5.72205e-07
      vertex 14.1477 1.49922 0.0141941
      vertex 14.1522 1.54579 5.72205e-07
    endloop
  endfacet
  facet normal -0.0658413 0.18389 -0.980739
    outer loop
      vertex 14.3481 -0.84048 0.132895
      vertex 14.4373 -1.44161 0.0141941
      vertex 14.2641 -0.870556 0.132895
    endloop
  endfacet
  facet normal 0.1839 -0.0658521 -0.980737
    outer loop
      vertex 13.1595 0.348138 0.132895
      vertex 13.1294 0.26408 0.132895
      vertex 12.5584 0.437306 0.0141941
    endloop
  endfacet
  facet normal -0.0970707 -0.0144629 -0.995172
    outer loop
      vertex 14.8922 0.177479 0.132895
      vertex 14.3028 0.0298185 0.192532
      vertex 14.2984 0.05935 0.192532
    endloop
  endfacet
  facet normal 0.183909 -0.065796 -0.980739
    outer loop
      vertex 12.6082 0.576504 0.0141941
      vertex 13.1595 0.348138 0.132895
      vertex 12.5584 0.437306 0.0141941
    endloop
  endfacet
  facet normal 0.249016 -0.149808 -0.956843
    outer loop
      vertex 12.7085 0.862948 5.72205e-07
      vertex 12.7474 0.836953 0.0141941
      vertex 12.7 0.848819 5.72205e-07
    endloop
  endfacet
  facet normal 0.0142562 0.290254 -0.956843
    outer loop
      vertex 13.8642 -1.5466 5.72205e-07
      vertex 14 -1.50648 0.0141941
      vertex 14 -1.55327 5.72205e-07
    endloop
  endfacet
  facet normal 0.0142656 0.290225 -0.956852
    outer loop
      vertex 14 -1.50648 0.0141941
      vertex 13.8642 -1.5466 5.72205e-07
      vertex 13.8523 -1.49922 0.0141941
    endloop
  endfacet
  facet normal -0.0727397 0.0658681 -0.995174
    outer loop
      vertex 14.7032 -0.577126 0.132895
      vertex 14.6433 -0.643275 0.132895
      vertex 14.2151 -0.215116 0.192532
    endloop
  endfacet
  facet normal 0.124146 -0.262752 -0.956843
    outer loop
      vertex 13.4056 1.43503 5.72205e-07
      vertex 13.4235 1.3918 0.0141941
      vertex 13.3907 1.42799 5.72205e-07
    endloop
  endfacet
  facet normal -0.173299 -0.233185 -0.956866
    outer loop
      vertex 14.9722 1.2105 5.72205e-07
      vertex 14.9854 1.20069 5.72205e-07
      vertex 14.9557 1.16452 0.0141941
    endloop
  endfacet
  facet normal -0.176566 0.0834976 -0.980741
    outer loop
      vertex 15.3918 -0.576504 0.0141941
      vertex 15.3286 -0.710148 0.0141941
      vertex 14.8023 -0.428843 0.132895
    endloop
  endfacet
  facet normal 0.273763 0.0979475 -0.956797
    outer loop
      vertex 12.5192 -0.466398 5.72205e-07
      vertex 12.6082 -0.576504 0.0141941
      vertex 12.565 -0.594409 5.72205e-07
    endloop
  endfacet
  facet normal 0.273753 0.097939 -0.9568
    outer loop
      vertex 12.6082 -0.576504 0.0141941
      vertex 12.5192 -0.466398 5.72205e-07
      vertex 12.5584 -0.437306 0.0141941
    endloop
  endfacet
  facet normal 0.156858 -0.116373 -0.980741
    outer loop
      vertex 13.2968 0.577126 0.132895
      vertex 13.2436 0.505418 0.132895
      vertex 12.7474 0.836953 0.0141941
    endloop
  endfacet
  facet normal -0.116377 0.156852 -0.980741
    outer loop
      vertex 14.9557 -1.16452 0.0141941
      vertex 14.837 -1.25259 0.0141941
      vertex 14.5771 -0.70323 0.132895
    endloop
  endfacet
  facet normal 0.149793 0.24936 -0.956756
    outer loop
      vertex 13.163 -1.25259 0.0141941
      vertex 13.1512 -1.29996 5.72205e-07
      vertex 13.1371 -1.29149 5.72205e-07
    endloop
  endfacet
  facet normal 0.124146 0.262752 -0.956843
    outer loop
      vertex 13.4235 -1.3918 0.0141941
      vertex 13.4056 -1.43503 5.72205e-07
      vertex 13.3907 -1.42799 5.72205e-07
    endloop
  endfacet
  facet normal 0.0706116 0.281896 -0.956843
    outer loop
      vertex 13.681 -1.51942 5.72205e-07
      vertex 13.5627 -1.44161 0.0141941
      vertex 13.7061 -1.47753 0.0141941
    endloop
  endfacet
  facet normal 0.0706137 0.281899 -0.956842
    outer loop
      vertex 13.5627 -1.44161 0.0141941
      vertex 13.681 -1.51942 5.72205e-07
      vertex 13.5491 -1.48638 5.72205e-07
    endloop
  endfacet
  facet normal 0.0704911 0.281964 -0.956832
    outer loop
      vertex 13.7061 -1.47753 0.0141941
      vertex 13.697 -1.52342 5.72205e-07
      vertex 13.681 -1.51942 5.72205e-07
    endloop
  endfacet
  facet normal -0.167521 -0.100414 -0.980741
    outer loop
      vertex 15.2526 0.836953 0.0141941
      vertex 14.8023 0.428843 0.132895
      vertex 14.7564 0.505418 0.132895
    endloop
  endfacet
  facet normal -0.263102 0.12368 -0.956808
    outer loop
      vertex 15.435 -0.594409 5.72205e-07
      vertex 15.428 -0.6093 5.72205e-07
      vertex 15.3918 -0.576504 0.0141941
    endloop
  endfacet
  facet normal -0.287465 -0.0423417 -0.956855
    outer loop
      vertex 15.5234 0.303027 5.72205e-07
      vertex 15.5258 0.286733 5.72205e-07
      vertex 15.4775 0.293899 0.0141941
    endloop
  endfacet
  facet normal -0.124198 -0.262582 -0.956883
    outer loop
      vertex 14.7101 1.32859 0.0141941
      vertex 14.6093 1.42799 5.72205e-07
      vertex 14.7322 1.36986 5.72205e-07
    endloop
  endfacet
  facet normal -0.124266 -0.262648 -0.956856
    outer loop
      vertex 14.6093 1.42799 5.72205e-07
      vertex 14.7101 1.32859 0.0141941
      vertex 14.5765 1.3918 0.0141941
    endloop
  endfacet
  facet normal -0.116377 -0.156852 -0.980741
    outer loop
      vertex 14.837 1.25259 0.0141941
      vertex 14.9557 1.16452 0.0141941
      vertex 14.5771 0.70323 0.132895
    endloop
  endfacet
  facet normal -0.281854 -0.0705584 -0.956859
    outer loop
      vertex 15.4416 0.437306 0.0141941
      vertex 15.5194 0.319006 5.72205e-07
      vertex 15.4775 0.293899 0.0141941
    endloop
  endfacet
  facet normal -0.281782 -0.0705081 -0.956884
    outer loop
      vertex 15.5194 0.319006 5.72205e-07
      vertex 15.4416 0.437306 0.0141941
      vertex 15.4864 0.450889 5.72205e-07
    endloop
  endfacet
  facet normal -0.249112 -0.14932 -0.956894
    outer loop
      vertex 15.3286 0.710148 0.0141941
      vertex 15.3 0.848819 5.72205e-07
      vertex 15.3699 0.732204 5.72205e-07
    endloop
  endfacet
  facet normal -0.249149 -0.149326 -0.956884
    outer loop
      vertex 15.3 0.848819 5.72205e-07
      vertex 15.3286 0.710148 0.0141941
      vertex 15.2526 0.836953 0.0141941
    endloop
  endfacet
  facet normal -0.195138 -0.215252 -0.956863
    outer loop
      vertex 14.9854 1.20069 5.72205e-07
      vertex 14.9976 1.18963 5.72205e-07
      vertex 14.9557 1.16452 0.0141941
    endloop
  endfacet
  facet normal 0.173299 -0.233185 -0.956866
    outer loop
      vertex 13.0278 1.2105 5.72205e-07
      vertex 13.0443 1.16452 0.0141941
      vertex 13.0146 1.20069 5.72205e-07
    endloop
  endfacet
  facet normal 0.149793 -0.24936 -0.956756
    outer loop
      vertex 13.1512 1.29996 5.72205e-07
      vertex 13.163 1.25259 0.0141941
      vertex 13.1371 1.29149 5.72205e-07
    endloop
  endfacet
  facet normal 0.09244 -0.0328853 -0.995175
    outer loop
      vertex 13.7189 0.11642 0.192532
      vertex 13.7089 0.0883102 0.192532
      vertex 13.1294 0.26408 0.132895
    endloop
  endfacet
  facet normal 0.084172 -0.0504538 -0.995173
    outer loop
      vertex 13.2436 0.505418 0.132895
      vertex 13.7317 0.143408 0.192532
      vertex 13.1977 0.428843 0.132895
    endloop
  endfacet
  facet normal 0.124266 -0.262648 -0.956856
    outer loop
      vertex 13.2899 1.32859 0.0141941
      vertex 13.3907 1.42799 5.72205e-07
      vertex 13.4235 1.3918 0.0141941
    endloop
  endfacet
  facet normal 0.124198 -0.262582 -0.956883
    outer loop
      vertex 13.3907 1.42799 5.72205e-07
      vertex 13.2899 1.32859 0.0141941
      vertex 13.2678 1.36986 5.72205e-07
    endloop
  endfacet
  facet normal 0.0979634 0.273592 -0.956844
    outer loop
      vertex 13.5627 -1.44161 0.0141941
      vertex 13.5491 -1.48638 5.72205e-07
      vertex 13.5336 -1.48083 5.72205e-07
    endloop
  endfacet
  facet normal 0.167528 -0.100407 -0.980741
    outer loop
      vertex 12.7474 0.836953 0.0141941
      vertex 13.1977 0.428843 0.132895
      vertex 12.6714 0.710148 0.0141941
    endloop
  endfacet
  facet normal 0.193194 -0.0286676 -0.980742
    outer loop
      vertex 12.5225 0.293899 0.0141941
      vertex 13.0947 0.0891685 0.132895
      vertex 12.5008 0.14766 0.0141941
    endloop
  endfacet
  facet normal 0.100353 0.167563 -0.98074
    outer loop
      vertex 13.5712 -0.802309 0.132895
      vertex 13.2899 -1.32859 0.0141941
      vertex 13.163 -1.25259 0.0141941
    endloop
  endfacet
  facet normal 0.167528 0.100407 -0.980741
    outer loop
      vertex 13.1977 -0.428843 0.132895
      vertex 12.7474 -0.836953 0.0141941
      vertex 12.6714 -0.710148 0.0141941
    endloop
  endfacet
  facet normal -0.0286633 0.193203 -0.98074
    outer loop
      vertex 14.2939 -1.47753 0.0141941
      vertex 14.1477 -1.49922 0.0141941
      vertex 14.0892 -0.905348 0.132895
    endloop
  endfacet
  facet normal 0.0419605 0.0887116 -0.995173
    outer loop
      vertex 13.8836 -0.281062 0.192532
      vertex 13.6519 -0.84048 0.132895
      vertex 13.5712 -0.802309 0.132895
    endloop
  endfacet
  facet normal 0.0143351 0.290241 -0.956846
    outer loop
      vertex 13.8523 -1.49922 0.0141941
      vertex 13.8642 -1.5466 5.72205e-07
      vertex 13.8478 -1.54579 5.72205e-07
    endloop
  endfacet
  facet normal 0.195148 0.215237 -0.956865
    outer loop
      vertex 13.0024 -1.18963 5.72205e-07
      vertex 12.9348 -1.06524 0.0141941
      vertex 13.0443 -1.16452 0.0141941
    endloop
  endfacet
  facet normal 0.195143 0.215234 -0.956867
    outer loop
      vertex 12.9348 -1.06524 0.0141941
      vertex 13.0024 -1.18963 5.72205e-07
      vertex 12.9017 -1.09833 5.72205e-07
    endloop
  endfacet
  facet normal 0.195138 0.215252 -0.956863
    outer loop
      vertex 13.0443 -1.16452 0.0141941
      vertex 13.0146 -1.20069 5.72205e-07
      vertex 13.0024 -1.18963 5.72205e-07
    endloop
  endfacet
  facet normal -0.0286632 0.193203 -0.98074
    outer loop
      vertex 14.1775 -0.892248 0.132895
      vertex 14.2939 -1.47753 0.0141941
      vertex 14.0892 -0.905348 0.132895
    endloop
  endfacet
  facet normal -0.0426441 0.287501 -0.956831
    outer loop
      vertex 14.1477 -1.49922 0.0141941
      vertex 14.2867 -1.52584 5.72205e-07
      vertex 14.1522 -1.54579 5.72205e-07
    endloop
  endfacet
  facet normal -0.0426495 0.287476 -0.956838
    outer loop
      vertex 14.2867 -1.52584 5.72205e-07
      vertex 14.1477 -1.49922 0.0141941
      vertex 14.2939 -1.47753 0.0141941
    endloop
  endfacet
  facet normal -0.00481286 0.0980153 -0.995173
    outer loop
      vertex 14 -0.304219 0.192532
      vertex 14.0892 -0.905348 0.132895
      vertex 14 -0.909728 0.132895
    endloop
  endfacet
  facet normal -0.156857 0.116376 -0.980741
    outer loop
      vertex 15.2526 -0.836953 0.0141941
      vertex 15.1645 -0.955698 0.0141941
      vertex 14.7032 -0.577126 0.132895
    endloop
  endfacet
  facet normal -0.0970707 0.0144629 -0.995172
    outer loop
      vertex 14.3028 -0.0298185 0.192532
      vertex 14.8922 -0.177479 0.132895
      vertex 14.2984 -0.05935 0.192532
    endloop
  endfacet
  facet normal -0.195143 0.215234 -0.956867
    outer loop
      vertex 14.9976 -1.18963 5.72205e-07
      vertex 15.0652 -1.06524 0.0141941
      vertex 15.0983 -1.09833 5.72205e-07
    endloop
  endfacet
  facet normal -0.195148 0.215237 -0.956865
    outer loop
      vertex 15.0652 -1.06524 0.0141941
      vertex 14.9976 -1.18963 5.72205e-07
      vertex 14.9557 -1.16452 0.0141941
    endloop
  endfacet
  facet normal -0.131124 -0.144782 -0.980737
    outer loop
      vertex 15.0652 1.06524 0.0141941
      vertex 14.6433 0.643275 0.132895
      vertex 14.5771 0.70323 0.132895
    endloop
  endfacet
  facet normal -0.173077 -0.233271 -0.956885
    outer loop
      vertex 14.837 1.25259 0.0141941
      vertex 14.9722 1.2105 5.72205e-07
      vertex 14.9557 1.16452 0.0141941
    endloop
  endfacet
  facet normal -0.173214 -0.233761 -0.956741
    outer loop
      vertex 14.9722 1.2105 5.72205e-07
      vertex 14.837 1.25259 0.0141941
      vertex 14.8629 1.29149 5.72205e-07
    endloop
  endfacet
  facet normal -0.023844 -0.0951915 -0.995173
    outer loop
      vertex 14.1775 0.892248 0.132895
      vertex 14.2641 0.870556 0.132895
      vertex 14.0883 0.29112 0.192532
    endloop
  endfacet
  facet normal -0.0474582 -0.189465 -0.98074
    outer loop
      vertex 14.2939 1.47753 0.0141941
      vertex 14.2641 0.870556 0.132895
      vertex 14.1775 0.892248 0.132895
    endloop
  endfacet
  facet normal 0.13119 -0.144695 -0.980741
    outer loop
      vertex 13.0443 1.16452 0.0141941
      vertex 13.4229 0.70323 0.132895
      vertex 12.9348 1.06524 0.0141941
    endloop
  endfacet
  facet normal 0.0419605 -0.0887116 -0.995173
    outer loop
      vertex 13.6519 0.84048 0.132895
      vertex 13.8836 0.281062 0.192532
      vertex 13.5712 0.802309 0.132895
    endloop
  endfacet
  facet normal 0.0474582 -0.189465 -0.98074
    outer loop
      vertex 13.8225 0.892248 0.132895
      vertex 13.7359 0.870556 0.132895
      vertex 13.7061 1.47753 0.0141941
    endloop
  endfacet
  facet normal 0.176548 -0.0835654 -0.980738
    outer loop
      vertex 13.1977 0.428843 0.132895
      vertex 13.1595 0.348138 0.132895
      vertex 12.6082 0.576504 0.0141941
    endloop
  endfacet
  facet normal 0.189487 -0.0474356 -0.980737
    outer loop
      vertex 12.5584 0.437306 0.0141941
      vertex 13.1294 0.26408 0.132895
      vertex 12.5225 0.293899 0.0141941
    endloop
  endfacet
  facet normal 0.0048185 0.0980145 -0.995173
    outer loop
      vertex 13.9702 -0.302754 0.192532
      vertex 14 -0.304219 0.192532
      vertex 13.9108 -0.905348 0.132895
    endloop
  endfacet
  facet normal 0.0835327 0.176554 -0.98074
    outer loop
      vertex 13.5712 -0.802309 0.132895
      vertex 13.4235 -1.3918 0.0141941
      vertex 13.2899 -1.32859 0.0141941
    endloop
  endfacet
  facet normal -0.0704911 0.281964 -0.956832
    outer loop
      vertex 14.319 -1.51942 5.72205e-07
      vertex 14.303 -1.52342 5.72205e-07
      vertex 14.2939 -1.47753 0.0141941
    endloop
  endfacet
  facet normal -0.0426811 0.28748 -0.956835
    outer loop
      vertex 14.2939 -1.47753 0.0141941
      vertex 14.303 -1.52342 5.72205e-07
      vertex 14.2867 -1.52584 5.72205e-07
    endloop
  endfacet
  facet normal 0.0789693 0.0582909 -0.995171
    outer loop
      vertex 13.7471 -0.169015 0.192532
      vertex 13.7648 -0.192994 0.192532
      vertex 13.2968 -0.577126 0.132895
    endloop
  endfacet
  facet normal 0.156857 0.116376 -0.980741
    outer loop
      vertex 13.2968 -0.577126 0.132895
      vertex 12.8355 -0.955698 0.0141941
      vertex 12.7474 -0.836953 0.0141941
    endloop
  endfacet
  facet normal 0.0658413 0.18389 -0.980739
    outer loop
      vertex 13.6519 -0.84048 0.132895
      vertex 13.7359 -0.870556 0.132895
      vertex 13.5627 -1.44161 0.0141941
    endloop
  endfacet
  facet normal -0.0979634 0.273592 -0.956844
    outer loop
      vertex 14.4664 -1.48083 5.72205e-07
      vertex 14.4509 -1.48638 5.72205e-07
      vertex 14.4373 -1.44161 0.0141941
    endloop
  endfacet
  facet normal -0.0142562 0.290254 -0.956843
    outer loop
      vertex 14 -1.50648 0.0141941
      vertex 14.1358 -1.5466 5.72205e-07
      vertex 14 -1.55327 5.72205e-07
    endloop
  endfacet
  facet normal -0.0142656 0.290225 -0.956852
    outer loop
      vertex 14.1358 -1.5466 5.72205e-07
      vertex 14 -1.50648 0.0141941
      vertex 14.1477 -1.49922 0.0141941
    endloop
  endfacet
  facet normal -0.0143351 0.290241 -0.956846
    outer loop
      vertex 14.1477 -1.49922 0.0141941
      vertex 14.1522 -1.54579 5.72205e-07
      vertex 14.1358 -1.5466 5.72205e-07
    endloop
  endfacet
  facet normal -0.262569 0.124123 -0.956897
    outer loop
      vertex 15.3286 -0.710148 0.0141941
      vertex 15.428 -0.6093 5.72205e-07
      vertex 15.3699 -0.732204 5.72205e-07
    endloop
  endfacet
  facet normal -0.262647 0.124205 -0.956864
    outer loop
      vertex 15.428 -0.6093 5.72205e-07
      vertex 15.3286 -0.710148 0.0141941
      vertex 15.3918 -0.576504 0.0141941
    endloop
  endfacet
  facet normal -0.0980511 -0.00460357 -0.995171
    outer loop
      vertex 14.9053 0.0891685 0.132895
      vertex 14.3042 0 0.192532
      vertex 14.3028 0.0298185 0.192532
    endloop
  endfacet
  facet normal -0.084172 -0.0504538 -0.995173
    outer loop
      vertex 14.7564 0.505418 0.132895
      vertex 14.8023 0.428843 0.132895
      vertex 14.2683 0.143408 0.192532
    endloop
  endfacet
  facet normal -0.1839 0.0658521 -0.980737
    outer loop
      vertex 14.8706 -0.26408 0.132895
      vertex 15.4416 -0.437306 0.0141941
      vertex 14.8405 -0.348138 0.132895
    endloop
  endfacet
  facet normal 0.0504394 0.0841811 -0.995173
    outer loop
      vertex 13.8566 -0.268297 0.192532
      vertex 13.5712 -0.802309 0.132895
      vertex 13.4946 -0.756412 0.132895
    endloop
  endfacet
  facet normal -0.183909 0.065796 -0.980739
    outer loop
      vertex 15.4416 -0.437306 0.0141941
      vertex 15.3918 -0.576504 0.0141941
      vertex 14.8405 -0.348138 0.132895
    endloop
  endfacet
  facet normal -0.214911 0.195454 -0.956876
    outer loop
      vertex 15.2007 -0.985381 5.72205e-07
      vertex 15.1896 -0.997586 5.72205e-07
      vertex 15.1645 -0.955698 0.0141941
    endloop
  endfacet
  facet normal -0.124146 -0.262752 -0.956843
    outer loop
      vertex 14.5944 1.43503 5.72205e-07
      vertex 14.6093 1.42799 5.72205e-07
      vertex 14.5765 1.3918 0.0141941
    endloop
  endfacet
  facet normal -0.193194 0.0286676 -0.980742
    outer loop
      vertex 15.4992 -0.14766 0.0141941
      vertex 15.4775 -0.293899 0.0141941
      vertex 14.9053 -0.0891685 0.132895
    endloop
  endfacet
  facet normal -0.263102 -0.12368 -0.956808
    outer loop
      vertex 15.428 0.6093 5.72205e-07
      vertex 15.435 0.594409 5.72205e-07
      vertex 15.3918 0.576504 0.0141941
    endloop
  endfacet
  facet normal -0.215325 -0.195192 -0.956836
    outer loop
      vertex 15.0652 1.06524 0.0141941
      vertex 15.1896 0.997586 5.72205e-07
      vertex 15.1645 0.955698 0.0141941
    endloop
  endfacet
  facet normal -0.215276 -0.195095 -0.956867
    outer loop
      vertex 15.1896 0.997586 5.72205e-07
      vertex 15.0652 1.06524 0.0141941
      vertex 15.0983 1.09833 5.72205e-07
    endloop
  endfacet
  facet normal -0.214911 -0.195454 -0.956876
    outer loop
      vertex 15.1896 0.997586 5.72205e-07
      vertex 15.2007 0.985381 5.72205e-07
      vertex 15.1645 0.955698 0.0141941
    endloop
  endfacet
  facet normal -0.195143 -0.215234 -0.956867
    outer loop
      vertex 15.0652 1.06524 0.0141941
      vertex 14.9976 1.18963 5.72205e-07
      vertex 15.0983 1.09833 5.72205e-07
    endloop
  endfacet
  facet normal -0.195148 -0.215237 -0.956865
    outer loop
      vertex 14.9976 1.18963 5.72205e-07
      vertex 15.0652 1.06524 0.0141941
      vertex 14.9557 1.16452 0.0141941
    endloop
  endfacet
  facet normal -0.13119 -0.144695 -0.980741
    outer loop
      vertex 14.9557 1.16452 0.0141941
      vertex 15.0652 1.06524 0.0141941
      vertex 14.5771 0.70323 0.132895
    endloop
  endfacet
  facet normal -0.0504601 -0.0841658 -0.995173
    outer loop
      vertex 14.5054 0.756412 0.132895
      vertex 14.169 0.252949 0.192532
      vertex 14.1434 0.268297 0.192532
    endloop
  endfacet
  facet normal -0.0504394 -0.0841811 -0.995173
    outer loop
      vertex 14.4288 0.802309 0.132895
      vertex 14.5054 0.756412 0.132895
      vertex 14.1434 0.268297 0.192532
    endloop
  endfacet
  facet normal 0.100384 -0.167536 -0.980742
    outer loop
      vertex 13.5712 0.802309 0.132895
      vertex 13.4946 0.756412 0.132895
      vertex 13.163 1.25259 0.0141941
    endloop
  endfacet
  facet normal 0.116351 -0.156865 -0.980742
    outer loop
      vertex 13.4946 0.756412 0.132895
      vertex 13.4229 0.70323 0.132895
      vertex 13.163 1.25259 0.0141941
    endloop
  endfacet
  facet normal 0.0143351 -0.290241 -0.956846
    outer loop
      vertex 13.8642 1.5466 5.72205e-07
      vertex 13.8523 1.49922 0.0141941
      vertex 13.8478 1.54579 5.72205e-07
    endloop
  endfacet
  facet normal -0.0142656 -0.290225 -0.956852
    outer loop
      vertex 14 1.50648 0.0141941
      vertex 14.1358 1.5466 5.72205e-07
      vertex 14.1477 1.49922 0.0141941
    endloop
  endfacet
  facet normal -0.0142562 -0.290254 -0.956843
    outer loop
      vertex 14.1358 1.5466 5.72205e-07
      vertex 14 1.50648 0.0141941
      vertex 14 1.55327 5.72205e-07
    endloop
  endfacet
  facet normal 0.215325 -0.195192 -0.956836
    outer loop
      vertex 12.8104 0.997586 5.72205e-07
      vertex 12.9348 1.06524 0.0141941
      vertex 12.8355 0.955698 0.0141941
    endloop
  endfacet
  facet normal 0.215276 -0.195095 -0.956867
    outer loop
      vertex 12.9348 1.06524 0.0141941
      vertex 12.8104 0.997586 5.72205e-07
      vertex 12.9017 1.09833 5.72205e-07
    endloop
  endfacet
  facet normal 0.233411 -0.172897 -0.956884
    outer loop
      vertex 12.7993 0.985381 5.72205e-07
      vertex 12.8355 0.955698 0.0141941
      vertex 12.7895 0.972151 5.72205e-07
    endloop
  endfacet
  facet normal 0.233328 -0.173112 -0.956865
    outer loop
      vertex 12.7474 0.836953 0.0141941
      vertex 12.7895 0.972151 5.72205e-07
      vertex 12.8355 0.955698 0.0141941
    endloop
  endfacet
  facet normal 0.233423 -0.173139 -0.956837
    outer loop
      vertex 12.7895 0.972151 5.72205e-07
      vertex 12.7474 0.836953 0.0141941
      vertex 12.7085 0.862948 5.72205e-07
    endloop
  endfacet
  facet normal 0.009589 -0.195082 -0.98074
    outer loop
      vertex 14 1.50648 0.0141941
      vertex 13.9108 0.905348 0.132895
      vertex 13.8523 1.49922 0.0141941
    endloop
  endfacet
  facet normal -0.0286632 -0.193203 -0.98074
    outer loop
      vertex 14.2939 1.47753 0.0141941
      vertex 14.1775 0.892248 0.132895
      vertex 14.0892 0.905348 0.132895
    endloop
  endfacet
  facet normal 0.0286632 -0.193203 -0.98074
    outer loop
      vertex 13.9108 0.905348 0.132895
      vertex 13.8225 0.892248 0.132895
      vertex 13.7061 1.47753 0.0141941
    endloop
  endfacet
  facet normal 0.023844 -0.0951915 -0.995173
    outer loop
      vertex 13.8225 0.892248 0.132895
      vertex 13.9117 0.29112 0.192532
      vertex 13.7359 0.870556 0.132895
    endloop
  endfacet
  facet normal 0.0970707 0.0144629 -0.995172
    outer loop
      vertex 13.6972 -0.0298185 0.192532
      vertex 13.7016 -0.05935 0.192532
      vertex 13.1078 -0.177479 0.132895
    endloop
  endfacet
  facet normal 0.06594 -0.0726856 -0.995173
    outer loop
      vertex 13.807 0.235165 0.192532
      vertex 13.7849 0.215116 0.192532
      vertex 13.4229 0.70323 0.132895
    endloop
  endfacet
  facet normal 0.0886632 -0.0420516 -0.995174
    outer loop
      vertex 13.7317 0.143408 0.192532
      vertex 13.7189 0.11642 0.192532
      vertex 13.1977 0.428843 0.132895
    endloop
  endfacet
  facet normal 0.290067 0.0141049 -0.956902
    outer loop
      vertex 12.5008 -0.14766 0.0141941
      vertex 12.4542 -0.152246 5.72205e-07
      vertex 12.4534 -0.135794 5.72205e-07
    endloop
  endfacet
  facet normal 0.273242 -0.0986625 -0.956872
    outer loop
      vertex 12.5192 0.466398 5.72205e-07
      vertex 12.5584 0.437306 0.0141941
      vertex 12.5136 0.450889 5.72205e-07
    endloop
  endfacet
  facet normal 0.273753 -0.097939 -0.9568
    outer loop
      vertex 12.5192 0.466398 5.72205e-07
      vertex 12.6082 0.576504 0.0141941
      vertex 12.5584 0.437306 0.0141941
    endloop
  endfacet
  facet normal 0.273763 -0.0979475 -0.956797
    outer loop
      vertex 12.6082 0.576504 0.0141941
      vertex 12.5192 0.466398 5.72205e-07
      vertex 12.565 0.594409 5.72205e-07
    endloop
  endfacet
  facet normal 0.287505 0.0426621 -0.956829
    outer loop
      vertex 12.4742 -0.286733 5.72205e-07
      vertex 12.5008 -0.14766 0.0141941
      vertex 12.5225 -0.293899 0.0141941
    endloop
  endfacet
  facet normal 0.287251 0.0427181 -0.956902
    outer loop
      vertex 12.5008 -0.14766 0.0141941
      vertex 12.4742 -0.286733 5.72205e-07
      vertex 12.4542 -0.152246 5.72205e-07
    endloop
  endfacet
  facet normal 0.0980167 0.00483661 -0.995173
    outer loop
      vertex 13.6958 0 0.192532
      vertex 13.0947 -0.0891685 0.132895
      vertex 13.0903 0 0.132895
    endloop
  endfacet
  facet normal 0.0143682 0.0970781 -0.995173
    outer loop
      vertex 13.9406 -0.298373 0.192532
      vertex 13.9702 -0.302754 0.192532
      vertex 13.8225 -0.892248 0.132895
    endloop
  endfacet
  facet normal -0.156858 0.116373 -0.980741
    outer loop
      vertex 14.7564 -0.505418 0.132895
      vertex 15.2526 -0.836953 0.0141941
      vertex 14.7032 -0.577126 0.132895
    endloop
  endfacet
  facet normal 0.00481286 0.0980153 -0.995173
    outer loop
      vertex 14 -0.304219 0.192532
      vertex 14 -0.909728 0.132895
      vertex 13.9108 -0.905348 0.132895
    endloop
  endfacet
  facet normal 0.0658034 0.183896 -0.980741
    outer loop
      vertex 13.6519 -0.84048 0.132895
      vertex 13.5627 -1.44161 0.0141941
      vertex 13.4235 -1.3918 0.0141941
    endloop
  endfacet
  facet normal 0.0979123 0.273628 -0.956839
    outer loop
      vertex 13.5336 -1.48083 5.72205e-07
      vertex 13.4235 -1.3918 0.0141941
      vertex 13.5627 -1.44161 0.0141941
    endloop
  endfacet
  facet normal 0.0979039 0.273618 -0.956843
    outer loop
      vertex 13.4235 -1.3918 0.0141941
      vertex 13.5336 -1.48083 5.72205e-07
      vertex 13.4056 -1.43503 5.72205e-07
    endloop
  endfacet
  facet normal 0.149343 0.249119 -0.956889
    outer loop
      vertex 13.1512 -1.29996 5.72205e-07
      vertex 13.2899 -1.32859 0.0141941
      vertex 13.2678 -1.36986 5.72205e-07
    endloop
  endfacet
  facet normal 0.149405 0.249467 -0.956789
    outer loop
      vertex 13.2899 -1.32859 0.0141941
      vertex 13.1512 -1.29996 5.72205e-07
      vertex 13.163 -1.25259 0.0141941
    endloop
  endfacet
  facet normal 0.124266 0.262648 -0.956856
    outer loop
      vertex 13.3907 -1.42799 5.72205e-07
      vertex 13.2899 -1.32859 0.0141941
      vertex 13.4235 -1.3918 0.0141941
    endloop
  endfacet
  facet normal 0.124198 0.262582 -0.956883
    outer loop
      vertex 13.2899 -1.32859 0.0141941
      vertex 13.3907 -1.42799 5.72205e-07
      vertex 13.2678 -1.36986 5.72205e-07
    endloop
  endfacet
  facet normal 0.173214 0.233761 -0.956741
    outer loop
      vertex 13.0278 -1.2105 5.72205e-07
      vertex 13.163 -1.25259 0.0141941
      vertex 13.1371 -1.29149 5.72205e-07
    endloop
  endfacet
  facet normal 0.173077 0.233271 -0.956885
    outer loop
      vertex 13.163 -1.25259 0.0141941
      vertex 13.0278 -1.2105 5.72205e-07
      vertex 13.0443 -1.16452 0.0141941
    endloop
  endfacet
  facet normal 0.173299 0.233185 -0.956866
    outer loop
      vertex 13.0443 -1.16452 0.0141941
      vertex 13.0278 -1.2105 5.72205e-07
      vertex 13.0146 -1.20069 5.72205e-07
    endloop
  endfacet
  facet normal -0.167528 0.100407 -0.980741
    outer loop
      vertex 15.3286 -0.710148 0.0141941
      vertex 15.2526 -0.836953 0.0141941
      vertex 14.8023 -0.428843 0.132895
    endloop
  endfacet
  facet normal -0.195065 -0.00962546 -0.980743
    outer loop
      vertex 15.5065 0 0.0141941
      vertex 14.9097 0 0.132895
      vertex 14.9053 0.0891685 0.132895
    endloop
  endfacet
  facet normal -0.0923902 -0.0330836 -0.995173
    outer loop
      vertex 14.8405 0.348138 0.132895
      vertex 14.8706 0.26408 0.132895
      vertex 14.2811 0.11642 0.192532
    endloop
  endfacet
  facet normal -0.189497 -0.0472643 -0.980743
    outer loop
      vertex 15.4775 0.293899 0.0141941
      vertex 14.8922 0.177479 0.132895
      vertex 14.8706 0.26408 0.132895
    endloop
  endfacet
  facet normal -0.0979039 0.273618 -0.956843
    outer loop
      vertex 14.4664 -1.48083 5.72205e-07
      vertex 14.5765 -1.3918 0.0141941
      vertex 14.5944 -1.43503 5.72205e-07
    endloop
  endfacet
  facet normal -0.0979123 0.273628 -0.956839
    outer loop
      vertex 14.5765 -1.3918 0.0141941
      vertex 14.4664 -1.48083 5.72205e-07
      vertex 14.4373 -1.44161 0.0141941
    endloop
  endfacet
  facet normal -0.100353 -0.167563 -0.98074
    outer loop
      vertex 14.7101 1.32859 0.0141941
      vertex 14.837 1.25259 0.0141941
      vertex 14.4288 0.802309 0.132895
    endloop
  endfacet
  facet normal 0.0144011 -0.0970699 -0.995173
    outer loop
      vertex 13.9108 0.905348 0.132895
      vertex 13.9702 0.302754 0.192532
      vertex 13.8225 0.892248 0.132895
    endloop
  endfacet
  facet normal -0.0286633 -0.193203 -0.98074
    outer loop
      vertex 14.1477 1.49922 0.0141941
      vertex 14.2939 1.47753 0.0141941
      vertex 14.0892 0.905348 0.132895
    endloop
  endfacet
  facet normal -0.233411 -0.172897 -0.956884
    outer loop
      vertex 15.2007 0.985381 5.72205e-07
      vertex 15.2105 0.972151 5.72205e-07
      vertex 15.1645 0.955698 0.0141941
    endloop
  endfacet
  facet normal -0.273242 -0.0986625 -0.956872
    outer loop
      vertex 15.4808 0.466398 5.72205e-07
      vertex 15.4864 0.450889 5.72205e-07
      vertex 15.4416 0.437306 0.0141941
    endloop
  endfacet
  facet normal -0.144709 -0.131179 -0.98074
    outer loop
      vertex 15.0652 1.06524 0.0141941
      vertex 15.1645 0.955698 0.0141941
      vertex 14.7032 0.577126 0.132895
    endloop
  endfacet
  facet normal -0.156858 -0.116373 -0.980741
    outer loop
      vertex 15.2526 0.836953 0.0141941
      vertex 14.7564 0.505418 0.132895
      vertex 14.7032 0.577126 0.132895
    endloop
  endfacet
  facet normal -0.0788089 -0.0584682 -0.995174
    outer loop
      vertex 14.7032 0.577126 0.132895
      vertex 14.7564 0.505418 0.132895
      vertex 14.2529 0.169015 0.192532
    endloop
  endfacet
  facet normal -0.0330705 -0.0923922 -0.995173
    outer loop
      vertex 14.2641 0.870556 0.132895
      vertex 14.1164 0.281062 0.192532
      vertex 14.0883 0.29112 0.192532
    endloop
  endfacet
  facet normal -0.0658735 -0.072735 -0.995174
    outer loop
      vertex 14.5771 0.70323 0.132895
      vertex 14.6433 0.643275 0.132895
      vertex 14.2151 0.215116 0.192532
    endloop
  endfacet
  facet normal -0.0726408 -0.0660012 -0.995172
    outer loop
      vertex 14.7032 0.577126 0.132895
      vertex 14.2352 0.192994 0.192532
      vertex 14.2151 0.215116 0.192532
    endloop
  endfacet
  facet normal 0.0835123 -0.176559 -0.980741
    outer loop
      vertex 13.6519 0.84048 0.132895
      vertex 13.5712 0.802309 0.132895
      vertex 13.4235 1.3918 0.0141941
    endloop
  endfacet
  facet normal 0.0835327 -0.176554 -0.98074
    outer loop
      vertex 13.4235 1.3918 0.0141941
      vertex 13.5712 0.802309 0.132895
      vertex 13.2899 1.32859 0.0141941
    endloop
  endfacet
  facet normal 0.0474588 -0.189465 -0.98074
    outer loop
      vertex 13.7061 1.47753 0.0141941
      vertex 13.7359 0.870556 0.132895
      vertex 13.5627 1.44161 0.0141941
    endloop
  endfacet
  facet normal 0.0658413 -0.18389 -0.980739
    outer loop
      vertex 13.7359 0.870556 0.132895
      vertex 13.6519 0.84048 0.132895
      vertex 13.5627 1.44161 0.0141941
    endloop
  endfacet
  facet normal 0.0286633 -0.193203 -0.98074
    outer loop
      vertex 13.8523 1.49922 0.0141941
      vertex 13.9108 0.905348 0.132895
      vertex 13.7061 1.47753 0.0141941
    endloop
  endfacet
  facet normal 0.0426441 -0.287501 -0.956831
    outer loop
      vertex 13.8523 1.49922 0.0141941
      vertex 13.7133 1.52584 5.72205e-07
      vertex 13.8478 1.54579 5.72205e-07
    endloop
  endfacet
  facet normal 0.0426495 -0.287476 -0.956838
    outer loop
      vertex 13.7133 1.52584 5.72205e-07
      vertex 13.8523 1.49922 0.0141941
      vertex 13.7061 1.47753 0.0141941
    endloop
  endfacet
  facet normal 0.195138 -0.215252 -0.956863
    outer loop
      vertex 13.0146 1.20069 5.72205e-07
      vertex 13.0443 1.16452 0.0141941
      vertex 13.0024 1.18963 5.72205e-07
    endloop
  endfacet
  facet normal 0.195148 -0.215237 -0.956865
    outer loop
      vertex 12.9348 1.06524 0.0141941
      vertex 13.0024 1.18963 5.72205e-07
      vertex 13.0443 1.16452 0.0141941
    endloop
  endfacet
  facet normal 0.195143 -0.215234 -0.956867
    outer loop
      vertex 13.0024 1.18963 5.72205e-07
      vertex 12.9348 1.06524 0.0141941
      vertex 12.9017 1.09833 5.72205e-07
    endloop
  endfacet
  facet normal 0.214911 -0.195454 -0.956876
    outer loop
      vertex 12.8104 0.997586 5.72205e-07
      vertex 12.8355 0.955698 0.0141941
      vertex 12.7993 0.985381 5.72205e-07
    endloop
  endfacet
  facet normal -0.0144011 -0.0970699 -0.995173
    outer loop
      vertex 14.0892 0.905348 0.132895
      vertex 14.1775 0.892248 0.132895
      vertex 14.0298 0.302754 0.192532
    endloop
  endfacet
  facet normal -0.0048185 -0.0980145 -0.995173
    outer loop
      vertex 14.0892 0.905348 0.132895
      vertex 14.0298 0.302754 0.192532
      vertex 14 0.304219 0.192532
    endloop
  endfacet
  facet normal -0.00481286 -0.0980153 -0.995173
    outer loop
      vertex 14 0.909728 0.132895
      vertex 14.0892 0.905348 0.132895
      vertex 14 0.304219 0.192532
    endloop
  endfacet
  facet normal 0.0330705 -0.0923922 -0.995173
    outer loop
      vertex 13.9117 0.29112 0.192532
      vertex 13.8836 0.281062 0.192532
      vertex 13.7359 0.870556 0.132895
    endloop
  endfacet
  facet normal 0.03308 -0.0923898 -0.995173
    outer loop
      vertex 13.7359 0.870556 0.132895
      vertex 13.8836 0.281062 0.192532
      vertex 13.6519 0.84048 0.132895
    endloop
  endfacet
  facet normal 0.195065 -0.00962546 -0.980743
    outer loop
      vertex 13.0947 0.0891685 0.132895
      vertex 13.0903 0 0.132895
      vertex 12.4935 0 0.0141941
    endloop
  endfacet
  facet normal 0.281854 -0.0705584 -0.956859
    outer loop
      vertex 12.4806 0.319006 5.72205e-07
      vertex 12.5584 0.437306 0.0141941
      vertex 12.5225 0.293899 0.0141941
    endloop
  endfacet
  facet normal 0.281782 -0.0705081 -0.956884
    outer loop
      vertex 12.5584 0.437306 0.0141941
      vertex 12.4806 0.319006 5.72205e-07
      vertex 12.5136 0.450889 5.72205e-07
    endloop
  endfacet
  facet normal 0.097086 0.0144018 -0.995172
    outer loop
      vertex 13.6972 -0.0298185 0.192532
      vertex 13.1078 -0.177479 0.132895
      vertex 13.0947 -0.0891685 0.132895
    endloop
  endfacet
  facet normal 0.193197 -0.0286589 -0.980741
    outer loop
      vertex 13.1078 0.177479 0.132895
      vertex 13.0947 0.0891685 0.132895
      vertex 12.5225 0.293899 0.0141941
    endloop
  endfacet
  facet normal 0.144709 -0.131179 -0.98074
    outer loop
      vertex 12.9348 1.06524 0.0141941
      vertex 13.2968 0.577126 0.132895
      vertex 12.8355 0.955698 0.0141941
    endloop
  endfacet
  facet normal 0.156857 -0.116376 -0.980741
    outer loop
      vertex 12.8355 0.955698 0.0141941
      vertex 13.2968 0.577126 0.132895
      vertex 12.7474 0.836953 0.0141941
    endloop
  endfacet
  facet normal 0.290121 0.014343 -0.956883
    outer loop
      vertex 12.4534 -0.135794 5.72205e-07
      vertex 12.4935 0 0.0141941
      vertex 12.5008 -0.14766 0.0141941
    endloop
  endfacet
  facet normal 0.290197 0.0143182 -0.95686
    outer loop
      vertex 12.4935 0 0.0141941
      vertex 12.4534 -0.135794 5.72205e-07
      vertex 12.4467 0 5.72205e-07
    endloop
  endfacet
  facet normal 0.290067 -0.0141049 -0.956902
    outer loop
      vertex 12.4542 0.152246 5.72205e-07
      vertex 12.5008 0.14766 0.0141941
      vertex 12.4534 0.135794 5.72205e-07
    endloop
  endfacet
  facet normal 0.287465 -0.0423417 -0.956855
    outer loop
      vertex 12.4766 0.303027 5.72205e-07
      vertex 12.5225 0.293899 0.0141941
      vertex 12.4742 0.286733 5.72205e-07
    endloop
  endfacet
  facet normal 0.263102 -0.12368 -0.956808
    outer loop
      vertex 12.572 0.6093 5.72205e-07
      vertex 12.6082 0.576504 0.0141941
      vertex 12.565 0.594409 5.72205e-07
    endloop
  endfacet
  facet normal 0.144709 0.131179 -0.98074
    outer loop
      vertex 13.2968 -0.577126 0.132895
      vertex 12.9348 -1.06524 0.0141941
      vertex 12.8355 -0.955698 0.0141941
    endloop
  endfacet
  facet normal 0.116377 0.156852 -0.980741
    outer loop
      vertex 13.4229 -0.70323 0.132895
      vertex 13.163 -1.25259 0.0141941
      vertex 13.0443 -1.16452 0.0141941
    endloop
  endfacet
  facet normal 0.183909 0.065796 -0.980739
    outer loop
      vertex 13.1595 -0.348138 0.132895
      vertex 12.6082 -0.576504 0.0141941
      vertex 12.5584 -0.437306 0.0141941
    endloop
  endfacet
  facet normal 0.0886632 0.0420516 -0.995174
    outer loop
      vertex 13.7189 -0.11642 0.192532
      vertex 13.7317 -0.143408 0.192532
      vertex 13.1977 -0.428843 0.132895
    endloop
  endfacet
  facet normal 0.131124 0.144782 -0.980737
    outer loop
      vertex 13.3567 -0.643275 0.132895
      vertex 13.4229 -0.70323 0.132895
      vertex 12.9348 -1.06524 0.0141941
    endloop
  endfacet
  facet normal -0.100384 0.167536 -0.980742
    outer loop
      vertex 14.5054 -0.756412 0.132895
      vertex 14.837 -1.25259 0.0141941
      vertex 14.4288 -0.802309 0.132895
    endloop
  endfacet
  facet normal 0.009589 0.195082 -0.98074
    outer loop
      vertex 13.9108 -0.905348 0.132895
      vertex 14 -1.50648 0.0141941
      vertex 13.8523 -1.49922 0.0141941
    endloop
  endfacet
  facet normal 0.00957907 0.195081 -0.98074
    outer loop
      vertex 14 -0.909728 0.132895
      vertex 14 -1.50648 0.0141941
      vertex 13.9108 -0.905348 0.132895
    endloop
  endfacet
  facet normal -0.009589 0.195082 -0.98074
    outer loop
      vertex 14.0892 -0.905348 0.132895
      vertex 14.1477 -1.49922 0.0141941
      vertex 14 -1.50648 0.0141941
    endloop
  endfacet
  facet normal 0.03308 0.0923898 -0.995173
    outer loop
      vertex 13.8836 -0.281062 0.192532
      vertex 13.7359 -0.870556 0.132895
      vertex 13.6519 -0.84048 0.132895
    endloop
  endfacet
  facet normal 0.0474588 0.189465 -0.98074
    outer loop
      vertex 13.7359 -0.870556 0.132895
      vertex 13.7061 -1.47753 0.0141941
      vertex 13.5627 -1.44161 0.0141941
    endloop
  endfacet
  facet normal -0.176548 0.0835654 -0.980738
    outer loop
      vertex 14.8405 -0.348138 0.132895
      vertex 15.3918 -0.576504 0.0141941
      vertex 14.8023 -0.428843 0.132895
    endloop
  endfacet
  facet normal -0.03308 0.0923898 -0.995173
    outer loop
      vertex 14.3481 -0.84048 0.132895
      vertex 14.2641 -0.870556 0.132895
      vertex 14.1164 -0.281062 0.192532
    endloop
  endfacet
  facet normal -0.124146 0.262752 -0.956843
    outer loop
      vertex 14.6093 -1.42799 5.72205e-07
      vertex 14.5944 -1.43503 5.72205e-07
      vertex 14.5765 -1.3918 0.0141941
    endloop
  endfacet
  facet normal -0.0658735 0.072735 -0.995174
    outer loop
      vertex 14.6433 -0.643275 0.132895
      vertex 14.5771 -0.70323 0.132895
      vertex 14.2151 -0.215116 0.192532
    endloop
  endfacet
  facet normal -0.215276 0.195095 -0.956867
    outer loop
      vertex 15.0652 -1.06524 0.0141941
      vertex 15.1896 -0.997586 5.72205e-07
      vertex 15.0983 -1.09833 5.72205e-07
    endloop
  endfacet
  facet normal -0.215325 0.195192 -0.956836
    outer loop
      vertex 15.1896 -0.997586 5.72205e-07
      vertex 15.0652 -1.06524 0.0141941
      vertex 15.1645 -0.955698 0.0141941
    endloop
  endfacet
  facet normal 0.0426811 0.28748 -0.956835
    outer loop
      vertex 13.7061 -1.47753 0.0141941
      vertex 13.7133 -1.52584 5.72205e-07
      vertex 13.697 -1.52342 5.72205e-07
    endloop
  endfacet
  facet normal 0.0426441 0.287501 -0.956831
    outer loop
      vertex 13.7133 -1.52584 5.72205e-07
      vertex 13.8523 -1.49922 0.0141941
      vertex 13.8478 -1.54579 5.72205e-07
    endloop
  endfacet
  facet normal 0.0426495 0.287476 -0.956838
    outer loop
      vertex 13.8523 -1.49922 0.0141941
      vertex 13.7133 -1.52584 5.72205e-07
      vertex 13.7061 -1.47753 0.0141941
    endloop
  endfacet
  facet normal 0.233328 0.173112 -0.956865
    outer loop
      vertex 12.7895 -0.972151 5.72205e-07
      vertex 12.7474 -0.836953 0.0141941
      vertex 12.8355 -0.955698 0.0141941
    endloop
  endfacet
  facet normal 0.233423 0.173139 -0.956837
    outer loop
      vertex 12.7474 -0.836953 0.0141941
      vertex 12.7895 -0.972151 5.72205e-07
      vertex 12.7085 -0.862948 5.72205e-07
    endloop
  endfacet
  facet normal 0.214911 0.195454 -0.956876
    outer loop
      vertex 12.8355 -0.955698 0.0141941
      vertex 12.8104 -0.997586 5.72205e-07
      vertex 12.7993 -0.985381 5.72205e-07
    endloop
  endfacet
  facet normal -0.189487 0.0474356 -0.980737
    outer loop
      vertex 15.4775 -0.293899 0.0141941
      vertex 15.4416 -0.437306 0.0141941
      vertex 14.8706 -0.26408 0.132895
    endloop
  endfacet
  facet normal -0.281782 0.0705081 -0.956884
    outer loop
      vertex 15.4416 -0.437306 0.0141941
      vertex 15.5194 -0.319006 5.72205e-07
      vertex 15.4864 -0.450889 5.72205e-07
    endloop
  endfacet
  facet normal -0.281854 0.0705584 -0.956859
    outer loop
      vertex 15.5194 -0.319006 5.72205e-07
      vertex 15.4416 -0.437306 0.0141941
      vertex 15.4775 -0.293899 0.0141941
    endloop
  endfacet
  facet normal -0.0980167 0.00483661 -0.995173
    outer loop
      vertex 14.9097 0 0.132895
      vertex 14.9053 -0.0891685 0.132895
      vertex 14.3042 0 0.192532
    endloop
  endfacet
  facet normal -0.193194 -0.0286676 -0.980742
    outer loop
      vertex 15.4775 0.293899 0.0141941
      vertex 15.4992 0.14766 0.0141941
      vertex 14.9053 0.0891685 0.132895
    endloop
  endfacet
  facet normal -0.09244 -0.0328853 -0.995175
    outer loop
      vertex 14.8706 0.26408 0.132895
      vertex 14.2911 0.0883102 0.192532
      vertex 14.2811 0.11642 0.192532
    endloop
  endfacet
  facet normal -0.176548 -0.0835654 -0.980738
    outer loop
      vertex 15.3918 0.576504 0.0141941
      vertex 14.8405 0.348138 0.132895
      vertex 14.8023 0.428843 0.132895
    endloop
  endfacet
  facet normal -0.249016 0.149808 -0.956843
    outer loop
      vertex 15.3 -0.848819 5.72205e-07
      vertex 15.2915 -0.862948 5.72205e-07
      vertex 15.2526 -0.836953 0.0141941
    endloop
  endfacet
  facet normal -0.233423 0.173139 -0.956837
    outer loop
      vertex 15.2105 -0.972151 5.72205e-07
      vertex 15.2526 -0.836953 0.0141941
      vertex 15.2915 -0.862948 5.72205e-07
    endloop
  endfacet
  facet normal -0.233328 0.173112 -0.956865
    outer loop
      vertex 15.2526 -0.836953 0.0141941
      vertex 15.2105 -0.972151 5.72205e-07
      vertex 15.1645 -0.955698 0.0141941
    endloop
  endfacet
  facet normal -0.173214 0.233761 -0.956741
    outer loop
      vertex 14.837 -1.25259 0.0141941
      vertex 14.9722 -1.2105 5.72205e-07
      vertex 14.8629 -1.29149 5.72205e-07
    endloop
  endfacet
  facet normal -0.173077 0.233271 -0.956885
    outer loop
      vertex 14.9722 -1.2105 5.72205e-07
      vertex 14.837 -1.25259 0.0141941
      vertex 14.9557 -1.16452 0.0141941
    endloop
  endfacet
  facet normal -0.149793 0.24936 -0.956756
    outer loop
      vertex 14.8629 -1.29149 5.72205e-07
      vertex 14.8488 -1.29996 5.72205e-07
      vertex 14.837 -1.25259 0.0141941
    endloop
  endfacet
  facet normal -0.0143351 -0.290241 -0.956846
    outer loop
      vertex 14.1522 1.54579 5.72205e-07
      vertex 14.1477 1.49922 0.0141941
      vertex 14.1358 1.5466 5.72205e-07
    endloop
  endfacet
  facet normal 0.0979634 -0.273592 -0.956844
    outer loop
      vertex 13.5491 1.48638 5.72205e-07
      vertex 13.5627 1.44161 0.0141941
      vertex 13.5336 1.48083 5.72205e-07
    endloop
  endfacet
  facet normal -0.149405 -0.249467 -0.956789
    outer loop
      vertex 14.7101 1.32859 0.0141941
      vertex 14.8488 1.29996 5.72205e-07
      vertex 14.837 1.25259 0.0141941
    endloop
  endfacet
  facet normal -0.149343 -0.249119 -0.956889
    outer loop
      vertex 14.8488 1.29996 5.72205e-07
      vertex 14.7101 1.32859 0.0141941
      vertex 14.7322 1.36986 5.72205e-07
    endloop
  endfacet
  facet normal -0.149793 -0.24936 -0.956756
    outer loop
      vertex 14.8488 1.29996 5.72205e-07
      vertex 14.8629 1.29149 5.72205e-07
      vertex 14.837 1.25259 0.0141941
    endloop
  endfacet
  facet normal -0.0426811 -0.28748 -0.956835
    outer loop
      vertex 14.303 1.52342 5.72205e-07
      vertex 14.2939 1.47753 0.0141941
      vertex 14.2867 1.52584 5.72205e-07
    endloop
  endfacet
  facet normal -0.0979634 -0.273592 -0.956844
    outer loop
      vertex 14.4509 1.48638 5.72205e-07
      vertex 14.4664 1.48083 5.72205e-07
      vertex 14.4373 1.44161 0.0141941
    endloop
  endfacet
  facet normal -0.0835123 -0.176559 -0.980741
    outer loop
      vertex 14.5765 1.3918 0.0141941
      vertex 14.4288 0.802309 0.132895
      vertex 14.3481 0.84048 0.132895
    endloop
  endfacet
  facet normal -0.0979039 -0.273618 -0.956843
    outer loop
      vertex 14.5765 1.3918 0.0141941
      vertex 14.4664 1.48083 5.72205e-07
      vertex 14.5944 1.43503 5.72205e-07
    endloop
  endfacet
  facet normal -0.0979123 -0.273628 -0.956839
    outer loop
      vertex 14.4664 1.48083 5.72205e-07
      vertex 14.5765 1.3918 0.0141941
      vertex 14.4373 1.44161 0.0141941
    endloop
  endfacet
  facet normal -0.281855 -0.0705565 -0.956859
    outer loop
      vertex 15.5194 0.319006 5.72205e-07
      vertex 15.5234 0.303027 5.72205e-07
      vertex 15.4775 0.293899 0.0141941
    endloop
  endfacet
  facet normal -0.183909 -0.065796 -0.980739
    outer loop
      vertex 15.3918 0.576504 0.0141941
      vertex 15.4416 0.437306 0.0141941
      vertex 14.8405 0.348138 0.132895
    endloop
  endfacet
  facet normal -0.273753 -0.097939 -0.9568
    outer loop
      vertex 15.3918 0.576504 0.0141941
      vertex 15.4808 0.466398 5.72205e-07
      vertex 15.4416 0.437306 0.0141941
    endloop
  endfacet
  facet normal -0.273763 -0.0979475 -0.956797
    outer loop
      vertex 15.4808 0.466398 5.72205e-07
      vertex 15.3918 0.576504 0.0141941
      vertex 15.435 0.594409 5.72205e-07
    endloop
  endfacet
  facet normal -0.100384 -0.167536 -0.980742
    outer loop
      vertex 14.837 1.25259 0.0141941
      vertex 14.5054 0.756412 0.132895
      vertex 14.4288 0.802309 0.132895
    endloop
  endfacet
  facet normal -0.0835327 -0.176554 -0.98074
    outer loop
      vertex 14.5765 1.3918 0.0141941
      vertex 14.7101 1.32859 0.0141941
      vertex 14.4288 0.802309 0.132895
    endloop
  endfacet
  facet normal -0.0419452 -0.0887208 -0.995173
    outer loop
      vertex 14.4288 0.802309 0.132895
      vertex 14.1434 0.268297 0.192532
      vertex 14.1164 0.281062 0.192532
    endloop
  endfacet
  facet normal -0.0727397 -0.0658681 -0.995174
    outer loop
      vertex 14.6433 0.643275 0.132895
      vertex 14.7032 0.577126 0.132895
      vertex 14.2151 0.215116 0.192532
    endloop
  endfacet
  facet normal -0.144793 -0.131115 -0.980736
    outer loop
      vertex 15.0652 1.06524 0.0141941
      vertex 14.7032 0.577126 0.132895
      vertex 14.6433 0.643275 0.132895
    endloop
  endfacet
  facet normal 0.0504394 -0.0841811 -0.995173
    outer loop
      vertex 13.5712 0.802309 0.132895
      vertex 13.8566 0.268297 0.192532
      vertex 13.4946 0.756412 0.132895
    endloop
  endfacet
  facet normal 0.0584623 -0.0788189 -0.995173
    outer loop
      vertex 13.4946 0.756412 0.132895
      vertex 13.831 0.252949 0.192532
      vertex 13.4229 0.70323 0.132895
    endloop
  endfacet
  facet normal 0.0658034 -0.183896 -0.980741
    outer loop
      vertex 13.5627 1.44161 0.0141941
      vertex 13.6519 0.84048 0.132895
      vertex 13.4235 1.3918 0.0141941
    endloop
  endfacet
  facet normal 0.0979123 -0.273628 -0.956839
    outer loop
      vertex 13.4235 1.3918 0.0141941
      vertex 13.5336 1.48083 5.72205e-07
      vertex 13.5627 1.44161 0.0141941
    endloop
  endfacet
  facet normal 0.0979039 -0.273618 -0.956843
    outer loop
      vertex 13.5336 1.48083 5.72205e-07
      vertex 13.4235 1.3918 0.0141941
      vertex 13.4056 1.43503 5.72205e-07
    endloop
  endfacet
  facet normal 0.0706116 -0.281896 -0.956843
    outer loop
      vertex 13.5627 1.44161 0.0141941
      vertex 13.681 1.51942 5.72205e-07
      vertex 13.7061 1.47753 0.0141941
    endloop
  endfacet
  facet normal 0.0706137 -0.281899 -0.956842
    outer loop
      vertex 13.681 1.51942 5.72205e-07
      vertex 13.5627 1.44161 0.0141941
      vertex 13.5491 1.48638 5.72205e-07
    endloop
  endfacet
  facet normal 0.116377 -0.156852 -0.980741
    outer loop
      vertex 13.163 1.25259 0.0141941
      vertex 13.4229 0.70323 0.132895
      vertex 13.0443 1.16452 0.0141941
    endloop
  endfacet
  facet normal 0.173077 -0.233271 -0.956885
    outer loop
      vertex 13.0278 1.2105 5.72205e-07
      vertex 13.163 1.25259 0.0141941
      vertex 13.0443 1.16452 0.0141941
    endloop
  endfacet
  facet normal 0.173214 -0.233761 -0.956741
    outer loop
      vertex 13.163 1.25259 0.0141941
      vertex 13.0278 1.2105 5.72205e-07
      vertex 13.1371 1.29149 5.72205e-07
    endloop
  endfacet
  facet normal 0.00481286 -0.0980153 -0.995173
    outer loop
      vertex 14 0.909728 0.132895
      vertex 14 0.304219 0.192532
      vertex 13.9108 0.905348 0.132895
    endloop
  endfacet
  facet normal 0.00957907 -0.195081 -0.98074
    outer loop
      vertex 14 1.50648 0.0141941
      vertex 14 0.909728 0.132895
      vertex 13.9108 0.905348 0.132895
    endloop
  endfacet
  facet normal 0.189487 0.0474356 -0.980737
    outer loop
      vertex 13.1294 -0.26408 0.132895
      vertex 12.5584 -0.437306 0.0141941
      vertex 12.5225 -0.293899 0.0141941
    endloop
  endfacet
  facet normal 0.193194 0.0286676 -0.980742
    outer loop
      vertex 13.0947 -0.0891685 0.132895
      vertex 12.5225 -0.293899 0.0141941
      vertex 12.5008 -0.14766 0.0141941
    endloop
  endfacet
  facet normal 0.287505 -0.0426621 -0.956829
    outer loop
      vertex 12.5008 0.14766 0.0141941
      vertex 12.4742 0.286733 5.72205e-07
      vertex 12.5225 0.293899 0.0141941
    endloop
  endfacet
  facet normal 0.287251 -0.0427181 -0.956902
    outer loop
      vertex 12.4742 0.286733 5.72205e-07
      vertex 12.5008 0.14766 0.0141941
      vertex 12.4542 0.152246 5.72205e-07
    endloop
  endfacet
  facet normal 0.189497 -0.0472643 -0.980743
    outer loop
      vertex 13.1294 0.26408 0.132895
      vertex 13.1078 0.177479 0.132895
      vertex 12.5225 0.293899 0.0141941
    endloop
  endfacet
  facet normal 0.167521 -0.100414 -0.980741
    outer loop
      vertex 13.2436 0.505418 0.132895
      vertex 13.1977 0.428843 0.132895
      vertex 12.7474 0.836953 0.0141941
    endloop
  endfacet
  facet normal 0.176566 -0.0834976 -0.980741
    outer loop
      vertex 12.6714 0.710148 0.0141941
      vertex 13.1977 0.428843 0.132895
      vertex 12.6082 0.576504 0.0141941
    endloop
  endfacet
  facet normal 0.0789693 -0.0582909 -0.995171
    outer loop
      vertex 13.7648 0.192994 0.192532
      vertex 13.7471 0.169015 0.192532
      vertex 13.2968 0.577126 0.132895
    endloop
  endfacet
  facet normal 0.0788089 -0.0584682 -0.995174
    outer loop
      vertex 13.2968 0.577126 0.132895
      vertex 13.7471 0.169015 0.192532
      vertex 13.2436 0.505418 0.132895
    endloop
  endfacet
  facet normal 0.215276 0.195095 -0.956867
    outer loop
      vertex 12.8104 -0.997586 5.72205e-07
      vertex 12.9348 -1.06524 0.0141941
      vertex 12.9017 -1.09833 5.72205e-07
    endloop
  endfacet
  facet normal 0.215325 0.195192 -0.956836
    outer loop
      vertex 12.9348 -1.06524 0.0141941
      vertex 12.8104 -0.997586 5.72205e-07
      vertex 12.8355 -0.955698 0.0141941
    endloop
  endfacet
  facet normal 0.167521 0.100414 -0.980741
    outer loop
      vertex 13.1977 -0.428843 0.132895
      vertex 13.2436 -0.505418 0.132895
      vertex 12.7474 -0.836953 0.0141941
    endloop
  endfacet
  facet normal 0.0658735 0.072735 -0.995174
    outer loop
      vertex 13.7849 -0.215116 0.192532
      vertex 13.4229 -0.70323 0.132895
      vertex 13.3567 -0.643275 0.132895
    endloop
  endfacet
  facet normal 0.13119 0.144695 -0.980741
    outer loop
      vertex 13.4229 -0.70323 0.132895
      vertex 13.0443 -1.16452 0.0141941
      vertex 12.9348 -1.06524 0.0141941
    endloop
  endfacet
  facet normal -0.00957907 0.195081 -0.98074
    outer loop
      vertex 14 -0.909728 0.132895
      vertex 14.0892 -0.905348 0.132895
      vertex 14 -1.50648 0.0141941
    endloop
  endfacet
  facet normal -0.0144011 0.0970699 -0.995173
    outer loop
      vertex 14.1775 -0.892248 0.132895
      vertex 14.0892 -0.905348 0.132895
      vertex 14.0298 -0.302754 0.192532
    endloop
  endfacet
  facet normal 0.0238884 0.0951849 -0.995173
    outer loop
      vertex 13.9117 -0.29112 0.192532
      vertex 13.9406 -0.298373 0.192532
      vertex 13.8225 -0.892248 0.132895
    endloop
  endfacet
  facet normal 0.0474582 0.189465 -0.98074
    outer loop
      vertex 13.7359 -0.870556 0.132895
      vertex 13.8225 -0.892248 0.132895
      vertex 13.7061 -1.47753 0.0141941
    endloop
  endfacet
  facet normal 0.023844 0.0951915 -0.995173
    outer loop
      vertex 13.9117 -0.29112 0.192532
      vertex 13.8225 -0.892248 0.132895
      vertex 13.7359 -0.870556 0.132895
    endloop
  endfacet
  facet normal 0.0835123 0.176559 -0.980741
    outer loop
      vertex 13.5712 -0.802309 0.132895
      vertex 13.6519 -0.84048 0.132895
      vertex 13.4235 -1.3918 0.0141941
    endloop
  endfacet
  facet normal -0.131124 0.144782 -0.980737
    outer loop
      vertex 14.6433 -0.643275 0.132895
      vertex 15.0652 -1.06524 0.0141941
      vertex 14.5771 -0.70323 0.132895
    endloop
  endfacet
  facet normal -0.13119 0.144695 -0.980741
    outer loop
      vertex 15.0652 -1.06524 0.0141941
      vertex 14.9557 -1.16452 0.0141941
      vertex 14.5771 -0.70323 0.132895
    endloop
  endfacet
  facet normal -0.193197 0.0286589 -0.980741
    outer loop
      vertex 14.9053 -0.0891685 0.132895
      vertex 15.4775 -0.293899 0.0141941
      vertex 14.8922 -0.177479 0.132895
    endloop
  endfacet
  facet normal -0.0658034 0.183896 -0.980741
    outer loop
      vertex 14.5765 -1.3918 0.0141941
      vertex 14.4373 -1.44161 0.0141941
      vertex 14.3481 -0.84048 0.132895
    endloop
  endfacet
  facet normal -0.124198 0.262582 -0.956883
    outer loop
      vertex 14.6093 -1.42799 5.72205e-07
      vertex 14.7101 -1.32859 0.0141941
      vertex 14.7322 -1.36986 5.72205e-07
    endloop
  endfacet
  facet normal -0.124266 0.262648 -0.956856
    outer loop
      vertex 14.7101 -1.32859 0.0141941
      vertex 14.6093 -1.42799 5.72205e-07
      vertex 14.5765 -1.3918 0.0141941
    endloop
  endfacet
  facet normal -0.0330705 0.0923922 -0.995173
    outer loop
      vertex 14.1164 -0.281062 0.192532
      vertex 14.2641 -0.870556 0.132895
      vertex 14.0883 -0.29112 0.192532
    endloop
  endfacet
  facet normal -0.0706137 0.281899 -0.956842
    outer loop
      vertex 14.319 -1.51942 5.72205e-07
      vertex 14.4373 -1.44161 0.0141941
      vertex 14.4509 -1.48638 5.72205e-07
    endloop
  endfacet
  facet normal -0.0706116 0.281896 -0.956843
    outer loop
      vertex 14.4373 -1.44161 0.0141941
      vertex 14.319 -1.51942 5.72205e-07
      vertex 14.2939 -1.47753 0.0141941
    endloop
  endfacet
  facet normal -0.173299 0.233185 -0.956866
    outer loop
      vertex 14.9854 -1.20069 5.72205e-07
      vertex 14.9722 -1.2105 5.72205e-07
      vertex 14.9557 -1.16452 0.0141941
    endloop
  endfacet
  facet normal -0.195138 0.215252 -0.956863
    outer loop
      vertex 14.9976 -1.18963 5.72205e-07
      vertex 14.9854 -1.20069 5.72205e-07
      vertex 14.9557 -1.16452 0.0141941
    endloop
  endfacet
  facet normal 0.0286632 0.193203 -0.98074
    outer loop
      vertex 13.8225 -0.892248 0.132895
      vertex 13.9108 -0.905348 0.132895
      vertex 13.7061 -1.47753 0.0141941
    endloop
  endfacet
  facet normal 0.0144011 0.0970699 -0.995173
    outer loop
      vertex 13.9702 -0.302754 0.192532
      vertex 13.9108 -0.905348 0.132895
      vertex 13.8225 -0.892248 0.132895
    endloop
  endfacet
  facet normal -0.0887027 0.0419856 -0.995173
    outer loop
      vertex 14.8405 -0.348138 0.132895
      vertex 14.8023 -0.428843 0.132895
      vertex 14.2811 -0.11642 0.192532
    endloop
  endfacet
  facet normal -0.249112 0.14932 -0.956894
    outer loop
      vertex 15.3 -0.848819 5.72205e-07
      vertex 15.3286 -0.710148 0.0141941
      vertex 15.3699 -0.732204 5.72205e-07
    endloop
  endfacet
  facet normal -0.249149 0.149326 -0.956884
    outer loop
      vertex 15.3286 -0.710148 0.0141941
      vertex 15.3 -0.848819 5.72205e-07
      vertex 15.2526 -0.836953 0.0141941
    endloop
  endfacet
  facet normal -0.195068 0.00964375 -0.980742
    outer loop
      vertex 15.5065 0 0.0141941
      vertex 15.4992 -0.14766 0.0141941
      vertex 14.9053 -0.0891685 0.132895
    endloop
  endfacet
  facet normal -0.290197 0.0143182 -0.95686
    outer loop
      vertex 15.5466 -0.135794 5.72205e-07
      vertex 15.5065 0 0.0141941
      vertex 15.5533 0 5.72205e-07
    endloop
  endfacet
  facet normal -0.290121 0.014343 -0.956883
    outer loop
      vertex 15.5065 0 0.0141941
      vertex 15.5466 -0.135794 5.72205e-07
      vertex 15.4992 -0.14766 0.0141941
    endloop
  endfacet
  facet normal -0.195065 0.00962546 -0.980743
    outer loop
      vertex 14.9097 0 0.132895
      vertex 15.5065 0 0.0141941
      vertex 14.9053 -0.0891685 0.132895
    endloop
  endfacet
  facet normal -0.0980167 -0.00483661 -0.995173
    outer loop
      vertex 14.9053 0.0891685 0.132895
      vertex 14.9097 0 0.132895
      vertex 14.3042 0 0.192532
    endloop
  endfacet
  facet normal -0.097086 -0.0144018 -0.995172
    outer loop
      vertex 14.8922 0.177479 0.132895
      vertex 14.9053 0.0891685 0.132895
      vertex 14.3028 0.0298185 0.192532
    endloop
  endfacet
  facet normal -0.193197 -0.0286589 -0.980741
    outer loop
      vertex 15.4775 0.293899 0.0141941
      vertex 14.9053 0.0891685 0.132895
      vertex 14.8922 0.177479 0.132895
    endloop
  endfacet
  facet normal -0.0887027 -0.0419856 -0.995173
    outer loop
      vertex 14.8023 0.428843 0.132895
      vertex 14.8405 0.348138 0.132895
      vertex 14.2811 0.11642 0.192532
    endloop
  endfacet
  facet normal -0.0886632 -0.0420516 -0.995174
    outer loop
      vertex 14.8023 0.428843 0.132895
      vertex 14.2811 0.11642 0.192532
      vertex 14.2683 0.143408 0.192532
    endloop
  endfacet
  facet normal -0.233411 0.172897 -0.956884
    outer loop
      vertex 15.2105 -0.972151 5.72205e-07
      vertex 15.2007 -0.985381 5.72205e-07
      vertex 15.1645 -0.955698 0.0141941
    endloop
  endfacet
  facet normal -0.00957907 -0.195081 -0.98074
    outer loop
      vertex 14 1.50648 0.0141941
      vertex 14.0892 0.905348 0.132895
      vertex 14 0.909728 0.132895
    endloop
  endfacet
  facet normal -0.009589 -0.195082 -0.98074
    outer loop
      vertex 14.1477 1.49922 0.0141941
      vertex 14.0892 0.905348 0.132895
      vertex 14 1.50648 0.0141941
    endloop
  endfacet
  facet normal -0.0704911 -0.281964 -0.956832
    outer loop
      vertex 14.303 1.52342 5.72205e-07
      vertex 14.319 1.51942 5.72205e-07
      vertex 14.2939 1.47753 0.0141941
    endloop
  endfacet
  facet normal -0.0706137 -0.281899 -0.956842
    outer loop
      vertex 14.4373 1.44161 0.0141941
      vertex 14.319 1.51942 5.72205e-07
      vertex 14.4509 1.48638 5.72205e-07
    endloop
  endfacet
  facet normal -0.0706116 -0.281896 -0.956843
    outer loop
      vertex 14.319 1.51942 5.72205e-07
      vertex 14.4373 1.44161 0.0141941
      vertex 14.2939 1.47753 0.0141941
    endloop
  endfacet
  facet normal -0.0474588 -0.189465 -0.98074
    outer loop
      vertex 14.2939 1.47753 0.0141941
      vertex 14.4373 1.44161 0.0141941
      vertex 14.2641 0.870556 0.132895
    endloop
  endfacet
  facet normal -0.1839 -0.0658521 -0.980737
    outer loop
      vertex 15.4416 0.437306 0.0141941
      vertex 14.8706 0.26408 0.132895
      vertex 14.8405 0.348138 0.132895
    endloop
  endfacet
  facet normal -0.189487 -0.0474356 -0.980737
    outer loop
      vertex 15.4416 0.437306 0.0141941
      vertex 15.4775 0.293899 0.0141941
      vertex 14.8706 0.26408 0.132895
    endloop
  endfacet
  facet normal -0.167528 -0.100407 -0.980741
    outer loop
      vertex 15.2526 0.836953 0.0141941
      vertex 15.3286 0.710148 0.0141941
      vertex 14.8023 0.428843 0.132895
    endloop
  endfacet
  facet normal -0.249016 -0.149808 -0.956843
    outer loop
      vertex 15.2915 0.862948 5.72205e-07
      vertex 15.3 0.848819 5.72205e-07
      vertex 15.2526 0.836953 0.0141941
    endloop
  endfacet
  facet normal -0.0238884 -0.0951849 -0.995173
    outer loop
      vertex 14.1775 0.892248 0.132895
      vertex 14.0883 0.29112 0.192532
      vertex 14.0594 0.298373 0.192532
    endloop
  endfacet
  facet normal -0.0143682 -0.0970781 -0.995173
    outer loop
      vertex 14.1775 0.892248 0.132895
      vertex 14.0594 0.298373 0.192532
      vertex 14.0298 0.302754 0.192532
    endloop
  endfacet
  facet normal -0.0840864 -0.0505694 -0.995174
    outer loop
      vertex 14.7564 0.505418 0.132895
      vertex 14.2683 0.143408 0.192532
      vertex 14.2529 0.169015 0.192532
    endloop
  endfacet
  facet normal -0.0584279 -0.0788501 -0.995173
    outer loop
      vertex 14.5771 0.70323 0.132895
      vertex 14.193 0.235165 0.192532
      vertex 14.169 0.252949 0.192532
    endloop
  endfacet
  facet normal -0.0658034 -0.183896 -0.980741
    outer loop
      vertex 14.4373 1.44161 0.0141941
      vertex 14.5765 1.3918 0.0141941
      vertex 14.3481 0.84048 0.132895
    endloop
  endfacet
  facet normal -0.0658413 -0.18389 -0.980739
    outer loop
      vertex 14.4373 1.44161 0.0141941
      vertex 14.3481 0.84048 0.132895
      vertex 14.2641 0.870556 0.132895
    endloop
  endfacet
  facet normal 0.0504601 -0.0841658 -0.995173
    outer loop
      vertex 13.8566 0.268297 0.192532
      vertex 13.831 0.252949 0.192532
      vertex 13.4946 0.756412 0.132895
    endloop
  endfacet
  facet normal 0.0704911 -0.281964 -0.956832
    outer loop
      vertex 13.697 1.52342 5.72205e-07
      vertex 13.7061 1.47753 0.0141941
      vertex 13.681 1.51942 5.72205e-07
    endloop
  endfacet
  facet normal 0.0426811 -0.28748 -0.956835
    outer loop
      vertex 13.7133 1.52584 5.72205e-07
      vertex 13.7061 1.47753 0.0141941
      vertex 13.697 1.52342 5.72205e-07
    endloop
  endfacet
  facet normal 0.0048185 -0.0980145 -0.995173
    outer loop
      vertex 14 0.304219 0.192532
      vertex 13.9702 0.302754 0.192532
      vertex 13.9108 0.905348 0.132895
    endloop
  endfacet
  facet normal 0.0143682 -0.0970781 -0.995173
    outer loop
      vertex 13.9702 0.302754 0.192532
      vertex 13.9406 0.298373 0.192532
      vertex 13.8225 0.892248 0.132895
    endloop
  endfacet
  facet normal 0.0238884 -0.0951849 -0.995173
    outer loop
      vertex 13.9406 0.298373 0.192532
      vertex 13.9117 0.29112 0.192532
      vertex 13.8225 0.892248 0.132895
    endloop
  endfacet
  facet normal 0.09244 0.0328853 -0.995175
    outer loop
      vertex 13.7089 -0.0883102 0.192532
      vertex 13.7189 -0.11642 0.192532
      vertex 13.1294 -0.26408 0.132895
    endloop
  endfacet
  facet normal 0.0980511 -0.00460357 -0.995171
    outer loop
      vertex 13.6972 0.0298185 0.192532
      vertex 13.6958 0 0.192532
      vertex 13.0947 0.0891685 0.132895
    endloop
  endfacet
  facet normal 0.0980167 -0.00483661 -0.995173
    outer loop
      vertex 13.0947 0.0891685 0.132895
      vertex 13.6958 0 0.192532
      vertex 13.0903 0 0.132895
    endloop
  endfacet
  facet normal 0.189497 0.0472643 -0.980743
    outer loop
      vertex 13.1078 -0.177479 0.132895
      vertex 13.1294 -0.26408 0.132895
      vertex 12.5225 -0.293899 0.0141941
    endloop
  endfacet
  facet normal 0.193197 0.0286589 -0.980741
    outer loop
      vertex 13.0947 -0.0891685 0.132895
      vertex 13.1078 -0.177479 0.132895
      vertex 12.5225 -0.293899 0.0141941
    endloop
  endfacet
  facet normal 0.195068 0.00964375 -0.980742
    outer loop
      vertex 13.0947 -0.0891685 0.132895
      vertex 12.5008 -0.14766 0.0141941
      vertex 12.4935 0 0.0141941
    endloop
  endfacet
  facet normal 0.195065 0.00962546 -0.980743
    outer loop
      vertex 13.0903 0 0.132895
      vertex 13.0947 -0.0891685 0.132895
      vertex 12.4935 0 0.0141941
    endloop
  endfacet
  facet normal 0.281782 0.0705081 -0.956884
    outer loop
      vertex 12.4806 -0.319006 5.72205e-07
      vertex 12.5584 -0.437306 0.0141941
      vertex 12.5136 -0.450889 5.72205e-07
    endloop
  endfacet
  facet normal 0.281854 0.0705584 -0.956859
    outer loop
      vertex 12.5584 -0.437306 0.0141941
      vertex 12.4806 -0.319006 5.72205e-07
      vertex 12.5225 -0.293899 0.0141941
    endloop
  endfacet
  facet normal 0.281855 -0.0705565 -0.956859
    outer loop
      vertex 12.4806 0.319006 5.72205e-07
      vertex 12.5225 0.293899 0.0141941
      vertex 12.4766 0.303027 5.72205e-07
    endloop
  endfacet
  facet normal 0 0 -1
    outer loop
      vertex 14.3028 -0.0298185 0.192532
      vertex 14.3028 0.0298185 0.192532
      vertex 14.3042 0 0.192532
    endloop
  endfacet
  facet normal 0 0 -1
    outer loop
      vertex 14.2984 -0.05935 0.192532
      vertex 14.3028 0.0298185 0.192532
      vertex 14.3028 -0.0298185 0.192532
    endloop
  endfacet
  facet normal 0 0 -1
    outer loop
      vertex 14.2984 -0.05935 0.192532
      vertex 14.2984 0.05935 0.192532
      vertex 14.3028 0.0298185 0.192532
    endloop
  endfacet
  facet normal 0 0 -1
    outer loop
      vertex 14.2911 -0.0883102 0.192532
      vertex 14.2984 0.05935 0.192532
      vertex 14.2984 -0.05935 0.192532
    endloop
  endfacet
  facet normal 0 0 -1
    outer loop
      vertex 14.2911 -0.0883102 0.192532
      vertex 14.2911 0.0883102 0.192532
      vertex 14.2984 0.05935 0.192532
    endloop
  endfacet
  facet normal 0 0 -1
    outer loop
      vertex 14.2811 -0.11642 0.192532
      vertex 14.2911 0.0883102 0.192532
      vertex 14.2911 -0.0883102 0.192532
    endloop
  endfacet
  facet normal 0 0 -1
    outer loop
      vertex 14.2811 -0.11642 0.192532
      vertex 14.2811 0.11642 0.192532
      vertex 14.2911 0.0883102 0.192532
    endloop
  endfacet
  facet normal 0 0 -1
    outer loop
      vertex 14.2683 -0.143408 0.192532
      vertex 14.2811 0.11642 0.192532
      vertex 14.2811 -0.11642 0.192532
    endloop
  endfacet
  facet normal 0 0 -1
    outer loop
      vertex 14.2683 -0.143408 0.192532
      vertex 14.2683 0.143408 0.192532
      vertex 14.2811 0.11642 0.192532
    endloop
  endfacet
  facet normal 0 0 -1
    outer loop
      vertex 14.2529 -0.169015 0.192532
      vertex 14.2683 0.143408 0.192532
      vertex 14.2683 -0.143408 0.192532
    endloop
  endfacet
  facet normal 0 0 -1
    outer loop
      vertex 14.2529 -0.169015 0.192532
      vertex 14.2529 0.169015 0.192532
      vertex 14.2683 0.143408 0.192532
    endloop
  endfacet
  facet normal 0 0 -1
    outer loop
      vertex 14.2352 -0.192994 0.192532
      vertex 14.2529 0.169015 0.192532
      vertex 14.2529 -0.169015 0.192532
    endloop
  endfacet
  facet normal 0 0 -1
    outer loop
      vertex 14.2352 -0.192994 0.192532
      vertex 14.2352 0.192994 0.192532
      vertex 14.2529 0.169015 0.192532
    endloop
  endfacet
  facet normal 0 0 -1
    outer loop
      vertex 14.2151 -0.215116 0.192532
      vertex 14.2352 0.192994 0.192532
      vertex 14.2352 -0.192994 0.192532
    endloop
  endfacet
  facet normal 0 0 -1
    outer loop
      vertex 14.2151 -0.215116 0.192532
      vertex 14.2151 0.215116 0.192532
      vertex 14.2352 0.192994 0.192532
    endloop
  endfacet
  facet normal 0 0 -1
    outer loop
      vertex 14.193 -0.235165 0.192532
      vertex 14.2151 0.215116 0.192532
      vertex 14.2151 -0.215116 0.192532
    endloop
  endfacet
  facet normal 0 0 -1
    outer loop
      vertex 14.193 -0.235165 0.192532
      vertex 14.193 0.235165 0.192532
      vertex 14.2151 0.215116 0.192532
    endloop
  endfacet
  facet normal 0 0 -1
    outer loop
      vertex 14.169 -0.252949 0.192532
      vertex 14.193 0.235165 0.192532
      vertex 14.193 -0.235165 0.192532
    endloop
  endfacet
  facet normal 0 0 -1
    outer loop
      vertex 14.169 -0.252949 0.192532
      vertex 14.169 0.252949 0.192532
      vertex 14.193 0.235165 0.192532
    endloop
  endfacet
  facet normal 0 0 -1
    outer loop
      vertex 14.1434 -0.268297 0.192532
      vertex 14.169 0.252949 0.192532
      vertex 14.169 -0.252949 0.192532
    endloop
  endfacet
  facet normal 0 0 -1
    outer loop
      vertex 14.1434 -0.268297 0.192532
      vertex 14.1434 0.268297 0.192532
      vertex 14.169 0.252949 0.192532
    endloop
  endfacet
  facet normal 0 0 -1
    outer loop
      vertex 14.1164 -0.281062 0.192532
      vertex 14.1434 0.268297 0.192532
      vertex 14.1434 -0.268297 0.192532
    endloop
  endfacet
  facet normal 0 0 -1
    outer loop
      vertex 14.1164 -0.281062 0.192532
      vertex 14.1164 0.281062 0.192532
      vertex 14.1434 0.268297 0.192532
    endloop
  endfacet
  facet normal 0 0 -1
    outer loop
      vertex 14.0883 -0.29112 0.192532
      vertex 14.1164 0.281062 0.192532
      vertex 14.1164 -0.281062 0.192532
    endloop
  endfacet
  facet normal 0 0 -1
    outer loop
      vertex 14.0883 -0.29112 0.192532
      vertex 14.0883 0.29112 0.192532
      vertex 14.1164 0.281062 0.192532
    endloop
  endfacet
  facet normal 0 0 -1
    outer loop
      vertex 14.0594 -0.298373 0.192532
      vertex 14.0883 0.29112 0.192532
      vertex 14.0883 -0.29112 0.192532
    endloop
  endfacet
  facet normal 0 0 -1
    outer loop
      vertex 14.0594 -0.298373 0.192532
      vertex 14.0594 0.298373 0.192532
      vertex 14.0883 0.29112 0.192532
    endloop
  endfacet
  facet normal 0 0 -1
    outer loop
      vertex 14.0298 -0.302754 0.192532
      vertex 14.0594 0.298373 0.192532
      vertex 14.0594 -0.298373 0.192532
    endloop
  endfacet
  facet normal 0 0 -1
    outer loop
      vertex 14.0298 -0.302754 0.192532
      vertex 14.0298 0.302754 0.192532
      vertex 14.0594 0.298373 0.192532
    endloop
  endfacet
  facet normal 0 0 -1
    outer loop
      vertex 14 -0.304219 0.192532
      vertex 14.0298 0.302754 0.192532
      vertex 14.0298 -0.302754 0.192532
    endloop
  endfacet
  facet normal 0 0 -1
    outer loop
      vertex 14 -0.304219 0.192532
      vertex 14 0.304219 0.192532
      vertex 14.0298 0.302754 0.192532
    endloop
  endfacet
  facet normal 0 0 -1
    outer loop
      vertex 13.9702 -0.302754 0.192532
      vertex 14 0.304219 0.192532
      vertex 14 -0.304219 0.192532
    endloop
  endfacet
  facet normal 0 0 -1
    outer loop
      vertex 13.9702 -0.302754 0.192532
      vertex 13.9702 0.302754 0.192532
      vertex 14 0.304219 0.192532
    endloop
  endfacet
  facet normal 0 0 -1
    outer loop
      vertex 13.9406 -0.298373 0.192532
      vertex 13.9702 0.302754 0.192532
      vertex 13.9702 -0.302754 0.192532
    endloop
  endfacet
  facet normal 0 0 -1
    outer loop
      vertex 13.9406 -0.298373 0.192532
      vertex 13.9406 0.298373 0.192532
      vertex 13.9702 0.302754 0.192532
    endloop
  endfacet
  facet normal 0 0 -1
    outer loop
      vertex 13.9117 -0.29112 0.192532
      vertex 13.9406 0.298373 0.192532
      vertex 13.9406 -0.298373 0.192532
    endloop
  endfacet
  facet normal 0 0 -1
    outer loop
      vertex 13.9117 -0.29112 0.192532
      vertex 13.9117 0.29112 0.192532
      vertex 13.9406 0.298373 0.192532
    endloop
  endfacet
  facet normal 0 0 -1
    outer loop
      vertex 13.8836 -0.281062 0.192532
      vertex 13.9117 0.29112 0.192532
      vertex 13.9117 -0.29112 0.192532
    endloop
  endfacet
  facet normal 0 0 -1
    outer loop
      vertex 13.8836 -0.281062 0.192532
      vertex 13.8836 0.281062 0.192532
      vertex 13.9117 0.29112 0.192532
    endloop
  endfacet
  facet normal 0 0 -1
    outer loop
      vertex 13.8566 -0.268297 0.192532
      vertex 13.8836 0.281062 0.192532
      vertex 13.8836 -0.281062 0.192532
    endloop
  endfacet
  facet normal 0 0 -1
    outer loop
      vertex 13.8566 -0.268297 0.192532
      vertex 13.8566 0.268297 0.192532
      vertex 13.8836 0.281062 0.192532
    endloop
  endfacet
  facet normal 0 0 -1
    outer loop
      vertex 13.831 -0.252949 0.192532
      vertex 13.8566 0.268297 0.192532
      vertex 13.8566 -0.268297 0.192532
    endloop
  endfacet
  facet normal 0 0 -1
    outer loop
      vertex 13.831 -0.252949 0.192532
      vertex 13.831 0.252949 0.192532
      vertex 13.8566 0.268297 0.192532
    endloop
  endfacet
  facet normal 0 0 -1
    outer loop
      vertex 13.807 -0.235165 0.192532
      vertex 13.831 0.252949 0.192532
      vertex 13.831 -0.252949 0.192532
    endloop
  endfacet
  facet normal 0 0 -1
    outer loop
      vertex 13.807 -0.235165 0.192532
      vertex 13.807 0.235165 0.192532
      vertex 13.831 0.252949 0.192532
    endloop
  endfacet
  facet normal 0 0 -1
    outer loop
      vertex 13.7849 -0.215116 0.192532
      vertex 13.807 0.235165 0.192532
      vertex 13.807 -0.235165 0.192532
    endloop
  endfacet
  facet normal 0 0 -1
    outer loop
      vertex 13.7849 -0.215116 0.192532
      vertex 13.7849 0.215116 0.192532
      vertex 13.807 0.235165 0.192532
    endloop
  endfacet
  facet normal 0 0 -1
    outer loop
      vertex 13.7648 -0.192994 0.192532
      vertex 13.7849 0.215116 0.192532
      vertex 13.7849 -0.215116 0.192532
    endloop
  endfacet
  facet normal 0 0 -1
    outer loop
      vertex 13.7648 -0.192994 0.192532
      vertex 13.7648 0.192994 0.192532
      vertex 13.7849 0.215116 0.192532
    endloop
  endfacet
  facet normal 0 0 -1
    outer loop
      vertex 13.7471 -0.169015 0.192532
      vertex 13.7648 0.192994 0.192532
      vertex 13.7648 -0.192994 0.192532
    endloop
  endfacet
  facet normal 0 0 -1
    outer loop
      vertex 13.7471 -0.169015 0.192532
      vertex 13.7471 0.169015 0.192532
      vertex 13.7648 0.192994 0.192532
    endloop
  endfacet
  facet normal 0 0 -1
    outer loop
      vertex 13.7317 -0.143408 0.192532
      vertex 13.7471 0.169015 0.192532
      vertex 13.7471 -0.169015 0.192532
    endloop
  endfacet
  facet normal 0 0 -1
    outer loop
      vertex 13.7317 -0.143408 0.192532
      vertex 13.7317 0.143408 0.192532
      vertex 13.7471 0.169015 0.192532
    endloop
  endfacet
  facet normal 0 0 -1
    outer loop
      vertex 13.7189 -0.11642 0.192532
      vertex 13.7317 0.143408 0.192532
      vertex 13.7317 -0.143408 0.192532
    endloop
  endfacet
  facet normal 0 0 -1
    outer loop
      vertex 13.7189 -0.11642 0.192532
      vertex 13.7189 0.11642 0.192532
      vertex 13.7317 0.143408 0.192532
    endloop
  endfacet
  facet normal 0 0 -1
    outer loop
      vertex 13.7089 -0.0883102 0.192532
      vertex 13.7189 0.11642 0.192532
      vertex 13.7189 -0.11642 0.192532
    endloop
  endfacet
  facet normal 0 0 -1
    outer loop
      vertex 13.7089 -0.0883102 0.192532
      vertex 13.7089 0.0883102 0.192532
      vertex 13.7189 0.11642 0.192532
    endloop
  endfacet
  facet normal 0 0 -1
    outer loop
      vertex 13.7016 -0.05935 0.192532
      vertex 13.7089 0.0883102 0.192532
      vertex 13.7089 -0.0883102 0.192532
    endloop
  endfacet
  facet normal 0 0 -1
    outer loop
      vertex 13.7016 -0.05935 0.192532
      vertex 13.7016 0.05935 0.192532
      vertex 13.7089 0.0883102 0.192532
    endloop
  endfacet
  facet normal 0 0 -1
    outer loop
      vertex 13.6972 -0.0298185 0.192532
      vertex 13.7016 0.05935 0.192532
      vertex 13.7016 -0.05935 0.192532
    endloop
  endfacet
  facet normal 0 0 -1
    outer loop
      vertex 13.6972 -0.0298185 0.192532
      vertex 13.6972 0.0298185 0.192532
      vertex 13.7016 0.05935 0.192532
    endloop
  endfacet
  facet normal 0 -0 -1
    outer loop
      vertex 13.6972 0.0298185 0.192532
      vertex 13.6972 -0.0298185 0.192532
      vertex 13.6958 0 0.192532
    endloop
  endfacet
  facet normal 0.0952115 -0.0237476 -0.995174
    outer loop
      vertex 13.1294 0.26408 0.132895
      vertex 13.7089 0.0883102 0.192532
      vertex 13.1078 0.177479 0.132895
    endloop
  endfacet
  facet normal 0.249149 -0.149326 -0.956884
    outer loop
      vertex 12.6714 0.710148 0.0141941
      vertex 12.7 0.848819 5.72205e-07
      vertex 12.7474 0.836953 0.0141941
    endloop
  endfacet
  facet normal 0.249112 -0.14932 -0.956894
    outer loop
      vertex 12.7 0.848819 5.72205e-07
      vertex 12.6714 0.710148 0.0141941
      vertex 12.6301 0.732204 5.72205e-07
    endloop
  endfacet
  facet normal 0.262647 -0.124205 -0.956864
    outer loop
      vertex 12.572 0.6093 5.72205e-07
      vertex 12.6714 0.710148 0.0141941
      vertex 12.6082 0.576504 0.0141941
    endloop
  endfacet
  facet normal 0.262569 -0.124123 -0.956897
    outer loop
      vertex 12.6714 0.710148 0.0141941
      vertex 12.572 0.6093 5.72205e-07
      vertex 12.6301 0.732204 5.72205e-07
    endloop
  endfacet
  facet normal 0.0840864 -0.0505694 -0.995174
    outer loop
      vertex 13.7471 0.169015 0.192532
      vertex 13.7317 0.143408 0.192532
      vertex 13.2436 0.505418 0.132895
    endloop
  endfacet
  facet normal 0.131124 -0.144782 -0.980737
    outer loop
      vertex 13.4229 0.70323 0.132895
      vertex 13.3567 0.643275 0.132895
      vertex 12.9348 1.06524 0.0141941
    endloop
  endfacet
  facet normal 0.144793 -0.131115 -0.980736
    outer loop
      vertex 13.3567 0.643275 0.132895
      vertex 13.2968 0.577126 0.132895
      vertex 12.9348 1.06524 0.0141941
    endloop
  endfacet
  facet normal 0.233411 0.172897 -0.956884
    outer loop
      vertex 12.8355 -0.955698 0.0141941
      vertex 12.7993 -0.985381 5.72205e-07
      vertex 12.7895 -0.972151 5.72205e-07
    endloop
  endfacet
  facet normal 0.249016 0.149808 -0.956843
    outer loop
      vertex 12.7474 -0.836953 0.0141941
      vertex 12.7085 -0.862948 5.72205e-07
      vertex 12.7 -0.848819 5.72205e-07
    endloop
  endfacet
  facet normal 0.249149 0.149326 -0.956884
    outer loop
      vertex 12.7 -0.848819 5.72205e-07
      vertex 12.6714 -0.710148 0.0141941
      vertex 12.7474 -0.836953 0.0141941
    endloop
  endfacet
  facet normal 0.249112 0.14932 -0.956894
    outer loop
      vertex 12.6714 -0.710148 0.0141941
      vertex 12.7 -0.848819 5.72205e-07
      vertex 12.6301 -0.732204 5.72205e-07
    endloop
  endfacet
  facet normal 0.0887027 0.0419856 -0.995173
    outer loop
      vertex 13.7189 -0.11642 0.192532
      vertex 13.1977 -0.428843 0.132895
      vertex 13.1595 -0.348138 0.132895
    endloop
  endfacet
  facet normal 0.0923902 0.0330836 -0.995173
    outer loop
      vertex 13.7189 -0.11642 0.192532
      vertex 13.1595 -0.348138 0.132895
      vertex 13.1294 -0.26408 0.132895
    endloop
  endfacet
  facet normal 0.156858 0.116373 -0.980741
    outer loop
      vertex 13.2436 -0.505418 0.132895
      vertex 13.2968 -0.577126 0.132895
      vertex 12.7474 -0.836953 0.0141941
    endloop
  endfacet
  facet normal 0.0788089 0.0584682 -0.995174
    outer loop
      vertex 13.7471 -0.169015 0.192532
      vertex 13.2968 -0.577126 0.132895
      vertex 13.2436 -0.505418 0.132895
    endloop
  endfacet
  facet normal 0.116351 0.156865 -0.980742
    outer loop
      vertex 13.4229 -0.70323 0.132895
      vertex 13.4946 -0.756412 0.132895
      vertex 13.163 -1.25259 0.0141941
    endloop
  endfacet
  facet normal 0.100384 0.167536 -0.980742
    outer loop
      vertex 13.4946 -0.756412 0.132895
      vertex 13.5712 -0.802309 0.132895
      vertex 13.163 -1.25259 0.0141941
    endloop
  endfacet
  facet normal 0.0584279 0.0788501 -0.995173
    outer loop
      vertex 13.807 -0.235165 0.192532
      vertex 13.831 -0.252949 0.192532
      vertex 13.4229 -0.70323 0.132895
    endloop
  endfacet
  facet normal 0.0419452 0.0887208 -0.995173
    outer loop
      vertex 13.8566 -0.268297 0.192532
      vertex 13.8836 -0.281062 0.192532
      vertex 13.5712 -0.802309 0.132895
    endloop
  endfacet
  facet normal -0.0474588 0.189465 -0.98074
    outer loop
      vertex 14.4373 -1.44161 0.0141941
      vertex 14.2939 -1.47753 0.0141941
      vertex 14.2641 -0.870556 0.132895
    endloop
  endfacet
  facet normal -0.0419605 0.0887116 -0.995173
    outer loop
      vertex 14.4288 -0.802309 0.132895
      vertex 14.3481 -0.84048 0.132895
      vertex 14.1164 -0.281062 0.192532
    endloop
  endfacet
  facet normal -0.0504601 0.0841658 -0.995173
    outer loop
      vertex 14.169 -0.252949 0.192532
      vertex 14.5054 -0.756412 0.132895
      vertex 14.1434 -0.268297 0.192532
    endloop
  endfacet
  facet normal -0.144793 0.131115 -0.980736
    outer loop
      vertex 14.7032 -0.577126 0.132895
      vertex 15.0652 -1.06524 0.0141941
      vertex 14.6433 -0.643275 0.132895
    endloop
  endfacet
  facet normal -0.144709 0.131179 -0.98074
    outer loop
      vertex 15.1645 -0.955698 0.0141941
      vertex 15.0652 -1.06524 0.0141941
      vertex 14.7032 -0.577126 0.132895
    endloop
  endfacet
  facet normal -0.0584623 0.0788189 -0.995173
    outer loop
      vertex 14.5771 -0.70323 0.132895
      vertex 14.5054 -0.756412 0.132895
      vertex 14.169 -0.252949 0.192532
    endloop
  endfacet
  facet normal -0.116351 0.156865 -0.980742
    outer loop
      vertex 14.5771 -0.70323 0.132895
      vertex 14.837 -1.25259 0.0141941
      vertex 14.5054 -0.756412 0.132895
    endloop
  endfacet
  facet normal -0.0726408 0.0660012 -0.995172
    outer loop
      vertex 14.2352 -0.192994 0.192532
      vertex 14.7032 -0.577126 0.132895
      vertex 14.2151 -0.215116 0.192532
    endloop
  endfacet
  facet normal -0.0788089 0.0584682 -0.995174
    outer loop
      vertex 14.7564 -0.505418 0.132895
      vertex 14.7032 -0.577126 0.132895
      vertex 14.2529 -0.169015 0.192532
    endloop
  endfacet
  facet normal -0.0923902 0.0330836 -0.995173
    outer loop
      vertex 14.8706 -0.26408 0.132895
      vertex 14.8405 -0.348138 0.132895
      vertex 14.2811 -0.11642 0.192532
    endloop
  endfacet
  facet normal -0.0886632 0.0420516 -0.995174
    outer loop
      vertex 14.2811 -0.11642 0.192532
      vertex 14.8023 -0.428843 0.132895
      vertex 14.2683 -0.143408 0.192532
    endloop
  endfacet
  facet normal -0.189497 0.0472643 -0.980743
    outer loop
      vertex 14.8922 -0.177479 0.132895
      vertex 15.4775 -0.293899 0.0141941
      vertex 14.8706 -0.26408 0.132895
    endloop
  endfacet
  facet normal -0.273763 0.0979475 -0.956797
    outer loop
      vertex 15.3918 -0.576504 0.0141941
      vertex 15.4808 -0.466398 5.72205e-07
      vertex 15.435 -0.594409 5.72205e-07
    endloop
  endfacet
  facet normal -0.273753 0.097939 -0.9568
    outer loop
      vertex 15.4808 -0.466398 5.72205e-07
      vertex 15.3918 -0.576504 0.0141941
      vertex 15.4416 -0.437306 0.0141941
    endloop
  endfacet
  facet normal -0.273242 0.0986625 -0.956872
    outer loop
      vertex 15.4864 -0.450889 5.72205e-07
      vertex 15.4808 -0.466398 5.72205e-07
      vertex 15.4416 -0.437306 0.0141941
    endloop
  endfacet
  facet normal -0.290197 -0.0143182 -0.95686
    outer loop
      vertex 15.5065 0 0.0141941
      vertex 15.5466 0.135794 5.72205e-07
      vertex 15.5533 0 5.72205e-07
    endloop
  endfacet
  facet normal -0.290121 -0.014343 -0.956883
    outer loop
      vertex 15.5466 0.135794 5.72205e-07
      vertex 15.5065 0 0.0141941
      vertex 15.4992 0.14766 0.0141941
    endloop
  endfacet
  facet normal -0.195068 -0.00964375 -0.980742
    outer loop
      vertex 15.4992 0.14766 0.0141941
      vertex 15.5065 0 0.0141941
      vertex 14.9053 0.0891685 0.132895
    endloop
  endfacet
  facet normal -0.0951752 -0.0239908 -0.995171
    outer loop
      vertex 14.8922 0.177479 0.132895
      vertex 14.2984 0.05935 0.192532
      vertex 14.2911 0.0883102 0.192532
    endloop
  endfacet
  facet normal -0.0952115 -0.0237476 -0.995174
    outer loop
      vertex 14.8706 0.26408 0.132895
      vertex 14.8922 0.177479 0.132895
      vertex 14.2911 0.0883102 0.192532
    endloop
  endfacet
  facet normal -0.156857 -0.116376 -0.980741
    outer loop
      vertex 15.1645 0.955698 0.0141941
      vertex 15.2526 0.836953 0.0141941
      vertex 14.7032 0.577126 0.132895
    endloop
  endfacet
  facet normal -0.233423 -0.173139 -0.956837
    outer loop
      vertex 15.2526 0.836953 0.0141941
      vertex 15.2105 0.972151 5.72205e-07
      vertex 15.2915 0.862948 5.72205e-07
    endloop
  endfacet
  facet normal -0.233328 -0.173112 -0.956865
    outer loop
      vertex 15.2105 0.972151 5.72205e-07
      vertex 15.2526 0.836953 0.0141941
      vertex 15.1645 0.955698 0.0141941
    endloop
  endfacet
  facet normal -0.176566 -0.0834976 -0.980741
    outer loop
      vertex 15.3286 0.710148 0.0141941
      vertex 15.3918 0.576504 0.0141941
      vertex 14.8023 0.428843 0.132895
    endloop
  endfacet
  facet normal -0.262647 -0.124205 -0.956864
    outer loop
      vertex 15.3286 0.710148 0.0141941
      vertex 15.428 0.6093 5.72205e-07
      vertex 15.3918 0.576504 0.0141941
    endloop
  endfacet
  facet normal -0.262569 -0.124123 -0.956897
    outer loop
      vertex 15.428 0.6093 5.72205e-07
      vertex 15.3286 0.710148 0.0141941
      vertex 15.3699 0.732204 5.72205e-07
    endloop
  endfacet
  facet normal -0.0789693 -0.0582909 -0.995171
    outer loop
      vertex 14.7032 0.577126 0.132895
      vertex 14.2529 0.169015 0.192532
      vertex 14.2352 0.192994 0.192532
    endloop
  endfacet
  facet normal -0.0584623 -0.0788189 -0.995173
    outer loop
      vertex 14.5054 0.756412 0.132895
      vertex 14.5771 0.70323 0.132895
      vertex 14.169 0.252949 0.192532
    endloop
  endfacet
  facet normal -0.116351 -0.156865 -0.980742
    outer loop
      vertex 14.837 1.25259 0.0141941
      vertex 14.5771 0.70323 0.132895
      vertex 14.5054 0.756412 0.132895
    endloop
  endfacet
  facet normal -0.06594 -0.0726856 -0.995173
    outer loop
      vertex 14.5771 0.70323 0.132895
      vertex 14.2151 0.215116 0.192532
      vertex 14.193 0.235165 0.192532
    endloop
  endfacet
  facet normal -0.0419605 -0.0887116 -0.995173
    outer loop
      vertex 14.3481 0.84048 0.132895
      vertex 14.4288 0.802309 0.132895
      vertex 14.1164 0.281062 0.192532
    endloop
  endfacet
  facet normal -0.03308 -0.0923898 -0.995173
    outer loop
      vertex 14.2641 0.870556 0.132895
      vertex 14.3481 0.84048 0.132895
      vertex 14.1164 0.281062 0.192532
    endloop
  endfacet
  facet normal 0.0419452 -0.0887208 -0.995173
    outer loop
      vertex 13.8836 0.281062 0.192532
      vertex 13.8566 0.268297 0.192532
      vertex 13.5712 0.802309 0.132895
    endloop
  endfacet
  facet normal 0.149405 -0.249467 -0.956789
    outer loop
      vertex 13.1512 1.29996 5.72205e-07
      vertex 13.2899 1.32859 0.0141941
      vertex 13.163 1.25259 0.0141941
    endloop
  endfacet
  facet normal 0.149343 -0.249119 -0.956889
    outer loop
      vertex 13.2899 1.32859 0.0141941
      vertex 13.1512 1.29996 5.72205e-07
      vertex 13.2678 1.36986 5.72205e-07
    endloop
  endfacet
  facet normal 0.100353 -0.167563 -0.98074
    outer loop
      vertex 13.2899 1.32859 0.0141941
      vertex 13.5712 0.802309 0.132895
      vertex 13.163 1.25259 0.0141941
    endloop
  endfacet
  facet normal 0.084172 0.0504538 -0.995173
    outer loop
      vertex 13.7317 -0.143408 0.192532
      vertex 13.2436 -0.505418 0.132895
      vertex 13.1977 -0.428843 0.132895
    endloop
  endfacet
  facet normal 0.0840864 0.0505694 -0.995174
    outer loop
      vertex 13.7317 -0.143408 0.192532
      vertex 13.7471 -0.169015 0.192532
      vertex 13.2436 -0.505418 0.132895
    endloop
  endfacet
  facet normal 0.0951752 0.0239908 -0.995171
    outer loop
      vertex 13.7016 -0.05935 0.192532
      vertex 13.7089 -0.0883102 0.192532
      vertex 13.1078 -0.177479 0.132895
    endloop
  endfacet
  facet normal 0.0952115 0.0237476 -0.995174
    outer loop
      vertex 13.7089 -0.0883102 0.192532
      vertex 13.1294 -0.26408 0.132895
      vertex 13.1078 -0.177479 0.132895
    endloop
  endfacet
  facet normal 0.0980511 0.00460357 -0.995171
    outer loop
      vertex 13.6958 0 0.192532
      vertex 13.6972 -0.0298185 0.192532
      vertex 13.0947 -0.0891685 0.132895
    endloop
  endfacet
  facet normal 0.0951752 -0.0239908 -0.995171
    outer loop
      vertex 13.7089 0.0883102 0.192532
      vertex 13.7016 0.05935 0.192532
      vertex 13.1078 0.177479 0.132895
    endloop
  endfacet
  facet normal 0.097086 -0.0144018 -0.995172
    outer loop
      vertex 13.1078 0.177479 0.132895
      vertex 13.6972 0.0298185 0.192532
      vertex 13.0947 0.0891685 0.132895
    endloop
  endfacet
  facet normal 0.273242 0.0986625 -0.956872
    outer loop
      vertex 12.5584 -0.437306 0.0141941
      vertex 12.5192 -0.466398 5.72205e-07
      vertex 12.5136 -0.450889 5.72205e-07
    endloop
  endfacet
  facet normal 0.176566 0.0834976 -0.980741
    outer loop
      vertex 13.1977 -0.428843 0.132895
      vertex 12.6714 -0.710148 0.0141941
      vertex 12.6082 -0.576504 0.0141941
    endloop
  endfacet
  facet normal 0.290121 -0.014343 -0.956883
    outer loop
      vertex 12.4935 0 0.0141941
      vertex 12.4534 0.135794 5.72205e-07
      vertex 12.5008 0.14766 0.0141941
    endloop
  endfacet
  facet normal 0.290197 -0.0143182 -0.95686
    outer loop
      vertex 12.4534 0.135794 5.72205e-07
      vertex 12.4935 0 0.0141941
      vertex 12.4467 0 5.72205e-07
    endloop
  endfacet
  facet normal 0.195068 -0.00964375 -0.980742
    outer loop
      vertex 12.5008 0.14766 0.0141941
      vertex 13.0947 0.0891685 0.132895
      vertex 12.4935 0 0.0141941
    endloop
  endfacet
  facet normal 0.0887027 -0.0419856 -0.995173
    outer loop
      vertex 13.1977 0.428843 0.132895
      vertex 13.7189 0.11642 0.192532
      vertex 13.1595 0.348138 0.132895
    endloop
  endfacet
  facet normal 0.0923902 -0.0330836 -0.995173
    outer loop
      vertex 13.1595 0.348138 0.132895
      vertex 13.7189 0.11642 0.192532
      vertex 13.1294 0.26408 0.132895
    endloop
  endfacet
  facet normal 0.0658735 -0.072735 -0.995174
    outer loop
      vertex 13.4229 0.70323 0.132895
      vertex 13.7849 0.215116 0.192532
      vertex 13.3567 0.643275 0.132895
    endloop
  endfacet
  facet normal 0.0727397 -0.0658681 -0.995174
    outer loop
      vertex 13.3567 0.643275 0.132895
      vertex 13.7849 0.215116 0.192532
      vertex 13.2968 0.577126 0.132895
    endloop
  endfacet
  facet normal 0.0584623 0.0788189 -0.995173
    outer loop
      vertex 13.831 -0.252949 0.192532
      vertex 13.4946 -0.756412 0.132895
      vertex 13.4229 -0.70323 0.132895
    endloop
  endfacet
  facet normal 0.0504601 0.0841658 -0.995173
    outer loop
      vertex 13.831 -0.252949 0.192532
      vertex 13.8566 -0.268297 0.192532
      vertex 13.4946 -0.756412 0.132895
    endloop
  endfacet
  facet normal 0.0726408 0.0660012 -0.995172
    outer loop
      vertex 13.7648 -0.192994 0.192532
      vertex 13.7849 -0.215116 0.192532
      vertex 13.2968 -0.577126 0.132895
    endloop
  endfacet
  facet normal 0.0727397 0.0658681 -0.995174
    outer loop
      vertex 13.7849 -0.215116 0.192532
      vertex 13.3567 -0.643275 0.132895
      vertex 13.2968 -0.577126 0.132895
    endloop
  endfacet
  facet normal 0.144793 0.131115 -0.980736
    outer loop
      vertex 13.2968 -0.577126 0.132895
      vertex 13.3567 -0.643275 0.132895
      vertex 12.9348 -1.06524 0.0141941
    endloop
  endfacet
  facet normal 0.0330705 0.0923922 -0.995173
    outer loop
      vertex 13.8836 -0.281062 0.192532
      vertex 13.9117 -0.29112 0.192532
      vertex 13.7359 -0.870556 0.132895
    endloop
  endfacet
  facet normal -0.0048185 0.0980145 -0.995173
    outer loop
      vertex 14.0298 -0.302754 0.192532
      vertex 14.0892 -0.905348 0.132895
      vertex 14 -0.304219 0.192532
    endloop
  endfacet
  facet normal -0.0238884 0.0951849 -0.995173
    outer loop
      vertex 14.0883 -0.29112 0.192532
      vertex 14.1775 -0.892248 0.132895
      vertex 14.0594 -0.298373 0.192532
    endloop
  endfacet
  facet normal -0.0835327 0.176554 -0.98074
    outer loop
      vertex 14.7101 -1.32859 0.0141941
      vertex 14.5765 -1.3918 0.0141941
      vertex 14.4288 -0.802309 0.132895
    endloop
  endfacet
  facet normal -0.100353 0.167563 -0.98074
    outer loop
      vertex 14.837 -1.25259 0.0141941
      vertex 14.7101 -1.32859 0.0141941
      vertex 14.4288 -0.802309 0.132895
    endloop
  endfacet
  facet normal -0.0584279 0.0788501 -0.995173
    outer loop
      vertex 14.193 -0.235165 0.192532
      vertex 14.5771 -0.70323 0.132895
      vertex 14.169 -0.252949 0.192532
    endloop
  endfacet
  facet normal -0.06594 0.0726856 -0.995173
    outer loop
      vertex 14.2151 -0.215116 0.192532
      vertex 14.5771 -0.70323 0.132895
      vertex 14.193 -0.235165 0.192532
    endloop
  endfacet
  facet normal -0.0840864 0.0505694 -0.995174
    outer loop
      vertex 14.2683 -0.143408 0.192532
      vertex 14.7564 -0.505418 0.132895
      vertex 14.2529 -0.169015 0.192532
    endloop
  endfacet
  facet normal -0.0789693 0.0582909 -0.995171
    outer loop
      vertex 14.2529 -0.169015 0.192532
      vertex 14.7032 -0.577126 0.132895
      vertex 14.2352 -0.192994 0.192532
    endloop
  endfacet
  facet normal -0.084172 0.0504538 -0.995173
    outer loop
      vertex 14.8023 -0.428843 0.132895
      vertex 14.7564 -0.505418 0.132895
      vertex 14.2683 -0.143408 0.192532
    endloop
  endfacet
  facet normal -0.167521 0.100414 -0.980741
    outer loop
      vertex 14.8023 -0.428843 0.132895
      vertex 15.2526 -0.836953 0.0141941
      vertex 14.7564 -0.505418 0.132895
    endloop
  endfacet
  facet normal -0.09244 0.0328853 -0.995175
    outer loop
      vertex 14.2911 -0.0883102 0.192532
      vertex 14.8706 -0.26408 0.132895
      vertex 14.2811 -0.11642 0.192532
    endloop
  endfacet
  facet normal -0.0951752 0.0239908 -0.995171
    outer loop
      vertex 14.2984 -0.05935 0.192532
      vertex 14.8922 -0.177479 0.132895
      vertex 14.2911 -0.0883102 0.192532
    endloop
  endfacet
  facet normal -0.0952115 0.0237476 -0.995174
    outer loop
      vertex 14.8922 -0.177479 0.132895
      vertex 14.8706 -0.26408 0.132895
      vertex 14.2911 -0.0883102 0.192532
    endloop
  endfacet
  facet normal -0.097086 0.0144018 -0.995172
    outer loop
      vertex 14.9053 -0.0891685 0.132895
      vertex 14.8922 -0.177479 0.132895
      vertex 14.3028 -0.0298185 0.192532
    endloop
  endfacet
  facet normal -0.0980511 0.00460357 -0.995171
    outer loop
      vertex 14.3042 0 0.192532
      vertex 14.9053 -0.0891685 0.132895
      vertex 14.3028 -0.0298185 0.192532
    endloop
  endfacet
  facet normal -0.290067 -0.0141049 -0.956902
    outer loop
      vertex 15.5458 0.152246 5.72205e-07
      vertex 15.5466 0.135794 5.72205e-07
      vertex 15.4992 0.14766 0.0141941
    endloop
  endfacet
  facet normal -0.287251 -0.0427181 -0.956902
    outer loop
      vertex 15.4992 0.14766 0.0141941
      vertex 15.5258 0.286733 5.72205e-07
      vertex 15.5458 0.152246 5.72205e-07
    endloop
  endfacet
  facet normal -0.287505 -0.0426621 -0.956829
    outer loop
      vertex 15.5258 0.286733 5.72205e-07
      vertex 15.4992 0.14766 0.0141941
      vertex 15.4775 0.293899 0.0141941
    endloop
  endfacet
  facet normal -0.287251 0.0427181 -0.956902
    outer loop
      vertex 15.5258 -0.286733 5.72205e-07
      vertex 15.4992 -0.14766 0.0141941
      vertex 15.5458 -0.152246 5.72205e-07
    endloop
  endfacet
  facet normal -0.287505 0.0426621 -0.956829
    outer loop
      vertex 15.4992 -0.14766 0.0141941
      vertex 15.5258 -0.286733 5.72205e-07
      vertex 15.4775 -0.293899 0.0141941
    endloop
  endfacet
  facet normal -0.290067 0.0141049 -0.956902
    outer loop
      vertex 15.5466 -0.135794 5.72205e-07
      vertex 15.5458 -0.152246 5.72205e-07
      vertex 15.4992 -0.14766 0.0141941
    endloop
  endfacet
  facet normal -0.287465 0.0423417 -0.956855
    outer loop
      vertex 15.5258 -0.286733 5.72205e-07
      vertex 15.5234 -0.303027 5.72205e-07
      vertex 15.4775 -0.293899 0.0141941
    endloop
  endfacet
  facet normal -0.281855 0.0705565 -0.956859
    outer loop
      vertex 15.5234 -0.303027 5.72205e-07
      vertex 15.5194 -0.319006 5.72205e-07
      vertex 15.4775 -0.293899 0.0141941
    endloop
  endfacet
  facet normal 0.0970707 -0.0144629 -0.995172
    outer loop
      vertex 13.7016 0.05935 0.192532
      vertex 13.6972 0.0298185 0.192532
      vertex 13.1078 0.177479 0.132895
    endloop
  endfacet
  facet normal 0.281855 0.0705565 -0.956859
    outer loop
      vertex 12.5225 -0.293899 0.0141941
      vertex 12.4806 -0.319006 5.72205e-07
      vertex 12.4766 -0.303027 5.72205e-07
    endloop
  endfacet
  facet normal 0.287465 0.0423417 -0.956855
    outer loop
      vertex 12.5225 -0.293899 0.0141941
      vertex 12.4766 -0.303027 5.72205e-07
      vertex 12.4742 -0.286733 5.72205e-07
    endloop
  endfacet
  facet normal 0.176548 0.0835654 -0.980738
    outer loop
      vertex 13.1595 -0.348138 0.132895
      vertex 13.1977 -0.428843 0.132895
      vertex 12.6082 -0.576504 0.0141941
    endloop
  endfacet
  facet normal 0.1839 0.0658521 -0.980737
    outer loop
      vertex 13.1294 -0.26408 0.132895
      vertex 13.1595 -0.348138 0.132895
      vertex 12.5584 -0.437306 0.0141941
    endloop
  endfacet
  facet normal 0.0726408 -0.0660012 -0.995172
    outer loop
      vertex 13.7849 0.215116 0.192532
      vertex 13.7648 0.192994 0.192532
      vertex 13.2968 0.577126 0.132895
    endloop
  endfacet
  facet normal 0.0584279 -0.0788501 -0.995173
    outer loop
      vertex 13.831 0.252949 0.192532
      vertex 13.807 0.235165 0.192532
      vertex 13.4229 0.70323 0.132895
    endloop
  endfacet
  facet normal 0.06594 0.0726856 -0.995173
    outer loop
      vertex 13.7849 -0.215116 0.192532
      vertex 13.807 -0.235165 0.192532
      vertex 13.4229 -0.70323 0.132895
    endloop
  endfacet
  facet normal -0.023844 0.0951915 -0.995173
    outer loop
      vertex 14.2641 -0.870556 0.132895
      vertex 14.1775 -0.892248 0.132895
      vertex 14.0883 -0.29112 0.192532
    endloop
  endfacet
  facet normal -0.0474582 0.189465 -0.98074
    outer loop
      vertex 14.2641 -0.870556 0.132895
      vertex 14.2939 -1.47753 0.0141941
      vertex 14.1775 -0.892248 0.132895
    endloop
  endfacet
  facet normal -0.0143682 0.0970781 -0.995173
    outer loop
      vertex 14.0594 -0.298373 0.192532
      vertex 14.1775 -0.892248 0.132895
      vertex 14.0298 -0.302754 0.192532
    endloop
  endfacet
  facet normal -0.0419452 0.0887208 -0.995173
    outer loop
      vertex 14.1434 -0.268297 0.192532
      vertex 14.4288 -0.802309 0.132895
      vertex 14.1164 -0.281062 0.192532
    endloop
  endfacet
  facet normal -0.0504394 0.0841811 -0.995173
    outer loop
      vertex 14.5054 -0.756412 0.132895
      vertex 14.4288 -0.802309 0.132895
      vertex 14.1434 -0.268297 0.192532
    endloop
  endfacet
  facet normal 0.263102 0.12368 -0.956808
    outer loop
      vertex 12.6082 -0.576504 0.0141941
      vertex 12.572 -0.6093 5.72205e-07
      vertex 12.565 -0.594409 5.72205e-07
    endloop
  endfacet
  facet normal 0.262569 0.124123 -0.956897
    outer loop
      vertex 12.572 -0.6093 5.72205e-07
      vertex 12.6714 -0.710148 0.0141941
      vertex 12.6301 -0.732204 5.72205e-07
    endloop
  endfacet
  facet normal 0.262647 0.124205 -0.956864
    outer loop
      vertex 12.6714 -0.710148 0.0141941
      vertex 12.572 -0.6093 5.72205e-07
      vertex 12.6082 -0.576504 0.0141941
    endloop
  endfacet
  facet normal 0.998798 -0.0490092 0
    outer loop
      vertex 18.1798 -0.411672 8.4
      vertex 18.2 0 7.4
      vertex 18.2 0 8.4
    endloop
  endfacet
  facet normal 0.998798 -0.0490092 0
    outer loop
      vertex 18.2 0 7.4
      vertex 18.1798 -0.411672 8.4
      vertex 18.1798 -0.411672 7.4
    endloop
  endfacet
  facet normal -0.998796 -0.0490576 0
    outer loop
      vertex 9.82022 -0.411672 7.4
      vertex 9.8 0 8.4
      vertex 9.8 0 7.4
    endloop
  endfacet
  facet normal -0.998796 -0.0490576 0
    outer loop
      vertex 9.8 0 8.4
      vertex 9.82022 -0.411672 7.4
      vertex 9.82022 -0.411672 8.4
    endloop
  endfacet
  facet normal 0.0490543 -0.998796 0
    outer loop
      vertex 14 -4.2 7.4
      vertex 14.4117 -4.17978 8.4
      vertex 14 -4.2 8.4
    endloop
  endfacet
  facet normal 0.0490543 -0.998796 0
    outer loop
      vertex 14.4117 -4.17978 8.4
      vertex 14 -4.2 7.4
      vertex 14.4117 -4.17978 7.4
    endloop
  endfacet
  facet normal -0.0490543 0.998796 0
    outer loop
      vertex 14 4.2 7.4
      vertex 13.5883 4.17978 8.4
      vertex 14 4.2 8.4
    endloop
  endfacet
  facet normal -0.0490543 0.998796 0
    outer loop
      vertex 13.5883 4.17978 8.4
      vertex 14 4.2 7.4
      vertex 13.5883 4.17978 7.4
    endloop
  endfacet
  facet normal 0.671668 -0.740852 0
    outer loop
      vertex 16.6645 -3.24664 7.4
      vertex 16.9698 -2.96985 8.4
      vertex 16.6645 -3.24664 8.4
    endloop
  endfacet
  facet normal 0.671668 -0.740852 0
    outer loop
      vertex 16.9698 -2.96985 8.4
      vertex 16.6645 -3.24664 7.4
      vertex 16.9698 -2.96985 7.4
    endloop
  endfacet
  facet normal -0.671668 -0.740852 0
    outer loop
      vertex 11.0302 -2.96985 7.4
      vertex 11.3355 -3.24664 8.4
      vertex 11.0302 -2.96985 8.4
    endloop
  endfacet
  facet normal -0.671668 -0.740852 -0
    outer loop
      vertex 11.3355 -3.24664 8.4
      vertex 11.0302 -2.96985 7.4
      vertex 11.3355 -3.24664 7.4
    endloop
  endfacet
  facet normal -0.33688 -0.941547 0
    outer loop
      vertex 12.3927 -3.88029 7.4
      vertex 12.7808 -4.01915 8.4
      vertex 12.3927 -3.88029 8.4
    endloop
  endfacet
  facet normal -0.33688 -0.941547 -0
    outer loop
      vertex 12.7808 -4.01915 8.4
      vertex 12.3927 -3.88029 7.4
      vertex 12.7808 -4.01915 7.4
    endloop
  endfacet
  facet normal 0.904014 -0.427502 0
    outer loop
      vertex 17.7041 -1.97987 8.4
      vertex 17.8803 -1.60727 7.4
      vertex 17.8803 -1.60727 8.4
    endloop
  endfacet
  facet normal 0.904014 -0.427502 0
    outer loop
      vertex 17.8803 -1.60727 7.4
      vertex 17.7041 -1.97987 8.4
      vertex 17.7041 -1.97987 7.4
    endloop
  endfacet
  facet normal 0.427542 -0.903996 0
    outer loop
      vertex 15.6073 -3.88029 7.4
      vertex 15.9799 -3.70407 8.4
      vertex 15.6073 -3.88029 8.4
    endloop
  endfacet
  facet normal 0.427542 -0.903996 0
    outer loop
      vertex 15.9799 -3.70407 8.4
      vertex 15.6073 -3.88029 7.4
      vertex 15.9799 -3.70407 7.4
    endloop
  endfacet
  facet normal 0.514139 -0.857707 0
    outer loop
      vertex 15.9799 -3.70407 7.4
      vertex 16.3334 -3.49217 8.4
      vertex 15.9799 -3.70407 8.4
    endloop
  endfacet
  facet normal 0.514139 -0.857707 0
    outer loop
      vertex 16.3334 -3.49217 8.4
      vertex 15.9799 -3.70407 7.4
      vertex 16.3334 -3.49217 7.4
    endloop
  endfacet
  facet normal -0.904014 -0.427502 0
    outer loop
      vertex 10.2959 -1.97987 7.4
      vertex 10.1197 -1.60727 8.4
      vertex 10.1197 -1.60727 7.4
    endloop
  endfacet
  facet normal -0.904014 -0.427502 0
    outer loop
      vertex 10.1197 -1.60727 8.4
      vertex 10.2959 -1.97987 7.4
      vertex 10.2959 -1.97987 8.4
    endloop
  endfacet
  facet normal -0.146739 -0.989175 0
    outer loop
      vertex 13.1806 -4.1193 7.4
      vertex 13.5883 -4.17978 8.4
      vertex 13.1806 -4.1193 8.4
    endloop
  endfacet
  facet normal -0.146739 -0.989175 -0
    outer loop
      vertex 13.5883 -4.17978 8.4
      vertex 13.1806 -4.1193 7.4
      vertex 13.5883 -4.17978 7.4
    endloop
  endfacet
  facet normal 0.941585 0.336774 0
    outer loop
      vertex 18.0191 1.2192 8.4
      vertex 17.8803 1.60727 7.4
      vertex 17.8803 1.60727 8.4
    endloop
  endfacet
  facet normal 0.941585 0.336774 0
    outer loop
      vertex 17.8803 1.60727 7.4
      vertex 18.0191 1.2192 8.4
      vertex 18.0191 1.2192 7.4
    endloop
  endfacet
  facet normal 0 0 1
    outer loop
      vertex 15.5 0 8.4
      vertex 18.2 0 8.4
      vertex 18.1798 0.411672 8.4
    endloop
  endfacet
  facet normal 0 0 1
    outer loop
      vertex 15.4928 0.147025 8.4
      vertex 18.1798 0.411672 8.4
      vertex 18.1193 0.819379 8.4
    endloop
  endfacet
  facet normal 0 0 1
    outer loop
      vertex 18.2 0 8.4
      vertex 15.5 0 8.4
      vertex 18.1798 -0.411672 8.4
    endloop
  endfacet
  facet normal 0 0 1
    outer loop
      vertex 15.4712 0.292635 8.4
      vertex 18.1193 0.819379 8.4
      vertex 18.0191 1.2192 8.4
    endloop
  endfacet
  facet normal -0 0 1
    outer loop
      vertex 15.4928 -0.147025 8.4
      vertex 18.1798 -0.411672 8.4
      vertex 15.5 0 8.4
    endloop
  endfacet
  facet normal 0 0 1
    outer loop
      vertex 15.4354 0.435427 8.4
      vertex 18.0191 1.2192 8.4
      vertex 17.8803 1.60727 8.4
    endloop
  endfacet
  facet normal 0 0 1
    outer loop
      vertex 18.1798 -0.411672 8.4
      vertex 15.4928 -0.147025 8.4
      vertex 18.1193 -0.819379 8.4
    endloop
  endfacet
  facet normal 0 0 1
    outer loop
      vertex 15.3858 0.574024 8.4
      vertex 17.8803 1.60727 8.4
      vertex 17.7041 1.97987 8.4
    endloop
  endfacet
  facet normal -0 0 1
    outer loop
      vertex 15.4712 -0.292635 8.4
      vertex 18.1193 -0.819379 8.4
      vertex 15.4928 -0.147025 8.4
    endloop
  endfacet
  facet normal 0 0 1
    outer loop
      vertex 15.3229 0.707094 8.4
      vertex 17.7041 1.97987 8.4
      vertex 17.4922 2.33339 8.4
    endloop
  endfacet
  facet normal 0 0 1
    outer loop
      vertex 18.1193 -0.819379 8.4
      vertex 15.4712 -0.292635 8.4
      vertex 18.0191 -1.2192 8.4
    endloop
  endfacet
  facet normal 0 0 1
    outer loop
      vertex 15.2472 0.833355 8.4
      vertex 17.4922 2.33339 8.4
      vertex 17.2466 2.66445 8.4
    endloop
  endfacet
  facet normal -0 0 1
    outer loop
      vertex 15.4354 -0.435427 8.4
      vertex 18.0191 -1.2192 8.4
      vertex 15.4712 -0.292635 8.4
    endloop
  endfacet
  facet normal 0 0 1
    outer loop
      vertex 15.1595 0.95159 8.4
      vertex 17.2466 2.66445 8.4
      vertex 16.9698 2.96985 8.4
    endloop
  endfacet
  facet normal 0 0 1
    outer loop
      vertex 18.0191 -1.2192 8.4
      vertex 15.4354 -0.435427 8.4
      vertex 17.8803 -1.60727 8.4
    endloop
  endfacet
  facet normal 0 0 1
    outer loop
      vertex 15.0607 1.06066 8.4
      vertex 16.9698 2.96985 8.4
      vertex 16.6645 3.24664 8.4
    endloop
  endfacet
  facet normal -0 0 1
    outer loop
      vertex 15.3858 -0.574024 8.4
      vertex 17.8803 -1.60727 8.4
      vertex 15.4354 -0.435427 8.4
    endloop
  endfacet
  facet normal 0 0 1
    outer loop
      vertex 14.9516 1.15952 8.4
      vertex 16.6645 3.24664 8.4
      vertex 16.3334 3.49217 8.4
    endloop
  endfacet
  facet normal 0 0 1
    outer loop
      vertex 17.8803 -1.60727 8.4
      vertex 15.3858 -0.574024 8.4
      vertex 17.7041 -1.97987 8.4
    endloop
  endfacet
  facet normal 0 0 1
    outer loop
      vertex 14.8334 1.2472 8.4
      vertex 16.3334 3.49217 8.4
      vertex 15.9799 3.70407 8.4
    endloop
  endfacet
  facet normal -0 0 1
    outer loop
      vertex 15.3229 -0.707094 8.4
      vertex 17.7041 -1.97987 8.4
      vertex 15.3858 -0.574024 8.4
    endloop
  endfacet
  facet normal 0 0 1
    outer loop
      vertex 14.7071 1.32288 8.4
      vertex 15.9799 3.70407 8.4
      vertex 15.6073 3.88029 8.4
    endloop
  endfacet
  facet normal 0 0 1
    outer loop
      vertex 17.7041 -1.97987 8.4
      vertex 15.3229 -0.707094 8.4
      vertex 17.4922 -2.33339 8.4
    endloop
  endfacet
  facet normal -0 0 1
    outer loop
      vertex 15.2472 -0.833355 8.4
      vertex 17.4922 -2.33339 8.4
      vertex 15.3229 -0.707094 8.4
    endloop
  endfacet
  facet normal 0 0 1
    outer loop
      vertex 18.1798 0.411672 8.4
      vertex 15.4928 0.147025 8.4
      vertex 15.5 0 8.4
    endloop
  endfacet
  facet normal 0 0 1
    outer loop
      vertex 18.1193 0.819379 8.4
      vertex 15.4712 0.292635 8.4
      vertex 15.4928 0.147025 8.4
    endloop
  endfacet
  facet normal 0 0 1
    outer loop
      vertex 18.0191 1.2192 8.4
      vertex 15.4354 0.435427 8.4
      vertex 15.4712 0.292635 8.4
    endloop
  endfacet
  facet normal 0 0 1
    outer loop
      vertex 17.8803 1.60727 8.4
      vertex 15.3858 0.574024 8.4
      vertex 15.4354 0.435427 8.4
    endloop
  endfacet
  facet normal 0 0 1
    outer loop
      vertex 17.7041 1.97987 8.4
      vertex 15.3229 0.707094 8.4
      vertex 15.3858 0.574024 8.4
    endloop
  endfacet
  facet normal 0 0 1
    outer loop
      vertex 17.4922 2.33339 8.4
      vertex 15.2472 0.833355 8.4
      vertex 15.3229 0.707094 8.4
    endloop
  endfacet
  facet normal 0 0 1
    outer loop
      vertex 14.574 1.38582 8.4
      vertex 15.6073 3.88029 8.4
      vertex 15.2192 4.01915 8.4
    endloop
  endfacet
  facet normal 0 0 1
    outer loop
      vertex 17.2466 2.66445 8.4
      vertex 15.1595 0.95159 8.4
      vertex 15.2472 0.833355 8.4
    endloop
  endfacet
  facet normal 0 0 1
    outer loop
      vertex 16.9698 2.96985 8.4
      vertex 15.0607 1.06066 8.4
      vertex 15.1595 0.95159 8.4
    endloop
  endfacet
  facet normal 0 0 1
    outer loop
      vertex 16.6645 3.24664 8.4
      vertex 14.9516 1.15952 8.4
      vertex 15.0607 1.06066 8.4
    endloop
  endfacet
  facet normal 0 0 1
    outer loop
      vertex 16.3334 3.49217 8.4
      vertex 14.8334 1.2472 8.4
      vertex 14.9516 1.15952 8.4
    endloop
  endfacet
  facet normal 0 0 1
    outer loop
      vertex 14.4354 1.43541 8.4
      vertex 15.2192 4.01915 8.4
      vertex 14.8194 4.1193 8.4
    endloop
  endfacet
  facet normal 0 0 1
    outer loop
      vertex 15.9799 3.70407 8.4
      vertex 14.7071 1.32288 8.4
      vertex 14.8334 1.2472 8.4
    endloop
  endfacet
  facet normal 0 0 1
    outer loop
      vertex 15.6073 3.88029 8.4
      vertex 14.574 1.38582 8.4
      vertex 14.7071 1.32288 8.4
    endloop
  endfacet
  facet normal 0 0 1
    outer loop
      vertex 15.2192 4.01915 8.4
      vertex 14.4354 1.43541 8.4
      vertex 14.574 1.38582 8.4
    endloop
  endfacet
  facet normal 0 0 1
    outer loop
      vertex 14.2926 1.47118 8.4
      vertex 14.8194 4.1193 8.4
      vertex 14.4117 4.17978 8.4
    endloop
  endfacet
  facet normal 0 0 1
    outer loop
      vertex 14.8194 4.1193 8.4
      vertex 14.2926 1.47118 8.4
      vertex 14.4354 1.43541 8.4
    endloop
  endfacet
  facet normal 0 0 1
    outer loop
      vertex 14.4117 4.17978 8.4
      vertex 14.147 1.49278 8.4
      vertex 14.2926 1.47118 8.4
    endloop
  endfacet
  facet normal 0 0 1
    outer loop
      vertex 14 4.2 8.4
      vertex 14.147 1.49278 8.4
      vertex 14.4117 4.17978 8.4
    endloop
  endfacet
  facet normal 0 0 1
    outer loop
      vertex 14 4.2 8.4
      vertex 14 1.5 8.4
      vertex 14.147 1.49278 8.4
    endloop
  endfacet
  facet normal 0 0 1
    outer loop
      vertex 14 4.2 8.4
      vertex 13.853 1.49278 8.4
      vertex 14 1.5 8.4
    endloop
  endfacet
  facet normal -0 0 1
    outer loop
      vertex 13.5883 4.17978 8.4
      vertex 13.853 1.49278 8.4
      vertex 14 4.2 8.4
    endloop
  endfacet
  facet normal 0 0 1
    outer loop
      vertex 13.853 1.49278 8.4
      vertex 13.5883 4.17978 8.4
      vertex 13.7074 1.47118 8.4
    endloop
  endfacet
  facet normal -0 0 1
    outer loop
      vertex 13.1806 4.1193 8.4
      vertex 13.7074 1.47118 8.4
      vertex 13.5883 4.17978 8.4
    endloop
  endfacet
  facet normal 0 0 1
    outer loop
      vertex 13.7074 1.47118 8.4
      vertex 13.1806 4.1193 8.4
      vertex 13.5646 1.43541 8.4
    endloop
  endfacet
  facet normal -0 0 1
    outer loop
      vertex 12.7808 4.01915 8.4
      vertex 13.5646 1.43541 8.4
      vertex 13.1806 4.1193 8.4
    endloop
  endfacet
  facet normal 0 0 1
    outer loop
      vertex 13.5646 1.43541 8.4
      vertex 12.7808 4.01915 8.4
      vertex 13.426 1.38582 8.4
    endloop
  endfacet
  facet normal -0 0 1
    outer loop
      vertex 12.3927 3.88029 8.4
      vertex 13.426 1.38582 8.4
      vertex 12.7808 4.01915 8.4
    endloop
  endfacet
  facet normal 0 0 1
    outer loop
      vertex 13.426 1.38582 8.4
      vertex 12.3927 3.88029 8.4
      vertex 13.2929 1.32288 8.4
    endloop
  endfacet
  facet normal -0 0 1
    outer loop
      vertex 12.0201 3.70407 8.4
      vertex 13.2929 1.32288 8.4
      vertex 12.3927 3.88029 8.4
    endloop
  endfacet
  facet normal 0 0 1
    outer loop
      vertex 13.2929 1.32288 8.4
      vertex 12.0201 3.70407 8.4
      vertex 13.1666 1.2472 8.4
    endloop
  endfacet
  facet normal -0 0 1
    outer loop
      vertex 11.6666 3.49217 8.4
      vertex 13.1666 1.2472 8.4
      vertex 12.0201 3.70407 8.4
    endloop
  endfacet
  facet normal 0 0 1
    outer loop
      vertex 13.1666 1.2472 8.4
      vertex 11.6666 3.49217 8.4
      vertex 13.0484 1.15952 8.4
    endloop
  endfacet
  facet normal -0 0 1
    outer loop
      vertex 11.3355 3.24664 8.4
      vertex 13.0484 1.15952 8.4
      vertex 11.6666 3.49217 8.4
    endloop
  endfacet
  facet normal 0 0 1
    outer loop
      vertex 13.0484 1.15952 8.4
      vertex 11.3355 3.24664 8.4
      vertex 12.9393 1.06066 8.4
    endloop
  endfacet
  facet normal -0 0 1
    outer loop
      vertex 11.0302 2.96985 8.4
      vertex 12.9393 1.06066 8.4
      vertex 11.3355 3.24664 8.4
    endloop
  endfacet
  facet normal 0 0 1
    outer loop
      vertex 12.9393 1.06066 8.4
      vertex 11.0302 2.96985 8.4
      vertex 12.8405 0.95159 8.4
    endloop
  endfacet
  facet normal -0 0 1
    outer loop
      vertex 10.7534 2.66445 8.4
      vertex 12.8405 0.95159 8.4
      vertex 11.0302 2.96985 8.4
    endloop
  endfacet
  facet normal -0 0 1
    outer loop
      vertex 10.5078 2.33339 8.4
      vertex 12.7528 0.833355 8.4
      vertex 10.7534 2.66445 8.4
    endloop
  endfacet
  facet normal 0 0 1
    outer loop
      vertex 12.8405 0.95159 8.4
      vertex 10.7534 2.66445 8.4
      vertex 12.7528 0.833355 8.4
    endloop
  endfacet
  facet normal 0 0 1
    outer loop
      vertex 17.4922 -2.33339 8.4
      vertex 15.2472 -0.833355 8.4
      vertex 17.2466 -2.66445 8.4
    endloop
  endfacet
  facet normal -0 0 1
    outer loop
      vertex 15.1595 -0.95159 8.4
      vertex 17.2466 -2.66445 8.4
      vertex 15.2472 -0.833355 8.4
    endloop
  endfacet
  facet normal 0 0 1
    outer loop
      vertex 17.2466 -2.66445 8.4
      vertex 15.1595 -0.95159 8.4
      vertex 16.9698 -2.96985 8.4
    endloop
  endfacet
  facet normal -0 0 1
    outer loop
      vertex 15.0607 -1.06066 8.4
      vertex 16.9698 -2.96985 8.4
      vertex 15.1595 -0.95159 8.4
    endloop
  endfacet
  facet normal 0 0 1
    outer loop
      vertex 16.9698 -2.96985 8.4
      vertex 15.0607 -1.06066 8.4
      vertex 16.6645 -3.24664 8.4
    endloop
  endfacet
  facet normal -0 0 1
    outer loop
      vertex 14.9516 -1.15952 8.4
      vertex 16.6645 -3.24664 8.4
      vertex 15.0607 -1.06066 8.4
    endloop
  endfacet
  facet normal 0 0 1
    outer loop
      vertex 16.6645 -3.24664 8.4
      vertex 14.9516 -1.15952 8.4
      vertex 16.3334 -3.49217 8.4
    endloop
  endfacet
  facet normal -0 0 1
    outer loop
      vertex 14.8334 -1.2472 8.4
      vertex 16.3334 -3.49217 8.4
      vertex 14.9516 -1.15952 8.4
    endloop
  endfacet
  facet normal 0 0 1
    outer loop
      vertex 16.3334 -3.49217 8.4
      vertex 14.8334 -1.2472 8.4
      vertex 15.9799 -3.70407 8.4
    endloop
  endfacet
  facet normal -0 0 1
    outer loop
      vertex 14.7071 -1.32288 8.4
      vertex 15.9799 -3.70407 8.4
      vertex 14.8334 -1.2472 8.4
    endloop
  endfacet
  facet normal 0 0 1
    outer loop
      vertex 15.9799 -3.70407 8.4
      vertex 14.7071 -1.32288 8.4
      vertex 15.6073 -3.88029 8.4
    endloop
  endfacet
  facet normal -0 0 1
    outer loop
      vertex 14.574 -1.38582 8.4
      vertex 15.6073 -3.88029 8.4
      vertex 14.7071 -1.32288 8.4
    endloop
  endfacet
  facet normal 0 0 1
    outer loop
      vertex 15.6073 -3.88029 8.4
      vertex 14.574 -1.38582 8.4
      vertex 15.2192 -4.01915 8.4
    endloop
  endfacet
  facet normal -0 0 1
    outer loop
      vertex 14.4354 -1.43541 8.4
      vertex 15.2192 -4.01915 8.4
      vertex 14.574 -1.38582 8.4
    endloop
  endfacet
  facet normal 0 0 1
    outer loop
      vertex 15.2192 -4.01915 8.4
      vertex 14.4354 -1.43541 8.4
      vertex 14.8194 -4.1193 8.4
    endloop
  endfacet
  facet normal -0 0 1
    outer loop
      vertex 14.2926 -1.47118 8.4
      vertex 14.8194 -4.1193 8.4
      vertex 14.4354 -1.43541 8.4
    endloop
  endfacet
  facet normal 0 0 1
    outer loop
      vertex 14.8194 -4.1193 8.4
      vertex 14.2926 -1.47118 8.4
      vertex 14.4117 -4.17978 8.4
    endloop
  endfacet
  facet normal -0 0 1
    outer loop
      vertex 14.147 -1.49278 8.4
      vertex 14.4117 -4.17978 8.4
      vertex 14.2926 -1.47118 8.4
    endloop
  endfacet
  facet normal -0 0 1
    outer loop
      vertex 14 -1.5 8.4
      vertex 14.4117 -4.17978 8.4
      vertex 14.147 -1.49278 8.4
    endloop
  endfacet
  facet normal 0 0 1
    outer loop
      vertex 14 -1.5 8.4
      vertex 14 -4.2 8.4
      vertex 14.4117 -4.17978 8.4
    endloop
  endfacet
  facet normal 0 0 1
    outer loop
      vertex 13.853 -1.49278 8.4
      vertex 14 -4.2 8.4
      vertex 14 -1.5 8.4
    endloop
  endfacet
  facet normal 0 0 1
    outer loop
      vertex 13.5883 -4.17978 8.4
      vertex 13.853 -1.49278 8.4
      vertex 13.7074 -1.47118 8.4
    endloop
  endfacet
  facet normal 0 0 1
    outer loop
      vertex 13.853 -1.49278 8.4
      vertex 13.5883 -4.17978 8.4
      vertex 14 -4.2 8.4
    endloop
  endfacet
  facet normal 0 0 1
    outer loop
      vertex 13.1806 -4.1193 8.4
      vertex 13.7074 -1.47118 8.4
      vertex 13.5646 -1.43541 8.4
    endloop
  endfacet
  facet normal 0 0 1
    outer loop
      vertex 12.7808 -4.01915 8.4
      vertex 13.5646 -1.43541 8.4
      vertex 13.426 -1.38582 8.4
    endloop
  endfacet
  facet normal 0 0 1
    outer loop
      vertex 12.3927 -3.88029 8.4
      vertex 13.426 -1.38582 8.4
      vertex 13.2929 -1.32288 8.4
    endloop
  endfacet
  facet normal 0 0 1
    outer loop
      vertex 13.7074 -1.47118 8.4
      vertex 13.1806 -4.1193 8.4
      vertex 13.5883 -4.17978 8.4
    endloop
  endfacet
  facet normal 0 0 1
    outer loop
      vertex 12.0201 -3.70407 8.4
      vertex 13.2929 -1.32288 8.4
      vertex 13.1666 -1.2472 8.4
    endloop
  endfacet
  facet normal 0 0 1
    outer loop
      vertex 11.6666 -3.49217 8.4
      vertex 13.1666 -1.2472 8.4
      vertex 13.0484 -1.15952 8.4
    endloop
  endfacet
  facet normal 0 0 1
    outer loop
      vertex 11.3355 -3.24664 8.4
      vertex 13.0484 -1.15952 8.4
      vertex 12.9393 -1.06066 8.4
    endloop
  endfacet
  facet normal 0 0 1
    outer loop
      vertex 11.0302 -2.96985 8.4
      vertex 12.9393 -1.06066 8.4
      vertex 12.8405 -0.95159 8.4
    endloop
  endfacet
  facet normal 0 0 1
    outer loop
      vertex 13.5646 -1.43541 8.4
      vertex 12.7808 -4.01915 8.4
      vertex 13.1806 -4.1193 8.4
    endloop
  endfacet
  facet normal 0 0 1
    outer loop
      vertex 10.7534 -2.66445 8.4
      vertex 12.8405 -0.95159 8.4
      vertex 12.7528 -0.833355 8.4
    endloop
  endfacet
  facet normal 0 0 1
    outer loop
      vertex 10.5078 -2.33339 8.4
      vertex 12.7528 -0.833355 8.4
      vertex 12.6771 -0.707094 8.4
    endloop
  endfacet
  facet normal 0 0 1
    outer loop
      vertex 10.2959 -1.97987 8.4
      vertex 12.6771 -0.707094 8.4
      vertex 12.6142 -0.574024 8.4
    endloop
  endfacet
  facet normal 0 0 1
    outer loop
      vertex 10.1197 -1.60727 8.4
      vertex 12.6142 -0.574024 8.4
      vertex 12.5646 -0.435427 8.4
    endloop
  endfacet
  facet normal 0 0 1
    outer loop
      vertex 9.98085 -1.2192 8.4
      vertex 12.5646 -0.435427 8.4
      vertex 12.5288 -0.292635 8.4
    endloop
  endfacet
  facet normal 0 0 1
    outer loop
      vertex 9.8807 -0.819379 8.4
      vertex 12.5288 -0.292635 8.4
      vertex 12.5072 -0.147025 8.4
    endloop
  endfacet
  facet normal 0 0 1
    outer loop
      vertex 13.426 -1.38582 8.4
      vertex 12.3927 -3.88029 8.4
      vertex 12.7808 -4.01915 8.4
    endloop
  endfacet
  facet normal 0 0 1
    outer loop
      vertex 9.82022 -0.411672 8.4
      vertex 12.5072 -0.147025 8.4
      vertex 12.5 0 8.4
    endloop
  endfacet
  facet normal 0 0 1
    outer loop
      vertex 12.7528 0.833355 8.4
      vertex 10.5078 2.33339 8.4
      vertex 12.6771 0.707094 8.4
    endloop
  endfacet
  facet normal -0 0 1
    outer loop
      vertex 10.2959 1.97987 8.4
      vertex 12.6771 0.707094 8.4
      vertex 10.5078 2.33339 8.4
    endloop
  endfacet
  facet normal 0 0 1
    outer loop
      vertex 13.2929 -1.32288 8.4
      vertex 12.0201 -3.70407 8.4
      vertex 12.3927 -3.88029 8.4
    endloop
  endfacet
  facet normal 0 0 1
    outer loop
      vertex 12.6771 0.707094 8.4
      vertex 10.2959 1.97987 8.4
      vertex 12.6142 0.574024 8.4
    endloop
  endfacet
  facet normal 0 0 1
    outer loop
      vertex 13.1666 -1.2472 8.4
      vertex 11.6666 -3.49217 8.4
      vertex 12.0201 -3.70407 8.4
    endloop
  endfacet
  facet normal -0 0 1
    outer loop
      vertex 10.1197 1.60727 8.4
      vertex 12.6142 0.574024 8.4
      vertex 10.2959 1.97987 8.4
    endloop
  endfacet
  facet normal 0 0 1
    outer loop
      vertex 13.0484 -1.15952 8.4
      vertex 11.3355 -3.24664 8.4
      vertex 11.6666 -3.49217 8.4
    endloop
  endfacet
  facet normal 0 0 1
    outer loop
      vertex 12.6142 0.574024 8.4
      vertex 10.1197 1.60727 8.4
      vertex 12.5646 0.435427 8.4
    endloop
  endfacet
  facet normal 0 0 1
    outer loop
      vertex 12.9393 -1.06066 8.4
      vertex 11.0302 -2.96985 8.4
      vertex 11.3355 -3.24664 8.4
    endloop
  endfacet
  facet normal -0 0 1
    outer loop
      vertex 9.98085 1.2192 8.4
      vertex 12.5646 0.435427 8.4
      vertex 10.1197 1.60727 8.4
    endloop
  endfacet
  facet normal 0 0 1
    outer loop
      vertex 12.8405 -0.95159 8.4
      vertex 10.7534 -2.66445 8.4
      vertex 11.0302 -2.96985 8.4
    endloop
  endfacet
  facet normal 0 0 1
    outer loop
      vertex 12.5646 0.435427 8.4
      vertex 9.98085 1.2192 8.4
      vertex 12.5288 0.292635 8.4
    endloop
  endfacet
  facet normal 0 0 1
    outer loop
      vertex 12.7528 -0.833355 8.4
      vertex 10.5078 -2.33339 8.4
      vertex 10.7534 -2.66445 8.4
    endloop
  endfacet
  facet normal -0 0 1
    outer loop
      vertex 9.8807 0.819379 8.4
      vertex 12.5288 0.292635 8.4
      vertex 9.98085 1.2192 8.4
    endloop
  endfacet
  facet normal 0 0 1
    outer loop
      vertex 12.6771 -0.707094 8.4
      vertex 10.2959 -1.97987 8.4
      vertex 10.5078 -2.33339 8.4
    endloop
  endfacet
  facet normal 0 0 1
    outer loop
      vertex 12.5288 0.292635 8.4
      vertex 9.8807 0.819379 8.4
      vertex 12.5072 0.147025 8.4
    endloop
  endfacet
  facet normal 0 0 1
    outer loop
      vertex 12.6142 -0.574024 8.4
      vertex 10.1197 -1.60727 8.4
      vertex 10.2959 -1.97987 8.4
    endloop
  endfacet
  facet normal -0 0 1
    outer loop
      vertex 9.82022 0.411672 8.4
      vertex 12.5072 0.147025 8.4
      vertex 9.8807 0.819379 8.4
    endloop
  endfacet
  facet normal 0 0 1
    outer loop
      vertex 12.5646 -0.435427 8.4
      vertex 9.98085 -1.2192 8.4
      vertex 10.1197 -1.60727 8.4
    endloop
  endfacet
  facet normal 0 0 1
    outer loop
      vertex 12.5072 0.147025 8.4
      vertex 9.82022 0.411672 8.4
      vertex 12.5 0 8.4
    endloop
  endfacet
  facet normal 0 0 1
    outer loop
      vertex 12.5288 -0.292635 8.4
      vertex 9.8807 -0.819379 8.4
      vertex 9.98085 -1.2192 8.4
    endloop
  endfacet
  facet normal 0 0 1
    outer loop
      vertex 9.8 0 8.4
      vertex 12.5 0 8.4
      vertex 9.82022 0.411672 8.4
    endloop
  endfacet
  facet normal 0 0 1
    outer loop
      vertex 12.5072 -0.147025 8.4
      vertex 9.82022 -0.411672 8.4
      vertex 9.8807 -0.819379 8.4
    endloop
  endfacet
  facet normal 0 0 1
    outer loop
      vertex 12.5 0 8.4
      vertex 9.8 0 8.4
      vertex 9.82022 -0.411672 8.4
    endloop
  endfacet
  facet normal 0.970003 -0.243094 0
    outer loop
      vertex 18.0191 -1.2192 8.4
      vertex 18.1193 -0.819379 7.4
      vertex 18.1193 -0.819379 8.4
    endloop
  endfacet
  facet normal 0.970003 -0.243094 0
    outer loop
      vertex 18.1193 -0.819379 7.4
      vertex 18.0191 -1.2192 8.4
      vertex 18.0191 -1.2192 7.4
    endloop
  endfacet
  facet normal 0.989169 -0.146784 0
    outer loop
      vertex 18.1193 -0.819379 8.4
      vertex 18.1798 -0.411672 7.4
      vertex 18.1798 -0.411672 8.4
    endloop
  endfacet
  facet normal 0.989169 -0.146784 0
    outer loop
      vertex 18.1798 -0.411672 7.4
      vertex 18.1193 -0.819379 8.4
      vertex 18.1193 -0.819379 7.4
    endloop
  endfacet
  facet normal 0.941585 -0.336774 0
    outer loop
      vertex 17.8803 -1.60727 8.4
      vertex 18.0191 -1.2192 7.4
      vertex 18.0191 -1.2192 8.4
    endloop
  endfacet
  facet normal 0.941585 -0.336774 0
    outer loop
      vertex 18.0191 -1.2192 7.4
      vertex 17.8803 -1.60727 8.4
      vertex 17.8803 -1.60727 7.4
    endloop
  endfacet
  facet normal 0.803127 -0.595808 0
    outer loop
      vertex 17.2466 -2.66445 8.4
      vertex 17.4922 -2.33339 7.4
      vertex 17.4922 -2.33339 8.4
    endloop
  endfacet
  facet normal 0.803127 -0.595808 0
    outer loop
      vertex 17.4922 -2.33339 7.4
      vertex 17.2466 -2.66445 8.4
      vertex 17.2466 -2.66445 7.4
    endloop
  endfacet
  facet normal 0.740949 -0.671561 0
    outer loop
      vertex 16.9698 -2.96985 8.4
      vertex 17.2466 -2.66445 7.4
      vertex 17.2466 -2.66445 8.4
    endloop
  endfacet
  facet normal 0.740949 -0.671561 0
    outer loop
      vertex 17.2466 -2.66445 7.4
      vertex 16.9698 -2.96985 8.4
      vertex 16.9698 -2.96985 7.4
    endloop
  endfacet
  facet normal 0.85772 -0.514117 0
    outer loop
      vertex 17.4922 -2.33339 8.4
      vertex 17.7041 -1.97987 7.4
      vertex 17.7041 -1.97987 8.4
    endloop
  endfacet
  facet normal 0.85772 -0.514117 0
    outer loop
      vertex 17.7041 -1.97987 7.4
      vertex 17.4922 -2.33339 8.4
      vertex 17.4922 -2.33339 7.4
    endloop
  endfacet
  facet normal 0.242992 -0.970028 0
    outer loop
      vertex 14.8194 -4.1193 7.4
      vertex 15.2192 -4.01915 8.4
      vertex 14.8194 -4.1193 8.4
    endloop
  endfacet
  facet normal 0.242992 -0.970028 0
    outer loop
      vertex 15.2192 -4.01915 8.4
      vertex 14.8194 -4.1193 7.4
      vertex 15.2192 -4.01915 7.4
    endloop
  endfacet
  facet normal 0.33688 -0.941547 0
    outer loop
      vertex 15.2192 -4.01915 7.4
      vertex 15.6073 -3.88029 8.4
      vertex 15.2192 -4.01915 8.4
    endloop
  endfacet
  facet normal 0.33688 -0.941547 0
    outer loop
      vertex 15.6073 -3.88029 8.4
      vertex 15.2192 -4.01915 7.4
      vertex 15.6073 -3.88029 7.4
    endloop
  endfacet
  facet normal 0.146739 -0.989175 0
    outer loop
      vertex 14.4117 -4.17978 7.4
      vertex 14.8194 -4.1193 8.4
      vertex 14.4117 -4.17978 8.4
    endloop
  endfacet
  facet normal 0.146739 -0.989175 0
    outer loop
      vertex 14.8194 -4.1193 8.4
      vertex 14.4117 -4.17978 7.4
      vertex 14.8194 -4.1193 7.4
    endloop
  endfacet
  facet normal 0.595652 -0.803243 0
    outer loop
      vertex 16.3334 -3.49217 7.4
      vertex 16.6645 -3.24664 8.4
      vertex 16.3334 -3.49217 8.4
    endloop
  endfacet
  facet normal 0.595652 -0.803243 0
    outer loop
      vertex 16.6645 -3.24664 8.4
      vertex 16.3334 -3.49217 7.4
      vertex 16.6645 -3.24664 7.4
    endloop
  endfacet
  facet normal -0.970031 -0.24298 0
    outer loop
      vertex 9.98085 -1.2192 7.4
      vertex 9.8807 -0.819379 8.4
      vertex 9.8807 -0.819379 7.4
    endloop
  endfacet
  facet normal -0.970031 -0.24298 0
    outer loop
      vertex 9.8807 -0.819379 8.4
      vertex 9.98085 -1.2192 7.4
      vertex 9.98085 -1.2192 8.4
    endloop
  endfacet
  facet normal -0.803127 -0.595808 0
    outer loop
      vertex 10.7534 -2.66445 7.4
      vertex 10.5078 -2.33339 8.4
      vertex 10.5078 -2.33339 7.4
    endloop
  endfacet
  facet normal -0.803127 -0.595808 0
    outer loop
      vertex 10.5078 -2.33339 8.4
      vertex 10.7534 -2.66445 7.4
      vertex 10.7534 -2.66445 8.4
    endloop
  endfacet
  facet normal -0.740949 -0.671561 0
    outer loop
      vertex 11.0302 -2.96985 7.4
      vertex 10.7534 -2.66445 8.4
      vertex 10.7534 -2.66445 7.4
    endloop
  endfacet
  facet normal -0.740949 -0.671561 0
    outer loop
      vertex 10.7534 -2.66445 8.4
      vertex 11.0302 -2.96985 7.4
      vertex 11.0302 -2.96985 8.4
    endloop
  endfacet
  facet normal -0.85772 -0.514117 0
    outer loop
      vertex 10.5078 -2.33339 7.4
      vertex 10.2959 -1.97987 8.4
      vertex 10.2959 -1.97987 7.4
    endloop
  endfacet
  facet normal -0.85772 -0.514117 0
    outer loop
      vertex 10.2959 -1.97987 8.4
      vertex 10.5078 -2.33339 7.4
      vertex 10.5078 -2.33339 8.4
    endloop
  endfacet
  facet normal -0.941547 -0.336882 0
    outer loop
      vertex 10.1197 -1.60727 7.4
      vertex 9.98085 -1.2192 8.4
      vertex 9.98085 -1.2192 7.4
    endloop
  endfacet
  facet normal -0.941547 -0.336882 0
    outer loop
      vertex 9.98085 -1.2192 8.4
      vertex 10.1197 -1.60727 7.4
      vertex 10.1197 -1.60727 8.4
    endloop
  endfacet
  facet normal -0.989176 -0.146736 0
    outer loop
      vertex 9.8807 -0.819379 7.4
      vertex 9.82022 -0.411672 8.4
      vertex 9.82022 -0.411672 7.4
    endloop
  endfacet
  facet normal -0.989176 -0.146736 0
    outer loop
      vertex 9.82022 -0.411672 8.4
      vertex 9.8807 -0.819379 7.4
      vertex 9.8807 -0.819379 8.4
    endloop
  endfacet
  facet normal 0 0 -1
    outer loop
      vertex 17 0 7.4
      vertex 18.2 0 7.4
      vertex 18.1798 -0.411672 7.4
    endloop
  endfacet
  facet normal 0 0 -1
    outer loop
      vertex 16.9856 -0.294051 7.4
      vertex 18.1798 -0.411672 7.4
      vertex 18.1193 -0.819379 7.4
    endloop
  endfacet
  facet normal 0 0 -1
    outer loop
      vertex 18.2 0 7.4
      vertex 17 0 7.4
      vertex 18.1798 0.411672 7.4
    endloop
  endfacet
  facet normal 0 0 -1
    outer loop
      vertex 16.9424 -0.585271 7.4
      vertex 18.1193 -0.819379 7.4
      vertex 18.0191 -1.2192 7.4
    endloop
  endfacet
  facet normal 0 0 -1
    outer loop
      vertex 16.9856 0.294051 7.4
      vertex 18.1798 0.411672 7.4
      vertex 17 0 7.4
    endloop
  endfacet
  facet normal 0 0 -1
    outer loop
      vertex 16.8708 -0.870853 7.4
      vertex 18.0191 -1.2192 7.4
      vertex 17.8803 -1.60727 7.4
    endloop
  endfacet
  facet normal -0 0 -1
    outer loop
      vertex 18.1798 0.411672 7.4
      vertex 16.9856 0.294051 7.4
      vertex 18.1193 0.819379 7.4
    endloop
  endfacet
  facet normal 0 0 -1
    outer loop
      vertex 16.7716 -1.14805 7.4
      vertex 17.8803 -1.60727 7.4
      vertex 17.7041 -1.97987 7.4
    endloop
  endfacet
  facet normal 0 0 -1
    outer loop
      vertex 16.9424 0.585271 7.4
      vertex 18.1193 0.819379 7.4
      vertex 16.9856 0.294051 7.4
    endloop
  endfacet
  facet normal 0 0 -1
    outer loop
      vertex 16.6458 -1.41419 7.4
      vertex 17.7041 -1.97987 7.4
      vertex 17.4922 -2.33339 7.4
    endloop
  endfacet
  facet normal -0 0 -1
    outer loop
      vertex 18.1193 0.819379 7.4
      vertex 16.9424 0.585271 7.4
      vertex 18.0191 1.2192 7.4
    endloop
  endfacet
  facet normal 0 0 -1
    outer loop
      vertex 16.4944 -1.66671 7.4
      vertex 17.4922 -2.33339 7.4
      vertex 17.2466 -2.66445 7.4
    endloop
  endfacet
  facet normal 0 0 -1
    outer loop
      vertex 16.8708 0.870853 7.4
      vertex 18.0191 1.2192 7.4
      vertex 16.9424 0.585271 7.4
    endloop
  endfacet
  facet normal -0 0 -1
    outer loop
      vertex 18.0191 1.2192 7.4
      vertex 16.8708 0.870853 7.4
      vertex 17.8803 1.60727 7.4
    endloop
  endfacet
  facet normal 0 0 -1
    outer loop
      vertex 18.1798 -0.411672 7.4
      vertex 16.9856 -0.294051 7.4
      vertex 17 0 7.4
    endloop
  endfacet
  facet normal 0 0 -1
    outer loop
      vertex 16.319 -1.90318 7.4
      vertex 17.2466 -2.66445 7.4
      vertex 16.9698 -2.96985 7.4
    endloop
  endfacet
  facet normal 0 0 -1
    outer loop
      vertex 18.1193 -0.819379 7.4
      vertex 16.9424 -0.585271 7.4
      vertex 16.9856 -0.294051 7.4
    endloop
  endfacet
  facet normal 0 0 -1
    outer loop
      vertex 18.0191 -1.2192 7.4
      vertex 16.8708 -0.870853 7.4
      vertex 16.9424 -0.585271 7.4
    endloop
  endfacet
  facet normal 0 0 -1
    outer loop
      vertex 17.8803 -1.60727 7.4
      vertex 16.7716 -1.14805 7.4
      vertex 16.8708 -0.870853 7.4
    endloop
  endfacet
  facet normal 0 0 -1
    outer loop
      vertex 16.1213 -2.12132 7.4
      vertex 16.9698 -2.96985 7.4
      vertex 16.6645 -3.24664 7.4
    endloop
  endfacet
  facet normal 0 0 -1
    outer loop
      vertex 17.7041 -1.97987 7.4
      vertex 16.6458 -1.41419 7.4
      vertex 16.7716 -1.14805 7.4
    endloop
  endfacet
  facet normal 0 0 -1
    outer loop
      vertex 17.4922 -2.33339 7.4
      vertex 16.4944 -1.66671 7.4
      vertex 16.6458 -1.41419 7.4
    endloop
  endfacet
  facet normal 0 0 -1
    outer loop
      vertex 15.9032 -2.31903 7.4
      vertex 16.6645 -3.24664 7.4
      vertex 16.3334 -3.49217 7.4
    endloop
  endfacet
  facet normal 0 0 -1
    outer loop
      vertex 17.2466 -2.66445 7.4
      vertex 16.319 -1.90318 7.4
      vertex 16.4944 -1.66671 7.4
    endloop
  endfacet
  facet normal 0 0 -1
    outer loop
      vertex 16.9698 -2.96985 7.4
      vertex 16.1213 -2.12132 7.4
      vertex 16.319 -1.90318 7.4
    endloop
  endfacet
  facet normal 0 0 -1
    outer loop
      vertex 15.6667 -2.49441 7.4
      vertex 16.3334 -3.49217 7.4
      vertex 15.9799 -3.70407 7.4
    endloop
  endfacet
  facet normal 0 0 -1
    outer loop
      vertex 16.6645 -3.24664 7.4
      vertex 15.9032 -2.31903 7.4
      vertex 16.1213 -2.12132 7.4
    endloop
  endfacet
  facet normal 0 0 -1
    outer loop
      vertex 16.3334 -3.49217 7.4
      vertex 15.6667 -2.49441 7.4
      vertex 15.9032 -2.31903 7.4
    endloop
  endfacet
  facet normal 0 0 -1
    outer loop
      vertex 15.4142 -2.64576 7.4
      vertex 15.9799 -3.70407 7.4
      vertex 15.6073 -3.88029 7.4
    endloop
  endfacet
  facet normal 0 0 -1
    outer loop
      vertex 15.9799 -3.70407 7.4
      vertex 15.4142 -2.64576 7.4
      vertex 15.6667 -2.49441 7.4
    endloop
  endfacet
  facet normal 0 0 -1
    outer loop
      vertex 15.148 -2.77164 7.4
      vertex 15.6073 -3.88029 7.4
      vertex 15.2192 -4.01915 7.4
    endloop
  endfacet
  facet normal 0 0 -1
    outer loop
      vertex 15.6073 -3.88029 7.4
      vertex 15.148 -2.77164 7.4
      vertex 15.4142 -2.64576 7.4
    endloop
  endfacet
  facet normal 0 0 -1
    outer loop
      vertex 15.2192 -4.01915 7.4
      vertex 14.8709 -2.87082 7.4
      vertex 15.148 -2.77164 7.4
    endloop
  endfacet
  facet normal 0 0 -1
    outer loop
      vertex 14.8194 -4.1193 7.4
      vertex 14.8709 -2.87082 7.4
      vertex 15.2192 -4.01915 7.4
    endloop
  endfacet
  facet normal 0 0 -1
    outer loop
      vertex 14.8194 -4.1193 7.4
      vertex 14.5853 -2.94236 7.4
      vertex 14.8709 -2.87082 7.4
    endloop
  endfacet
  facet normal 0 0 -1
    outer loop
      vertex 14.4117 -4.17978 7.4
      vertex 14.5853 -2.94236 7.4
      vertex 14.8194 -4.1193 7.4
    endloop
  endfacet
  facet normal 0 0 -1
    outer loop
      vertex 14.4117 -4.17978 7.4
      vertex 14.2941 -2.98555 7.4
      vertex 14.5853 -2.94236 7.4
    endloop
  endfacet
  facet normal 0 0 -1
    outer loop
      vertex 14 -4.2 7.4
      vertex 14.2941 -2.98555 7.4
      vertex 14.4117 -4.17978 7.4
    endloop
  endfacet
  facet normal 0 0 -1
    outer loop
      vertex 14 -4.2 7.4
      vertex 14 -3 7.4
      vertex 14.2941 -2.98555 7.4
    endloop
  endfacet
  facet normal 0 0 -1
    outer loop
      vertex 14 -4.2 7.4
      vertex 13.7059 -2.98555 7.4
      vertex 14 -3 7.4
    endloop
  endfacet
  facet normal 0 0 -1
    outer loop
      vertex 13.5883 -4.17978 7.4
      vertex 13.7059 -2.98555 7.4
      vertex 14 -4.2 7.4
    endloop
  endfacet
  facet normal 0 0 -1
    outer loop
      vertex 13.5883 -4.17978 7.4
      vertex 13.4147 -2.94236 7.4
      vertex 13.7059 -2.98555 7.4
    endloop
  endfacet
  facet normal 0 0 -1
    outer loop
      vertex 13.1806 -4.1193 7.4
      vertex 13.4147 -2.94236 7.4
      vertex 13.5883 -4.17978 7.4
    endloop
  endfacet
  facet normal 0 0 -1
    outer loop
      vertex 13.1806 -4.1193 7.4
      vertex 13.1291 -2.87082 7.4
      vertex 13.4147 -2.94236 7.4
    endloop
  endfacet
  facet normal 0 0 -1
    outer loop
      vertex 12.7808 -4.01915 7.4
      vertex 13.1291 -2.87082 7.4
      vertex 13.1806 -4.1193 7.4
    endloop
  endfacet
  facet normal -0 0 -1
    outer loop
      vertex 13.1291 -2.87082 7.4
      vertex 12.7808 -4.01915 7.4
      vertex 12.852 -2.77164 7.4
    endloop
  endfacet
  facet normal 0 0 -1
    outer loop
      vertex 12.3927 -3.88029 7.4
      vertex 12.852 -2.77164 7.4
      vertex 12.7808 -4.01915 7.4
    endloop
  endfacet
  facet normal -0 0 -1
    outer loop
      vertex 12.852 -2.77164 7.4
      vertex 12.3927 -3.88029 7.4
      vertex 12.5858 -2.64576 7.4
    endloop
  endfacet
  facet normal 0 0 -1
    outer loop
      vertex 12.0201 -3.70407 7.4
      vertex 12.5858 -2.64576 7.4
      vertex 12.3927 -3.88029 7.4
    endloop
  endfacet
  facet normal -0 0 -1
    outer loop
      vertex 12.5858 -2.64576 7.4
      vertex 12.0201 -3.70407 7.4
      vertex 12.3333 -2.49441 7.4
    endloop
  endfacet
  facet normal 0 0 -1
    outer loop
      vertex 11.6666 -3.49217 7.4
      vertex 12.3333 -2.49441 7.4
      vertex 12.0201 -3.70407 7.4
    endloop
  endfacet
  facet normal -0 0 -1
    outer loop
      vertex 12.3333 -2.49441 7.4
      vertex 11.6666 -3.49217 7.4
      vertex 12.0968 -2.31903 7.4
    endloop
  endfacet
  facet normal 0 0 -1
    outer loop
      vertex 11.3355 -3.24664 7.4
      vertex 12.0968 -2.31903 7.4
      vertex 11.6666 -3.49217 7.4
    endloop
  endfacet
  facet normal -0 0 -1
    outer loop
      vertex 12.0968 -2.31903 7.4
      vertex 11.3355 -3.24664 7.4
      vertex 11.8787 -2.12132 7.4
    endloop
  endfacet
  facet normal 0 0 -1
    outer loop
      vertex 11.0302 -2.96985 7.4
      vertex 11.8787 -2.12132 7.4
      vertex 11.3355 -3.24664 7.4
    endloop
  endfacet
  facet normal -0 0 -1
    outer loop
      vertex 11.8787 -2.12132 7.4
      vertex 11.0302 -2.96985 7.4
      vertex 11.681 -1.90318 7.4
    endloop
  endfacet
  facet normal 0 0 -1
    outer loop
      vertex 10.7534 -2.66445 7.4
      vertex 11.681 -1.90318 7.4
      vertex 11.0302 -2.96985 7.4
    endloop
  endfacet
  facet normal -0 0 -1
    outer loop
      vertex 11.681 -1.90318 7.4
      vertex 10.7534 -2.66445 7.4
      vertex 11.5056 -1.66671 7.4
    endloop
  endfacet
  facet normal 0 0 -1
    outer loop
      vertex 10.5078 -2.33339 7.4
      vertex 11.5056 -1.66671 7.4
      vertex 10.7534 -2.66445 7.4
    endloop
  endfacet
  facet normal -0 0 -1
    outer loop
      vertex 11.5056 -1.66671 7.4
      vertex 10.5078 -2.33339 7.4
      vertex 11.3542 -1.41419 7.4
    endloop
  endfacet
  facet normal 0 0 -1
    outer loop
      vertex 10.2959 -1.97987 7.4
      vertex 11.3542 -1.41419 7.4
      vertex 10.5078 -2.33339 7.4
    endloop
  endfacet
  facet normal -0 0 -1
    outer loop
      vertex 11.3542 -1.41419 7.4
      vertex 10.2959 -1.97987 7.4
      vertex 11.2284 -1.14805 7.4
    endloop
  endfacet
  facet normal 0 0 -1
    outer loop
      vertex 10.1197 -1.60727 7.4
      vertex 11.2284 -1.14805 7.4
      vertex 10.2959 -1.97987 7.4
    endloop
  endfacet
  facet normal -0 0 -1
    outer loop
      vertex 11.2284 -1.14805 7.4
      vertex 10.1197 -1.60727 7.4
      vertex 11.1292 -0.870853 7.4
    endloop
  endfacet
  facet normal 0 0 -1
    outer loop
      vertex 16.7716 1.14805 7.4
      vertex 17.8803 1.60727 7.4
      vertex 16.8708 0.870853 7.4
    endloop
  endfacet
  facet normal -0 0 -1
    outer loop
      vertex 17.8803 1.60727 7.4
      vertex 16.7716 1.14805 7.4
      vertex 17.7041 1.97987 7.4
    endloop
  endfacet
  facet normal 0 0 -1
    outer loop
      vertex 16.6458 1.41419 7.4
      vertex 17.7041 1.97987 7.4
      vertex 16.7716 1.14805 7.4
    endloop
  endfacet
  facet normal -0 0 -1
    outer loop
      vertex 17.7041 1.97987 7.4
      vertex 16.6458 1.41419 7.4
      vertex 17.4922 2.33339 7.4
    endloop
  endfacet
  facet normal 0 0 -1
    outer loop
      vertex 16.4944 1.66671 7.4
      vertex 17.4922 2.33339 7.4
      vertex 16.6458 1.41419 7.4
    endloop
  endfacet
  facet normal -0 0 -1
    outer loop
      vertex 17.4922 2.33339 7.4
      vertex 16.4944 1.66671 7.4
      vertex 17.2466 2.66445 7.4
    endloop
  endfacet
  facet normal 0 0 -1
    outer loop
      vertex 16.319 1.90318 7.4
      vertex 17.2466 2.66445 7.4
      vertex 16.4944 1.66671 7.4
    endloop
  endfacet
  facet normal -0 0 -1
    outer loop
      vertex 17.2466 2.66445 7.4
      vertex 16.319 1.90318 7.4
      vertex 16.9698 2.96985 7.4
    endloop
  endfacet
  facet normal 0 0 -1
    outer loop
      vertex 16.1213 2.12132 7.4
      vertex 16.9698 2.96985 7.4
      vertex 16.319 1.90318 7.4
    endloop
  endfacet
  facet normal -0 0 -1
    outer loop
      vertex 16.9698 2.96985 7.4
      vertex 16.1213 2.12132 7.4
      vertex 16.6645 3.24664 7.4
    endloop
  endfacet
  facet normal 0 0 -1
    outer loop
      vertex 15.9032 2.31903 7.4
      vertex 16.6645 3.24664 7.4
      vertex 16.1213 2.12132 7.4
    endloop
  endfacet
  facet normal -0 0 -1
    outer loop
      vertex 16.6645 3.24664 7.4
      vertex 15.9032 2.31903 7.4
      vertex 16.3334 3.49217 7.4
    endloop
  endfacet
  facet normal 0 0 -1
    outer loop
      vertex 15.6667 2.49441 7.4
      vertex 16.3334 3.49217 7.4
      vertex 15.9032 2.31903 7.4
    endloop
  endfacet
  facet normal -0 0 -1
    outer loop
      vertex 16.3334 3.49217 7.4
      vertex 15.6667 2.49441 7.4
      vertex 15.9799 3.70407 7.4
    endloop
  endfacet
  facet normal 0 0 -1
    outer loop
      vertex 15.4142 2.64576 7.4
      vertex 15.9799 3.70407 7.4
      vertex 15.6667 2.49441 7.4
    endloop
  endfacet
  facet normal -0 0 -1
    outer loop
      vertex 15.9799 3.70407 7.4
      vertex 15.4142 2.64576 7.4
      vertex 15.6073 3.88029 7.4
    endloop
  endfacet
  facet normal 0 0 -1
    outer loop
      vertex 15.148 2.77164 7.4
      vertex 15.6073 3.88029 7.4
      vertex 15.4142 2.64576 7.4
    endloop
  endfacet
  facet normal -0 0 -1
    outer loop
      vertex 15.6073 3.88029 7.4
      vertex 15.148 2.77164 7.4
      vertex 15.2192 4.01915 7.4
    endloop
  endfacet
  facet normal 0 0 -1
    outer loop
      vertex 14.8709 2.87082 7.4
      vertex 15.2192 4.01915 7.4
      vertex 15.148 2.77164 7.4
    endloop
  endfacet
  facet normal 0 0 -1
    outer loop
      vertex 14.8709 2.87082 7.4
      vertex 14.8194 4.1193 7.4
      vertex 15.2192 4.01915 7.4
    endloop
  endfacet
  facet normal 0 0 -1
    outer loop
      vertex 14.5853 2.94236 7.4
      vertex 14.8194 4.1193 7.4
      vertex 14.8709 2.87082 7.4
    endloop
  endfacet
  facet normal 0 0 -1
    outer loop
      vertex 14.5853 2.94236 7.4
      vertex 14.4117 4.17978 7.4
      vertex 14.8194 4.1193 7.4
    endloop
  endfacet
  facet normal 0 0 -1
    outer loop
      vertex 14.2941 2.98555 7.4
      vertex 14.4117 4.17978 7.4
      vertex 14.5853 2.94236 7.4
    endloop
  endfacet
  facet normal 0 0 -1
    outer loop
      vertex 14 3 7.4
      vertex 14.4117 4.17978 7.4
      vertex 14.2941 2.98555 7.4
    endloop
  endfacet
  facet normal 0 0 -1
    outer loop
      vertex 14 3 7.4
      vertex 14 4.2 7.4
      vertex 14.4117 4.17978 7.4
    endloop
  endfacet
  facet normal 0 0 -1
    outer loop
      vertex 13.7059 2.98555 7.4
      vertex 14 4.2 7.4
      vertex 14 3 7.4
    endloop
  endfacet
  facet normal 0 0 -1
    outer loop
      vertex 13.7059 2.98555 7.4
      vertex 13.5883 4.17978 7.4
      vertex 14 4.2 7.4
    endloop
  endfacet
  facet normal 0 0 -1
    outer loop
      vertex 13.4147 2.94236 7.4
      vertex 13.5883 4.17978 7.4
      vertex 13.7059 2.98555 7.4
    endloop
  endfacet
  facet normal 0 0 -1
    outer loop
      vertex 13.4147 2.94236 7.4
      vertex 13.1806 4.1193 7.4
      vertex 13.5883 4.17978 7.4
    endloop
  endfacet
  facet normal 0 0 -1
    outer loop
      vertex 13.1291 2.87082 7.4
      vertex 13.1806 4.1193 7.4
      vertex 13.4147 2.94236 7.4
    endloop
  endfacet
  facet normal 0 0 -1
    outer loop
      vertex 12.7808 4.01915 7.4
      vertex 13.1291 2.87082 7.4
      vertex 12.852 2.77164 7.4
    endloop
  endfacet
  facet normal 0 0 -1
    outer loop
      vertex 13.1291 2.87082 7.4
      vertex 12.7808 4.01915 7.4
      vertex 13.1806 4.1193 7.4
    endloop
  endfacet
  facet normal 0 0 -1
    outer loop
      vertex 12.3927 3.88029 7.4
      vertex 12.852 2.77164 7.4
      vertex 12.5858 2.64576 7.4
    endloop
  endfacet
  facet normal 0 0 -1
    outer loop
      vertex 12.852 2.77164 7.4
      vertex 12.3927 3.88029 7.4
      vertex 12.7808 4.01915 7.4
    endloop
  endfacet
  facet normal 0 0 -1
    outer loop
      vertex 12.0201 3.70407 7.4
      vertex 12.5858 2.64576 7.4
      vertex 12.3333 2.49441 7.4
    endloop
  endfacet
  facet normal 0 0 -1
    outer loop
      vertex 11.6666 3.49217 7.4
      vertex 12.3333 2.49441 7.4
      vertex 12.0968 2.31903 7.4
    endloop
  endfacet
  facet normal 0 0 -1
    outer loop
      vertex 12.5858 2.64576 7.4
      vertex 12.0201 3.70407 7.4
      vertex 12.3927 3.88029 7.4
    endloop
  endfacet
  facet normal 0 0 -1
    outer loop
      vertex 11.3355 3.24664 7.4
      vertex 12.0968 2.31903 7.4
      vertex 11.8787 2.12132 7.4
    endloop
  endfacet
  facet normal 0 0 -1
    outer loop
      vertex 11.0302 2.96985 7.4
      vertex 11.8787 2.12132 7.4
      vertex 11.681 1.90318 7.4
    endloop
  endfacet
  facet normal 0 0 -1
    outer loop
      vertex 12.3333 2.49441 7.4
      vertex 11.6666 3.49217 7.4
      vertex 12.0201 3.70407 7.4
    endloop
  endfacet
  facet normal 0 0 -1
    outer loop
      vertex 10.7534 2.66445 7.4
      vertex 11.681 1.90318 7.4
      vertex 11.5056 1.66671 7.4
    endloop
  endfacet
  facet normal 0 0 -1
    outer loop
      vertex 10.5078 2.33339 7.4
      vertex 11.5056 1.66671 7.4
      vertex 11.3542 1.41419 7.4
    endloop
  endfacet
  facet normal 0 0 -1
    outer loop
      vertex 12.0968 2.31903 7.4
      vertex 11.3355 3.24664 7.4
      vertex 11.6666 3.49217 7.4
    endloop
  endfacet
  facet normal 0 0 -1
    outer loop
      vertex 10.2959 1.97987 7.4
      vertex 11.3542 1.41419 7.4
      vertex 11.2284 1.14805 7.4
    endloop
  endfacet
  facet normal 0 0 -1
    outer loop
      vertex 10.1197 1.60727 7.4
      vertex 11.2284 1.14805 7.4
      vertex 11.1292 0.870853 7.4
    endloop
  endfacet
  facet normal 0 0 -1
    outer loop
      vertex 9.98085 1.2192 7.4
      vertex 11.1292 0.870853 7.4
      vertex 11.0576 0.585271 7.4
    endloop
  endfacet
  facet normal 0 0 -1
    outer loop
      vertex 11.8787 2.12132 7.4
      vertex 11.0302 2.96985 7.4
      vertex 11.3355 3.24664 7.4
    endloop
  endfacet
  facet normal 0 0 -1
    outer loop
      vertex 9.8807 0.819379 7.4
      vertex 11.0576 0.585271 7.4
      vertex 11.0144 0.294051 7.4
    endloop
  endfacet
  facet normal 0 0 -1
    outer loop
      vertex 9.82022 0.411672 7.4
      vertex 11.0144 0.294051 7.4
      vertex 11 0 7.4
    endloop
  endfacet
  facet normal 0 0 -1
    outer loop
      vertex 9.98085 -1.2192 7.4
      vertex 11.1292 -0.870853 7.4
      vertex 10.1197 -1.60727 7.4
    endloop
  endfacet
  facet normal 0 0 -1
    outer loop
      vertex 11.681 1.90318 7.4
      vertex 10.7534 2.66445 7.4
      vertex 11.0302 2.96985 7.4
    endloop
  endfacet
  facet normal -0 0 -1
    outer loop
      vertex 11.1292 -0.870853 7.4
      vertex 9.98085 -1.2192 7.4
      vertex 11.0576 -0.585271 7.4
    endloop
  endfacet
  facet normal 0 0 -1
    outer loop
      vertex 11.5056 1.66671 7.4
      vertex 10.5078 2.33339 7.4
      vertex 10.7534 2.66445 7.4
    endloop
  endfacet
  facet normal 0 0 -1
    outer loop
      vertex 9.8807 -0.819379 7.4
      vertex 11.0576 -0.585271 7.4
      vertex 9.98085 -1.2192 7.4
    endloop
  endfacet
  facet normal 0 0 -1
    outer loop
      vertex 11.3542 1.41419 7.4
      vertex 10.2959 1.97987 7.4
      vertex 10.5078 2.33339 7.4
    endloop
  endfacet
  facet normal -0 0 -1
    outer loop
      vertex 11.0576 -0.585271 7.4
      vertex 9.8807 -0.819379 7.4
      vertex 11.0144 -0.294051 7.4
    endloop
  endfacet
  facet normal 0 0 -1
    outer loop
      vertex 11.2284 1.14805 7.4
      vertex 10.1197 1.60727 7.4
      vertex 10.2959 1.97987 7.4
    endloop
  endfacet
  facet normal 0 0 -1
    outer loop
      vertex 9.82022 -0.411672 7.4
      vertex 11.0144 -0.294051 7.4
      vertex 9.8807 -0.819379 7.4
    endloop
  endfacet
  facet normal 0 0 -1
    outer loop
      vertex 11.1292 0.870853 7.4
      vertex 9.98085 1.2192 7.4
      vertex 10.1197 1.60727 7.4
    endloop
  endfacet
  facet normal -0 0 -1
    outer loop
      vertex 11.0144 -0.294051 7.4
      vertex 9.82022 -0.411672 7.4
      vertex 11 0 7.4
    endloop
  endfacet
  facet normal 0 0 -1
    outer loop
      vertex 11.0576 0.585271 7.4
      vertex 9.8807 0.819379 7.4
      vertex 9.98085 1.2192 7.4
    endloop
  endfacet
  facet normal 0 0 -1
    outer loop
      vertex 9.8 0 7.4
      vertex 11 0 7.4
      vertex 9.82022 -0.411672 7.4
    endloop
  endfacet
  facet normal 0 0 -1
    outer loop
      vertex 11.0144 0.294051 7.4
      vertex 9.82022 0.411672 7.4
      vertex 9.8807 0.819379 7.4
    endloop
  endfacet
  facet normal 0 0 -1
    outer loop
      vertex 11 0 7.4
      vertex 9.8 0 7.4
      vertex 9.82022 0.411672 7.4
    endloop
  endfacet
  facet normal -0.514139 -0.857707 0
    outer loop
      vertex 11.6666 -3.49217 7.4
      vertex 12.0201 -3.70407 8.4
      vertex 11.6666 -3.49217 8.4
    endloop
  endfacet
  facet normal -0.514139 -0.857707 -0
    outer loop
      vertex 12.0201 -3.70407 8.4
      vertex 11.6666 -3.49217 7.4
      vertex 12.0201 -3.70407 7.4
    endloop
  endfacet
  facet normal -0.427542 -0.903996 0
    outer loop
      vertex 12.0201 -3.70407 7.4
      vertex 12.3927 -3.88029 8.4
      vertex 12.0201 -3.70407 8.4
    endloop
  endfacet
  facet normal -0.427542 -0.903996 -0
    outer loop
      vertex 12.3927 -3.88029 8.4
      vertex 12.0201 -3.70407 7.4
      vertex 12.3927 -3.88029 7.4
    endloop
  endfacet
  facet normal -0.595652 -0.803243 0
    outer loop
      vertex 11.3355 -3.24664 7.4
      vertex 11.6666 -3.49217 8.4
      vertex 11.3355 -3.24664 8.4
    endloop
  endfacet
  facet normal -0.595652 -0.803243 -0
    outer loop
      vertex 11.6666 -3.49217 8.4
      vertex 11.3355 -3.24664 7.4
      vertex 11.6666 -3.49217 7.4
    endloop
  endfacet
  facet normal -0.242992 -0.970028 0
    outer loop
      vertex 12.7808 -4.01915 7.4
      vertex 13.1806 -4.1193 8.4
      vertex 12.7808 -4.01915 8.4
    endloop
  endfacet
  facet normal -0.242992 -0.970028 -0
    outer loop
      vertex 13.1806 -4.1193 8.4
      vertex 12.7808 -4.01915 7.4
      vertex 13.1806 -4.1193 7.4
    endloop
  endfacet
  facet normal -0.0490543 -0.998796 0
    outer loop
      vertex 13.5883 -4.17978 7.4
      vertex 14 -4.2 8.4
      vertex 13.5883 -4.17978 8.4
    endloop
  endfacet
  facet normal -0.0490543 -0.998796 -0
    outer loop
      vertex 14 -4.2 8.4
      vertex 13.5883 -4.17978 7.4
      vertex 14 -4.2 7.4
    endloop
  endfacet
  facet normal 0.998798 0.0490092 0
    outer loop
      vertex 18.2 0 8.4
      vertex 18.1798 0.411672 7.4
      vertex 18.1798 0.411672 8.4
    endloop
  endfacet
  facet normal 0.998798 0.0490092 0
    outer loop
      vertex 18.1798 0.411672 7.4
      vertex 18.2 0 8.4
      vertex 18.2 0 7.4
    endloop
  endfacet
  facet normal 0.0490543 0.998796 -0
    outer loop
      vertex 14.4117 4.17978 7.4
      vertex 14 4.2 8.4
      vertex 14.4117 4.17978 8.4
    endloop
  endfacet
  facet normal 0.0490543 0.998796 0
    outer loop
      vertex 14 4.2 8.4
      vertex 14.4117 4.17978 7.4
      vertex 14 4.2 7.4
    endloop
  endfacet
  facet normal 0.671668 0.740852 -0
    outer loop
      vertex 16.9698 2.96985 7.4
      vertex 16.6645 3.24664 8.4
      vertex 16.9698 2.96985 8.4
    endloop
  endfacet
  facet normal 0.671668 0.740852 0
    outer loop
      vertex 16.6645 3.24664 8.4
      vertex 16.9698 2.96985 7.4
      vertex 16.6645 3.24664 7.4
    endloop
  endfacet
  facet normal 0.514139 0.857707 -0
    outer loop
      vertex 16.3334 3.49217 7.4
      vertex 15.9799 3.70407 8.4
      vertex 16.3334 3.49217 8.4
    endloop
  endfacet
  facet normal 0.514139 0.857707 0
    outer loop
      vertex 15.9799 3.70407 8.4
      vertex 16.3334 3.49217 7.4
      vertex 15.9799 3.70407 7.4
    endloop
  endfacet
  facet normal 0.803127 0.595808 0
    outer loop
      vertex 17.4922 2.33339 8.4
      vertex 17.2466 2.66445 7.4
      vertex 17.2466 2.66445 8.4
    endloop
  endfacet
  facet normal 0.803127 0.595808 0
    outer loop
      vertex 17.2466 2.66445 7.4
      vertex 17.4922 2.33339 8.4
      vertex 17.4922 2.33339 7.4
    endloop
  endfacet
  facet normal 0.904014 0.427502 0
    outer loop
      vertex 17.8803 1.60727 8.4
      vertex 17.7041 1.97987 7.4
      vertex 17.7041 1.97987 8.4
    endloop
  endfacet
  facet normal 0.904014 0.427502 0
    outer loop
      vertex 17.7041 1.97987 7.4
      vertex 17.8803 1.60727 8.4
      vertex 17.8803 1.60727 7.4
    endloop
  endfacet
  facet normal -0.671668 0.740852 0
    outer loop
      vertex 11.3355 3.24664 7.4
      vertex 11.0302 2.96985 8.4
      vertex 11.3355 3.24664 8.4
    endloop
  endfacet
  facet normal -0.671668 0.740852 0
    outer loop
      vertex 11.0302 2.96985 8.4
      vertex 11.3355 3.24664 7.4
      vertex 11.0302 2.96985 7.4
    endloop
  endfacet
  facet normal -0.514139 0.857707 0
    outer loop
      vertex 12.0201 3.70407 7.4
      vertex 11.6666 3.49217 8.4
      vertex 12.0201 3.70407 8.4
    endloop
  endfacet
  facet normal -0.514139 0.857707 0
    outer loop
      vertex 11.6666 3.49217 8.4
      vertex 12.0201 3.70407 7.4
      vertex 11.6666 3.49217 7.4
    endloop
  endfacet
  facet normal -0.33688 0.941547 0
    outer loop
      vertex 12.7808 4.01915 7.4
      vertex 12.3927 3.88029 8.4
      vertex 12.7808 4.01915 8.4
    endloop
  endfacet
  facet normal -0.33688 0.941547 0
    outer loop
      vertex 12.3927 3.88029 8.4
      vertex 12.7808 4.01915 7.4
      vertex 12.3927 3.88029 7.4
    endloop
  endfacet
  facet normal -0.146739 0.989175 0
    outer loop
      vertex 13.5883 4.17978 7.4
      vertex 13.1806 4.1193 8.4
      vertex 13.5883 4.17978 8.4
    endloop
  endfacet
  facet normal -0.146739 0.989175 0
    outer loop
      vertex 13.1806 4.1193 8.4
      vertex 13.5883 4.17978 7.4
      vertex 13.1806 4.1193 7.4
    endloop
  endfacet
  facet normal -0.803127 0.595808 0
    outer loop
      vertex 10.5078 2.33339 7.4
      vertex 10.7534 2.66445 8.4
      vertex 10.7534 2.66445 7.4
    endloop
  endfacet
  facet normal -0.803127 0.595808 0
    outer loop
      vertex 10.7534 2.66445 8.4
      vertex 10.5078 2.33339 7.4
      vertex 10.5078 2.33339 8.4
    endloop
  endfacet
  facet normal -0.904014 0.427502 0
    outer loop
      vertex 10.1197 1.60727 7.4
      vertex 10.2959 1.97987 8.4
      vertex 10.2959 1.97987 7.4
    endloop
  endfacet
  facet normal -0.904014 0.427502 0
    outer loop
      vertex 10.2959 1.97987 8.4
      vertex 10.1197 1.60727 7.4
      vertex 10.1197 1.60727 8.4
    endloop
  endfacet
  facet normal -0.85772 0.514117 0
    outer loop
      vertex 10.2959 1.97987 7.4
      vertex 10.5078 2.33339 8.4
      vertex 10.5078 2.33339 7.4
    endloop
  endfacet
  facet normal -0.85772 0.514117 0
    outer loop
      vertex 10.5078 2.33339 8.4
      vertex 10.2959 1.97987 7.4
      vertex 10.2959 1.97987 8.4
    endloop
  endfacet
  facet normal -0.970031 0.24298 0
    outer loop
      vertex 9.8807 0.819379 7.4
      vertex 9.98085 1.2192 8.4
      vertex 9.98085 1.2192 7.4
    endloop
  endfacet
  facet normal -0.970031 0.24298 0
    outer loop
      vertex 9.98085 1.2192 8.4
      vertex 9.8807 0.819379 7.4
      vertex 9.8807 0.819379 8.4
    endloop
  endfacet
  facet normal -0.941547 0.336882 0
    outer loop
      vertex 9.98085 1.2192 7.4
      vertex 10.1197 1.60727 8.4
      vertex 10.1197 1.60727 7.4
    endloop
  endfacet
  facet normal -0.941547 0.336882 0
    outer loop
      vertex 10.1197 1.60727 8.4
      vertex 9.98085 1.2192 7.4
      vertex 9.98085 1.2192 8.4
    endloop
  endfacet
  facet normal -0.998796 0.0490576 0
    outer loop
      vertex 9.8 0 7.4
      vertex 9.82022 0.411672 8.4
      vertex 9.82022 0.411672 7.4
    endloop
  endfacet
  facet normal -0.998796 0.0490576 0
    outer loop
      vertex 9.82022 0.411672 8.4
      vertex 9.8 0 7.4
      vertex 9.8 0 8.4
    endloop
  endfacet
  facet normal 0.146739 0.989175 -0
    outer loop
      vertex 14.8194 4.1193 7.4
      vertex 14.4117 4.17978 8.4
      vertex 14.8194 4.1193 8.4
    endloop
  endfacet
  facet normal 0.146739 0.989175 0
    outer loop
      vertex 14.4117 4.17978 8.4
      vertex 14.8194 4.1193 7.4
      vertex 14.4117 4.17978 7.4
    endloop
  endfacet
  facet normal 0.242992 0.970028 -0
    outer loop
      vertex 15.2192 4.01915 7.4
      vertex 14.8194 4.1193 8.4
      vertex 15.2192 4.01915 8.4
    endloop
  endfacet
  facet normal 0.242992 0.970028 0
    outer loop
      vertex 14.8194 4.1193 8.4
      vertex 15.2192 4.01915 7.4
      vertex 14.8194 4.1193 7.4
    endloop
  endfacet
  facet normal 0.427542 0.903996 -0
    outer loop
      vertex 15.9799 3.70407 7.4
      vertex 15.6073 3.88029 8.4
      vertex 15.9799 3.70407 8.4
    endloop
  endfacet
  facet normal 0.427542 0.903996 0
    outer loop
      vertex 15.6073 3.88029 8.4
      vertex 15.9799 3.70407 7.4
      vertex 15.6073 3.88029 7.4
    endloop
  endfacet
  facet normal 0.33688 0.941547 -0
    outer loop
      vertex 15.6073 3.88029 7.4
      vertex 15.2192 4.01915 8.4
      vertex 15.6073 3.88029 8.4
    endloop
  endfacet
  facet normal 0.33688 0.941547 0
    outer loop
      vertex 15.2192 4.01915 8.4
      vertex 15.6073 3.88029 7.4
      vertex 15.2192 4.01915 7.4
    endloop
  endfacet
  facet normal 0.740949 0.671561 0
    outer loop
      vertex 17.2466 2.66445 8.4
      vertex 16.9698 2.96985 7.4
      vertex 16.9698 2.96985 8.4
    endloop
  endfacet
  facet normal 0.740949 0.671561 0
    outer loop
      vertex 16.9698 2.96985 7.4
      vertex 17.2466 2.66445 8.4
      vertex 17.2466 2.66445 7.4
    endloop
  endfacet
  facet normal 0.595652 0.803243 -0
    outer loop
      vertex 16.6645 3.24664 7.4
      vertex 16.3334 3.49217 8.4
      vertex 16.6645 3.24664 8.4
    endloop
  endfacet
  facet normal 0.595652 0.803243 0
    outer loop
      vertex 16.3334 3.49217 8.4
      vertex 16.6645 3.24664 7.4
      vertex 16.3334 3.49217 7.4
    endloop
  endfacet
  facet normal 0.85772 0.514117 0
    outer loop
      vertex 17.7041 1.97987 8.4
      vertex 17.4922 2.33339 7.4
      vertex 17.4922 2.33339 8.4
    endloop
  endfacet
  facet normal 0.85772 0.514117 0
    outer loop
      vertex 17.4922 2.33339 7.4
      vertex 17.7041 1.97987 8.4
      vertex 17.7041 1.97987 7.4
    endloop
  endfacet
  facet normal 0.989169 0.146784 0
    outer loop
      vertex 18.1798 0.411672 8.4
      vertex 18.1193 0.819379 7.4
      vertex 18.1193 0.819379 8.4
    endloop
  endfacet
  facet normal 0.989169 0.146784 0
    outer loop
      vertex 18.1193 0.819379 7.4
      vertex 18.1798 0.411672 8.4
      vertex 18.1798 0.411672 7.4
    endloop
  endfacet
  facet normal 0.970003 0.243094 0
    outer loop
      vertex 18.1193 0.819379 8.4
      vertex 18.0191 1.2192 7.4
      vertex 18.0191 1.2192 8.4
    endloop
  endfacet
  facet normal 0.970003 0.243094 0
    outer loop
      vertex 18.0191 1.2192 7.4
      vertex 18.1193 0.819379 8.4
      vertex 18.1193 0.819379 7.4
    endloop
  endfacet
  facet normal -0.595652 0.803243 0
    outer loop
      vertex 11.6666 3.49217 7.4
      vertex 11.3355 3.24664 8.4
      vertex 11.6666 3.49217 8.4
    endloop
  endfacet
  facet normal -0.595652 0.803243 0
    outer loop
      vertex 11.3355 3.24664 8.4
      vertex 11.6666 3.49217 7.4
      vertex 11.3355 3.24664 7.4
    endloop
  endfacet
  facet normal -0.427542 0.903996 0
    outer loop
      vertex 12.3927 3.88029 7.4
      vertex 12.0201 3.70407 8.4
      vertex 12.3927 3.88029 8.4
    endloop
  endfacet
  facet normal -0.427542 0.903996 0
    outer loop
      vertex 12.0201 3.70407 8.4
      vertex 12.3927 3.88029 7.4
      vertex 12.0201 3.70407 7.4
    endloop
  endfacet
  facet normal -0.242992 0.970028 0
    outer loop
      vertex 13.1806 4.1193 7.4
      vertex 12.7808 4.01915 8.4
      vertex 13.1806 4.1193 8.4
    endloop
  endfacet
  facet normal -0.242992 0.970028 0
    outer loop
      vertex 12.7808 4.01915 8.4
      vertex 13.1806 4.1193 7.4
      vertex 12.7808 4.01915 7.4
    endloop
  endfacet
  facet normal -0.740949 0.671561 0
    outer loop
      vertex 10.7534 2.66445 7.4
      vertex 11.0302 2.96985 8.4
      vertex 11.0302 2.96985 7.4
    endloop
  endfacet
  facet normal -0.740949 0.671561 0
    outer loop
      vertex 11.0302 2.96985 8.4
      vertex 10.7534 2.66445 7.4
      vertex 10.7534 2.66445 8.4
    endloop
  endfacet
  facet normal -0.989176 0.146736 0
    outer loop
      vertex 9.82022 0.411672 7.4
      vertex 9.8807 0.819379 8.4
      vertex 9.8807 0.819379 7.4
    endloop
  endfacet
  facet normal -0.989176 0.146736 0
    outer loop
      vertex 9.8807 0.819379 8.4
      vertex 9.82022 0.411672 7.4
      vertex 9.82022 0.411672 8.4
    endloop
  endfacet
  facet normal 0.998803 -0.0489125 0
    outer loop
      vertex 16.9856 -0.294051 7.4
      vertex 17 0 1.6
      vertex 17 0 7.4
    endloop
  endfacet
  facet normal 0.998803 -0.0489125 0
    outer loop
      vertex 17 0 1.6
      vertex 16.9856 -0.294051 7.4
      vertex 16.9856 -0.294051 1.6
    endloop
  endfacet
  facet normal -0.998803 -0.0489125 0
    outer loop
      vertex 11.0144 -0.294051 1.6
      vertex 11 0 7.4
      vertex 11 0 1.6
    endloop
  endfacet
  facet normal -0.998803 -0.0489125 0
    outer loop
      vertex 11 0 7.4
      vertex 11.0144 -0.294051 1.6
      vertex 11.0144 -0.294051 7.4
    endloop
  endfacet
  facet normal 0.0490738 -0.998795 0
    outer loop
      vertex 14 -3 1.6
      vertex 14.2941 -2.98555 7.4
      vertex 14 -3 7.4
    endloop
  endfacet
  facet normal 0.0490738 -0.998795 0
    outer loop
      vertex 14.2941 -2.98555 7.4
      vertex 14 -3 1.6
      vertex 14.2941 -2.98555 1.6
    endloop
  endfacet
  facet normal -0.0490738 0.998795 0
    outer loop
      vertex 14 3 1.6
      vertex 13.7059 2.98555 7.4
      vertex 14 3 7.4
    endloop
  endfacet
  facet normal -0.0490738 0.998795 0
    outer loop
      vertex 13.7059 2.98555 7.4
      vertex 14 3 1.6
      vertex 13.7059 2.98555 1.6
    endloop
  endfacet
  facet normal -0.740969 0.671539 0
    outer loop
      vertex 11.681 1.90318 1.6
      vertex 11.8787 2.12132 7.4
      vertex 11.8787 2.12132 1.6
    endloop
  endfacet
  facet normal -0.740969 0.671539 0
    outer loop
      vertex 11.8787 2.12132 7.4
      vertex 11.681 1.90318 1.6
      vertex 11.681 1.90318 7.4
    endloop
  endfacet
  facet normal 0.740969 -0.671539 0
    outer loop
      vertex 16.1213 -2.12132 7.4
      vertex 16.319 -1.90318 1.6
      vertex 16.319 -1.90318 7.4
    endloop
  endfacet
  facet normal 0.740969 -0.671539 0
    outer loop
      vertex 16.319 -1.90318 1.6
      vertex 16.1213 -2.12132 7.4
      vertex 16.1213 -2.12132 1.6
    endloop
  endfacet
  facet normal -0.671625 -0.740891 0
    outer loop
      vertex 11.8787 -2.12132 1.6
      vertex 12.0968 -2.31903 7.4
      vertex 11.8787 -2.12132 7.4
    endloop
  endfacet
  facet normal -0.671625 -0.740891 -0
    outer loop
      vertex 12.0968 -2.31903 7.4
      vertex 11.8787 -2.12132 1.6
      vertex 12.0968 -2.31903 1.6
    endloop
  endfacet
  facet normal -0.336986 -0.94151 0
    outer loop
      vertex 12.852 -2.77164 1.6
      vertex 13.1291 -2.87082 7.4
      vertex 12.852 -2.77164 7.4
    endloop
  endfacet
  facet normal -0.336986 -0.94151 -0
    outer loop
      vertex 13.1291 -2.87082 7.4
      vertex 12.852 -2.77164 1.6
      vertex 13.1291 -2.87082 1.6
    endloop
  endfacet
  facet normal -0.941525 0.336942 0
    outer loop
      vertex 11.1292 0.870853 1.6
      vertex 11.2284 1.14805 7.4
      vertex 11.2284 1.14805 1.6
    endloop
  endfacet
  facet normal -0.941525 0.336942 0
    outer loop
      vertex 11.2284 1.14805 7.4
      vertex 11.1292 0.870853 1.6
      vertex 11.1292 0.870853 7.4
    endloop
  endfacet
  facet normal 0.904088 -0.427347 0
    outer loop
      vertex 16.6458 -1.41419 7.4
      vertex 16.7716 -1.14805 1.6
      vertex 16.7716 -1.14805 7.4
    endloop
  endfacet
  facet normal 0.904088 -0.427347 0
    outer loop
      vertex 16.7716 -1.14805 1.6
      vertex 16.6458 -1.41419 7.4
      vertex 16.6458 -1.41419 1.6
    endloop
  endfacet
  facet normal 0.857661 -0.514216 0
    outer loop
      vertex 16.4944 -1.66671 7.4
      vertex 16.6458 -1.41419 1.6
      vertex 16.6458 -1.41419 7.4
    endloop
  endfacet
  facet normal 0.857661 -0.514216 0
    outer loop
      vertex 16.6458 -1.41419 1.6
      vertex 16.4944 -1.66671 7.4
      vertex 16.4944 -1.66671 1.6
    endloop
  endfacet
  facet normal 0.427491 -0.90402 0
    outer loop
      vertex 15.148 -2.77164 1.6
      vertex 15.4142 -2.64576 7.4
      vertex 15.148 -2.77164 7.4
    endloop
  endfacet
  facet normal 0.427491 -0.90402 0
    outer loop
      vertex 15.4142 -2.64576 7.4
      vertex 15.148 -2.77164 1.6
      vertex 15.4142 -2.64576 1.6
    endloop
  endfacet
  facet normal 0.595655 -0.803241 0
    outer loop
      vertex 15.6667 -2.49441 1.6
      vertex 15.9032 -2.31903 7.4
      vertex 15.6667 -2.49441 7.4
    endloop
  endfacet
  facet normal 0.595655 -0.803241 0
    outer loop
      vertex 15.9032 -2.31903 7.4
      vertex 15.6667 -2.49441 1.6
      vertex 15.9032 -2.31903 1.6
    endloop
  endfacet
  facet normal -0.904088 -0.427347 0
    outer loop
      vertex 11.3542 -1.41419 1.6
      vertex 11.2284 -1.14805 7.4
      vertex 11.2284 -1.14805 1.6
    endloop
  endfacet
  facet normal -0.904088 -0.427347 0
    outer loop
      vertex 11.2284 -1.14805 7.4
      vertex 11.3542 -1.41419 1.6
      vertex 11.3542 -1.41419 7.4
    endloop
  endfacet
  facet normal -0.146712 -0.989179 0
    outer loop
      vertex 13.4147 -2.94236 1.6
      vertex 13.7059 -2.98555 7.4
      vertex 13.4147 -2.94236 7.4
    endloop
  endfacet
  facet normal -0.146712 -0.989179 -0
    outer loop
      vertex 13.7059 -2.98555 7.4
      vertex 13.4147 -2.94236 1.6
      vertex 13.7059 -2.98555 1.6
    endloop
  endfacet
  facet normal 0.941525 0.336942 0
    outer loop
      vertex 16.8708 0.870853 7.4
      vertex 16.7716 1.14805 1.6
      vertex 16.7716 1.14805 7.4
    endloop
  endfacet
  facet normal 0.941525 0.336942 0
    outer loop
      vertex 16.7716 1.14805 1.6
      vertex 16.8708 0.870853 7.4
      vertex 16.8708 0.870853 1.6
    endloop
  endfacet
  facet normal 0.969979 -0.243189 0
    outer loop
      vertex 16.8708 -0.870853 7.4
      vertex 16.9424 -0.585271 1.6
      vertex 16.9424 -0.585271 7.4
    endloop
  endfacet
  facet normal 0.969979 -0.243189 0
    outer loop
      vertex 16.9424 -0.585271 1.6
      vertex 16.8708 -0.870853 7.4
      vertex 16.8708 -0.870853 1.6
    endloop
  endfacet
  facet normal 0.989176 -0.146736 0
    outer loop
      vertex 16.9424 -0.585271 7.4
      vertex 16.9856 -0.294051 1.6
      vertex 16.9856 -0.294051 7.4
    endloop
  endfacet
  facet normal 0.989176 -0.146736 0
    outer loop
      vertex 16.9856 -0.294051 1.6
      vertex 16.9424 -0.585271 7.4
      vertex 16.9424 -0.585271 1.6
    endloop
  endfacet
  facet normal 0.941525 -0.336942 0
    outer loop
      vertex 16.7716 -1.14805 7.4
      vertex 16.8708 -0.870853 1.6
      vertex 16.8708 -0.870853 7.4
    endloop
  endfacet
  facet normal 0.941525 -0.336942 0
    outer loop
      vertex 16.8708 -0.870853 1.6
      vertex 16.7716 -1.14805 7.4
      vertex 16.7716 -1.14805 1.6
    endloop
  endfacet
  facet normal 0.803172 -0.595747 0
    outer loop
      vertex 16.319 -1.90318 7.4
      vertex 16.4944 -1.66671 1.6
      vertex 16.4944 -1.66671 7.4
    endloop
  endfacet
  facet normal 0.803172 -0.595747 0
    outer loop
      vertex 16.4944 -1.66671 1.6
      vertex 16.319 -1.90318 7.4
      vertex 16.319 -1.90318 1.6
    endloop
  endfacet
  facet normal 0.242983 -0.970031 0
    outer loop
      vertex 14.5853 -2.94236 1.6
      vertex 14.8709 -2.87082 7.4
      vertex 14.5853 -2.94236 7.4
    endloop
  endfacet
  facet normal 0.242983 -0.970031 0
    outer loop
      vertex 14.8709 -2.87082 7.4
      vertex 14.5853 -2.94236 1.6
      vertex 14.8709 -2.87082 1.6
    endloop
  endfacet
  facet normal 0.336986 -0.94151 0
    outer loop
      vertex 14.8709 -2.87082 1.6
      vertex 15.148 -2.77164 7.4
      vertex 14.8709 -2.87082 7.4
    endloop
  endfacet
  facet normal 0.336986 -0.94151 0
    outer loop
      vertex 15.148 -2.77164 7.4
      vertex 14.8709 -2.87082 1.6
      vertex 15.148 -2.77164 1.6
    endloop
  endfacet
  facet normal 0.146712 -0.989179 0
    outer loop
      vertex 14.2941 -2.98555 1.6
      vertex 14.5853 -2.94236 7.4
      vertex 14.2941 -2.98555 7.4
    endloop
  endfacet
  facet normal 0.146712 -0.989179 0
    outer loop
      vertex 14.5853 -2.94236 7.4
      vertex 14.2941 -2.98555 1.6
      vertex 14.5853 -2.94236 1.6
    endloop
  endfacet
  facet normal 0.514121 -0.857718 0
    outer loop
      vertex 15.4142 -2.64576 1.6
      vertex 15.6667 -2.49441 7.4
      vertex 15.4142 -2.64576 7.4
    endloop
  endfacet
  facet normal 0.514121 -0.857718 0
    outer loop
      vertex 15.6667 -2.49441 7.4
      vertex 15.4142 -2.64576 1.6
      vertex 15.6667 -2.49441 1.6
    endloop
  endfacet
  facet normal 0.671625 -0.740891 0
    outer loop
      vertex 15.9032 -2.31903 1.6
      vertex 16.1213 -2.12132 7.4
      vertex 15.9032 -2.31903 7.4
    endloop
  endfacet
  facet normal 0.671625 -0.740891 0
    outer loop
      vertex 16.1213 -2.12132 7.4
      vertex 15.9032 -2.31903 1.6
      vertex 16.1213 -2.12132 1.6
    endloop
  endfacet
  facet normal -0.969979 -0.243189 0
    outer loop
      vertex 11.1292 -0.870853 1.6
      vertex 11.0576 -0.585271 7.4
      vertex 11.0576 -0.585271 1.6
    endloop
  endfacet
  facet normal -0.969979 -0.243189 0
    outer loop
      vertex 11.0576 -0.585271 7.4
      vertex 11.1292 -0.870853 1.6
      vertex 11.1292 -0.870853 7.4
    endloop
  endfacet
  facet normal -0.803172 -0.595747 0
    outer loop
      vertex 11.681 -1.90318 1.6
      vertex 11.5056 -1.66671 7.4
      vertex 11.5056 -1.66671 1.6
    endloop
  endfacet
  facet normal -0.803172 -0.595747 0
    outer loop
      vertex 11.5056 -1.66671 7.4
      vertex 11.681 -1.90318 1.6
      vertex 11.681 -1.90318 7.4
    endloop
  endfacet
  facet normal -0.740969 -0.671539 0
    outer loop
      vertex 11.8787 -2.12132 1.6
      vertex 11.681 -1.90318 7.4
      vertex 11.681 -1.90318 1.6
    endloop
  endfacet
  facet normal -0.740969 -0.671539 0
    outer loop
      vertex 11.681 -1.90318 7.4
      vertex 11.8787 -2.12132 1.6
      vertex 11.8787 -2.12132 7.4
    endloop
  endfacet
  facet normal -0.857661 -0.514216 0
    outer loop
      vertex 11.5056 -1.66671 1.6
      vertex 11.3542 -1.41419 7.4
      vertex 11.3542 -1.41419 1.6
    endloop
  endfacet
  facet normal -0.857661 -0.514216 0
    outer loop
      vertex 11.3542 -1.41419 7.4
      vertex 11.5056 -1.66671 1.6
      vertex 11.5056 -1.66671 7.4
    endloop
  endfacet
  facet normal -0.941525 -0.336942 0
    outer loop
      vertex 11.2284 -1.14805 1.6
      vertex 11.1292 -0.870853 7.4
      vertex 11.1292 -0.870853 1.6
    endloop
  endfacet
  facet normal -0.941525 -0.336942 0
    outer loop
      vertex 11.1292 -0.870853 7.4
      vertex 11.2284 -1.14805 1.6
      vertex 11.2284 -1.14805 7.4
    endloop
  endfacet
  facet normal -0.989176 -0.146736 0
    outer loop
      vertex 11.0576 -0.585271 1.6
      vertex 11.0144 -0.294051 7.4
      vertex 11.0144 -0.294051 1.6
    endloop
  endfacet
  facet normal -0.989176 -0.146736 0
    outer loop
      vertex 11.0144 -0.294051 7.4
      vertex 11.0576 -0.585271 1.6
      vertex 11.0576 -0.585271 7.4
    endloop
  endfacet
  facet normal 0 0 -1
    outer loop
      vertex 16.9856 -0.294051 1.6
      vertex 16.9856 0.294051 1.6
      vertex 17 0 1.6
    endloop
  endfacet
  facet normal 0 0 -1
    outer loop
      vertex 16.9424 -0.585271 1.6
      vertex 16.9856 0.294051 1.6
      vertex 16.9856 -0.294051 1.6
    endloop
  endfacet
  facet normal 0 0 -1
    outer loop
      vertex 16.9424 -0.585271 1.6
      vertex 16.9424 0.585271 1.6
      vertex 16.9856 0.294051 1.6
    endloop
  endfacet
  facet normal 0 0 -1
    outer loop
      vertex 16.8708 -0.870853 1.6
      vertex 16.9424 0.585271 1.6
      vertex 16.9424 -0.585271 1.6
    endloop
  endfacet
  facet normal 0 0 -1
    outer loop
      vertex 16.8708 -0.870853 1.6
      vertex 16.8708 0.870853 1.6
      vertex 16.9424 0.585271 1.6
    endloop
  endfacet
  facet normal 0 0 -1
    outer loop
      vertex 16.7716 -1.14805 1.6
      vertex 16.8708 0.870853 1.6
      vertex 16.8708 -0.870853 1.6
    endloop
  endfacet
  facet normal 0 0 -1
    outer loop
      vertex 16.7716 -1.14805 1.6
      vertex 16.7716 1.14805 1.6
      vertex 16.8708 0.870853 1.6
    endloop
  endfacet
  facet normal 0 0 -1
    outer loop
      vertex 16.6458 -1.41419 1.6
      vertex 16.7716 1.14805 1.6
      vertex 16.7716 -1.14805 1.6
    endloop
  endfacet
  facet normal 0 0 -1
    outer loop
      vertex 16.6458 -1.41419 1.6
      vertex 16.6458 1.41419 1.6
      vertex 16.7716 1.14805 1.6
    endloop
  endfacet
  facet normal 0 0 -1
    outer loop
      vertex 16.4944 -1.66671 1.6
      vertex 16.6458 1.41419 1.6
      vertex 16.6458 -1.41419 1.6
    endloop
  endfacet
  facet normal 0 0 -1
    outer loop
      vertex 16.4944 -1.66671 1.6
      vertex 16.4944 1.66671 1.6
      vertex 16.6458 1.41419 1.6
    endloop
  endfacet
  facet normal 0 0 -1
    outer loop
      vertex 16.319 -1.90318 1.6
      vertex 16.4944 1.66671 1.6
      vertex 16.4944 -1.66671 1.6
    endloop
  endfacet
  facet normal 0 0 -1
    outer loop
      vertex 16.319 -1.90318 1.6
      vertex 16.319 1.90318 1.6
      vertex 16.4944 1.66671 1.6
    endloop
  endfacet
  facet normal 0 0 -1
    outer loop
      vertex 16.1213 -2.12132 1.6
      vertex 16.319 1.90318 1.6
      vertex 16.319 -1.90318 1.6
    endloop
  endfacet
  facet normal 0 0 -1
    outer loop
      vertex 16.1213 -2.12132 1.6
      vertex 16.1213 2.12132 1.6
      vertex 16.319 1.90318 1.6
    endloop
  endfacet
  facet normal 0 0 -1
    outer loop
      vertex 15.9032 -2.31903 1.6
      vertex 16.1213 2.12132 1.6
      vertex 16.1213 -2.12132 1.6
    endloop
  endfacet
  facet normal 0 0 -1
    outer loop
      vertex 15.9032 -2.31903 1.6
      vertex 15.9032 2.31903 1.6
      vertex 16.1213 2.12132 1.6
    endloop
  endfacet
  facet normal 0 0 -1
    outer loop
      vertex 15.6667 -2.49441 1.6
      vertex 15.9032 2.31903 1.6
      vertex 15.9032 -2.31903 1.6
    endloop
  endfacet
  facet normal 0 0 -1
    outer loop
      vertex 15.6667 -2.49441 1.6
      vertex 15.6667 2.49441 1.6
      vertex 15.9032 2.31903 1.6
    endloop
  endfacet
  facet normal 0 0 -1
    outer loop
      vertex 15.4142 -2.64576 1.6
      vertex 15.6667 2.49441 1.6
      vertex 15.6667 -2.49441 1.6
    endloop
  endfacet
  facet normal 0 0 -1
    outer loop
      vertex 15.4142 -2.64576 1.6
      vertex 15.4142 2.64576 1.6
      vertex 15.6667 2.49441 1.6
    endloop
  endfacet
  facet normal 0 0 -1
    outer loop
      vertex 15.148 -2.77164 1.6
      vertex 15.4142 2.64576 1.6
      vertex 15.4142 -2.64576 1.6
    endloop
  endfacet
  facet normal 0 0 -1
    outer loop
      vertex 15.148 -2.77164 1.6
      vertex 15.148 2.77164 1.6
      vertex 15.4142 2.64576 1.6
    endloop
  endfacet
  facet normal 0 0 -1
    outer loop
      vertex 14.8709 -2.87082 1.6
      vertex 15.148 2.77164 1.6
      vertex 15.148 -2.77164 1.6
    endloop
  endfacet
  facet normal 0 0 -1
    outer loop
      vertex 14.8709 -2.87082 1.6
      vertex 14.8709 2.87082 1.6
      vertex 15.148 2.77164 1.6
    endloop
  endfacet
  facet normal 0 0 -1
    outer loop
      vertex 14.5853 -2.94236 1.6
      vertex 14.8709 2.87082 1.6
      vertex 14.8709 -2.87082 1.6
    endloop
  endfacet
  facet normal 0 0 -1
    outer loop
      vertex 14.5853 -2.94236 1.6
      vertex 14.5853 2.94236 1.6
      vertex 14.8709 2.87082 1.6
    endloop
  endfacet
  facet normal 0 0 -1
    outer loop
      vertex 14.2941 -2.98555 1.6
      vertex 14.5853 2.94236 1.6
      vertex 14.5853 -2.94236 1.6
    endloop
  endfacet
  facet normal 0 0 -1
    outer loop
      vertex 14.2941 -2.98555 1.6
      vertex 14.2941 2.98555 1.6
      vertex 14.5853 2.94236 1.6
    endloop
  endfacet
  facet normal 0 0 -1
    outer loop
      vertex 14 -3 1.6
      vertex 14.2941 2.98555 1.6
      vertex 14.2941 -2.98555 1.6
    endloop
  endfacet
  facet normal 0 0 -1
    outer loop
      vertex 14 -3 1.6
      vertex 14 3 1.6
      vertex 14.2941 2.98555 1.6
    endloop
  endfacet
  facet normal 0 0 -1
    outer loop
      vertex 13.7059 -2.98555 1.6
      vertex 14 3 1.6
      vertex 14 -3 1.6
    endloop
  endfacet
  facet normal 0 0 -1
    outer loop
      vertex 13.7059 -2.98555 1.6
      vertex 13.7059 2.98555 1.6
      vertex 14 3 1.6
    endloop
  endfacet
  facet normal 0 0 -1
    outer loop
      vertex 13.4147 -2.94236 1.6
      vertex 13.7059 2.98555 1.6
      vertex 13.7059 -2.98555 1.6
    endloop
  endfacet
  facet normal 0 0 -1
    outer loop
      vertex 13.4147 -2.94236 1.6
      vertex 13.4147 2.94236 1.6
      vertex 13.7059 2.98555 1.6
    endloop
  endfacet
  facet normal 0 0 -1
    outer loop
      vertex 13.1291 -2.87082 1.6
      vertex 13.4147 2.94236 1.6
      vertex 13.4147 -2.94236 1.6
    endloop
  endfacet
  facet normal 0 0 -1
    outer loop
      vertex 13.1291 -2.87082 1.6
      vertex 13.1291 2.87082 1.6
      vertex 13.4147 2.94236 1.6
    endloop
  endfacet
  facet normal 0 0 -1
    outer loop
      vertex 12.852 -2.77164 1.6
      vertex 13.1291 2.87082 1.6
      vertex 13.1291 -2.87082 1.6
    endloop
  endfacet
  facet normal 0 0 -1
    outer loop
      vertex 12.852 -2.77164 1.6
      vertex 12.852 2.77164 1.6
      vertex 13.1291 2.87082 1.6
    endloop
  endfacet
  facet normal 0 0 -1
    outer loop
      vertex 12.5858 -2.64576 1.6
      vertex 12.852 2.77164 1.6
      vertex 12.852 -2.77164 1.6
    endloop
  endfacet
  facet normal 0 0 -1
    outer loop
      vertex 12.5858 -2.64576 1.6
      vertex 12.5858 2.64576 1.6
      vertex 12.852 2.77164 1.6
    endloop
  endfacet
  facet normal 0 0 -1
    outer loop
      vertex 12.3333 -2.49441 1.6
      vertex 12.5858 2.64576 1.6
      vertex 12.5858 -2.64576 1.6
    endloop
  endfacet
  facet normal 0 0 -1
    outer loop
      vertex 12.3333 -2.49441 1.6
      vertex 12.3333 2.49441 1.6
      vertex 12.5858 2.64576 1.6
    endloop
  endfacet
  facet normal 0 0 -1
    outer loop
      vertex 12.0968 -2.31903 1.6
      vertex 12.3333 2.49441 1.6
      vertex 12.3333 -2.49441 1.6
    endloop
  endfacet
  facet normal 0 0 -1
    outer loop
      vertex 12.0968 -2.31903 1.6
      vertex 12.0968 2.31903 1.6
      vertex 12.3333 2.49441 1.6
    endloop
  endfacet
  facet normal 0 0 -1
    outer loop
      vertex 11.8787 -2.12132 1.6
      vertex 12.0968 2.31903 1.6
      vertex 12.0968 -2.31903 1.6
    endloop
  endfacet
  facet normal 0 0 -1
    outer loop
      vertex 11.8787 -2.12132 1.6
      vertex 11.8787 2.12132 1.6
      vertex 12.0968 2.31903 1.6
    endloop
  endfacet
  facet normal 0 0 -1
    outer loop
      vertex 11.681 -1.90318 1.6
      vertex 11.8787 2.12132 1.6
      vertex 11.8787 -2.12132 1.6
    endloop
  endfacet
  facet normal 0 0 -1
    outer loop
      vertex 11.681 -1.90318 1.6
      vertex 11.681 1.90318 1.6
      vertex 11.8787 2.12132 1.6
    endloop
  endfacet
  facet normal 0 0 -1
    outer loop
      vertex 11.5056 -1.66671 1.6
      vertex 11.681 1.90318 1.6
      vertex 11.681 -1.90318 1.6
    endloop
  endfacet
  facet normal 0 0 -1
    outer loop
      vertex 11.5056 -1.66671 1.6
      vertex 11.5056 1.66671 1.6
      vertex 11.681 1.90318 1.6
    endloop
  endfacet
  facet normal 0 0 -1
    outer loop
      vertex 11.3542 -1.41419 1.6
      vertex 11.5056 1.66671 1.6
      vertex 11.5056 -1.66671 1.6
    endloop
  endfacet
  facet normal 0 0 -1
    outer loop
      vertex 11.3542 -1.41419 1.6
      vertex 11.3542 1.41419 1.6
      vertex 11.5056 1.66671 1.6
    endloop
  endfacet
  facet normal 0 0 -1
    outer loop
      vertex 11.2284 -1.14805 1.6
      vertex 11.3542 1.41419 1.6
      vertex 11.3542 -1.41419 1.6
    endloop
  endfacet
  facet normal 0 0 -1
    outer loop
      vertex 11.2284 -1.14805 1.6
      vertex 11.2284 1.14805 1.6
      vertex 11.3542 1.41419 1.6
    endloop
  endfacet
  facet normal 0 0 -1
    outer loop
      vertex 11.1292 -0.870853 1.6
      vertex 11.2284 1.14805 1.6
      vertex 11.2284 -1.14805 1.6
    endloop
  endfacet
  facet normal 0 0 -1
    outer loop
      vertex 11.1292 -0.870853 1.6
      vertex 11.1292 0.870853 1.6
      vertex 11.2284 1.14805 1.6
    endloop
  endfacet
  facet normal 0 0 -1
    outer loop
      vertex 11.0576 -0.585271 1.6
      vertex 11.1292 0.870853 1.6
      vertex 11.1292 -0.870853 1.6
    endloop
  endfacet
  facet normal 0 0 -1
    outer loop
      vertex 11.0576 -0.585271 1.6
      vertex 11.0576 0.585271 1.6
      vertex 11.1292 0.870853 1.6
    endloop
  endfacet
  facet normal 0 0 -1
    outer loop
      vertex 11.0144 -0.294051 1.6
      vertex 11.0576 0.585271 1.6
      vertex 11.0576 -0.585271 1.6
    endloop
  endfacet
  facet normal 0 0 -1
    outer loop
      vertex 11.0144 -0.294051 1.6
      vertex 11.0144 0.294051 1.6
      vertex 11.0576 0.585271 1.6
    endloop
  endfacet
  facet normal 0 -0 -1
    outer loop
      vertex 11.0144 0.294051 1.6
      vertex 11.0144 -0.294051 1.6
      vertex 11 0 1.6
    endloop
  endfacet
  facet normal -0.514121 -0.857718 0
    outer loop
      vertex 12.3333 -2.49441 1.6
      vertex 12.5858 -2.64576 7.4
      vertex 12.3333 -2.49441 7.4
    endloop
  endfacet
  facet normal -0.514121 -0.857718 -0
    outer loop
      vertex 12.5858 -2.64576 7.4
      vertex 12.3333 -2.49441 1.6
      vertex 12.5858 -2.64576 1.6
    endloop
  endfacet
  facet normal -0.427491 -0.90402 0
    outer loop
      vertex 12.5858 -2.64576 1.6
      vertex 12.852 -2.77164 7.4
      vertex 12.5858 -2.64576 7.4
    endloop
  endfacet
  facet normal -0.427491 -0.90402 -0
    outer loop
      vertex 12.852 -2.77164 7.4
      vertex 12.5858 -2.64576 1.6
      vertex 12.852 -2.77164 1.6
    endloop
  endfacet
  facet normal -0.595655 -0.803241 0
    outer loop
      vertex 12.0968 -2.31903 1.6
      vertex 12.3333 -2.49441 7.4
      vertex 12.0968 -2.31903 7.4
    endloop
  endfacet
  facet normal -0.595655 -0.803241 -0
    outer loop
      vertex 12.3333 -2.49441 7.4
      vertex 12.0968 -2.31903 1.6
      vertex 12.3333 -2.49441 1.6
    endloop
  endfacet
  facet normal -0.242983 -0.970031 0
    outer loop
      vertex 13.1291 -2.87082 1.6
      vertex 13.4147 -2.94236 7.4
      vertex 13.1291 -2.87082 7.4
    endloop
  endfacet
  facet normal -0.242983 -0.970031 -0
    outer loop
      vertex 13.4147 -2.94236 7.4
      vertex 13.1291 -2.87082 1.6
      vertex 13.4147 -2.94236 1.6
    endloop
  endfacet
  facet normal -0.0490738 -0.998795 0
    outer loop
      vertex 13.7059 -2.98555 1.6
      vertex 14 -3 7.4
      vertex 13.7059 -2.98555 7.4
    endloop
  endfacet
  facet normal -0.0490738 -0.998795 -0
    outer loop
      vertex 14 -3 7.4
      vertex 13.7059 -2.98555 1.6
      vertex 14 -3 1.6
    endloop
  endfacet
  facet normal 0.998803 0.0489125 0
    outer loop
      vertex 17 0 7.4
      vertex 16.9856 0.294051 1.6
      vertex 16.9856 0.294051 7.4
    endloop
  endfacet
  facet normal 0.998803 0.0489125 0
    outer loop
      vertex 16.9856 0.294051 1.6
      vertex 17 0 7.4
      vertex 17 0 1.6
    endloop
  endfacet
  facet normal 0.0490738 0.998795 -0
    outer loop
      vertex 14.2941 2.98555 1.6
      vertex 14 3 7.4
      vertex 14.2941 2.98555 7.4
    endloop
  endfacet
  facet normal 0.0490738 0.998795 0
    outer loop
      vertex 14 3 7.4
      vertex 14.2941 2.98555 1.6
      vertex 14 3 1.6
    endloop
  endfacet
  facet normal 0.242983 0.970031 -0
    outer loop
      vertex 14.8709 2.87082 1.6
      vertex 14.5853 2.94236 7.4
      vertex 14.8709 2.87082 7.4
    endloop
  endfacet
  facet normal 0.242983 0.970031 0
    outer loop
      vertex 14.5853 2.94236 7.4
      vertex 14.8709 2.87082 1.6
      vertex 14.5853 2.94236 1.6
    endloop
  endfacet
  facet normal 0.595655 0.803241 -0
    outer loop
      vertex 15.9032 2.31903 1.6
      vertex 15.6667 2.49441 7.4
      vertex 15.9032 2.31903 7.4
    endloop
  endfacet
  facet normal 0.595655 0.803241 0
    outer loop
      vertex 15.6667 2.49441 7.4
      vertex 15.9032 2.31903 1.6
      vertex 15.6667 2.49441 1.6
    endloop
  endfacet
  facet normal 0.427491 0.90402 -0
    outer loop
      vertex 15.4142 2.64576 1.6
      vertex 15.148 2.77164 7.4
      vertex 15.4142 2.64576 7.4
    endloop
  endfacet
  facet normal 0.427491 0.90402 0
    outer loop
      vertex 15.148 2.77164 7.4
      vertex 15.4142 2.64576 1.6
      vertex 15.148 2.77164 1.6
    endloop
  endfacet
  facet normal 0.740969 0.671539 0
    outer loop
      vertex 16.319 1.90318 7.4
      vertex 16.1213 2.12132 1.6
      vertex 16.1213 2.12132 7.4
    endloop
  endfacet
  facet normal 0.740969 0.671539 0
    outer loop
      vertex 16.1213 2.12132 1.6
      vertex 16.319 1.90318 7.4
      vertex 16.319 1.90318 1.6
    endloop
  endfacet
  facet normal 0.857661 0.514216 0
    outer loop
      vertex 16.6458 1.41419 7.4
      vertex 16.4944 1.66671 1.6
      vertex 16.4944 1.66671 7.4
    endloop
  endfacet
  facet normal 0.857661 0.514216 0
    outer loop
      vertex 16.4944 1.66671 1.6
      vertex 16.6458 1.41419 7.4
      vertex 16.6458 1.41419 1.6
    endloop
  endfacet
  facet normal -0.671625 0.740891 0
    outer loop
      vertex 12.0968 2.31903 1.6
      vertex 11.8787 2.12132 7.4
      vertex 12.0968 2.31903 7.4
    endloop
  endfacet
  facet normal -0.671625 0.740891 0
    outer loop
      vertex 11.8787 2.12132 7.4
      vertex 12.0968 2.31903 1.6
      vertex 11.8787 2.12132 1.6
    endloop
  endfacet
  facet normal -0.514121 0.857718 0
    outer loop
      vertex 12.5858 2.64576 1.6
      vertex 12.3333 2.49441 7.4
      vertex 12.5858 2.64576 7.4
    endloop
  endfacet
  facet normal -0.514121 0.857718 0
    outer loop
      vertex 12.3333 2.49441 7.4
      vertex 12.5858 2.64576 1.6
      vertex 12.3333 2.49441 1.6
    endloop
  endfacet
  facet normal -0.336986 0.94151 0
    outer loop
      vertex 13.1291 2.87082 1.6
      vertex 12.852 2.77164 7.4
      vertex 13.1291 2.87082 7.4
    endloop
  endfacet
  facet normal -0.336986 0.94151 0
    outer loop
      vertex 12.852 2.77164 7.4
      vertex 13.1291 2.87082 1.6
      vertex 12.852 2.77164 1.6
    endloop
  endfacet
  facet normal -0.146712 0.989179 0
    outer loop
      vertex 13.7059 2.98555 1.6
      vertex 13.4147 2.94236 7.4
      vertex 13.7059 2.98555 7.4
    endloop
  endfacet
  facet normal -0.146712 0.989179 0
    outer loop
      vertex 13.4147 2.94236 7.4
      vertex 13.7059 2.98555 1.6
      vertex 13.4147 2.94236 1.6
    endloop
  endfacet
  facet normal -0.904088 0.427347 0
    outer loop
      vertex 11.2284 1.14805 1.6
      vertex 11.3542 1.41419 7.4
      vertex 11.3542 1.41419 1.6
    endloop
  endfacet
  facet normal -0.904088 0.427347 0
    outer loop
      vertex 11.3542 1.41419 7.4
      vertex 11.2284 1.14805 1.6
      vertex 11.2284 1.14805 7.4
    endloop
  endfacet
  facet normal -0.803172 0.595747 0
    outer loop
      vertex 11.5056 1.66671 1.6
      vertex 11.681 1.90318 7.4
      vertex 11.681 1.90318 1.6
    endloop
  endfacet
  facet normal -0.803172 0.595747 0
    outer loop
      vertex 11.681 1.90318 7.4
      vertex 11.5056 1.66671 1.6
      vertex 11.5056 1.66671 7.4
    endloop
  endfacet
  facet normal -0.969979 0.243189 0
    outer loop
      vertex 11.0576 0.585271 1.6
      vertex 11.1292 0.870853 7.4
      vertex 11.1292 0.870853 1.6
    endloop
  endfacet
  facet normal -0.969979 0.243189 0
    outer loop
      vertex 11.1292 0.870853 7.4
      vertex 11.0576 0.585271 1.6
      vertex 11.0576 0.585271 7.4
    endloop
  endfacet
  facet normal -0.998803 0.0489125 0
    outer loop
      vertex 11 0 1.6
      vertex 11.0144 0.294051 7.4
      vertex 11.0144 0.294051 1.6
    endloop
  endfacet
  facet normal -0.998803 0.0489125 0
    outer loop
      vertex 11.0144 0.294051 7.4
      vertex 11 0 1.6
      vertex 11 0 7.4
    endloop
  endfacet
  facet normal 0.146712 0.989179 -0
    outer loop
      vertex 14.5853 2.94236 1.6
      vertex 14.2941 2.98555 7.4
      vertex 14.5853 2.94236 7.4
    endloop
  endfacet
  facet normal 0.146712 0.989179 0
    outer loop
      vertex 14.2941 2.98555 7.4
      vertex 14.5853 2.94236 1.6
      vertex 14.2941 2.98555 1.6
    endloop
  endfacet
  facet normal 0.336986 0.94151 -0
    outer loop
      vertex 15.148 2.77164 1.6
      vertex 14.8709 2.87082 7.4
      vertex 15.148 2.77164 7.4
    endloop
  endfacet
  facet normal 0.336986 0.94151 0
    outer loop
      vertex 14.8709 2.87082 7.4
      vertex 15.148 2.77164 1.6
      vertex 14.8709 2.87082 1.6
    endloop
  endfacet
  facet normal 0.671625 0.740891 -0
    outer loop
      vertex 16.1213 2.12132 1.6
      vertex 15.9032 2.31903 7.4
      vertex 16.1213 2.12132 7.4
    endloop
  endfacet
  facet normal 0.671625 0.740891 0
    outer loop
      vertex 15.9032 2.31903 7.4
      vertex 16.1213 2.12132 1.6
      vertex 15.9032 2.31903 1.6
    endloop
  endfacet
  facet normal 0.514121 0.857718 -0
    outer loop
      vertex 15.6667 2.49441 1.6
      vertex 15.4142 2.64576 7.4
      vertex 15.6667 2.49441 7.4
    endloop
  endfacet
  facet normal 0.514121 0.857718 0
    outer loop
      vertex 15.4142 2.64576 7.4
      vertex 15.6667 2.49441 1.6
      vertex 15.4142 2.64576 1.6
    endloop
  endfacet
  facet normal 0.803172 0.595747 0
    outer loop
      vertex 16.4944 1.66671 7.4
      vertex 16.319 1.90318 1.6
      vertex 16.319 1.90318 7.4
    endloop
  endfacet
  facet normal 0.803172 0.595747 0
    outer loop
      vertex 16.319 1.90318 1.6
      vertex 16.4944 1.66671 7.4
      vertex 16.4944 1.66671 1.6
    endloop
  endfacet
  facet normal 0.904088 0.427347 0
    outer loop
      vertex 16.7716 1.14805 7.4
      vertex 16.6458 1.41419 1.6
      vertex 16.6458 1.41419 7.4
    endloop
  endfacet
  facet normal 0.904088 0.427347 0
    outer loop
      vertex 16.6458 1.41419 1.6
      vertex 16.7716 1.14805 7.4
      vertex 16.7716 1.14805 1.6
    endloop
  endfacet
  facet normal 0.989176 0.146736 0
    outer loop
      vertex 16.9856 0.294051 7.4
      vertex 16.9424 0.585271 1.6
      vertex 16.9424 0.585271 7.4
    endloop
  endfacet
  facet normal 0.989176 0.146736 0
    outer loop
      vertex 16.9424 0.585271 1.6
      vertex 16.9856 0.294051 7.4
      vertex 16.9856 0.294051 1.6
    endloop
  endfacet
  facet normal 0.969979 0.243189 0
    outer loop
      vertex 16.9424 0.585271 7.4
      vertex 16.8708 0.870853 1.6
      vertex 16.8708 0.870853 7.4
    endloop
  endfacet
  facet normal 0.969979 0.243189 0
    outer loop
      vertex 16.8708 0.870853 1.6
      vertex 16.9424 0.585271 7.4
      vertex 16.9424 0.585271 1.6
    endloop
  endfacet
  facet normal -0.595655 0.803241 0
    outer loop
      vertex 12.3333 2.49441 1.6
      vertex 12.0968 2.31903 7.4
      vertex 12.3333 2.49441 7.4
    endloop
  endfacet
  facet normal -0.595655 0.803241 0
    outer loop
      vertex 12.0968 2.31903 7.4
      vertex 12.3333 2.49441 1.6
      vertex 12.0968 2.31903 1.6
    endloop
  endfacet
  facet normal -0.427491 0.90402 0
    outer loop
      vertex 12.852 2.77164 1.6
      vertex 12.5858 2.64576 7.4
      vertex 12.852 2.77164 7.4
    endloop
  endfacet
  facet normal -0.427491 0.90402 0
    outer loop
      vertex 12.5858 2.64576 7.4
      vertex 12.852 2.77164 1.6
      vertex 12.5858 2.64576 1.6
    endloop
  endfacet
  facet normal -0.242983 0.970031 0
    outer loop
      vertex 13.4147 2.94236 1.6
      vertex 13.1291 2.87082 7.4
      vertex 13.4147 2.94236 7.4
    endloop
  endfacet
  facet normal -0.242983 0.970031 0
    outer loop
      vertex 13.1291 2.87082 7.4
      vertex 13.4147 2.94236 1.6
      vertex 13.1291 2.87082 1.6
    endloop
  endfacet
  facet normal -0.857661 0.514216 0
    outer loop
      vertex 11.3542 1.41419 1.6
      vertex 11.5056 1.66671 7.4
      vertex 11.5056 1.66671 1.6
    endloop
  endfacet
  facet normal -0.857661 0.514216 0
    outer loop
      vertex 11.5056 1.66671 7.4
      vertex 11.3542 1.41419 1.6
      vertex 11.3542 1.41419 7.4
    endloop
  endfacet
  facet normal -0.989176 0.146736 0
    outer loop
      vertex 11.0144 0.294051 1.6
      vertex 11.0576 0.585271 7.4
      vertex 11.0576 0.585271 1.6
    endloop
  endfacet
  facet normal -0.989176 0.146736 0
    outer loop
      vertex 11.0576 0.585271 7.4
      vertex 11.0144 0.294051 1.6
      vertex 11.0144 0.294051 7.4
    endloop
  endfacet
  facet normal 0.729623 0.660922 0.175595
    outer loop
      vertex 15.0607 1.06066 8.4
      vertex 14.8839 0.883883 9.8
      vertex 15.1595 0.95159 8.4
    endloop
  endfacet
  facet normal 0.983286 -0.0481527 0.175587
    outer loop
      vertex 15.5 0 8.4
      vertex 15.25 0 9.8
      vertex 15.4928 -0.147025 8.4
    endloop
  endfacet
  facet normal 0.983286 -0.0481527 0.175587
    outer loop
      vertex 15.25 0 9.8
      vertex 15.244 -0.122521 9.8
      vertex 15.4928 -0.147025 8.4
    endloop
  endfacet
  facet normal 0.983286 0.0481527 0.175587
    outer loop
      vertex 15.4928 0.147025 8.4
      vertex 15.244 0.122521 9.8
      vertex 15.25 0 9.8
    endloop
  endfacet
  facet normal -0.983286 0.0481527 0.175587
    outer loop
      vertex 12.756 0.122521 9.8
      vertex 12.5072 0.147025 8.4
      vertex 12.75 0 9.8
    endloop
  endfacet
  facet normal -0.983286 -0.0481527 0.175587
    outer loop
      vertex 12.75 0 9.8
      vertex 12.5072 -0.147025 8.4
      vertex 12.756 -0.122521 9.8
    endloop
  endfacet
  facet normal 0.0482944 0.983279 0.175586
    outer loop
      vertex 14 1.5 8.4
      vertex 14 1.25 9.8
      vertex 14.147 1.49278 8.4
    endloop
  endfacet
  facet normal 0.926894 0.331709 0.175605
    outer loop
      vertex 15.3858 0.574024 8.4
      vertex 15.1548 0.478354 9.8
      vertex 15.4354 0.435427 8.4
    endloop
  endfacet
  facet normal -0.048321 0.983277 0.175588
    outer loop
      vertex 14 1.25 9.8
      vertex 13.853 1.49278 8.4
      vertex 13.8775 1.24398 9.8
    endloop
  endfacet
  facet normal -0.973808 0.144457 0.175588
    outer loop
      vertex 12.774 0.243862 9.8
      vertex 12.5072 0.147025 8.4
      vertex 12.756 0.122521 9.8
    endloop
  endfacet
  facet normal -0.586518 0.790675 0.175584
    outer loop
      vertex 13.1666 1.2472 8.4
      vertex 13.0484 1.15952 8.4
      vertex 13.3055 1.03934 9.8
    endloop
  endfacet
  facet normal 0.048321 -0.983277 0.175588
    outer loop
      vertex 14.1225 -1.24398 9.8
      vertex 14 -1.25 9.8
      vertex 14.147 -1.49278 8.4
    endloop
  endfacet
  facet normal -0.048321 -0.983277 0.175588
    outer loop
      vertex 13.8775 -1.24398 9.8
      vertex 13.853 -1.49278 8.4
      vertex 14 -1.25 9.8
    endloop
  endfacet
  facet normal -0.790692 -0.58649 0.175603
    outer loop
      vertex 12.9607 -0.694463 9.8
      vertex 12.7528 -0.833355 8.4
      vertex 12.8405 -0.95159 8.4
    endloop
  endfacet
  facet normal 0.973808 0.144456 0.175588
    outer loop
      vertex 15.4712 0.292635 8.4
      vertex 15.226 0.243862 9.8
      vertex 15.4928 0.147025 8.4
    endloop
  endfacet
  facet normal 0.983286 0.0481527 0.175587
    outer loop
      vertex 15.4928 0.147025 8.4
      vertex 15.25 0 9.8
      vertex 15.5 0 8.4
    endloop
  endfacet
  facet normal 0.95491 0.23941 0.175586
    outer loop
      vertex 15.4354 0.435427 8.4
      vertex 15.226 0.243862 9.8
      vertex 15.4712 0.292635 8.4
    endloop
  endfacet
  facet normal 0.844335 0.506222 0.175605
    outer loop
      vertex 15.2472 0.833355 8.4
      vertex 15.0393 0.694463 9.8
      vertex 15.3229 0.707094 8.4
    endloop
  endfacet
  facet normal 0.790692 0.58649 0.175603
    outer loop
      vertex 15.1595 0.95159 8.4
      vertex 15.0393 0.694463 9.8
      vertex 15.2472 0.833355 8.4
    endloop
  endfacet
  facet normal 0.890093 0.420597 0.175594
    outer loop
      vertex 15.3229 0.707094 8.4
      vertex 15.1024 0.589246 9.8
      vertex 15.1548 0.478354 9.8
    endloop
  endfacet
  facet normal 0.890039 0.420707 0.175606
    outer loop
      vertex 15.3229 0.707094 8.4
      vertex 15.1548 0.478354 9.8
      vertex 15.3858 0.574024 8.4
    endloop
  endfacet
  facet normal 0.239209 0.954962 0.175576
    outer loop
      vertex 14.2926 1.47118 8.4
      vertex 14.2439 1.22598 9.8
      vertex 14.4354 1.43541 8.4
    endloop
  endfacet
  facet normal -0.844335 0.506222 0.175605
    outer loop
      vertex 12.7528 0.833355 8.4
      vertex 12.6771 0.707094 8.4
      vertex 12.9607 0.694463 9.8
    endloop
  endfacet
  facet normal -0.239209 0.954962 0.175576
    outer loop
      vertex 13.7074 1.47118 8.4
      vertex 13.5646 1.43541 8.4
      vertex 13.7561 1.22598 9.8
    endloop
  endfacet
  facet normal -0.0482944 0.983279 0.175586
    outer loop
      vertex 14 1.5 8.4
      vertex 13.853 1.49278 8.4
      vertex 14 1.25 9.8
    endloop
  endfacet
  facet normal -0.506011 -0.844466 0.175583
    outer loop
      vertex 13.3055 -1.03934 9.8
      vertex 13.1666 -1.2472 8.4
      vertex 13.2929 -1.32288 8.4
    endloop
  endfacet
  facet normal -0.144466 -0.973807 0.175581
    outer loop
      vertex 13.7561 -1.22598 9.8
      vertex 13.7074 -1.47118 8.4
      vertex 13.853 -1.49278 8.4
    endloop
  endfacet
  facet normal -0.42121 -0.889801 0.175603
    outer loop
      vertex 13.4108 -1.1024 9.8
      vertex 13.2929 -1.32288 8.4
      vertex 13.5216 -1.15485 9.8
    endloop
  endfacet
  facet normal -0.95491 -0.23941 0.175586
    outer loop
      vertex 12.774 -0.243862 9.8
      vertex 12.5288 -0.292635 8.4
      vertex 12.5646 -0.435427 8.4
    endloop
  endfacet
  facet normal 0.973808 0.144457 0.175588
    outer loop
      vertex 15.4928 0.147025 8.4
      vertex 15.226 0.243862 9.8
      vertex 15.244 0.122521 9.8
    endloop
  endfacet
  facet normal 0.954977 0.23916 0.175562
    outer loop
      vertex 15.4354 0.435427 8.4
      vertex 15.1962 0.362855 9.8
      vertex 15.226 0.243862 9.8
    endloop
  endfacet
  facet normal 0.926733 0.332182 0.175558
    outer loop
      vertex 15.4354 0.435427 8.4
      vertex 15.1548 0.478354 9.8
      vertex 15.1962 0.362855 9.8
    endloop
  endfacet
  facet normal 0.791015 0.586068 0.175553
    outer loop
      vertex 15.1595 0.95159 8.4
      vertex 14.9663 0.792991 9.8
      vertex 15.0393 0.694463 9.8
    endloop
  endfacet
  facet normal 0.729362 0.661218 0.175558
    outer loop
      vertex 15.1595 0.95159 8.4
      vertex 14.8839 0.883883 9.8
      vertex 14.9663 0.792991 9.8
    endloop
  endfacet
  facet normal 0.844277 0.506324 0.175594
    outer loop
      vertex 15.3229 0.707094 8.4
      vertex 15.0393 0.694463 9.8
      vertex 15.1024 0.589246 9.8
    endloop
  endfacet
  facet normal 0.586518 0.790675 0.175584
    outer loop
      vertex 14.8334 1.2472 8.4
      vertex 14.6945 1.03934 9.8
      vertex 14.9516 1.15952 8.4
    endloop
  endfacet
  facet normal 0.239221 0.954959 0.175577
    outer loop
      vertex 14.4354 1.43541 8.4
      vertex 14.2439 1.22598 9.8
      vertex 14.3629 1.19617 9.8
    endloop
  endfacet
  facet normal 0 0 1
    outer loop
      vertex 15.244 0.122521 9.8
      vertex 15.244 -0.122521 9.8
      vertex 15.25 0 9.8
    endloop
  endfacet
  facet normal 0 0 1
    outer loop
      vertex 15.226 0.243862 9.8
      vertex 15.244 -0.122521 9.8
      vertex 15.244 0.122521 9.8
    endloop
  endfacet
  facet normal 0 0 1
    outer loop
      vertex 15.226 0.243862 9.8
      vertex 15.226 -0.243862 9.8
      vertex 15.244 -0.122521 9.8
    endloop
  endfacet
  facet normal 0 0 1
    outer loop
      vertex 15.1962 0.362855 9.8
      vertex 15.226 -0.243862 9.8
      vertex 15.226 0.243862 9.8
    endloop
  endfacet
  facet normal 0 0 1
    outer loop
      vertex 15.1962 0.362855 9.8
      vertex 15.1962 -0.362855 9.8
      vertex 15.226 -0.243862 9.8
    endloop
  endfacet
  facet normal 0 0 1
    outer loop
      vertex 15.1548 0.478354 9.8
      vertex 15.1962 -0.362855 9.8
      vertex 15.1962 0.362855 9.8
    endloop
  endfacet
  facet normal 0 0 1
    outer loop
      vertex 15.1548 0.478354 9.8
      vertex 15.1548 -0.478354 9.8
      vertex 15.1962 -0.362855 9.8
    endloop
  endfacet
  facet normal 0 0 1
    outer loop
      vertex 15.1024 0.589246 9.8
      vertex 15.1548 -0.478354 9.8
      vertex 15.1548 0.478354 9.8
    endloop
  endfacet
  facet normal 0 0 1
    outer loop
      vertex 15.1024 0.589246 9.8
      vertex 15.1024 -0.589246 9.8
      vertex 15.1548 -0.478354 9.8
    endloop
  endfacet
  facet normal 0 0 1
    outer loop
      vertex 15.0393 0.694463 9.8
      vertex 15.1024 -0.589246 9.8
      vertex 15.1024 0.589246 9.8
    endloop
  endfacet
  facet normal 0 0 1
    outer loop
      vertex 15.0393 0.694463 9.8
      vertex 15.0393 -0.694463 9.8
      vertex 15.1024 -0.589246 9.8
    endloop
  endfacet
  facet normal 0 0 1
    outer loop
      vertex 14.9663 0.792991 9.8
      vertex 15.0393 -0.694463 9.8
      vertex 15.0393 0.694463 9.8
    endloop
  endfacet
  facet normal 0 0 1
    outer loop
      vertex 14.9663 0.792991 9.8
      vertex 14.9663 -0.792991 9.8
      vertex 15.0393 -0.694463 9.8
    endloop
  endfacet
  facet normal 0 0 1
    outer loop
      vertex 14.8839 0.883883 9.8
      vertex 14.9663 -0.792991 9.8
      vertex 14.9663 0.792991 9.8
    endloop
  endfacet
  facet normal 0 0 1
    outer loop
      vertex 14.8839 0.883883 9.8
      vertex 14.8839 -0.883883 9.8
      vertex 14.9663 -0.792991 9.8
    endloop
  endfacet
  facet normal 0 0 1
    outer loop
      vertex 14.793 0.966263 9.8
      vertex 14.8839 -0.883883 9.8
      vertex 14.8839 0.883883 9.8
    endloop
  endfacet
  facet normal 0 0 1
    outer loop
      vertex 14.793 0.966263 9.8
      vertex 14.793 -0.966263 9.8
      vertex 14.8839 -0.883883 9.8
    endloop
  endfacet
  facet normal 0 0 1
    outer loop
      vertex 14.6945 1.03934 9.8
      vertex 14.793 -0.966263 9.8
      vertex 14.793 0.966263 9.8
    endloop
  endfacet
  facet normal 0 0 1
    outer loop
      vertex 14.6945 1.03934 9.8
      vertex 14.6945 -1.03934 9.8
      vertex 14.793 -0.966263 9.8
    endloop
  endfacet
  facet normal 0 0 1
    outer loop
      vertex 14.5892 1.1024 9.8
      vertex 14.6945 -1.03934 9.8
      vertex 14.6945 1.03934 9.8
    endloop
  endfacet
  facet normal 0 0 1
    outer loop
      vertex 14.5892 1.1024 9.8
      vertex 14.5892 -1.1024 9.8
      vertex 14.6945 -1.03934 9.8
    endloop
  endfacet
  facet normal 0 0 1
    outer loop
      vertex 14.4784 1.15485 9.8
      vertex 14.5892 -1.1024 9.8
      vertex 14.5892 1.1024 9.8
    endloop
  endfacet
  facet normal 0 0 1
    outer loop
      vertex 14.4784 1.15485 9.8
      vertex 14.4784 -1.15485 9.8
      vertex 14.5892 -1.1024 9.8
    endloop
  endfacet
  facet normal 0 0 1
    outer loop
      vertex 14.3629 1.19617 9.8
      vertex 14.4784 -1.15485 9.8
      vertex 14.4784 1.15485 9.8
    endloop
  endfacet
  facet normal 0 0 1
    outer loop
      vertex 14.3629 1.19617 9.8
      vertex 14.3629 -1.19617 9.8
      vertex 14.4784 -1.15485 9.8
    endloop
  endfacet
  facet normal 0 0 1
    outer loop
      vertex 14.2439 1.22598 9.8
      vertex 14.3629 -1.19617 9.8
      vertex 14.3629 1.19617 9.8
    endloop
  endfacet
  facet normal 0 0 1
    outer loop
      vertex 14.2439 1.22598 9.8
      vertex 14.2439 -1.22598 9.8
      vertex 14.3629 -1.19617 9.8
    endloop
  endfacet
  facet normal 0 0 1
    outer loop
      vertex 14.1225 1.24398 9.8
      vertex 14.2439 -1.22598 9.8
      vertex 14.2439 1.22598 9.8
    endloop
  endfacet
  facet normal 0 0 1
    outer loop
      vertex 14.1225 1.24398 9.8
      vertex 14.1225 -1.24398 9.8
      vertex 14.2439 -1.22598 9.8
    endloop
  endfacet
  facet normal 0 0 1
    outer loop
      vertex 14 1.25 9.8
      vertex 14.1225 -1.24398 9.8
      vertex 14.1225 1.24398 9.8
    endloop
  endfacet
  facet normal 0 0 1
    outer loop
      vertex 14 1.25 9.8
      vertex 14 -1.25 9.8
      vertex 14.1225 -1.24398 9.8
    endloop
  endfacet
  facet normal -0 0 1
    outer loop
      vertex 13.8775 1.24398 9.8
      vertex 14 -1.25 9.8
      vertex 14 1.25 9.8
    endloop
  endfacet
  facet normal 0 0 1
    outer loop
      vertex 13.8775 1.24398 9.8
      vertex 13.8775 -1.24398 9.8
      vertex 14 -1.25 9.8
    endloop
  endfacet
  facet normal -0 0 1
    outer loop
      vertex 13.7561 1.22598 9.8
      vertex 13.8775 -1.24398 9.8
      vertex 13.8775 1.24398 9.8
    endloop
  endfacet
  facet normal 0 0 1
    outer loop
      vertex 13.7561 1.22598 9.8
      vertex 13.7561 -1.22598 9.8
      vertex 13.8775 -1.24398 9.8
    endloop
  endfacet
  facet normal -0 0 1
    outer loop
      vertex 13.6371 1.19617 9.8
      vertex 13.7561 -1.22598 9.8
      vertex 13.7561 1.22598 9.8
    endloop
  endfacet
  facet normal 0 0 1
    outer loop
      vertex 13.6371 1.19617 9.8
      vertex 13.6371 -1.19617 9.8
      vertex 13.7561 -1.22598 9.8
    endloop
  endfacet
  facet normal -0 0 1
    outer loop
      vertex 13.5216 1.15485 9.8
      vertex 13.6371 -1.19617 9.8
      vertex 13.6371 1.19617 9.8
    endloop
  endfacet
  facet normal 0 0 1
    outer loop
      vertex 13.5216 1.15485 9.8
      vertex 13.5216 -1.15485 9.8
      vertex 13.6371 -1.19617 9.8
    endloop
  endfacet
  facet normal -0 0 1
    outer loop
      vertex 13.4108 1.1024 9.8
      vertex 13.5216 -1.15485 9.8
      vertex 13.5216 1.15485 9.8
    endloop
  endfacet
  facet normal 0 0 1
    outer loop
      vertex 13.4108 1.1024 9.8
      vertex 13.4108 -1.1024 9.8
      vertex 13.5216 -1.15485 9.8
    endloop
  endfacet
  facet normal -0 0 1
    outer loop
      vertex 13.3055 1.03934 9.8
      vertex 13.4108 -1.1024 9.8
      vertex 13.4108 1.1024 9.8
    endloop
  endfacet
  facet normal 0 0 1
    outer loop
      vertex 13.3055 1.03934 9.8
      vertex 13.3055 -1.03934 9.8
      vertex 13.4108 -1.1024 9.8
    endloop
  endfacet
  facet normal -0 0 1
    outer loop
      vertex 13.207 0.966263 9.8
      vertex 13.3055 -1.03934 9.8
      vertex 13.3055 1.03934 9.8
    endloop
  endfacet
  facet normal 0 0 1
    outer loop
      vertex 13.207 0.966263 9.8
      vertex 13.207 -0.966263 9.8
      vertex 13.3055 -1.03934 9.8
    endloop
  endfacet
  facet normal -0 0 1
    outer loop
      vertex 13.1161 0.883883 9.8
      vertex 13.207 -0.966263 9.8
      vertex 13.207 0.966263 9.8
    endloop
  endfacet
  facet normal 0 0 1
    outer loop
      vertex 13.1161 0.883883 9.8
      vertex 13.1161 -0.883883 9.8
      vertex 13.207 -0.966263 9.8
    endloop
  endfacet
  facet normal -0 0 1
    outer loop
      vertex 13.0337 0.792991 9.8
      vertex 13.1161 -0.883883 9.8
      vertex 13.1161 0.883883 9.8
    endloop
  endfacet
  facet normal 0 0 1
    outer loop
      vertex 13.0337 0.792991 9.8
      vertex 13.0337 -0.792991 9.8
      vertex 13.1161 -0.883883 9.8
    endloop
  endfacet
  facet normal -0 0 1
    outer loop
      vertex 12.9607 0.694463 9.8
      vertex 13.0337 -0.792991 9.8
      vertex 13.0337 0.792991 9.8
    endloop
  endfacet
  facet normal 0 0 1
    outer loop
      vertex 12.9607 0.694463 9.8
      vertex 12.9607 -0.694463 9.8
      vertex 13.0337 -0.792991 9.8
    endloop
  endfacet
  facet normal -0 0 1
    outer loop
      vertex 12.8976 0.589246 9.8
      vertex 12.9607 -0.694463 9.8
      vertex 12.9607 0.694463 9.8
    endloop
  endfacet
  facet normal 0 0 1
    outer loop
      vertex 12.8976 0.589246 9.8
      vertex 12.8976 -0.589246 9.8
      vertex 12.9607 -0.694463 9.8
    endloop
  endfacet
  facet normal -0 0 1
    outer loop
      vertex 12.8452 0.478354 9.8
      vertex 12.8976 -0.589246 9.8
      vertex 12.8976 0.589246 9.8
    endloop
  endfacet
  facet normal 0 0 1
    outer loop
      vertex 12.8452 0.478354 9.8
      vertex 12.8452 -0.478354 9.8
      vertex 12.8976 -0.589246 9.8
    endloop
  endfacet
  facet normal -0 0 1
    outer loop
      vertex 12.8038 0.362855 9.8
      vertex 12.8452 -0.478354 9.8
      vertex 12.8452 0.478354 9.8
    endloop
  endfacet
  facet normal 0 0 1
    outer loop
      vertex 12.8038 0.362855 9.8
      vertex 12.8038 -0.362855 9.8
      vertex 12.8452 -0.478354 9.8
    endloop
  endfacet
  facet normal -0 0 1
    outer loop
      vertex 12.774 0.243862 9.8
      vertex 12.8038 -0.362855 9.8
      vertex 12.8038 0.362855 9.8
    endloop
  endfacet
  facet normal 0 0 1
    outer loop
      vertex 12.774 0.243862 9.8
      vertex 12.774 -0.243862 9.8
      vertex 12.8038 -0.362855 9.8
    endloop
  endfacet
  facet normal -0 0 1
    outer loop
      vertex 12.756 0.122521 9.8
      vertex 12.774 -0.243862 9.8
      vertex 12.774 0.243862 9.8
    endloop
  endfacet
  facet normal 0 0 1
    outer loop
      vertex 12.756 0.122521 9.8
      vertex 12.756 -0.122521 9.8
      vertex 12.774 -0.243862 9.8
    endloop
  endfacet
  facet normal 0 -0 1
    outer loop
      vertex 12.756 -0.122521 9.8
      vertex 12.756 0.122521 9.8
      vertex 12.75 0 9.8
    endloop
  endfacet
  facet normal -0.890093 0.420597 0.175594
    outer loop
      vertex 12.8976 0.589246 9.8
      vertex 12.6771 0.707094 8.4
      vertex 12.8452 0.478354 9.8
    endloop
  endfacet
  facet normal -0.661095 0.729467 0.175589
    outer loop
      vertex 13.207 0.966263 9.8
      vertex 13.0484 1.15952 8.4
      vertex 13.1161 0.883883 9.8
    endloop
  endfacet
  facet normal 0.661095 -0.729467 0.175589
    outer loop
      vertex 14.8839 -0.883883 9.8
      vertex 14.793 -0.966263 9.8
      vertex 14.9516 -1.15952 8.4
    endloop
  endfacet
  facet normal 0.144388 -0.973818 0.175588
    outer loop
      vertex 14.2439 -1.22598 9.8
      vertex 14.1225 -1.24398 9.8
      vertex 14.147 -1.49278 8.4
    endloop
  endfacet
  facet normal -0.729362 -0.661218 0.175558
    outer loop
      vertex 13.0337 -0.792991 9.8
      vertex 12.8405 -0.95159 8.4
      vertex 13.1161 -0.883883 9.8
    endloop
  endfacet
  facet normal -0.144388 -0.973818 0.175588
    outer loop
      vertex 13.8775 -1.24398 9.8
      vertex 13.7561 -1.22598 9.8
      vertex 13.853 -1.49278 8.4
    endloop
  endfacet
  facet normal -0.420851 -0.889978 0.175565
    outer loop
      vertex 13.5216 -1.15485 9.8
      vertex 13.2929 -1.32288 8.4
      vertex 13.426 -1.38582 8.4
    endloop
  endfacet
  facet normal -0.983286 -0.0481527 0.175587
    outer loop
      vertex 12.75 0 9.8
      vertex 12.5 0 8.4
      vertex 12.5072 -0.147025 8.4
    endloop
  endfacet
  facet normal -0.983286 0.0481527 0.175587
    outer loop
      vertex 12.5072 0.147025 8.4
      vertex 12.5 0 8.4
      vertex 12.75 0 9.8
    endloop
  endfacet
  facet normal 0.506011 0.844466 0.175583
    outer loop
      vertex 14.7071 1.32288 8.4
      vertex 14.6945 1.03934 9.8
      vertex 14.8334 1.2472 8.4
    endloop
  endfacet
  facet normal 0.505793 0.844592 0.175606
    outer loop
      vertex 14.7071 1.32288 8.4
      vertex 14.5892 1.1024 9.8
      vertex 14.6945 1.03934 9.8
    endloop
  endfacet
  facet normal 0.661095 0.729467 0.175589
    outer loop
      vertex 14.9516 1.15952 8.4
      vertex 14.793 0.966263 9.8
      vertex 14.8839 0.883883 9.8
    endloop
  endfacet
  facet normal 0.661042 0.729513 0.175595
    outer loop
      vertex 14.9516 1.15952 8.4
      vertex 14.8839 0.883883 9.8
      vertex 15.0607 1.06066 8.4
    endloop
  endfacet
  facet normal 0.42121 0.889801 0.175603
    outer loop
      vertex 14.7071 1.32288 8.4
      vertex 14.4784 1.15485 9.8
      vertex 14.5892 1.1024 9.8
    endloop
  endfacet
  facet normal 0.420851 0.889978 0.175565
    outer loop
      vertex 14.574 1.38582 8.4
      vertex 14.4784 1.15485 9.8
      vertex 14.7071 1.32288 8.4
    endloop
  endfacet
  facet normal 0.33161 0.926935 0.175573
    outer loop
      vertex 14.4354 1.43541 8.4
      vertex 14.3629 1.19617 9.8
      vertex 14.4784 1.15485 9.8
    endloop
  endfacet
  facet normal 0.331646 0.926923 0.175569
    outer loop
      vertex 14.574 1.38582 8.4
      vertex 14.4354 1.43541 8.4
      vertex 14.4784 1.15485 9.8
    endloop
  endfacet
  facet normal 0.144466 0.973807 0.175581
    outer loop
      vertex 14.2926 1.47118 8.4
      vertex 14.147 1.49278 8.4
      vertex 14.2439 1.22598 9.8
    endloop
  endfacet
  facet normal -0.239221 0.954959 0.175577
    outer loop
      vertex 13.7561 1.22598 9.8
      vertex 13.5646 1.43541 8.4
      vertex 13.6371 1.19617 9.8
    endloop
  endfacet
  facet normal -0.506011 0.844466 0.175583
    outer loop
      vertex 13.2929 1.32288 8.4
      vertex 13.1666 1.2472 8.4
      vertex 13.3055 1.03934 9.8
    endloop
  endfacet
  facet normal -0.33161 0.926935 0.175573
    outer loop
      vertex 13.5646 1.43541 8.4
      vertex 13.5216 1.15485 9.8
      vertex 13.6371 1.19617 9.8
    endloop
  endfacet
  facet normal -0.844277 0.506324 0.175594
    outer loop
      vertex 12.9607 0.694463 9.8
      vertex 12.6771 0.707094 8.4
      vertex 12.8976 0.589246 9.8
    endloop
  endfacet
  facet normal -0.586571 0.790635 0.17559
    outer loop
      vertex 13.3055 1.03934 9.8
      vertex 13.0484 1.15952 8.4
      vertex 13.207 0.966263 9.8
    endloop
  endfacet
  facet normal -0.954977 0.23916 0.175562
    outer loop
      vertex 12.8038 0.362855 9.8
      vertex 12.5646 0.435427 8.4
      vertex 12.774 0.243862 9.8
    endloop
  endfacet
  facet normal -0.926894 0.331709 0.175605
    outer loop
      vertex 12.6142 0.574024 8.4
      vertex 12.5646 0.435427 8.4
      vertex 12.8452 0.478354 9.8
    endloop
  endfacet
  facet normal -0.890039 0.420707 0.175606
    outer loop
      vertex 12.6771 0.707094 8.4
      vertex 12.6142 0.574024 8.4
      vertex 12.8452 0.478354 9.8
    endloop
  endfacet
  facet normal 0.926894 -0.331709 0.175605
    outer loop
      vertex 15.4354 -0.435427 8.4
      vertex 15.1548 -0.478354 9.8
      vertex 15.3858 -0.574024 8.4
    endloop
  endfacet
  facet normal 0.790692 -0.58649 0.175603
    outer loop
      vertex 15.2472 -0.833355 8.4
      vertex 15.0393 -0.694463 9.8
      vertex 15.1595 -0.95159 8.4
    endloop
  endfacet
  facet normal 0.331646 -0.926923 0.175569
    outer loop
      vertex 14.4784 -1.15485 9.8
      vertex 14.4354 -1.43541 8.4
      vertex 14.574 -1.38582 8.4
    endloop
  endfacet
  facet normal 0.42121 -0.889801 0.175603
    outer loop
      vertex 14.5892 -1.1024 9.8
      vertex 14.4784 -1.15485 9.8
      vertex 14.7071 -1.32288 8.4
    endloop
  endfacet
  facet normal 0.505793 -0.844592 0.175606
    outer loop
      vertex 14.6945 -1.03934 9.8
      vertex 14.5892 -1.1024 9.8
      vertex 14.7071 -1.32288 8.4
    endloop
  endfacet
  facet normal 0.586518 -0.790675 0.175584
    outer loop
      vertex 14.9516 -1.15952 8.4
      vertex 14.6945 -1.03934 9.8
      vertex 14.8334 -1.2472 8.4
    endloop
  endfacet
  facet normal 0.0482944 -0.983279 0.175586
    outer loop
      vertex 14 -1.25 9.8
      vertex 14 -1.5 8.4
      vertex 14.147 -1.49278 8.4
    endloop
  endfacet
  facet normal -0.0482944 -0.983279 0.175586
    outer loop
      vertex 14 -1.25 9.8
      vertex 13.853 -1.49278 8.4
      vertex 14 -1.5 8.4
    endloop
  endfacet
  facet normal -0.954977 -0.23916 0.175562
    outer loop
      vertex 12.774 -0.243862 9.8
      vertex 12.5646 -0.435427 8.4
      vertex 12.8038 -0.362855 9.8
    endloop
  endfacet
  facet normal -0.844335 -0.506222 0.175605
    outer loop
      vertex 12.9607 -0.694463 9.8
      vertex 12.6771 -0.707094 8.4
      vertex 12.7528 -0.833355 8.4
    endloop
  endfacet
  facet normal -0.926733 -0.332182 0.175558
    outer loop
      vertex 12.8038 -0.362855 9.8
      vertex 12.5646 -0.435427 8.4
      vertex 12.8452 -0.478354 9.8
    endloop
  endfacet
  facet normal -0.505793 -0.844592 0.175606
    outer loop
      vertex 13.3055 -1.03934 9.8
      vertex 13.2929 -1.32288 8.4
      vertex 13.4108 -1.1024 9.8
    endloop
  endfacet
  facet normal -0.791015 -0.586068 0.175553
    outer loop
      vertex 12.9607 -0.694463 9.8
      vertex 12.8405 -0.95159 8.4
      vertex 13.0337 -0.792991 9.8
    endloop
  endfacet
  facet normal -0.239221 -0.954959 0.175577
    outer loop
      vertex 13.6371 -1.19617 9.8
      vertex 13.5646 -1.43541 8.4
      vertex 13.7561 -1.22598 9.8
    endloop
  endfacet
  facet normal -0.331646 -0.926923 0.175569
    outer loop
      vertex 13.5216 -1.15485 9.8
      vertex 13.426 -1.38582 8.4
      vertex 13.5646 -1.43541 8.4
    endloop
  endfacet
  facet normal -0.33161 -0.926935 0.175573
    outer loop
      vertex 13.6371 -1.19617 9.8
      vertex 13.5216 -1.15485 9.8
      vertex 13.5646 -1.43541 8.4
    endloop
  endfacet
  facet normal 0.586571 0.790635 0.17559
    outer loop
      vertex 14.9516 1.15952 8.4
      vertex 14.6945 1.03934 9.8
      vertex 14.793 0.966263 9.8
    endloop
  endfacet
  facet normal 0.144388 0.973818 0.175588
    outer loop
      vertex 14.147 1.49278 8.4
      vertex 14.1225 1.24398 9.8
      vertex 14.2439 1.22598 9.8
    endloop
  endfacet
  facet normal 0.048321 0.983277 0.175588
    outer loop
      vertex 14.147 1.49278 8.4
      vertex 14 1.25 9.8
      vertex 14.1225 1.24398 9.8
    endloop
  endfacet
  facet normal -0.420851 0.889978 0.175565
    outer loop
      vertex 13.426 1.38582 8.4
      vertex 13.2929 1.32288 8.4
      vertex 13.5216 1.15485 9.8
    endloop
  endfacet
  facet normal -0.331646 0.926923 0.175569
    outer loop
      vertex 13.5646 1.43541 8.4
      vertex 13.426 1.38582 8.4
      vertex 13.5216 1.15485 9.8
    endloop
  endfacet
  facet normal -0.42121 0.889801 0.175603
    outer loop
      vertex 13.5216 1.15485 9.8
      vertex 13.2929 1.32288 8.4
      vertex 13.4108 1.1024 9.8
    endloop
  endfacet
  facet normal -0.505793 0.844592 0.175606
    outer loop
      vertex 13.4108 1.1024 9.8
      vertex 13.2929 1.32288 8.4
      vertex 13.3055 1.03934 9.8
    endloop
  endfacet
  facet normal -0.729623 0.660922 0.175595
    outer loop
      vertex 12.9393 1.06066 8.4
      vertex 12.8405 0.95159 8.4
      vertex 13.1161 0.883883 9.8
    endloop
  endfacet
  facet normal -0.661042 0.729513 0.175595
    outer loop
      vertex 13.0484 1.15952 8.4
      vertex 12.9393 1.06066 8.4
      vertex 13.1161 0.883883 9.8
    endloop
  endfacet
  facet normal -0.95491 0.23941 0.175586
    outer loop
      vertex 12.5646 0.435427 8.4
      vertex 12.5288 0.292635 8.4
      vertex 12.774 0.243862 9.8
    endloop
  endfacet
  facet normal -0.973808 0.144456 0.175588
    outer loop
      vertex 12.5288 0.292635 8.4
      vertex 12.5072 0.147025 8.4
      vertex 12.774 0.243862 9.8
    endloop
  endfacet
  facet normal -0.926733 0.332182 0.175558
    outer loop
      vertex 12.8452 0.478354 9.8
      vertex 12.5646 0.435427 8.4
      vertex 12.8038 0.362855 9.8
    endloop
  endfacet
  facet normal 0.844277 -0.506324 0.175594
    outer loop
      vertex 15.1024 -0.589246 9.8
      vertex 15.0393 -0.694463 9.8
      vertex 15.3229 -0.707094 8.4
    endloop
  endfacet
  facet normal 0.729623 -0.660922 0.175595
    outer loop
      vertex 15.1595 -0.95159 8.4
      vertex 14.8839 -0.883883 9.8
      vertex 15.0607 -1.06066 8.4
    endloop
  endfacet
  facet normal 0.661042 -0.729513 0.175595
    outer loop
      vertex 15.0607 -1.06066 8.4
      vertex 14.8839 -0.883883 9.8
      vertex 14.9516 -1.15952 8.4
    endloop
  endfacet
  facet normal 0.33161 -0.926935 0.175573
    outer loop
      vertex 14.4784 -1.15485 9.8
      vertex 14.3629 -1.19617 9.8
      vertex 14.4354 -1.43541 8.4
    endloop
  endfacet
  facet normal 0.586571 -0.790635 0.17559
    outer loop
      vertex 14.793 -0.966263 9.8
      vertex 14.6945 -1.03934 9.8
      vertex 14.9516 -1.15952 8.4
    endloop
  endfacet
  facet normal 0.506011 -0.844466 0.175583
    outer loop
      vertex 14.8334 -1.2472 8.4
      vertex 14.6945 -1.03934 9.8
      vertex 14.7071 -1.32288 8.4
    endloop
  endfacet
  facet normal -0.890039 -0.420707 0.175606
    outer loop
      vertex 12.8452 -0.478354 9.8
      vertex 12.6142 -0.574024 8.4
      vertex 12.6771 -0.707094 8.4
    endloop
  endfacet
  facet normal -0.926894 -0.331709 0.175605
    outer loop
      vertex 12.8452 -0.478354 9.8
      vertex 12.5646 -0.435427 8.4
      vertex 12.6142 -0.574024 8.4
    endloop
  endfacet
  facet normal -0.890093 -0.420597 0.175594
    outer loop
      vertex 12.8452 -0.478354 9.8
      vertex 12.6771 -0.707094 8.4
      vertex 12.8976 -0.589246 9.8
    endloop
  endfacet
  facet normal -0.844277 -0.506324 0.175594
    outer loop
      vertex 12.8976 -0.589246 9.8
      vertex 12.6771 -0.707094 8.4
      vertex 12.9607 -0.694463 9.8
    endloop
  endfacet
  facet normal -0.661042 -0.729513 0.175595
    outer loop
      vertex 13.1161 -0.883883 9.8
      vertex 12.9393 -1.06066 8.4
      vertex 13.0484 -1.15952 8.4
    endloop
  endfacet
  facet normal -0.729623 -0.660922 0.175595
    outer loop
      vertex 13.1161 -0.883883 9.8
      vertex 12.8405 -0.95159 8.4
      vertex 12.9393 -1.06066 8.4
    endloop
  endfacet
  facet normal -0.239209 -0.954962 0.175576
    outer loop
      vertex 13.7561 -1.22598 9.8
      vertex 13.5646 -1.43541 8.4
      vertex 13.7074 -1.47118 8.4
    endloop
  endfacet
  facet normal -0.144388 0.973818 0.175588
    outer loop
      vertex 13.853 1.49278 8.4
      vertex 13.7561 1.22598 9.8
      vertex 13.8775 1.24398 9.8
    endloop
  endfacet
  facet normal -0.144466 0.973807 0.175581
    outer loop
      vertex 13.853 1.49278 8.4
      vertex 13.7074 1.47118 8.4
      vertex 13.7561 1.22598 9.8
    endloop
  endfacet
  facet normal -0.790692 0.58649 0.175603
    outer loop
      vertex 12.8405 0.95159 8.4
      vertex 12.7528 0.833355 8.4
      vertex 12.9607 0.694463 9.8
    endloop
  endfacet
  facet normal 0.729362 -0.661218 0.175558
    outer loop
      vertex 14.9663 -0.792991 9.8
      vertex 14.8839 -0.883883 9.8
      vertex 15.1595 -0.95159 8.4
    endloop
  endfacet
  facet normal 0.791015 -0.586068 0.175553
    outer loop
      vertex 15.0393 -0.694463 9.8
      vertex 14.9663 -0.792991 9.8
      vertex 15.1595 -0.95159 8.4
    endloop
  endfacet
  facet normal 0.844335 -0.506222 0.175605
    outer loop
      vertex 15.3229 -0.707094 8.4
      vertex 15.0393 -0.694463 9.8
      vertex 15.2472 -0.833355 8.4
    endloop
  endfacet
  facet normal 0.890093 -0.420597 0.175594
    outer loop
      vertex 15.1548 -0.478354 9.8
      vertex 15.1024 -0.589246 9.8
      vertex 15.3229 -0.707094 8.4
    endloop
  endfacet
  facet normal 0.926733 -0.332182 0.175558
    outer loop
      vertex 15.1962 -0.362855 9.8
      vertex 15.1548 -0.478354 9.8
      vertex 15.4354 -0.435427 8.4
    endloop
  endfacet
  facet normal 0.954977 -0.23916 0.175562
    outer loop
      vertex 15.226 -0.243862 9.8
      vertex 15.1962 -0.362855 9.8
      vertex 15.4354 -0.435427 8.4
    endloop
  endfacet
  facet normal 0.890039 -0.420707 0.175606
    outer loop
      vertex 15.3858 -0.574024 8.4
      vertex 15.1548 -0.478354 9.8
      vertex 15.3229 -0.707094 8.4
    endloop
  endfacet
  facet normal 0.95491 -0.23941 0.175586
    outer loop
      vertex 15.4712 -0.292635 8.4
      vertex 15.226 -0.243862 9.8
      vertex 15.4354 -0.435427 8.4
    endloop
  endfacet
  facet normal 0.239209 -0.954962 0.175576
    outer loop
      vertex 14.4354 -1.43541 8.4
      vertex 14.2439 -1.22598 9.8
      vertex 14.2926 -1.47118 8.4
    endloop
  endfacet
  facet normal 0.144466 -0.973807 0.175581
    outer loop
      vertex 14.2439 -1.22598 9.8
      vertex 14.147 -1.49278 8.4
      vertex 14.2926 -1.47118 8.4
    endloop
  endfacet
  facet normal 0.420851 -0.889978 0.175565
    outer loop
      vertex 14.7071 -1.32288 8.4
      vertex 14.4784 -1.15485 9.8
      vertex 14.574 -1.38582 8.4
    endloop
  endfacet
  facet normal -0.973808 -0.144457 0.175588
    outer loop
      vertex 12.756 -0.122521 9.8
      vertex 12.5072 -0.147025 8.4
      vertex 12.774 -0.243862 9.8
    endloop
  endfacet
  facet normal -0.973808 -0.144456 0.175588
    outer loop
      vertex 12.774 -0.243862 9.8
      vertex 12.5072 -0.147025 8.4
      vertex 12.5288 -0.292635 8.4
    endloop
  endfacet
  facet normal -0.586518 -0.790675 0.175584
    outer loop
      vertex 13.3055 -1.03934 9.8
      vertex 13.0484 -1.15952 8.4
      vertex 13.1666 -1.2472 8.4
    endloop
  endfacet
  facet normal -0.729362 0.661218 0.175558
    outer loop
      vertex 13.1161 0.883883 9.8
      vertex 12.8405 0.95159 8.4
      vertex 13.0337 0.792991 9.8
    endloop
  endfacet
  facet normal -0.791015 0.586068 0.175553
    outer loop
      vertex 13.0337 0.792991 9.8
      vertex 12.8405 0.95159 8.4
      vertex 12.9607 0.694463 9.8
    endloop
  endfacet
  facet normal 0.973808 -0.144456 0.175588
    outer loop
      vertex 15.4928 -0.147025 8.4
      vertex 15.226 -0.243862 9.8
      vertex 15.4712 -0.292635 8.4
    endloop
  endfacet
  facet normal 0.973808 -0.144457 0.175588
    outer loop
      vertex 15.244 -0.122521 9.8
      vertex 15.226 -0.243862 9.8
      vertex 15.4928 -0.147025 8.4
    endloop
  endfacet
  facet normal 0.239221 -0.954959 0.175577
    outer loop
      vertex 14.3629 -1.19617 9.8
      vertex 14.2439 -1.22598 9.8
      vertex 14.4354 -1.43541 8.4
    endloop
  endfacet
  facet normal -0.661095 -0.729467 0.175589
    outer loop
      vertex 13.1161 -0.883883 9.8
      vertex 13.0484 -1.15952 8.4
      vertex 13.207 -0.966263 9.8
    endloop
  endfacet
  facet normal -0.586571 -0.790635 0.17559
    outer loop
      vertex 13.207 -0.966263 9.8
      vertex 13.0484 -1.15952 8.4
      vertex 13.3055 -1.03934 9.8
    endloop
  endfacet
endsolid OpenSCAD_Model
