solid OpenSCAD_Model
  facet normal 0 0 -1
    outer loop
      vertex 0 19 0
      vertex 1.25 37 0
      vertex 1.25 19 0
    endloop
  endfacet
  facet normal 0 -0 -1
    outer loop
      vertex 0.0240755 37.9901 0
      vertex 1.25 37 0
      vertex 0 37.5 0
    endloop
  endfacet
  facet normal 0 0 -1
    outer loop
      vertex 1.25 37 0
      vertex 0.842651 40.2779 0
      vertex 1.13495 40.672 0
    endloop
  endfacet
  facet normal 0 0 -1
    outer loop
      vertex 1.25 37 0
      vertex 0.590393 39.857 0
      vertex 0.842651 40.2779 0
    endloop
  endfacet
  facet normal 0 0 -1
    outer loop
      vertex 1.25 37 0
      vertex 0.380602 39.4134 0
      vertex 0.590393 39.857 0
    endloop
  endfacet
  facet normal 0 0 -1
    outer loop
      vertex 1.25 37 0
      vertex 0.215298 38.9514 0
      vertex 0.380602 39.4134 0
    endloop
  endfacet
  facet normal 0 0 -1
    outer loop
      vertex 1.25 37 0
      vertex 0.0960732 38.4755 0
      vertex 0.215298 38.9514 0
    endloop
  endfacet
  facet normal -0 0 -1
    outer loop
      vertex 1.25 37 0
      vertex 0 19 0
      vertex 0 37.5 0
    endloop
  endfacet
  facet normal 0 0 -1
    outer loop
      vertex 1.25 37 0
      vertex 0.0240755 37.9901 0
      vertex 0.0960732 38.4755 0
    endloop
  endfacet
  facet normal 0 0 -1
    outer loop
      vertex 55.2295 5.08343 0
      vertex 56.5 5 0
      vertex 56.4759 4.50991 0
    endloop
  endfacet
  facet normal 0 0 -1
    outer loop
      vertex 56.5 5 0
      vertex 55.25 5.5 0
      vertex 56.5 37.5 0
    endloop
  endfacet
  facet normal 0 0 -1
    outer loop
      vertex 55.1683 4.67087 0
      vertex 56.4759 4.50991 0
      vertex 56.4039 4.02455 0
    endloop
  endfacet
  facet normal 0 0 -1
    outer loop
      vertex 55.25 37 0
      vertex 56.5 37.5 0
      vertex 55.25 5.5 0
    endloop
  endfacet
  facet normal 0 0 -1
    outer loop
      vertex 55.067 4.26629 0
      vertex 56.4039 4.02455 0
      vertex 56.2847 3.54858 0
    endloop
  endfacet
  facet normal 0 0 -1
    outer loop
      vertex 55.2295 37.4166 0
      vertex 56.5 37.5 0
      vertex 55.25 37 0
    endloop
  endfacet
  facet normal 0 0 -1
    outer loop
      vertex 54.9265 3.8736 0
      vertex 56.2847 3.54858 0
      vertex 56.1194 3.08658 0
    endloop
  endfacet
  facet normal -0 0 -1
    outer loop
      vertex 56.5 37.5 0
      vertex 55.2295 37.4166 0
      vertex 56.4759 37.9901 0
    endloop
  endfacet
  facet normal 0 0 -1
    outer loop
      vertex 54.7482 3.49656 0
      vertex 56.1194 3.08658 0
      vertex 55.9096 2.64302 0
    endloop
  endfacet
  facet normal 0 0 -1
    outer loop
      vertex 55.1683 37.8291 0
      vertex 56.4759 37.9901 0
      vertex 55.2295 37.4166 0
    endloop
  endfacet
  facet normal 0 0 -1
    outer loop
      vertex 54.5337 3.13883 0
      vertex 55.9096 2.64302 0
      vertex 55.6573 2.22215 0
    endloop
  endfacet
  facet normal -0 0 -1
    outer loop
      vertex 56.4759 37.9901 0
      vertex 55.1683 37.8291 0
      vertex 56.4039 38.4755 0
    endloop
  endfacet
  facet normal 0 0 -1
    outer loop
      vertex 54.2853 2.80383 0
      vertex 55.6573 2.22215 0
      vertex 55.3651 1.82803 0
    endloop
  endfacet
  facet normal 0 0 -1
    outer loop
      vertex 55.067 38.2337 0
      vertex 56.4039 38.4755 0
      vertex 55.1683 37.8291 0
    endloop
  endfacet
  facet normal -0 0 -1
    outer loop
      vertex 56.4039 38.4755 0
      vertex 55.067 38.2337 0
      vertex 56.2847 38.9514 0
    endloop
  endfacet
  facet normal 0 0 -1
    outer loop
      vertex 56.5 5 0
      vertex 55.2295 5.08343 0
      vertex 55.25 5.5 0
    endloop
  endfacet
  facet normal 0 0 -1
    outer loop
      vertex 56.4759 4.50991 0
      vertex 55.1683 4.67087 0
      vertex 55.2295 5.08343 0
    endloop
  endfacet
  facet normal 0 0 -1
    outer loop
      vertex 56.4039 4.02455 0
      vertex 55.067 4.26629 0
      vertex 55.1683 4.67087 0
    endloop
  endfacet
  facet normal 0 0 -1
    outer loop
      vertex 54.0052 2.4948 0
      vertex 55.3651 1.82803 0
      vertex 55.0355 1.46447 0
    endloop
  endfacet
  facet normal 0 0 -1
    outer loop
      vertex 56.2847 3.54858 0
      vertex 54.9265 3.8736 0
      vertex 55.067 4.26629 0
    endloop
  endfacet
  facet normal 0 0 -1
    outer loop
      vertex 56.1194 3.08658 0
      vertex 54.7482 3.49656 0
      vertex 54.9265 3.8736 0
    endloop
  endfacet
  facet normal 0 0 -1
    outer loop
      vertex 54.0052 2.4948 0
      vertex 55.0355 1.46447 0
      vertex 54.672 1.13495 0
    endloop
  endfacet
  facet normal 0 0 -1
    outer loop
      vertex 55.9096 2.64302 0
      vertex 54.5337 3.13883 0
      vertex 54.7482 3.49656 0
    endloop
  endfacet
  facet normal 0 0 -1
    outer loop
      vertex 55.6573 2.22215 0
      vertex 54.2853 2.80383 0
      vertex 54.5337 3.13883 0
    endloop
  endfacet
  facet normal 0 0 -1
    outer loop
      vertex 53.6962 2.21471 0
      vertex 54.672 1.13495 0
      vertex 54.2779 0.842651 0
    endloop
  endfacet
  facet normal 0 0 -1
    outer loop
      vertex 55.3651 1.82803 0
      vertex 54.0052 2.4948 0
      vertex 54.2853 2.80383 0
    endloop
  endfacet
  facet normal 0 0 -1
    outer loop
      vertex 53.3612 1.96625 0
      vertex 54.2779 0.842651 0
      vertex 53.857 0.590393 0
    endloop
  endfacet
  facet normal 0 0 -1
    outer loop
      vertex 54.672 1.13495 0
      vertex 53.6962 2.21471 0
      vertex 54.0052 2.4948 0
    endloop
  endfacet
  facet normal 0 0 -1
    outer loop
      vertex 53.0034 1.75183 0
      vertex 53.857 0.590393 0
      vertex 53.4134 0.380602 0
    endloop
  endfacet
  facet normal 0 0 -1
    outer loop
      vertex 54.2779 0.842651 0
      vertex 53.3612 1.96625 0
      vertex 53.6962 2.21471 0
    endloop
  endfacet
  facet normal 0 0 -1
    outer loop
      vertex 53.857 0.590393 0
      vertex 53.0034 1.75183 0
      vertex 53.3612 1.96625 0
    endloop
  endfacet
  facet normal 0 0 -1
    outer loop
      vertex 52.6264 1.57351 0
      vertex 53.4134 0.380602 0
      vertex 52.9514 0.215298 0
    endloop
  endfacet
  facet normal 0 0 -1
    outer loop
      vertex 53.4134 0.380602 0
      vertex 52.6264 1.57351 0
      vertex 53.0034 1.75183 0
    endloop
  endfacet
  facet normal 0 0 -1
    outer loop
      vertex 52.2337 1.433 0
      vertex 52.9514 0.215298 0
      vertex 52.4755 0.0960732 0
    endloop
  endfacet
  facet normal 0 0 -1
    outer loop
      vertex 52.9514 0.215298 0
      vertex 52.2337 1.433 0
      vertex 52.6264 1.57351 0
    endloop
  endfacet
  facet normal 0 0 -1
    outer loop
      vertex 51.8291 1.33166 0
      vertex 52.4755 0.0960732 0
      vertex 51.9901 0.0240755 0
    endloop
  endfacet
  facet normal 0 0 -1
    outer loop
      vertex 52.4755 0.0960732 0
      vertex 51.8291 1.33166 0
      vertex 52.2337 1.433 0
    endloop
  endfacet
  facet normal 0 0 -1
    outer loop
      vertex 51.5 0 0
      vertex 51.8291 1.33166 0
      vertex 51.9901 0.0240755 0
    endloop
  endfacet
  facet normal 0 0 -1
    outer loop
      vertex 51.5 0 0
      vertex 51.4166 1.27046 0
      vertex 51.8291 1.33166 0
    endloop
  endfacet
  facet normal 0 0 -1
    outer loop
      vertex 51.5 0 0
      vertex 51 1.25 0
      vertex 51.4166 1.27046 0
    endloop
  endfacet
  facet normal 0 0 -1
    outer loop
      vertex 51.5 0 0
      vertex 5.5 1.25 0
      vertex 51 1.25 0
    endloop
  endfacet
  facet normal 0 0 -1
    outer loop
      vertex 5 0 0
      vertex 5.5 1.25 0
      vertex 51.5 0 0
    endloop
  endfacet
  facet normal 0 0 -1
    outer loop
      vertex 5 0 0
      vertex 5.08343 1.27046 0
      vertex 5.5 1.25 0
    endloop
  endfacet
  facet normal 0 0 -1
    outer loop
      vertex 5 0 0
      vertex 4.67087 1.33166 0
      vertex 5.08343 1.27046 0
    endloop
  endfacet
  facet normal 0 0 -1
    outer loop
      vertex 4.50991 0.0240755 0
      vertex 4.67087 1.33166 0
      vertex 5 0 0
    endloop
  endfacet
  facet normal 0 0 -1
    outer loop
      vertex 4.02455 0.0960732 0
      vertex 4.67087 1.33166 0
      vertex 4.50991 0.0240755 0
    endloop
  endfacet
  facet normal -0 0 -1
    outer loop
      vertex 4.67087 1.33166 0
      vertex 4.02455 0.0960732 0
      vertex 4.26629 1.433 0
    endloop
  endfacet
  facet normal 0 0 -1
    outer loop
      vertex 3.54858 0.215298 0
      vertex 4.26629 1.433 0
      vertex 4.02455 0.0960732 0
    endloop
  endfacet
  facet normal -0 0 -1
    outer loop
      vertex 4.26629 1.433 0
      vertex 3.54858 0.215298 0
      vertex 3.8736 1.57351 0
    endloop
  endfacet
  facet normal 0 0 -1
    outer loop
      vertex 3.08658 0.380602 0
      vertex 3.8736 1.57351 0
      vertex 3.54858 0.215298 0
    endloop
  endfacet
  facet normal -0 0 -1
    outer loop
      vertex 3.8736 1.57351 0
      vertex 3.08658 0.380602 0
      vertex 3.49656 1.75183 0
    endloop
  endfacet
  facet normal 0 0 -1
    outer loop
      vertex 2.64302 0.590393 0
      vertex 3.49656 1.75183 0
      vertex 3.08658 0.380602 0
    endloop
  endfacet
  facet normal -0 0 -1
    outer loop
      vertex 3.49656 1.75183 0
      vertex 2.64302 0.590393 0
      vertex 3.13883 1.96625 0
    endloop
  endfacet
  facet normal 0 0 -1
    outer loop
      vertex 2.22215 0.842651 0
      vertex 3.13883 1.96625 0
      vertex 2.64302 0.590393 0
    endloop
  endfacet
  facet normal -0 0 -1
    outer loop
      vertex 3.13883 1.96625 0
      vertex 2.22215 0.842651 0
      vertex 2.80383 2.21471 0
    endloop
  endfacet
  facet normal 0 0 -1
    outer loop
      vertex 1.82803 1.13495 0
      vertex 2.80383 2.21471 0
      vertex 2.22215 0.842651 0
    endloop
  endfacet
  facet normal -0 0 -1
    outer loop
      vertex 2.80383 2.21471 0
      vertex 1.82803 1.13495 0
      vertex 2.4948 2.4948 0
    endloop
  endfacet
  facet normal 0 0 -1
    outer loop
      vertex 1.46447 1.46447 0
      vertex 2.4948 2.4948 0
      vertex 1.82803 1.13495 0
    endloop
  endfacet
  facet normal 0 0 -1
    outer loop
      vertex 1.13495 1.82803 0
      vertex 2.4948 2.4948 0
      vertex 1.46447 1.46447 0
    endloop
  endfacet
  facet normal -0 0 -1
    outer loop
      vertex 2.4948 2.4948 0
      vertex 1.13495 1.82803 0
      vertex 2.21471 2.80383 0
    endloop
  endfacet
  facet normal 0 0 -1
    outer loop
      vertex 0.842651 2.22215 0
      vertex 2.21471 2.80383 0
      vertex 1.13495 1.82803 0
    endloop
  endfacet
  facet normal -0 0 -1
    outer loop
      vertex 2.21471 2.80383 0
      vertex 0.842651 2.22215 0
      vertex 1.96625 3.13883 0
    endloop
  endfacet
  facet normal 0 0 -1
    outer loop
      vertex 0.590393 2.64302 0
      vertex 1.96625 3.13883 0
      vertex 0.842651 2.22215 0
    endloop
  endfacet
  facet normal -0 0 -1
    outer loop
      vertex 1.96625 3.13883 0
      vertex 0.590393 2.64302 0
      vertex 1.75183 3.49656 0
    endloop
  endfacet
  facet normal 0 0 -1
    outer loop
      vertex 0.380602 3.08658 0
      vertex 1.75183 3.49656 0
      vertex 0.590393 2.64302 0
    endloop
  endfacet
  facet normal -0 0 -1
    outer loop
      vertex 1.75183 3.49656 0
      vertex 0.380602 3.08658 0
      vertex 1.57351 3.8736 0
    endloop
  endfacet
  facet normal 0 0 -1
    outer loop
      vertex 0.215298 3.54858 0
      vertex 1.57351 3.8736 0
      vertex 0.380602 3.08658 0
    endloop
  endfacet
  facet normal -0 0 -1
    outer loop
      vertex 1.57351 3.8736 0
      vertex 0.215298 3.54858 0
      vertex 1.433 4.26629 0
    endloop
  endfacet
  facet normal 0 0 -1
    outer loop
      vertex 0.0960732 4.02455 0
      vertex 1.433 4.26629 0
      vertex 0.215298 3.54858 0
    endloop
  endfacet
  facet normal -0 0 -1
    outer loop
      vertex 1.433 4.26629 0
      vertex 0.0960732 4.02455 0
      vertex 1.33166 4.67087 0
    endloop
  endfacet
  facet normal 0 0 -1
    outer loop
      vertex 0.0240755 4.50991 0
      vertex 1.33166 4.67087 0
      vertex 0.0960732 4.02455 0
    endloop
  endfacet
  facet normal -0 0 -1
    outer loop
      vertex 1.33166 4.67087 0
      vertex 0.0240755 4.50991 0
      vertex 1.27046 5.08343 0
    endloop
  endfacet
  facet normal 0 0 -1
    outer loop
      vertex 0 5 0
      vertex 1.27046 5.08343 0
      vertex 0.0240755 4.50991 0
    endloop
  endfacet
  facet normal -0 0 -1
    outer loop
      vertex 1.27046 5.08343 0
      vertex 0 5 0
      vertex 1.25 5.5 0
    endloop
  endfacet
  facet normal 0 0 -1
    outer loop
      vertex 0 9.5 0
      vertex 1.25 5.5 0
      vertex 0 5 0
    endloop
  endfacet
  facet normal 0 0 -1
    outer loop
      vertex 1.25 5.5 0
      vertex 0 9.5 0
      vertex 1.25 9.5 0
    endloop
  endfacet
  facet normal 0 0 -1
    outer loop
      vertex 54.9265 38.6264 0
      vertex 56.2847 38.9514 0
      vertex 55.067 38.2337 0
    endloop
  endfacet
  facet normal -0 0 -1
    outer loop
      vertex 56.2847 38.9514 0
      vertex 54.9265 38.6264 0
      vertex 56.1194 39.4134 0
    endloop
  endfacet
  facet normal 0 0 -1
    outer loop
      vertex 54.7482 39.0034 0
      vertex 56.1194 39.4134 0
      vertex 54.9265 38.6264 0
    endloop
  endfacet
  facet normal -0 0 -1
    outer loop
      vertex 56.1194 39.4134 0
      vertex 54.7482 39.0034 0
      vertex 55.9096 39.857 0
    endloop
  endfacet
  facet normal 0 0 -1
    outer loop
      vertex 54.5337 39.3612 0
      vertex 55.9096 39.857 0
      vertex 54.7482 39.0034 0
    endloop
  endfacet
  facet normal -0 0 -1
    outer loop
      vertex 55.9096 39.857 0
      vertex 54.5337 39.3612 0
      vertex 55.6573 40.2779 0
    endloop
  endfacet
  facet normal 0 0 -1
    outer loop
      vertex 54.2853 39.6962 0
      vertex 55.6573 40.2779 0
      vertex 54.5337 39.3612 0
    endloop
  endfacet
  facet normal -0 0 -1
    outer loop
      vertex 55.6573 40.2779 0
      vertex 54.2853 39.6962 0
      vertex 55.3651 40.672 0
    endloop
  endfacet
  facet normal 0 0 -1
    outer loop
      vertex 54.0052 40.0052 0
      vertex 55.3651 40.672 0
      vertex 54.2853 39.6962 0
    endloop
  endfacet
  facet normal -0 0 -1
    outer loop
      vertex 55.3651 40.672 0
      vertex 54.0052 40.0052 0
      vertex 55.0355 41.0355 0
    endloop
  endfacet
  facet normal -0 0 -1
    outer loop
      vertex 55.0355 41.0355 0
      vertex 54.0052 40.0052 0
      vertex 54.672 41.3651 0
    endloop
  endfacet
  facet normal 0 0 -1
    outer loop
      vertex 53.6962 40.2853 0
      vertex 54.672 41.3651 0
      vertex 54.0052 40.0052 0
    endloop
  endfacet
  facet normal -0 0 -1
    outer loop
      vertex 54.672 41.3651 0
      vertex 53.6962 40.2853 0
      vertex 54.2779 41.6573 0
    endloop
  endfacet
  facet normal 0 0 -1
    outer loop
      vertex 53.3612 40.5337 0
      vertex 54.2779 41.6573 0
      vertex 53.6962 40.2853 0
    endloop
  endfacet
  facet normal -0 0 -1
    outer loop
      vertex 54.2779 41.6573 0
      vertex 53.3612 40.5337 0
      vertex 53.857 41.9096 0
    endloop
  endfacet
  facet normal 0 0 -1
    outer loop
      vertex 53.0034 40.7482 0
      vertex 53.857 41.9096 0
      vertex 53.3612 40.5337 0
    endloop
  endfacet
  facet normal -0 0 -1
    outer loop
      vertex 53.857 41.9096 0
      vertex 53.0034 40.7482 0
      vertex 53.4134 42.1194 0
    endloop
  endfacet
  facet normal 0 0 -1
    outer loop
      vertex 52.6264 40.9265 0
      vertex 53.4134 42.1194 0
      vertex 53.0034 40.7482 0
    endloop
  endfacet
  facet normal -0 0 -1
    outer loop
      vertex 53.4134 42.1194 0
      vertex 52.6264 40.9265 0
      vertex 52.9514 42.2847 0
    endloop
  endfacet
  facet normal 0 0 -1
    outer loop
      vertex 52.2337 41.067 0
      vertex 52.9514 42.2847 0
      vertex 52.6264 40.9265 0
    endloop
  endfacet
  facet normal -0 0 -1
    outer loop
      vertex 52.9514 42.2847 0
      vertex 52.2337 41.067 0
      vertex 52.4755 42.4039 0
    endloop
  endfacet
  facet normal 0 0 -1
    outer loop
      vertex 51.8291 41.1683 0
      vertex 52.4755 42.4039 0
      vertex 52.2337 41.067 0
    endloop
  endfacet
  facet normal -0 0 -1
    outer loop
      vertex 52.4755 42.4039 0
      vertex 51.8291 41.1683 0
      vertex 51.9901 42.4759 0
    endloop
  endfacet
  facet normal 0 0 -1
    outer loop
      vertex 51.8291 41.1683 0
      vertex 51.5 42.5 0
      vertex 51.9901 42.4759 0
    endloop
  endfacet
  facet normal 0 0 -1
    outer loop
      vertex 51.4166 41.2295 0
      vertex 51.5 42.5 0
      vertex 51.8291 41.1683 0
    endloop
  endfacet
  facet normal 0 0 -1
    outer loop
      vertex 51 41.25 0
      vertex 51.5 42.5 0
      vertex 51.4166 41.2295 0
    endloop
  endfacet
  facet normal 0 0 -1
    outer loop
      vertex 5.5 41.25 0
      vertex 51.5 42.5 0
      vertex 51 41.25 0
    endloop
  endfacet
  facet normal 0 0 -1
    outer loop
      vertex 5.5 41.25 0
      vertex 5 42.5 0
      vertex 51.5 42.5 0
    endloop
  endfacet
  facet normal 0 0 -1
    outer loop
      vertex 5.08343 41.2295 0
      vertex 5 42.5 0
      vertex 5.5 41.25 0
    endloop
  endfacet
  facet normal 0 0 -1
    outer loop
      vertex 4.67087 41.1683 0
      vertex 5 42.5 0
      vertex 5.08343 41.2295 0
    endloop
  endfacet
  facet normal 0 0 -1
    outer loop
      vertex 4.67087 41.1683 0
      vertex 4.50991 42.4759 0
      vertex 5 42.5 0
    endloop
  endfacet
  facet normal 0 0 -1
    outer loop
      vertex 4.02455 42.4039 0
      vertex 4.67087 41.1683 0
      vertex 4.26629 41.067 0
    endloop
  endfacet
  facet normal 0 0 -1
    outer loop
      vertex 4.67087 41.1683 0
      vertex 4.02455 42.4039 0
      vertex 4.50991 42.4759 0
    endloop
  endfacet
  facet normal 0 0 -1
    outer loop
      vertex 3.54858 42.2847 0
      vertex 4.26629 41.067 0
      vertex 3.8736 40.9265 0
    endloop
  endfacet
  facet normal 0 0 -1
    outer loop
      vertex 4.26629 41.067 0
      vertex 3.54858 42.2847 0
      vertex 4.02455 42.4039 0
    endloop
  endfacet
  facet normal 0 0 -1
    outer loop
      vertex 3.08658 42.1194 0
      vertex 3.8736 40.9265 0
      vertex 3.49656 40.7482 0
    endloop
  endfacet
  facet normal 0 0 -1
    outer loop
      vertex 2.64302 41.9096 0
      vertex 3.49656 40.7482 0
      vertex 3.13883 40.5337 0
    endloop
  endfacet
  facet normal 0 0 -1
    outer loop
      vertex 3.8736 40.9265 0
      vertex 3.08658 42.1194 0
      vertex 3.54858 42.2847 0
    endloop
  endfacet
  facet normal 0 0 -1
    outer loop
      vertex 2.22215 41.6573 0
      vertex 3.13883 40.5337 0
      vertex 2.80383 40.2853 0
    endloop
  endfacet
  facet normal 0 0 -1
    outer loop
      vertex 3.49656 40.7482 0
      vertex 2.64302 41.9096 0
      vertex 3.08658 42.1194 0
    endloop
  endfacet
  facet normal 0 0 -1
    outer loop
      vertex 1.82803 41.3651 0
      vertex 2.80383 40.2853 0
      vertex 2.4948 40.0052 0
    endloop
  endfacet
  facet normal 0 0 -1
    outer loop
      vertex 3.13883 40.5337 0
      vertex 2.22215 41.6573 0
      vertex 2.64302 41.9096 0
    endloop
  endfacet
  facet normal 0 0 -1
    outer loop
      vertex 1.13495 40.672 0
      vertex 2.4948 40.0052 0
      vertex 2.21471 39.6962 0
    endloop
  endfacet
  facet normal 0 0 -1
    outer loop
      vertex 1.13495 40.672 0
      vertex 2.21471 39.6962 0
      vertex 1.96625 39.3612 0
    endloop
  endfacet
  facet normal 0 0 -1
    outer loop
      vertex 2.80383 40.2853 0
      vertex 1.82803 41.3651 0
      vertex 2.22215 41.6573 0
    endloop
  endfacet
  facet normal 0 0 -1
    outer loop
      vertex 1.13495 40.672 0
      vertex 1.96625 39.3612 0
      vertex 1.75183 39.0034 0
    endloop
  endfacet
  facet normal 0 0 -1
    outer loop
      vertex 1.13495 40.672 0
      vertex 1.75183 39.0034 0
      vertex 1.57351 38.6264 0
    endloop
  endfacet
  facet normal 0 0 -1
    outer loop
      vertex 2.4948 40.0052 0
      vertex 1.46447 41.0355 0
      vertex 1.82803 41.3651 0
    endloop
  endfacet
  facet normal 0 0 -1
    outer loop
      vertex 1.13495 40.672 0
      vertex 1.57351 38.6264 0
      vertex 1.433 38.2337 0
    endloop
  endfacet
  facet normal 0 0 -1
    outer loop
      vertex 1.13495 40.672 0
      vertex 1.433 38.2337 0
      vertex 1.33166 37.8291 0
    endloop
  endfacet
  facet normal 0 0 -1
    outer loop
      vertex 1.13495 40.672 0
      vertex 1.33166 37.8291 0
      vertex 1.27046 37.4166 0
    endloop
  endfacet
  facet normal 0 0 -1
    outer loop
      vertex 2.4948 40.0052 0
      vertex 1.13495 40.672 0
      vertex 1.46447 41.0355 0
    endloop
  endfacet
  facet normal 0 0 -1
    outer loop
      vertex 1.13495 40.672 0
      vertex 1.27046 37.4166 0
      vertex 1.25 37 0
    endloop
  endfacet
  facet normal -0.989176 -0.146733 0
    outer loop
      vertex 0.0960732 4.02455 0
      vertex 0.0240755 4.50991 10.2
      vertex 0.0240755 4.50991 0
    endloop
  endfacet
  facet normal -0.989176 -0.146733 0
    outer loop
      vertex 0.0240755 4.50991 10.2
      vertex 0.0960732 4.02455 0
      vertex 0.0960732 4.02455 10.2
    endloop
  endfacet
  facet normal -1 0 0
    outer loop
      vertex 0 9.5 0
      vertex 0 5 0
      vertex 0 9.5 3.1
    endloop
  endfacet
  facet normal -1 0 0
    outer loop
      vertex 0 19 3.1
      vertex 0 37.5 0
      vertex 0 19 0
    endloop
  endfacet
  facet normal -1 0 0
    outer loop
      vertex 0 37.5 0
      vertex 0 19 3.1
      vertex 0 37.5 10.2
    endloop
  endfacet
  facet normal -1 0 0
    outer loop
      vertex 0 5 10.2
      vertex 0 19 3.1
      vertex 0 9.5 3.1
    endloop
  endfacet
  facet normal -1 0 0
    outer loop
      vertex 0 19 3.1
      vertex 0 5 10.2
      vertex 0 37.5 10.2
    endloop
  endfacet
  facet normal -1 0 0
    outer loop
      vertex 0 5 10.2
      vertex 0 9.5 3.1
      vertex 0 5 0
    endloop
  endfacet
  facet normal 0.998793 0.0491143 0
    outer loop
      vertex 56.5 37.5 10.2
      vertex 56.4759 37.9901 0
      vertex 56.4759 37.9901 10.2
    endloop
  endfacet
  facet normal 0.998793 0.0491143 0
    outer loop
      vertex 56.4759 37.9901 0
      vertex 56.5 37.5 10.2
      vertex 56.5 37.5 0
    endloop
  endfacet
  facet normal -0.998796 -0.0490655 0
    outer loop
      vertex 0.0240755 4.50991 0
      vertex 0 5 10.2
      vertex 0 5 0
    endloop
  endfacet
  facet normal -0.998796 -0.0490655 0
    outer loop
      vertex 0 5 10.2
      vertex 0.0240755 4.50991 0
      vertex 0.0240755 4.50991 10.2
    endloop
  endfacet
  facet normal -0.427575 0.90398 0
    outer loop
      vertex 3.08658 42.1194 0
      vertex 2.64302 41.9096 10.2
      vertex 3.08658 42.1194 10.2
    endloop
  endfacet
  facet normal -0.427575 0.90398 0
    outer loop
      vertex 2.64302 41.9096 10.2
      vertex 3.08658 42.1194 0
      vertex 2.64302 41.9096 0
    endloop
  endfacet
  facet normal -0.989178 0.146721 0
    outer loop
      vertex 0.0240755 37.9901 0
      vertex 0.0960732 38.4755 10.2
      vertex 0.0960732 38.4755 0
    endloop
  endfacet
  facet normal -0.989178 0.146721 0
    outer loop
      vertex 0.0960732 38.4755 10.2
      vertex 0.0240755 37.9901 0
      vertex 0.0240755 37.9901 10.2
    endloop
  endfacet
  facet normal 0.146726 0.989177 -0
    outer loop
      vertex 52.4755 42.4039 0
      vertex 51.9901 42.4759 10.2
      vertex 52.4755 42.4039 10.2
    endloop
  endfacet
  facet normal 0.146726 0.989177 0
    outer loop
      vertex 51.9901 42.4759 10.2
      vertex 52.4755 42.4039 0
      vertex 51.9901 42.4759 0
    endloop
  endfacet
  facet normal -0.998796 0.0490645 0
    outer loop
      vertex 0 37.5 0
      vertex 0.0240755 37.9901 10.2
      vertex 0.0240755 37.9901 0
    endloop
  endfacet
  facet normal -0.998796 0.0490645 0
    outer loop
      vertex 0.0240755 37.9901 10.2
      vertex 0 37.5 0
      vertex 0 37.5 10.2
    endloop
  endfacet
  facet normal 0 0 1
    outer loop
      vertex 11.0921 33.2079 10.2
      vertex 7.23492 35.2651 10.2
      vertex 11.0134 32.8938 10.2
    endloop
  endfacet
  facet normal 0 0 1
    outer loop
      vertex 11.2012 30.9871 10.2
      vertex 7.83989 5.95584 10.2
      vertex 7.85 5.75 10.2
    endloop
  endfacet
  facet normal -0 0 1
    outer loop
      vertex 7.08223 35.1267 10.2
      vertex 11.0134 32.8938 10.2
      vertex 7.23492 35.2651 10.2
    endloop
  endfacet
  facet normal 0 0 1
    outer loop
      vertex 11.2012 30.9871 10.2
      vertex 7.80965 6.15969 10.2
      vertex 7.83989 5.95584 10.2
    endloop
  endfacet
  facet normal 0 0 1
    outer loop
      vertex 11.0134 32.8938 10.2
      vertex 7.08223 35.1267 10.2
      vertex 10.9659 32.5735 10.2
    endloop
  endfacet
  facet normal 0 0 1
    outer loop
      vertex 11.2012 30.9871 10.2
      vertex 7.75957 6.3596 10.2
      vertex 7.80965 6.15969 10.2
    endloop
  endfacet
  facet normal -0 0 1
    outer loop
      vertex 6.9167 35.0039 10.2
      vertex 10.9659 32.5735 10.2
      vertex 7.08223 35.1267 10.2
    endloop
  endfacet
  facet normal 0 0 1
    outer loop
      vertex 11.2012 30.9871 10.2
      vertex 7.69015 6.55363 10.2
      vertex 7.75957 6.3596 10.2
    endloop
  endfacet
  facet normal -0 0 1
    outer loop
      vertex 6.73993 34.898 10.2
      vertex 10.9659 32.5735 10.2
      vertex 6.9167 35.0039 10.2
    endloop
  endfacet
  facet normal 0 0 1
    outer loop
      vertex 11.2012 30.9871 10.2
      vertex 7.60203 6.73993 10.2
      vertex 7.69015 6.55363 10.2
    endloop
  endfacet
  facet normal 0 0 1
    outer loop
      vertex 10.9659 32.5735 10.2
      vertex 6.73993 34.898 10.2
      vertex 10.95 32.25 10.2
    endloop
  endfacet
  facet normal 0 0 1
    outer loop
      vertex 11.2012 30.9871 10.2
      vertex 7.49609 6.9167 10.2
      vertex 7.60203 6.73993 10.2
    endloop
  endfacet
  facet normal -0 0 1
    outer loop
      vertex 6.55363 34.8099 10.2
      vertex 10.95 32.25 10.2
      vertex 6.73993 34.898 10.2
    endloop
  endfacet
  facet normal 0 0 1
    outer loop
      vertex 11.2012 30.9871 10.2
      vertex 7.37332 7.08223 10.2
      vertex 7.49609 6.9167 10.2
    endloop
  endfacet
  facet normal 0 0 1
    outer loop
      vertex 10.95 32.25 10.2
      vertex 6.55363 34.8099 10.2
      vertex 10.9659 31.9265 10.2
    endloop
  endfacet
  facet normal 0 0 1
    outer loop
      vertex 11.2012 30.9871 10.2
      vertex 7.23492 7.23492 10.2
      vertex 7.37332 7.08223 10.2
    endloop
  endfacet
  facet normal -0 0 1
    outer loop
      vertex 6.3596 34.7404 10.2
      vertex 10.9659 31.9265 10.2
      vertex 6.55363 34.8099 10.2
    endloop
  endfacet
  facet normal 0 0 1
    outer loop
      vertex 11.2012 30.9871 10.2
      vertex 7.08223 7.37332 10.2
      vertex 7.23492 7.23492 10.2
    endloop
  endfacet
  facet normal 0 0 1
    outer loop
      vertex 10.9659 31.9265 10.2
      vertex 6.3596 34.7404 10.2
      vertex 11.0134 31.6062 10.2
    endloop
  endfacet
  facet normal 0 0 1
    outer loop
      vertex 11.2012 30.9871 10.2
      vertex 6.9167 7.49609 10.2
      vertex 7.08223 7.37332 10.2
    endloop
  endfacet
  facet normal -0 0 1
    outer loop
      vertex 6.15969 34.6903 10.2
      vertex 11.0134 31.6062 10.2
      vertex 6.3596 34.7404 10.2
    endloop
  endfacet
  facet normal 0 0 1
    outer loop
      vertex 11.2012 30.9871 10.2
      vertex 6.73993 7.60203 10.2
      vertex 6.9167 7.49609 10.2
    endloop
  endfacet
  facet normal 0 0 1
    outer loop
      vertex 11.0134 31.6062 10.2
      vertex 6.15969 34.6903 10.2
      vertex 11.0921 31.2921 10.2
    endloop
  endfacet
  facet normal 0 0 1
    outer loop
      vertex 11.2012 30.9871 10.2
      vertex 6.55363 7.69015 10.2
      vertex 6.73993 7.60203 10.2
    endloop
  endfacet
  facet normal -0 0 1
    outer loop
      vertex 5.95584 34.6601 10.2
      vertex 11.0921 31.2921 10.2
      vertex 6.15969 34.6903 10.2
    endloop
  endfacet
  facet normal 0 0 1
    outer loop
      vertex 11.2012 30.9871 10.2
      vertex 6.3596 7.75957 10.2
      vertex 6.55363 7.69015 10.2
    endloop
  endfacet
  facet normal 0 0 1
    outer loop
      vertex 11.0921 31.2921 10.2
      vertex 5.95584 34.6601 10.2
      vertex 11.2012 30.9871 10.2
    endloop
  endfacet
  facet normal 0 0 1
    outer loop
      vertex 11.2012 30.9871 10.2
      vertex 6.15969 7.80965 10.2
      vertex 6.3596 7.75957 10.2
    endloop
  endfacet
  facet normal -0 0 1
    outer loop
      vertex 5.75 34.65 10.2
      vertex 11.2012 30.9871 10.2
      vertex 5.95584 34.6601 10.2
    endloop
  endfacet
  facet normal 0 0 1
    outer loop
      vertex 11.2012 30.9871 10.2
      vertex 5.95584 7.83989 10.2
      vertex 6.15969 7.80965 10.2
    endloop
  endfacet
  facet normal 0 0 1
    outer loop
      vertex 5.54416 34.6601 10.2
      vertex 11.2012 30.9871 10.2
      vertex 5.75 34.65 10.2
    endloop
  endfacet
  facet normal 0 0 1
    outer loop
      vertex 11.2012 30.9871 10.2
      vertex 5.75 7.85 10.2
      vertex 5.95584 7.83989 10.2
    endloop
  endfacet
  facet normal 0 0 1
    outer loop
      vertex 5.34031 34.6903 10.2
      vertex 11.2012 30.9871 10.2
      vertex 5.54416 34.6601 10.2
    endloop
  endfacet
  facet normal 0 0 1
    outer loop
      vertex 11.2012 30.9871 10.2
      vertex 5.54416 7.83989 10.2
      vertex 5.75 7.85 10.2
    endloop
  endfacet
  facet normal 0 0 1
    outer loop
      vertex 5.1404 34.7404 10.2
      vertex 11.2012 30.9871 10.2
      vertex 5.34031 34.6903 10.2
    endloop
  endfacet
  facet normal 0 0 1
    outer loop
      vertex 11.2012 30.9871 10.2
      vertex 5.34031 7.80965 10.2
      vertex 5.54416 7.83989 10.2
    endloop
  endfacet
  facet normal 0 0 1
    outer loop
      vertex 5.1404 7.75957 10.2
      vertex 11.2012 30.9871 10.2
      vertex 5.1404 34.7404 10.2
    endloop
  endfacet
  facet normal 0 0 1
    outer loop
      vertex 11.2012 30.9871 10.2
      vertex 5.1404 7.75957 10.2
      vertex 5.34031 7.80965 10.2
    endloop
  endfacet
  facet normal 0 0 1
    outer loop
      vertex 4.94636 34.8099 10.2
      vertex 5.1404 7.75957 10.2
      vertex 5.1404 34.7404 10.2
    endloop
  endfacet
  facet normal 0 0 1
    outer loop
      vertex 4.94636 34.8099 10.2
      vertex 4.94636 7.69015 10.2
      vertex 5.1404 7.75957 10.2
    endloop
  endfacet
  facet normal 0 0 1
    outer loop
      vertex 4.76007 34.898 10.2
      vertex 4.94636 7.69015 10.2
      vertex 4.94636 34.8099 10.2
    endloop
  endfacet
  facet normal 0 0 1
    outer loop
      vertex 4.76007 34.898 10.2
      vertex 4.76007 7.60203 10.2
      vertex 4.94636 7.69015 10.2
    endloop
  endfacet
  facet normal 0 0 1
    outer loop
      vertex 4.5833 35.0039 10.2
      vertex 4.76007 7.60203 10.2
      vertex 4.76007 34.898 10.2
    endloop
  endfacet
  facet normal 0 0 1
    outer loop
      vertex 4.5833 35.0039 10.2
      vertex 4.5833 7.49609 10.2
      vertex 4.76007 7.60203 10.2
    endloop
  endfacet
  facet normal 0 0 1
    outer loop
      vertex 4.41777 35.1267 10.2
      vertex 4.5833 7.49609 10.2
      vertex 4.5833 35.0039 10.2
    endloop
  endfacet
  facet normal 0 0 1
    outer loop
      vertex 4.41777 35.1267 10.2
      vertex 4.41777 7.37332 10.2
      vertex 4.5833 7.49609 10.2
    endloop
  endfacet
  facet normal 0 0 1
    outer loop
      vertex 0 37.5 10.2
      vertex 4.41777 35.1267 10.2
      vertex 4.26508 35.2651 10.2
    endloop
  endfacet
  facet normal 0 0 1
    outer loop
      vertex 4.41777 35.1267 10.2
      vertex 0 37.5 10.2
      vertex 4.41777 7.37332 10.2
    endloop
  endfacet
  facet normal 0 0 1
    outer loop
      vertex 0 37.5 10.2
      vertex 4.26508 35.2651 10.2
      vertex 4.12668 35.4178 10.2
    endloop
  endfacet
  facet normal 0 0 1
    outer loop
      vertex 0 5 10.2
      vertex 4.41777 7.37332 10.2
      vertex 0 37.5 10.2
    endloop
  endfacet
  facet normal 0 0 1
    outer loop
      vertex 0 37.5 10.2
      vertex 4.12668 35.4178 10.2
      vertex 4.00391 35.5833 10.2
    endloop
  endfacet
  facet normal 0 0 1
    outer loop
      vertex 4.41777 7.37332 10.2
      vertex 0 5 10.2
      vertex 4.26508 7.23492 10.2
    endloop
  endfacet
  facet normal 0 0 1
    outer loop
      vertex 0 37.5 10.2
      vertex 4.00391 35.5833 10.2
      vertex 3.89796 35.7601 10.2
    endloop
  endfacet
  facet normal 0 0 1
    outer loop
      vertex 4.26508 7.23492 10.2
      vertex 0 5 10.2
      vertex 4.12668 7.08223 10.2
    endloop
  endfacet
  facet normal 0 0 1
    outer loop
      vertex 0 37.5 10.2
      vertex 3.89796 35.7601 10.2
      vertex 3.80985 35.9464 10.2
    endloop
  endfacet
  facet normal 0 0 1
    outer loop
      vertex 4.12668 7.08223 10.2
      vertex 0 5 10.2
      vertex 4.00391 6.9167 10.2
    endloop
  endfacet
  facet normal 0 0 1
    outer loop
      vertex 0 37.5 10.2
      vertex 3.80985 35.9464 10.2
      vertex 3.74043 36.1404 10.2
    endloop
  endfacet
  facet normal 0 0 1
    outer loop
      vertex 4.00391 6.9167 10.2
      vertex 0 5 10.2
      vertex 3.89796 6.73993 10.2
    endloop
  endfacet
  facet normal 0 0 1
    outer loop
      vertex 0 37.5 10.2
      vertex 3.74043 36.1404 10.2
      vertex 3.69035 36.3403 10.2
    endloop
  endfacet
  facet normal 0 0 1
    outer loop
      vertex 3.89796 6.73993 10.2
      vertex 0 5 10.2
      vertex 3.80985 6.55363 10.2
    endloop
  endfacet
  facet normal 0 0 1
    outer loop
      vertex 0 37.5 10.2
      vertex 3.69035 36.3403 10.2
      vertex 3.66011 36.5442 10.2
    endloop
  endfacet
  facet normal 0 0 1
    outer loop
      vertex 3.80985 6.55363 10.2
      vertex 0 5 10.2
      vertex 3.74043 6.3596 10.2
    endloop
  endfacet
  facet normal 0 0 1
    outer loop
      vertex 0 37.5 10.2
      vertex 3.66011 36.5442 10.2
      vertex 3.65 36.75 10.2
    endloop
  endfacet
  facet normal 0 0 1
    outer loop
      vertex 3.74043 6.3596 10.2
      vertex 0 5 10.2
      vertex 3.69035 6.15969 10.2
    endloop
  endfacet
  facet normal 0 0 1
    outer loop
      vertex 45.15 16.25 10.2
      vertex 43.3964 16.3235 10.2
      vertex 43.4 16.25 10.2
    endloop
  endfacet
  facet normal 0 0 1
    outer loop
      vertex 43.7036 19.4412 10.2
      vertex 43.3856 16.3963 10.2
      vertex 43.3964 16.3235 10.2
    endloop
  endfacet
  facet normal 0 0 1
    outer loop
      vertex 43.7036 19.4412 10.2
      vertex 43.3677 16.4677 10.2
      vertex 43.3856 16.3963 10.2
    endloop
  endfacet
  facet normal 0 0 1
    outer loop
      vertex 43.7036 19.4412 10.2
      vertex 43.3429 16.537 10.2
      vertex 43.3677 16.4677 10.2
    endloop
  endfacet
  facet normal 0 0 1
    outer loop
      vertex 43.7036 19.4412 10.2
      vertex 43.3114 16.6035 10.2
      vertex 43.3429 16.537 10.2
    endloop
  endfacet
  facet normal 0 -0 1
    outer loop
      vertex 42.1742 16.8298 10.2
      vertex 43.7144 19.514 10.2
      vertex 42.1197 16.7803 10.2
    endloop
  endfacet
  facet normal 0 0 1
    outer loop
      vertex 43.7036 19.4412 10.2
      vertex 43.2736 16.6667 10.2
      vertex 43.3114 16.6035 10.2
    endloop
  endfacet
  facet normal 0 0 1
    outer loop
      vertex 41.8478 25.7654 10.2
      vertex 43.5129 29.2012 10.2
      vertex 43.2079 29.0921 10.2
    endloop
  endfacet
  facet normal 0 0 1
    outer loop
      vertex 43.7036 19.4412 10.2
      vertex 43.2298 16.7258 10.2
      vertex 43.2736 16.6667 10.2
    endloop
  endfacet
  facet normal 0 0 1
    outer loop
      vertex 43.7036 19.4412 10.2
      vertex 43.1803 16.7803 10.2
      vertex 43.2298 16.7258 10.2
    endloop
  endfacet
  facet normal 0 0 1
    outer loop
      vertex 43.7036 19.4412 10.2
      vertex 43.1258 16.8298 10.2
      vertex 43.1803 16.7803 10.2
    endloop
  endfacet
  facet normal 0 0 1
    outer loop
      vertex 43.7036 19.4412 10.2
      vertex 43.0667 16.8736 10.2
      vertex 43.1258 16.8298 10.2
    endloop
  endfacet
  facet normal 0 0 1
    outer loop
      vertex 43.7036 19.4412 10.2
      vertex 43.0035 16.9114 10.2
      vertex 43.0667 16.8736 10.2
    endloop
  endfacet
  facet normal 0 0 1
    outer loop
      vertex 41.7638 25.9428 10.2
      vertex 43.2079 29.0921 10.2
      vertex 42.8938 29.0134 10.2
    endloop
  endfacet
  facet normal 0 0 1
    outer loop
      vertex 43.7036 19.4412 10.2
      vertex 42.937 16.9429 10.2
      vertex 43.0035 16.9114 10.2
    endloop
  endfacet
  facet normal 0 0 1
    outer loop
      vertex 43.7036 19.4412 10.2
      vertex 42.8677 16.9677 10.2
      vertex 42.937 16.9429 10.2
    endloop
  endfacet
  facet normal 0 0 1
    outer loop
      vertex 43.7036 19.4412 10.2
      vertex 42.7963 16.9856 10.2
      vertex 42.8677 16.9677 10.2
    endloop
  endfacet
  facet normal 0 0 1
    outer loop
      vertex 43.7036 19.4412 10.2
      vertex 42.7235 16.9964 10.2
      vertex 42.7963 16.9856 10.2
    endloop
  endfacet
  facet normal 0 0 1
    outer loop
      vertex 43.7036 19.4412 10.2
      vertex 42.65 17 10.2
      vertex 42.7235 16.9964 10.2
    endloop
  endfacet
  facet normal 0 0 1
    outer loop
      vertex 41.546 26.2688 10.2
      vertex 42.8938 29.0134 10.2
      vertex 42.5735 28.9659 10.2
    endloop
  endfacet
  facet normal 0 0 1
    outer loop
      vertex 43.7036 19.4412 10.2
      vertex 42.5765 16.9964 10.2
      vertex 42.65 17 10.2
    endloop
  endfacet
  facet normal 0 0 1
    outer loop
      vertex 43.7036 19.4412 10.2
      vertex 42.5037 16.9856 10.2
      vertex 42.5765 16.9964 10.2
    endloop
  endfacet
  facet normal 0 0 1
    outer loop
      vertex 43.7036 19.4412 10.2
      vertex 42.4323 16.9677 10.2
      vertex 42.5037 16.9856 10.2
    endloop
  endfacet
  facet normal 0 0 1
    outer loop
      vertex 43.7036 19.4412 10.2
      vertex 42.363 16.9429 10.2
      vertex 42.4323 16.9677 10.2
    endloop
  endfacet
  facet normal 0 0 1
    outer loop
      vertex 41.4142 26.4142 10.2
      vertex 42.5735 28.9659 10.2
      vertex 42.25 28.95 10.2
    endloop
  endfacet
  facet normal 0 0 1
    outer loop
      vertex 43.7036 19.4412 10.2
      vertex 42.2965 16.9114 10.2
      vertex 42.363 16.9429 10.2
    endloop
  endfacet
  facet normal 0 0 1
    outer loop
      vertex 43.7036 19.4412 10.2
      vertex 42.2333 16.8736 10.2
      vertex 42.2965 16.9114 10.2
    endloop
  endfacet
  facet normal 0 0 1
    outer loop
      vertex 43.7036 19.4412 10.2
      vertex 42.1742 16.8298 10.2
      vertex 42.2333 16.8736 10.2
    endloop
  endfacet
  facet normal 0 0 1
    outer loop
      vertex 43.7144 19.514 10.2
      vertex 42.1742 16.8298 10.2
      vertex 43.7036 19.4412 10.2
    endloop
  endfacet
  facet normal 0 0 1
    outer loop
      vertex 42.1197 16.7803 10.2
      vertex 42 25 10.2
      vertex 42.0702 16.7258 10.2
    endloop
  endfacet
  facet normal 0 0 1
    outer loop
      vertex 42.0702 16.7258 10.2
      vertex 42 25 10.2
      vertex 42.0264 16.6667 10.2
    endloop
  endfacet
  facet normal 0 0 1
    outer loop
      vertex 43.5129 29.2012 10.2
      vertex 41.9904 25.196 10.2
      vertex 42 25 10.2
    endloop
  endfacet
  facet normal 0 0 1
    outer loop
      vertex 43.5129 29.2012 10.2
      vertex 41.9616 25.3902 10.2
      vertex 41.9904 25.196 10.2
    endloop
  endfacet
  facet normal 0 0 1
    outer loop
      vertex 41.2688 26.546 10.2
      vertex 42.25 28.95 10.2
      vertex 41.9265 28.9659 10.2
    endloop
  endfacet
  facet normal 0 0 1
    outer loop
      vertex 43.5129 29.2012 10.2
      vertex 41.9139 25.5806 10.2
      vertex 41.9616 25.3902 10.2
    endloop
  endfacet
  facet normal 0 0 1
    outer loop
      vertex 43.5129 29.2012 10.2
      vertex 41.8478 25.7654 10.2
      vertex 41.9139 25.5806 10.2
    endloop
  endfacet
  facet normal 0 0 1
    outer loop
      vertex 43.2079 29.0921 10.2
      vertex 41.7638 25.9428 10.2
      vertex 41.8478 25.7654 10.2
    endloop
  endfacet
  facet normal 0 0 1
    outer loop
      vertex 42.8938 29.0134 10.2
      vertex 41.6629 26.1111 10.2
      vertex 41.7638 25.9428 10.2
    endloop
  endfacet
  facet normal 0 0 1
    outer loop
      vertex 40.9428 26.7638 10.2
      vertex 41.9265 28.9659 10.2
      vertex 41.6062 29.0134 10.2
    endloop
  endfacet
  facet normal 0 0 1
    outer loop
      vertex 42.8938 29.0134 10.2
      vertex 41.546 26.2688 10.2
      vertex 41.6629 26.1111 10.2
    endloop
  endfacet
  facet normal 0 0 1
    outer loop
      vertex 42.5735 28.9659 10.2
      vertex 41.4142 26.4142 10.2
      vertex 41.546 26.2688 10.2
    endloop
  endfacet
  facet normal 0 0 1
    outer loop
      vertex 40.7654 26.8478 10.2
      vertex 41.6062 29.0134 10.2
      vertex 41.2921 29.0921 10.2
    endloop
  endfacet
  facet normal 0 0 1
    outer loop
      vertex 42.25 28.95 10.2
      vertex 41.2688 26.546 10.2
      vertex 41.4142 26.4142 10.2
    endloop
  endfacet
  facet normal 0 0 1
    outer loop
      vertex 41.9265 28.9659 10.2
      vertex 41.1111 26.6629 10.2
      vertex 41.2688 26.546 10.2
    endloop
  endfacet
  facet normal 0 0 1
    outer loop
      vertex 40.3902 26.9616 10.2
      vertex 41.2921 29.0921 10.2
      vertex 40.9871 29.2012 10.2
    endloop
  endfacet
  facet normal 0 0 1
    outer loop
      vertex 41.9265 28.9659 10.2
      vertex 40.9428 26.7638 10.2
      vertex 41.1111 26.6629 10.2
    endloop
  endfacet
  facet normal 0 0 1
    outer loop
      vertex 41.6062 29.0134 10.2
      vertex 40.7654 26.8478 10.2
      vertex 40.9428 26.7638 10.2
    endloop
  endfacet
  facet normal 0 0 1
    outer loop
      vertex 40.196 26.9904 10.2
      vertex 40.9871 29.2012 10.2
      vertex 40.6944 29.3397 10.2
    endloop
  endfacet
  facet normal 0 0 1
    outer loop
      vertex 41.2921 29.0921 10.2
      vertex 40.5806 26.9139 10.2
      vertex 40.7654 26.8478 10.2
    endloop
  endfacet
  facet normal 0 0 1
    outer loop
      vertex 40 27 10.2
      vertex 40.6944 29.3397 10.2
      vertex 40.4166 29.5061 10.2
    endloop
  endfacet
  facet normal 0 0 1
    outer loop
      vertex 41.2921 29.0921 10.2
      vertex 40.3902 26.9616 10.2
      vertex 40.5806 26.9139 10.2
    endloop
  endfacet
  facet normal 0 0 1
    outer loop
      vertex 40.9871 29.2012 10.2
      vertex 40.196 26.9904 10.2
      vertex 40.3902 26.9616 10.2
    endloop
  endfacet
  facet normal 0 0 1
    outer loop
      vertex 40 27 10.2
      vertex 40.4166 29.5061 10.2
      vertex 40.1565 29.6991 10.2
    endloop
  endfacet
  facet normal 0 0 1
    outer loop
      vertex 40.6944 29.3397 10.2
      vertex 40 27 10.2
      vertex 40.196 26.9904 10.2
    endloop
  endfacet
  facet normal 0 0 1
    outer loop
      vertex 39.9165 29.9165 10.2
      vertex 40 27 10.2
      vertex 40.1565 29.6991 10.2
    endloop
  endfacet
  facet normal 0 0 1
    outer loop
      vertex 39.6991 30.1565 10.2
      vertex 40 27 10.2
      vertex 39.9165 29.9165 10.2
    endloop
  endfacet
  facet normal 0 0 1
    outer loop
      vertex 39.5061 30.4166 10.2
      vertex 40 27 10.2
      vertex 39.6991 30.1565 10.2
    endloop
  endfacet
  facet normal 0 0 1
    outer loop
      vertex 39.3397 30.6944 10.2
      vertex 40 27 10.2
      vertex 39.5061 30.4166 10.2
    endloop
  endfacet
  facet normal 0 0 1
    outer loop
      vertex 31.1603 30.6944 10.2
      vertex 39.3397 30.6944 10.2
      vertex 39.2012 30.9871 10.2
    endloop
  endfacet
  facet normal 0 0 1
    outer loop
      vertex 31.2988 30.9871 10.2
      vertex 39.2012 30.9871 10.2
      vertex 39.0921 31.2921 10.2
    endloop
  endfacet
  facet normal 0 0 1
    outer loop
      vertex 31.4079 31.2921 10.2
      vertex 39.0921 31.2921 10.2
      vertex 39.0134 31.6062 10.2
    endloop
  endfacet
  facet normal -0 0 1
    outer loop
      vertex 31.55 32.25 10.2
      vertex 38.9659 31.9265 10.2
      vertex 38.95 32.25 10.2
    endloop
  endfacet
  facet normal 0 0 1
    outer loop
      vertex 31.5341 31.9265 10.2
      vertex 38.9659 31.9265 10.2
      vertex 31.55 32.25 10.2
    endloop
  endfacet
  facet normal 0 0 1
    outer loop
      vertex 38.9659 31.9265 10.2
      vertex 31.5341 31.9265 10.2
      vertex 39.0134 31.6062 10.2
    endloop
  endfacet
  facet normal 0 0 1
    outer loop
      vertex 31.4866 31.6062 10.2
      vertex 39.0134 31.6062 10.2
      vertex 31.5341 31.9265 10.2
    endloop
  endfacet
  facet normal 0 0 1
    outer loop
      vertex 31.4079 31.2921 10.2
      vertex 39.0134 31.6062 10.2
      vertex 31.4866 31.6062 10.2
    endloop
  endfacet
  facet normal 0 0 1
    outer loop
      vertex 39.0921 31.2921 10.2
      vertex 31.4079 31.2921 10.2
      vertex 31.2988 30.9871 10.2
    endloop
  endfacet
  facet normal 0 0 1
    outer loop
      vertex 39.2012 30.9871 10.2
      vertex 31.2988 30.9871 10.2
      vertex 31.1603 30.6944 10.2
    endloop
  endfacet
  facet normal 0 0 1
    outer loop
      vertex 39.3397 30.6944 10.2
      vertex 31.1603 30.6944 10.2
      vertex 40 27 10.2
    endloop
  endfacet
  facet normal -0 0 1
    outer loop
      vertex 30.9938 30.4166 10.2
      vertex 40 27 10.2
      vertex 31.1603 30.6944 10.2
    endloop
  endfacet
  facet normal -0 0 1
    outer loop
      vertex 30.8009 30.1565 10.2
      vertex 40 27 10.2
      vertex 30.9938 30.4166 10.2
    endloop
  endfacet
  facet normal -0 0 1
    outer loop
      vertex 30.5835 29.9165 10.2
      vertex 40 27 10.2
      vertex 30.8009 30.1565 10.2
    endloop
  endfacet
  facet normal -0 0 1
    outer loop
      vertex 30.3435 29.6991 10.2
      vertex 40 27 10.2
      vertex 30.5835 29.9165 10.2
    endloop
  endfacet
  facet normal -0 0 1
    outer loop
      vertex 30.0834 29.5061 10.2
      vertex 40 27 10.2
      vertex 30.3435 29.6991 10.2
    endloop
  endfacet
  facet normal -0 0 1
    outer loop
      vertex 29.8056 29.3397 10.2
      vertex 40 27 10.2
      vertex 30.0834 29.5061 10.2
    endloop
  endfacet
  facet normal -0 0 1
    outer loop
      vertex 29.5129 29.2012 10.2
      vertex 40 27 10.2
      vertex 29.8056 29.3397 10.2
    endloop
  endfacet
  facet normal -0 0 1
    outer loop
      vertex 29.2079 29.0921 10.2
      vertex 40 27 10.2
      vertex 29.5129 29.2012 10.2
    endloop
  endfacet
  facet normal -0 0 1
    outer loop
      vertex 28.8938 29.0134 10.2
      vertex 40 27 10.2
      vertex 29.2079 29.0921 10.2
    endloop
  endfacet
  facet normal -0 0 1
    outer loop
      vertex 28.5735 28.9659 10.2
      vertex 40 27 10.2
      vertex 28.8938 29.0134 10.2
    endloop
  endfacet
  facet normal -0 0 1
    outer loop
      vertex 28.25 28.95 10.2
      vertex 40 27 10.2
      vertex 28.5735 28.9659 10.2
    endloop
  endfacet
  facet normal 0 0 1
    outer loop
      vertex 16.5 27 10.2
      vertex 28.25 28.95 10.2
      vertex 27.9265 28.9659 10.2
    endloop
  endfacet
  facet normal 0 0 1
    outer loop
      vertex 16.5 27 10.2
      vertex 27.9265 28.9659 10.2
      vertex 27.6062 29.0134 10.2
    endloop
  endfacet
  facet normal -0 0 1
    outer loop
      vertex 17.55 32.25 10.2
      vertex 24.9659 31.9265 10.2
      vertex 24.95 32.25 10.2
    endloop
  endfacet
  facet normal 0 0 1
    outer loop
      vertex 17.5341 31.9265 10.2
      vertex 24.9659 31.9265 10.2
      vertex 17.55 32.25 10.2
    endloop
  endfacet
  facet normal 0 0 1
    outer loop
      vertex 24.9659 31.9265 10.2
      vertex 17.5341 31.9265 10.2
      vertex 25.0134 31.6062 10.2
    endloop
  endfacet
  facet normal 0 0 1
    outer loop
      vertex 17.4866 31.6062 10.2
      vertex 25.0134 31.6062 10.2
      vertex 17.5341 31.9265 10.2
    endloop
  endfacet
  facet normal 0 0 1
    outer loop
      vertex 25.0134 31.6062 10.2
      vertex 17.4866 31.6062 10.2
      vertex 25.0921 31.2921 10.2
    endloop
  endfacet
  facet normal 0 0 1
    outer loop
      vertex 17.4079 31.2921 10.2
      vertex 25.0921 31.2921 10.2
      vertex 17.4866 31.6062 10.2
    endloop
  endfacet
  facet normal 0 0 1
    outer loop
      vertex 25.0921 31.2921 10.2
      vertex 17.4079 31.2921 10.2
      vertex 25.2012 30.9871 10.2
    endloop
  endfacet
  facet normal 0 0 1
    outer loop
      vertex 17.2988 30.9871 10.2
      vertex 25.2012 30.9871 10.2
      vertex 17.4079 31.2921 10.2
    endloop
  endfacet
  facet normal 0 0 1
    outer loop
      vertex 25.2012 30.9871 10.2
      vertex 17.2988 30.9871 10.2
      vertex 25.3397 30.6944 10.2
    endloop
  endfacet
  facet normal 0 0 1
    outer loop
      vertex 17.1603 30.6944 10.2
      vertex 25.3397 30.6944 10.2
      vertex 17.2988 30.9871 10.2
    endloop
  endfacet
  facet normal 0 0 1
    outer loop
      vertex 25.3397 30.6944 10.2
      vertex 17.1603 30.6944 10.2
      vertex 25.5061 30.4166 10.2
    endloop
  endfacet
  facet normal 0 0 1
    outer loop
      vertex 16.5 27 10.2
      vertex 25.5061 30.4166 10.2
      vertex 17.1603 30.6944 10.2
    endloop
  endfacet
  facet normal 0 0 1
    outer loop
      vertex 25.5061 30.4166 10.2
      vertex 16.5 27 10.2
      vertex 25.6991 30.1565 10.2
    endloop
  endfacet
  facet normal 0 0 1
    outer loop
      vertex 25.6991 30.1565 10.2
      vertex 16.5 27 10.2
      vertex 25.9165 29.9165 10.2
    endloop
  endfacet
  facet normal 0 0 1
    outer loop
      vertex 25.9165 29.9165 10.2
      vertex 16.5 27 10.2
      vertex 26.1565 29.6991 10.2
    endloop
  endfacet
  facet normal 0 0 1
    outer loop
      vertex 26.1565 29.6991 10.2
      vertex 16.5 27 10.2
      vertex 26.4166 29.5061 10.2
    endloop
  endfacet
  facet normal 0 0 1
    outer loop
      vertex 26.4166 29.5061 10.2
      vertex 16.5 27 10.2
      vertex 26.6944 29.3397 10.2
    endloop
  endfacet
  facet normal 0 0 1
    outer loop
      vertex 26.6944 29.3397 10.2
      vertex 16.5 27 10.2
      vertex 26.9871 29.2012 10.2
    endloop
  endfacet
  facet normal 0 0 1
    outer loop
      vertex 26.9871 29.2012 10.2
      vertex 16.5 27 10.2
      vertex 27.2921 29.0921 10.2
    endloop
  endfacet
  facet normal 0 0 1
    outer loop
      vertex 27.2921 29.0921 10.2
      vertex 16.5 27 10.2
      vertex 27.6062 29.0134 10.2
    endloop
  endfacet
  facet normal 0 0 1
    outer loop
      vertex 16.5 27 10.2
      vertex 17.1603 30.6944 10.2
      vertex 16.9938 30.4166 10.2
    endloop
  endfacet
  facet normal 0 0 1
    outer loop
      vertex 16.5 27 10.2
      vertex 16.9938 30.4166 10.2
      vertex 16.8009 30.1565 10.2
    endloop
  endfacet
  facet normal 0 0 1
    outer loop
      vertex 16.5 27 10.2
      vertex 16.8009 30.1565 10.2
      vertex 16.5835 29.9165 10.2
    endloop
  endfacet
  facet normal 0 0 1
    outer loop
      vertex 28.25 28.95 10.2
      vertex 16.5 27 10.2
      vertex 40 27 10.2
    endloop
  endfacet
  facet normal -0 0 1
    outer loop
      vertex 16.3435 29.6991 10.2
      vertex 16.5 27 10.2
      vertex 16.5835 29.9165 10.2
    endloop
  endfacet
  facet normal -0 0 1
    outer loop
      vertex 16.0834 29.5061 10.2
      vertex 16.5 27 10.2
      vertex 16.3435 29.6991 10.2
    endloop
  endfacet
  facet normal -0 0 1
    outer loop
      vertex 15.8056 29.3397 10.2
      vertex 16.5 27 10.2
      vertex 16.0834 29.5061 10.2
    endloop
  endfacet
  facet normal 0 0 1
    outer loop
      vertex 16.5 27 10.2
      vertex 15.8056 29.3397 10.2
      vertex 16.304 26.9904 10.2
    endloop
  endfacet
  facet normal -0 0 1
    outer loop
      vertex 15.5129 29.2012 10.2
      vertex 16.304 26.9904 10.2
      vertex 15.8056 29.3397 10.2
    endloop
  endfacet
  facet normal 0 0 1
    outer loop
      vertex 16.304 26.9904 10.2
      vertex 15.5129 29.2012 10.2
      vertex 16.1098 26.9616 10.2
    endloop
  endfacet
  facet normal -0 0 1
    outer loop
      vertex 15.2079 29.0921 10.2
      vertex 16.1098 26.9616 10.2
      vertex 15.5129 29.2012 10.2
    endloop
  endfacet
  facet normal 0 0 1
    outer loop
      vertex 16.1098 26.9616 10.2
      vertex 15.2079 29.0921 10.2
      vertex 15.9194 26.9139 10.2
    endloop
  endfacet
  facet normal 0 0 1
    outer loop
      vertex 15.9194 26.9139 10.2
      vertex 15.2079 29.0921 10.2
      vertex 15.7346 26.8478 10.2
    endloop
  endfacet
  facet normal -0 0 1
    outer loop
      vertex 14.8938 29.0134 10.2
      vertex 15.7346 26.8478 10.2
      vertex 15.2079 29.0921 10.2
    endloop
  endfacet
  facet normal 0 0 1
    outer loop
      vertex 15.7346 26.8478 10.2
      vertex 14.8938 29.0134 10.2
      vertex 15.5572 26.7638 10.2
    endloop
  endfacet
  facet normal -0 0 1
    outer loop
      vertex 14.5735 28.9659 10.2
      vertex 15.5572 26.7638 10.2
      vertex 14.8938 29.0134 10.2
    endloop
  endfacet
  facet normal 0 0 1
    outer loop
      vertex 15.5572 26.7638 10.2
      vertex 14.5735 28.9659 10.2
      vertex 15.3889 26.6629 10.2
    endloop
  endfacet
  facet normal 0 0 1
    outer loop
      vertex 15.3889 26.6629 10.2
      vertex 14.5735 28.9659 10.2
      vertex 15.2312 26.546 10.2
    endloop
  endfacet
  facet normal -0 0 1
    outer loop
      vertex 14.25 28.95 10.2
      vertex 15.2312 26.546 10.2
      vertex 14.5735 28.9659 10.2
    endloop
  endfacet
  facet normal 0 0 1
    outer loop
      vertex 15.2312 26.546 10.2
      vertex 14.25 28.95 10.2
      vertex 15.0858 26.4142 10.2
    endloop
  endfacet
  facet normal 0 0 1
    outer loop
      vertex 13.9265 28.9659 10.2
      vertex 15.0858 26.4142 10.2
      vertex 14.25 28.95 10.2
    endloop
  endfacet
  facet normal 0 0 1
    outer loop
      vertex 15.0858 26.4142 10.2
      vertex 13.9265 28.9659 10.2
      vertex 14.954 26.2688 10.2
    endloop
  endfacet
  facet normal 0 0 1
    outer loop
      vertex 13.6062 29.0134 10.2
      vertex 14.954 26.2688 10.2
      vertex 13.9265 28.9659 10.2
    endloop
  endfacet
  facet normal 0 0 1
    outer loop
      vertex 14.954 26.2688 10.2
      vertex 13.6062 29.0134 10.2
      vertex 14.8371 26.1111 10.2
    endloop
  endfacet
  facet normal 0 0 1
    outer loop
      vertex 14.8371 26.1111 10.2
      vertex 13.6062 29.0134 10.2
      vertex 14.7362 25.9428 10.2
    endloop
  endfacet
  facet normal 0 0 1
    outer loop
      vertex 13.2921 29.0921 10.2
      vertex 14.7362 25.9428 10.2
      vertex 13.6062 29.0134 10.2
    endloop
  endfacet
  facet normal 0 0 1
    outer loop
      vertex 14.7362 25.9428 10.2
      vertex 13.2921 29.0921 10.2
      vertex 14.6522 25.7654 10.2
    endloop
  endfacet
  facet normal 0 0 1
    outer loop
      vertex 14.6522 25.7654 10.2
      vertex 12.9871 29.2012 10.2
      vertex 14.5861 25.5806 10.2
    endloop
  endfacet
  facet normal 0 0 1
    outer loop
      vertex 12.9871 29.2012 10.2
      vertex 14.6522 25.7654 10.2
      vertex 13.2921 29.0921 10.2
    endloop
  endfacet
  facet normal 0 0 1
    outer loop
      vertex 42.0264 16.6667 10.2
      vertex 42 25 10.2
      vertex 42 16.6226 10.2
    endloop
  endfacet
  facet normal 0 0 1
    outer loop
      vertex 43.3429 15.963 10.2
      vertex 45.2337 15.829 10.2
      vertex 45.1974 15.9307 10.2
    endloop
  endfacet
  facet normal 0 0 1
    outer loop
      vertex 45.2337 15.829 10.2
      vertex 45.1964 13.2058 10.2
      vertex 45.2 13.1323 10.2
    endloop
  endfacet
  facet normal 0 0 1
    outer loop
      vertex 45.2337 15.829 10.2
      vertex 45.1856 13.2786 10.2
      vertex 45.1964 13.2058 10.2
    endloop
  endfacet
  facet normal -0 0 1
    outer loop
      vertex 43.3677 16.0323 10.2
      vertex 45.1974 15.9307 10.2
      vertex 45.1711 16.0354 10.2
    endloop
  endfacet
  facet normal 0 0 1
    outer loop
      vertex 45.2337 15.829 10.2
      vertex 45.1677 13.35 10.2
      vertex 45.1856 13.2786 10.2
    endloop
  endfacet
  facet normal -0 0 1
    outer loop
      vertex 43.3856 16.1037 10.2
      vertex 45.1711 16.0354 10.2
      vertex 45.1553 16.1422 10.2
    endloop
  endfacet
  facet normal -0 0 1
    outer loop
      vertex 43.3964 16.1765 10.2
      vertex 45.1553 16.1422 10.2
      vertex 45.15 16.25 10.2
    endloop
  endfacet
  facet normal 0 0 1
    outer loop
      vertex 45.2337 15.829 10.2
      vertex 45.1429 13.4193 10.2
      vertex 45.1677 13.35 10.2
    endloop
  endfacet
  facet normal 0 0 1
    outer loop
      vertex 45.5522 17.1003 10.2
      vertex 44.6677 18.65 10.2
      vertex 45.4722 17.0278 10.2
    endloop
  endfacet
  facet normal -0 0 1
    outer loop
      vertex 44.5963 18.6321 10.2
      vertex 45.4722 17.0278 10.2
      vertex 44.6677 18.65 10.2
    endloop
  endfacet
  facet normal 0 0 1
    outer loop
      vertex 45.2337 15.829 10.2
      vertex 45.1114 13.4859 10.2
      vertex 45.1429 13.4193 10.2
    endloop
  endfacet
  facet normal 0 0 1
    outer loop
      vertex 45.4722 17.0278 10.2
      vertex 44.5963 18.6321 10.2
      vertex 45.3997 16.9478 10.2
    endloop
  endfacet
  facet normal 0 0 1
    outer loop
      vertex 45.2337 15.829 10.2
      vertex 45.0736 13.549 10.2
      vertex 45.1114 13.4859 10.2
    endloop
  endfacet
  facet normal -0 0 1
    outer loop
      vertex 44.5235 18.6213 10.2
      vertex 45.3997 16.9478 10.2
      vertex 44.5963 18.6321 10.2
    endloop
  endfacet
  facet normal 0 0 1
    outer loop
      vertex 45.2337 15.829 10.2
      vertex 45.0298 13.6081 10.2
      vertex 45.0736 13.549 10.2
    endloop
  endfacet
  facet normal -0 0 1
    outer loop
      vertex 44.45 18.6177 10.2
      vertex 45.3997 16.9478 10.2
      vertex 44.5235 18.6213 10.2
    endloop
  endfacet
  facet normal 0 0 1
    outer loop
      vertex 45.2337 15.829 10.2
      vertex 44.9803 13.6626 10.2
      vertex 45.0298 13.6081 10.2
    endloop
  endfacet
  facet normal 0 0 1
    outer loop
      vertex 45.3997 16.9478 10.2
      vertex 44.45 18.6177 10.2
      vertex 45.3354 16.8611 10.2
    endloop
  endfacet
  facet normal 0 0 1
    outer loop
      vertex 45.2337 15.829 10.2
      vertex 44.9258 13.7121 10.2
      vertex 44.9803 13.6626 10.2
    endloop
  endfacet
  facet normal 0 0 1
    outer loop
      vertex 44.3765 18.6213 10.2
      vertex 45.3354 16.8611 10.2
      vertex 44.45 18.6177 10.2
    endloop
  endfacet
  facet normal 0 0 1
    outer loop
      vertex 45.2337 15.829 10.2
      vertex 44.8667 13.7559 10.2
      vertex 44.9258 13.7121 10.2
    endloop
  endfacet
  facet normal 0 0 1
    outer loop
      vertex 45.3354 16.8611 10.2
      vertex 44.3765 18.6213 10.2
      vertex 45.2799 16.7685 10.2
    endloop
  endfacet
  facet normal 0 0 1
    outer loop
      vertex 45.2337 15.829 10.2
      vertex 44.8035 13.7937 10.2
      vertex 44.8667 13.7559 10.2
    endloop
  endfacet
  facet normal 0 0 1
    outer loop
      vertex 44.3037 18.6321 10.2
      vertex 45.2799 16.7685 10.2
      vertex 44.3765 18.6213 10.2
    endloop
  endfacet
  facet normal 0 0 1
    outer loop
      vertex 43.3964 16.1765 10.2
      vertex 45.15 16.25 10.2
      vertex 43.4 16.25 10.2
    endloop
  endfacet
  facet normal 0 0 1
    outer loop
      vertex 43.3964 16.3235 10.2
      vertex 45.2799 16.7685 10.2
      vertex 44.3037 18.6321 10.2
    endloop
  endfacet
  facet normal 0 0 1
    outer loop
      vertex 45.1553 16.1422 10.2
      vertex 43.3964 16.1765 10.2
      vertex 43.3856 16.1037 10.2
    endloop
  endfacet
  facet normal 0 0 1
    outer loop
      vertex 43.3964 16.3235 10.2
      vertex 45.2337 16.671 10.2
      vertex 45.2799 16.7685 10.2
    endloop
  endfacet
  facet normal 0 0 1
    outer loop
      vertex 45.2337 15.829 10.2
      vertex 44.737 13.8252 10.2
      vertex 44.8035 13.7937 10.2
    endloop
  endfacet
  facet normal 0 0 1
    outer loop
      vertex 43.3964 16.3235 10.2
      vertex 45.1711 16.4646 10.2
      vertex 45.1974 16.5693 10.2
    endloop
  endfacet
  facet normal 0 0 1
    outer loop
      vertex 45.1711 16.0354 10.2
      vertex 43.3856 16.1037 10.2
      vertex 43.3677 16.0323 10.2
    endloop
  endfacet
  facet normal 0 0 1
    outer loop
      vertex 43.3964 16.3235 10.2
      vertex 45.1553 16.3578 10.2
      vertex 45.1711 16.4646 10.2
    endloop
  endfacet
  facet normal 0 0 1
    outer loop
      vertex 45.2337 15.829 10.2
      vertex 44.6677 13.85 10.2
      vertex 44.737 13.8252 10.2
    endloop
  endfacet
  facet normal -0 0 1
    outer loop
      vertex 43.3964 16.3235 10.2
      vertex 45.15 16.25 10.2
      vertex 45.1553 16.3578 10.2
    endloop
  endfacet
  facet normal 0 0 1
    outer loop
      vertex 45.1974 15.9307 10.2
      vertex 43.3677 16.0323 10.2
      vertex 43.3429 15.963 10.2
    endloop
  endfacet
  facet normal 0 0 1
    outer loop
      vertex 43.3964 16.3235 10.2
      vertex 45.1974 16.5693 10.2
      vertex 45.2337 16.671 10.2
    endloop
  endfacet
  facet normal 0 0 1
    outer loop
      vertex 45.2337 15.829 10.2
      vertex 44.5963 13.8679 10.2
      vertex 44.6677 13.85 10.2
    endloop
  endfacet
  facet normal 0 0 1
    outer loop
      vertex 43.3964 16.3235 10.2
      vertex 44.3037 18.6321 10.2
      vertex 44.2323 18.65 10.2
    endloop
  endfacet
  facet normal 0 0 1
    outer loop
      vertex 45.2337 15.829 10.2
      vertex 43.3429 15.963 10.2
      vertex 43.3114 15.8965 10.2
    endloop
  endfacet
  facet normal 0 0 1
    outer loop
      vertex 43.3964 16.3235 10.2
      vertex 44.2323 18.65 10.2
      vertex 44.163 18.6748 10.2
    endloop
  endfacet
  facet normal 0 0 1
    outer loop
      vertex 45.2337 15.829 10.2
      vertex 44.5235 13.8787 10.2
      vertex 44.5963 13.8679 10.2
    endloop
  endfacet
  facet normal 0 0 1
    outer loop
      vertex 43.3964 16.3235 10.2
      vertex 44.163 18.6748 10.2
      vertex 44.0965 18.7062 10.2
    endloop
  endfacet
  facet normal 0 0 1
    outer loop
      vertex 45.2337 15.829 10.2
      vertex 43.3114 15.8965 10.2
      vertex 43.2736 15.8333 10.2
    endloop
  endfacet
  facet normal 0 0 1
    outer loop
      vertex 43.3964 16.3235 10.2
      vertex 44.0965 18.7062 10.2
      vertex 44.0333 18.7441 10.2
    endloop
  endfacet
  facet normal 0 0 1
    outer loop
      vertex 45.2337 15.829 10.2
      vertex 44.45 13.8823 10.2
      vertex 44.5235 13.8787 10.2
    endloop
  endfacet
  facet normal 0 0 1
    outer loop
      vertex 43.3964 16.3235 10.2
      vertex 44.0333 18.7441 10.2
      vertex 43.9742 18.7879 10.2
    endloop
  endfacet
  facet normal 0 0 1
    outer loop
      vertex 45.2337 15.829 10.2
      vertex 43.2736 15.8333 10.2
      vertex 44.3765 13.8787 10.2
    endloop
  endfacet
  facet normal 0 0 1
    outer loop
      vertex 43.3964 16.3235 10.2
      vertex 43.9742 18.7879 10.2
      vertex 43.9197 18.8374 10.2
    endloop
  endfacet
  facet normal 0 0 1
    outer loop
      vertex 45.2337 15.829 10.2
      vertex 44.3765 13.8787 10.2
      vertex 44.45 13.8823 10.2
    endloop
  endfacet
  facet normal 0 0 1
    outer loop
      vertex 43.3964 16.3235 10.2
      vertex 43.9197 18.8374 10.2
      vertex 43.8702 18.8919 10.2
    endloop
  endfacet
  facet normal -0 0 1
    outer loop
      vertex 43.2298 15.7742 10.2
      vertex 44.3765 13.8787 10.2
      vertex 43.2736 15.8333 10.2
    endloop
  endfacet
  facet normal 0 0 1
    outer loop
      vertex 43.3964 16.3235 10.2
      vertex 43.8702 18.8919 10.2
      vertex 43.8264 18.951 10.2
    endloop
  endfacet
  facet normal 0 0 1
    outer loop
      vertex 44.3765 13.8787 10.2
      vertex 43.2298 15.7742 10.2
      vertex 44.3037 13.8679 10.2
    endloop
  endfacet
  facet normal 0 0 1
    outer loop
      vertex 43.3964 16.3235 10.2
      vertex 43.8264 18.951 10.2
      vertex 43.7886 19.0141 10.2
    endloop
  endfacet
  facet normal -0 0 1
    outer loop
      vertex 43.1803 15.7197 10.2
      vertex 44.3037 13.8679 10.2
      vertex 43.2298 15.7742 10.2
    endloop
  endfacet
  facet normal 0 0 1
    outer loop
      vertex 43.3964 16.3235 10.2
      vertex 43.7886 19.0141 10.2
      vertex 43.7571 19.0807 10.2
    endloop
  endfacet
  facet normal 0 0 1
    outer loop
      vertex 44.3037 13.8679 10.2
      vertex 43.1803 15.7197 10.2
      vertex 44.2323 13.85 10.2
    endloop
  endfacet
  facet normal 0 0 1
    outer loop
      vertex 43.3964 16.3235 10.2
      vertex 43.7571 19.0807 10.2
      vertex 43.7323 19.15 10.2
    endloop
  endfacet
  facet normal -0 0 1
    outer loop
      vertex 43.1258 15.6702 10.2
      vertex 44.2323 13.85 10.2
      vertex 43.1803 15.7197 10.2
    endloop
  endfacet
  facet normal 0 0 1
    outer loop
      vertex 43.3964 16.3235 10.2
      vertex 43.7323 19.15 10.2
      vertex 43.7144 19.2214 10.2
    endloop
  endfacet
  facet normal 0 0 1
    outer loop
      vertex 44.2323 13.85 10.2
      vertex 43.1258 15.6702 10.2
      vertex 44.163 13.8252 10.2
    endloop
  endfacet
  facet normal 0 0 1
    outer loop
      vertex 43.3964 16.3235 10.2
      vertex 43.7144 19.2214 10.2
      vertex 43.7036 19.2942 10.2
    endloop
  endfacet
  facet normal -0 0 1
    outer loop
      vertex 43.0667 15.6264 10.2
      vertex 44.163 13.8252 10.2
      vertex 43.1258 15.6702 10.2
    endloop
  endfacet
  facet normal 0 0 1
    outer loop
      vertex 43.3964 16.3235 10.2
      vertex 43.7036 19.2942 10.2
      vertex 43.7 19.3677 10.2
    endloop
  endfacet
  facet normal 0 0 1
    outer loop
      vertex 44.163 13.8252 10.2
      vertex 43.0667 15.6264 10.2
      vertex 44.0965 13.7937 10.2
    endloop
  endfacet
  facet normal 0 0 1
    outer loop
      vertex 47.9765 20.1141 10.2
      vertex 42 25 10.2
      vertex 47.9037 20.1033 10.2
    endloop
  endfacet
  facet normal 0 0 1
    outer loop
      vertex 42 25 10.2
      vertex 44.0834 29.5061 10.2
      vertex 43.8056 29.3397 10.2
    endloop
  endfacet
  facet normal 0 -0 1
    outer loop
      vertex 45.2 19.3677 10.2
      vertex 47.3886 19.7212 10.2
      vertex 45.1964 19.4412 10.2
    endloop
  endfacet
  facet normal 0 0 1
    outer loop
      vertex 47.9037 20.1033 10.2
      vertex 42 25 10.2
      vertex 47.8323 20.0854 10.2
    endloop
  endfacet
  facet normal 0 0 1
    outer loop
      vertex 45.1964 19.2942 10.2
      vertex 47.3886 19.7212 10.2
      vertex 45.2 19.3677 10.2
    endloop
  endfacet
  facet normal 0 0 1
    outer loop
      vertex 45.1856 19.2214 10.2
      vertex 47.3886 19.7212 10.2
      vertex 45.1964 19.2942 10.2
    endloop
  endfacet
  facet normal 0 0 1
    outer loop
      vertex 42 25 10.2
      vertex 47.763 20.0606 10.2
      vertex 47.8323 20.0854 10.2
    endloop
  endfacet
  facet normal 0 0 1
    outer loop
      vertex 45.1429 19.0807 10.2
      vertex 47.3886 19.7212 10.2
      vertex 45.1677 19.15 10.2
    endloop
  endfacet
  facet normal 0 0 1
    outer loop
      vertex 45.1114 19.0141 10.2
      vertex 47.3886 19.7212 10.2
      vertex 45.1429 19.0807 10.2
    endloop
  endfacet
  facet normal 0 0 1
    outer loop
      vertex 45.9307 17.3026 10.2
      vertex 44.9803 18.8374 10.2
      vertex 45.829 17.2663 10.2
    endloop
  endfacet
  facet normal 0 0 1
    outer loop
      vertex 45.1677 19.15 10.2
      vertex 47.3886 19.7212 10.2
      vertex 45.1856 19.2214 10.2
    endloop
  endfacet
  facet normal 0 0 1
    outer loop
      vertex 47.3886 19.7212 10.2
      vertex 45.1856 19.514 10.2
      vertex 45.1964 19.4412 10.2
    endloop
  endfacet
  facet normal 0 0 1
    outer loop
      vertex 47.3886 19.7212 10.2
      vertex 45.1677 19.5854 10.2
      vertex 45.1856 19.514 10.2
    endloop
  endfacet
  facet normal 0 0 1
    outer loop
      vertex 42 25 10.2
      vertex 44.737 20.0606 10.2
      vertex 47.763 20.0606 10.2
    endloop
  endfacet
  facet normal 0 0 1
    outer loop
      vertex 47.3886 19.7212 10.2
      vertex 45.1429 19.6547 10.2
      vertex 45.1677 19.5854 10.2
    endloop
  endfacet
  facet normal 0 0 1
    outer loop
      vertex 47.3886 19.7212 10.2
      vertex 45.1114 19.7212 10.2
      vertex 45.1429 19.6547 10.2
    endloop
  endfacet
  facet normal 0 0 1
    outer loop
      vertex 47.3886 19.7212 10.2
      vertex 45.0736 19.7844 10.2
      vertex 45.1114 19.7212 10.2
    endloop
  endfacet
  facet normal 0 0 1
    outer loop
      vertex 47.763 20.0606 10.2
      vertex 44.737 20.0606 10.2
      vertex 47.6965 20.0291 10.2
    endloop
  endfacet
  facet normal 0 0 1
    outer loop
      vertex 47.4264 19.7844 10.2
      vertex 45.0736 19.7844 10.2
      vertex 47.3886 19.7212 10.2
    endloop
  endfacet
  facet normal 0 -0 1
    outer loop
      vertex 44.8035 20.0291 10.2
      vertex 47.6965 20.0291 10.2
      vertex 44.737 20.0606 10.2
    endloop
  endfacet
  facet normal 0 -0 1
    outer loop
      vertex 45.0736 19.7844 10.2
      vertex 47.4264 19.7844 10.2
      vertex 45.0298 19.8435 10.2
    endloop
  endfacet
  facet normal 0 -0 1
    outer loop
      vertex 44.8667 19.9913 10.2
      vertex 47.6333 19.9913 10.2
      vertex 44.8035 20.0291 10.2
    endloop
  endfacet
  facet normal 0 0 1
    outer loop
      vertex 47.4702 19.8435 10.2
      vertex 45.0298 19.8435 10.2
      vertex 47.4264 19.7844 10.2
    endloop
  endfacet
  facet normal 0 -0 1
    outer loop
      vertex 44.9258 19.9474 10.2
      vertex 47.5742 19.9474 10.2
      vertex 44.8667 19.9913 10.2
    endloop
  endfacet
  facet normal 0 -0 1
    outer loop
      vertex 45.0298 19.8435 10.2
      vertex 47.4702 19.8435 10.2
      vertex 44.9803 19.898 10.2
    endloop
  endfacet
  facet normal 0 0 1
    outer loop
      vertex 47.5197 19.898 10.2
      vertex 44.9803 19.898 10.2
      vertex 47.4702 19.8435 10.2
    endloop
  endfacet
  facet normal 0 0 1
    outer loop
      vertex 47.5742 19.9474 10.2
      vertex 44.9258 19.9474 10.2
      vertex 47.5197 19.898 10.2
    endloop
  endfacet
  facet normal 0 -0 1
    outer loop
      vertex 44.9803 19.898 10.2
      vertex 47.5197 19.898 10.2
      vertex 44.9258 19.9474 10.2
    endloop
  endfacet
  facet normal 0 0 1
    outer loop
      vertex 47.6333 19.9913 10.2
      vertex 44.8667 19.9913 10.2
      vertex 47.5742 19.9474 10.2
    endloop
  endfacet
  facet normal 0 0 1
    outer loop
      vertex 47.6965 20.0291 10.2
      vertex 44.8035 20.0291 10.2
      vertex 47.6333 19.9913 10.2
    endloop
  endfacet
  facet normal 0 0 1
    outer loop
      vertex 44.737 20.0606 10.2
      vertex 42 25 10.2
      vertex 44.6677 20.0854 10.2
    endloop
  endfacet
  facet normal 0 0 1
    outer loop
      vertex 42 25 10.2
      vertex 43.8056 29.3397 10.2
      vertex 43.5129 29.2012 10.2
    endloop
  endfacet
  facet normal 0 0 1
    outer loop
      vertex 44.6677 20.0854 10.2
      vertex 42 25 10.2
      vertex 44.5963 20.1033 10.2
    endloop
  endfacet
  facet normal 0 0 1
    outer loop
      vertex 44.5963 20.1033 10.2
      vertex 42 25 10.2
      vertex 44.5235 20.1141 10.2
    endloop
  endfacet
  facet normal 0 0 1
    outer loop
      vertex 44.5235 20.1141 10.2
      vertex 42 25 10.2
      vertex 44.45 20.1177 10.2
    endloop
  endfacet
  facet normal 0 0 1
    outer loop
      vertex 44.45 20.1177 10.2
      vertex 42 25 10.2
      vertex 44.3765 20.1141 10.2
    endloop
  endfacet
  facet normal 0 0 1
    outer loop
      vertex 44.3765 20.1141 10.2
      vertex 42 25 10.2
      vertex 44.3037 20.1033 10.2
    endloop
  endfacet
  facet normal 0 0 1
    outer loop
      vertex 44.3037 20.1033 10.2
      vertex 42 25 10.2
      vertex 44.2323 20.0854 10.2
    endloop
  endfacet
  facet normal 0 0 1
    outer loop
      vertex 44.2323 20.0854 10.2
      vertex 42 25 10.2
      vertex 44.163 20.0606 10.2
    endloop
  endfacet
  facet normal 0 0 1
    outer loop
      vertex 44.163 20.0606 10.2
      vertex 42 25 10.2
      vertex 44.0965 20.0291 10.2
    endloop
  endfacet
  facet normal 0 0 1
    outer loop
      vertex 44.0965 20.0291 10.2
      vertex 42 25 10.2
      vertex 44.0333 19.9913 10.2
    endloop
  endfacet
  facet normal 0 0 1
    outer loop
      vertex 44.0333 19.9913 10.2
      vertex 42 25 10.2
      vertex 43.9742 19.9474 10.2
    endloop
  endfacet
  facet normal 0 0 1
    outer loop
      vertex 43.9742 19.9474 10.2
      vertex 42 25 10.2
      vertex 43.9197 19.898 10.2
    endloop
  endfacet
  facet normal 0 0 1
    outer loop
      vertex 43.9197 19.898 10.2
      vertex 42 25 10.2
      vertex 43.8702 19.8435 10.2
    endloop
  endfacet
  facet normal 0 0 1
    outer loop
      vertex 43.8702 19.8435 10.2
      vertex 42 25 10.2
      vertex 43.8264 19.7844 10.2
    endloop
  endfacet
  facet normal 0 0 1
    outer loop
      vertex 43.8264 19.7844 10.2
      vertex 42 25 10.2
      vertex 43.7886 19.7212 10.2
    endloop
  endfacet
  facet normal 0 0 1
    outer loop
      vertex 43.7886 19.7212 10.2
      vertex 42 25 10.2
      vertex 43.7571 19.6547 10.2
    endloop
  endfacet
  facet normal 0 0 1
    outer loop
      vertex 43.7571 19.6547 10.2
      vertex 42 25 10.2
      vertex 43.7323 19.5854 10.2
    endloop
  endfacet
  facet normal 0 0 1
    outer loop
      vertex 43.7323 19.5854 10.2
      vertex 42 25 10.2
      vertex 43.7144 19.514 10.2
    endloop
  endfacet
  facet normal 0 0 1
    outer loop
      vertex 43.3964 16.3235 10.2
      vertex 43.7 19.3677 10.2
      vertex 43.7036 19.4412 10.2
    endloop
  endfacet
  facet normal 0 -0 1
    outer loop
      vertex 42.1197 16.7803 10.2
      vertex 43.7144 19.514 10.2
      vertex 42 25 10.2
    endloop
  endfacet
  facet normal -0 0 1
    outer loop
      vertex 44.9258 18.7879 10.2
      vertex 45.829 17.2663 10.2
      vertex 44.9803 18.8374 10.2
    endloop
  endfacet
  facet normal -0 0 1
    outer loop
      vertex 44.8667 18.7441 10.2
      vertex 45.829 17.2663 10.2
      vertex 44.9258 18.7879 10.2
    endloop
  endfacet
  facet normal 0 0 1
    outer loop
      vertex 45.829 17.2663 10.2
      vertex 44.8667 18.7441 10.2
      vertex 45.7315 17.2201 10.2
    endloop
  endfacet
  facet normal -0 0 1
    outer loop
      vertex 44.8035 18.7062 10.2
      vertex 45.7315 17.2201 10.2
      vertex 44.8667 18.7441 10.2
    endloop
  endfacet
  facet normal 0 0 1
    outer loop
      vertex 45.7315 17.2201 10.2
      vertex 44.8035 18.7062 10.2
      vertex 45.6389 17.1646 10.2
    endloop
  endfacet
  facet normal -0 0 1
    outer loop
      vertex 44.737 18.6748 10.2
      vertex 45.6389 17.1646 10.2
      vertex 44.8035 18.7062 10.2
    endloop
  endfacet
  facet normal 0 0 1
    outer loop
      vertex 45.6389 17.1646 10.2
      vertex 44.737 18.6748 10.2
      vertex 45.5522 17.1003 10.2
    endloop
  endfacet
  facet normal -0 0 1
    outer loop
      vertex 44.6677 18.65 10.2
      vertex 45.5522 17.1003 10.2
      vertex 44.737 18.6748 10.2
    endloop
  endfacet
  facet normal 0 0 1
    outer loop
      vertex 47.8323 13.85 10.2
      vertex 46.9478 15.3997 10.2
      vertex 47.763 13.8252 10.2
    endloop
  endfacet
  facet normal -0 0 1
    outer loop
      vertex 46.8611 15.3354 10.2
      vertex 47.763 13.8252 10.2
      vertex 46.9478 15.3997 10.2
    endloop
  endfacet
  facet normal 0 0 1
    outer loop
      vertex 47.763 13.8252 10.2
      vertex 46.8611 15.3354 10.2
      vertex 47.6965 13.7937 10.2
    endloop
  endfacet
  facet normal -0 0 1
    outer loop
      vertex 46.7685 15.2799 10.2
      vertex 47.6965 13.7937 10.2
      vertex 46.8611 15.3354 10.2
    endloop
  endfacet
  facet normal 0 0 1
    outer loop
      vertex 47.6965 13.7937 10.2
      vertex 46.7685 15.2799 10.2
      vertex 47.6333 13.7559 10.2
    endloop
  endfacet
  facet normal -0 0 1
    outer loop
      vertex 46.671 15.2337 10.2
      vertex 47.6333 13.7559 10.2
      vertex 46.7685 15.2799 10.2
    endloop
  endfacet
  facet normal 0 0 1
    outer loop
      vertex 47.6333 13.7559 10.2
      vertex 46.671 15.2337 10.2
      vertex 47.5742 13.7121 10.2
    endloop
  endfacet
  facet normal 0 0 1
    outer loop
      vertex 47.5742 13.7121 10.2
      vertex 46.671 15.2337 10.2
      vertex 47.5197 13.6626 10.2
    endloop
  endfacet
  facet normal -0 0 1
    outer loop
      vertex 48.337 18.6748 10.2
      vertex 49.4333 16.8736 10.2
      vertex 48.4035 18.7062 10.2
    endloop
  endfacet
  facet normal 0 0 1
    outer loop
      vertex 49.1 16.25 10.2
      vertex 48.7964 13.2058 10.2
      vertex 48.8 13.1323 10.2
    endloop
  endfacet
  facet normal 0 0 1
    outer loop
      vertex 49.4333 16.8736 10.2
      vertex 48.337 18.6748 10.2
      vertex 49.3742 16.8298 10.2
    endloop
  endfacet
  facet normal 0 0 1
    outer loop
      vertex 49.1 16.25 10.2
      vertex 48.7856 13.2786 10.2
      vertex 48.7964 13.2058 10.2
    endloop
  endfacet
  facet normal -0 0 1
    outer loop
      vertex 48.2677 18.65 10.2
      vertex 49.3742 16.8298 10.2
      vertex 48.337 18.6748 10.2
    endloop
  endfacet
  facet normal 0 0 1
    outer loop
      vertex 49.1 16.25 10.2
      vertex 48.7677 13.35 10.2
      vertex 48.7856 13.2786 10.2
    endloop
  endfacet
  facet normal 0 0 1
    outer loop
      vertex 49.3742 16.8298 10.2
      vertex 48.2677 18.65 10.2
      vertex 49.3197 16.7803 10.2
    endloop
  endfacet
  facet normal 0 0 1
    outer loop
      vertex 49.1 16.25 10.2
      vertex 48.7429 13.4193 10.2
      vertex 48.7677 13.35 10.2
    endloop
  endfacet
  facet normal -0 0 1
    outer loop
      vertex 48.1963 18.6321 10.2
      vertex 49.3197 16.7803 10.2
      vertex 48.2677 18.65 10.2
    endloop
  endfacet
  facet normal 0 0 1
    outer loop
      vertex 49.1 16.25 10.2
      vertex 48.7114 13.4859 10.2
      vertex 48.7429 13.4193 10.2
    endloop
  endfacet
  facet normal 0 0 1
    outer loop
      vertex 49.3197 16.7803 10.2
      vertex 48.1963 18.6321 10.2
      vertex 49.2702 16.7258 10.2
    endloop
  endfacet
  facet normal 0 0 1
    outer loop
      vertex 49.1 16.25 10.2
      vertex 48.6736 13.549 10.2
      vertex 48.7114 13.4859 10.2
    endloop
  endfacet
  facet normal -0 0 1
    outer loop
      vertex 48.1235 18.6213 10.2
      vertex 49.2702 16.7258 10.2
      vertex 48.1963 18.6321 10.2
    endloop
  endfacet
  facet normal 0 0 1
    outer loop
      vertex 49.1 16.25 10.2
      vertex 48.6298 13.6081 10.2
      vertex 48.6736 13.549 10.2
    endloop
  endfacet
  facet normal 0 0 1
    outer loop
      vertex 49.2702 16.7258 10.2
      vertex 48.1235 18.6213 10.2
      vertex 49.2264 16.6667 10.2
    endloop
  endfacet
  facet normal 0 0 1
    outer loop
      vertex 49.1 16.25 10.2
      vertex 48.5803 13.6626 10.2
      vertex 48.6298 13.6081 10.2
    endloop
  endfacet
  facet normal -0 0 1
    outer loop
      vertex 47.2201 16.7685 10.2
      vertex 49.2264 16.6667 10.2
      vertex 48.1235 18.6213 10.2
    endloop
  endfacet
  facet normal 0 0 1
    outer loop
      vertex 49.1 16.25 10.2
      vertex 48.5258 13.7121 10.2
      vertex 48.5803 13.6626 10.2
    endloop
  endfacet
  facet normal 0 0 1
    outer loop
      vertex 49.2264 16.6667 10.2
      vertex 47.2201 16.7685 10.2
      vertex 49.1886 16.6035 10.2
    endloop
  endfacet
  facet normal 0 0 1
    outer loop
      vertex 47.3447 16.1422 10.2
      vertex 49.1 16.25 10.2
      vertex 47.35 16.25 10.2
    endloop
  endfacet
  facet normal -0 -0 1
    outer loop
      vertex 47.2663 16.671 10.2
      vertex 49.1886 16.6035 10.2
      vertex 47.2201 16.7685 10.2
    endloop
  endfacet
  facet normal 0 0 1
    outer loop
      vertex 49.1 16.25 10.2
      vertex 48.4667 13.7559 10.2
      vertex 48.5258 13.7121 10.2
    endloop
  endfacet
  facet normal 0 0 1
    outer loop
      vertex 49.1886 16.6035 10.2
      vertex 47.2663 16.671 10.2
      vertex 49.1571 16.537 10.2
    endloop
  endfacet
  facet normal 0 0 1
    outer loop
      vertex 49.1 16.25 10.2
      vertex 48.4035 13.7937 10.2
      vertex 48.4667 13.7559 10.2
    endloop
  endfacet
  facet normal 0 0 1
    outer loop
      vertex 49.1571 16.537 10.2
      vertex 47.3026 16.5693 10.2
      vertex 49.1323 16.4677 10.2
    endloop
  endfacet
  facet normal 0 0 1
    outer loop
      vertex 49.1 16.25 10.2
      vertex 48.337 13.8252 10.2
      vertex 48.4035 13.7937 10.2
    endloop
  endfacet
  facet normal 0 -0 1
    outer loop
      vertex 47.3289 16.4646 10.2
      vertex 49.1323 16.4677 10.2
      vertex 47.3026 16.5693 10.2
    endloop
  endfacet
  facet normal 0 0 1
    outer loop
      vertex 49.1 16.25 10.2
      vertex 48.2677 13.85 10.2
      vertex 48.337 13.8252 10.2
    endloop
  endfacet
  facet normal -0 -0 1
    outer loop
      vertex 47.3026 16.5693 10.2
      vertex 49.1571 16.537 10.2
      vertex 47.2663 16.671 10.2
    endloop
  endfacet
  facet normal 0 0 1
    outer loop
      vertex 49.1 16.25 10.2
      vertex 48.1963 13.8679 10.2
      vertex 48.2677 13.85 10.2
    endloop
  endfacet
  facet normal 0 0 1
    outer loop
      vertex 47.1646 16.8611 10.2
      vertex 48.1235 18.6213 10.2
      vertex 48.05 18.6177 10.2
    endloop
  endfacet
  facet normal 0 0 1
    outer loop
      vertex 47.2663 15.829 10.2
      vertex 49.1 16.25 10.2
      vertex 47.3026 15.9307 10.2
    endloop
  endfacet
  facet normal 0 0 1
    outer loop
      vertex 47.1003 16.9478 10.2
      vertex 48.05 18.6177 10.2
      vertex 47.9765 18.6213 10.2
    endloop
  endfacet
  facet normal 0 0 1
    outer loop
      vertex 47.3289 16.0354 10.2
      vertex 49.1 16.25 10.2
      vertex 47.3447 16.1422 10.2
    endloop
  endfacet
  facet normal 0 0 1
    outer loop
      vertex 47.1003 16.9478 10.2
      vertex 47.9765 18.6213 10.2
      vertex 47.9037 18.6321 10.2
    endloop
  endfacet
  facet normal 0 0 1
    outer loop
      vertex 47.3026 15.9307 10.2
      vertex 49.1 16.25 10.2
      vertex 47.3289 16.0354 10.2
    endloop
  endfacet
  facet normal 0 0 1
    outer loop
      vertex 47.0278 17.0278 10.2
      vertex 47.9037 18.6321 10.2
      vertex 47.8323 18.65 10.2
    endloop
  endfacet
  facet normal 0 0 1
    outer loop
      vertex 47.2201 15.7315 10.2
      vertex 49.1 16.25 10.2
      vertex 47.2663 15.829 10.2
    endloop
  endfacet
  facet normal 0 0 1
    outer loop
      vertex 46.9478 17.1003 10.2
      vertex 47.8323 18.65 10.2
      vertex 47.763 18.6748 10.2
    endloop
  endfacet
  facet normal 0 0 1
    outer loop
      vertex 49.1 16.25 10.2
      vertex 47.2201 15.7315 10.2
      vertex 48.1963 13.8679 10.2
    endloop
  endfacet
  facet normal 0 0 1
    outer loop
      vertex 46.8611 17.1646 10.2
      vertex 47.763 18.6748 10.2
      vertex 47.6965 18.7062 10.2
    endloop
  endfacet
  facet normal 0 0 1
    outer loop
      vertex 48.1963 13.8679 10.2
      vertex 47.2201 15.7315 10.2
      vertex 48.1235 13.8787 10.2
    endloop
  endfacet
  facet normal 0 0 1
    outer loop
      vertex 46.7685 17.2201 10.2
      vertex 47.6965 18.7062 10.2
      vertex 47.6333 18.7441 10.2
    endloop
  endfacet
  facet normal -0 0 1
    outer loop
      vertex 47.1646 15.6389 10.2
      vertex 48.1235 13.8787 10.2
      vertex 47.2201 15.7315 10.2
    endloop
  endfacet
  facet normal 0 0 1
    outer loop
      vertex 46.671 17.2663 10.2
      vertex 47.6333 18.7441 10.2
      vertex 47.5742 18.7879 10.2
    endloop
  endfacet
  facet normal 0 0 1
    outer loop
      vertex 48.1235 13.8787 10.2
      vertex 47.1646 15.6389 10.2
      vertex 48.05 13.8823 10.2
    endloop
  endfacet
  facet normal 0 0 1
    outer loop
      vertex 46.671 17.2663 10.2
      vertex 47.5742 18.7879 10.2
      vertex 47.5197 18.8374 10.2
    endloop
  endfacet
  facet normal -0 0 1
    outer loop
      vertex 47.1003 15.5522 10.2
      vertex 48.05 13.8823 10.2
      vertex 47.1646 15.6389 10.2
    endloop
  endfacet
  facet normal 0 0 1
    outer loop
      vertex 46.5693 17.3026 10.2
      vertex 47.5197 18.8374 10.2
      vertex 47.4702 18.8919 10.2
    endloop
  endfacet
  facet normal 0 0 1
    outer loop
      vertex 48.05 13.8823 10.2
      vertex 47.1003 15.5522 10.2
      vertex 47.9765 13.8787 10.2
    endloop
  endfacet
  facet normal 0 0 1
    outer loop
      vertex 46.4646 17.3289 10.2
      vertex 47.4702 18.8919 10.2
      vertex 47.4264 18.951 10.2
    endloop
  endfacet
  facet normal 0 0 1
    outer loop
      vertex 47.9765 13.8787 10.2
      vertex 47.1003 15.5522 10.2
      vertex 47.9037 13.8679 10.2
    endloop
  endfacet
  facet normal 0 0 1
    outer loop
      vertex 46.3578 17.3447 10.2
      vertex 47.4264 18.951 10.2
      vertex 47.3886 19.0141 10.2
    endloop
  endfacet
  facet normal -0 0 1
    outer loop
      vertex 47.0278 15.4722 10.2
      vertex 47.9037 13.8679 10.2
      vertex 47.1003 15.5522 10.2
    endloop
  endfacet
  facet normal 0 0 1
    outer loop
      vertex 46.25 17.35 10.2
      vertex 47.3886 19.0141 10.2
      vertex 47.3571 19.0807 10.2
    endloop
  endfacet
  facet normal 0 0 1
    outer loop
      vertex 47.9037 13.8679 10.2
      vertex 47.0278 15.4722 10.2
      vertex 47.8323 13.85 10.2
    endloop
  endfacet
  facet normal -0 0 1
    outer loop
      vertex 46.9478 15.3997 10.2
      vertex 47.8323 13.85 10.2
      vertex 47.0278 15.4722 10.2
    endloop
  endfacet
  facet normal 0 0 1
    outer loop
      vertex 49.1036 16.3235 10.2
      vertex 47.35 16.25 10.2
      vertex 49.1 16.25 10.2
    endloop
  endfacet
  facet normal 0 0 1
    outer loop
      vertex 45.1114 19.0141 10.2
      vertex 47.3571 19.0807 10.2
      vertex 47.3323 19.15 10.2
    endloop
  endfacet
  facet normal 0 -0 1
    outer loop
      vertex 47.35 16.25 10.2
      vertex 49.1036 16.3235 10.2
      vertex 47.3447 16.3578 10.2
    endloop
  endfacet
  facet normal 0 0 1
    outer loop
      vertex 45.1114 19.0141 10.2
      vertex 47.3323 19.15 10.2
      vertex 47.3144 19.2214 10.2
    endloop
  endfacet
  facet normal 0 0 1
    outer loop
      vertex 45.1114 19.0141 10.2
      vertex 47.3144 19.2214 10.2
      vertex 47.3036 19.2942 10.2
    endloop
  endfacet
  facet normal 0 0 1
    outer loop
      vertex 49.1144 16.3963 10.2
      vertex 47.3447 16.3578 10.2
      vertex 49.1036 16.3235 10.2
    endloop
  endfacet
  facet normal 0 0 1
    outer loop
      vertex 45.1114 19.0141 10.2
      vertex 47.3036 19.2942 10.2
      vertex 47.3 19.3677 10.2
    endloop
  endfacet
  facet normal 0 -0 1
    outer loop
      vertex 47.3447 16.3578 10.2
      vertex 49.1144 16.3963 10.2
      vertex 47.3289 16.4646 10.2
    endloop
  endfacet
  facet normal -0 0 1
    outer loop
      vertex 48.4667 12.5087 10.2
      vertex 50.3403 7.80965 10.2
      vertex 48.5258 12.5526 10.2
    endloop
  endfacet
  facet normal -0 0 1
    outer loop
      vertex 48.4035 12.4709 10.2
      vertex 50.3403 7.80965 10.2
      vertex 48.4667 12.5087 10.2
    endloop
  endfacet
  facet normal 0 0 1
    outer loop
      vertex 50.3403 7.80965 10.2
      vertex 48.4035 12.4709 10.2
      vertex 50.1404 7.75957 10.2
    endloop
  endfacet
  facet normal -0 0 1
    outer loop
      vertex 48.337 12.4394 10.2
      vertex 50.1404 7.75957 10.2
      vertex 48.4035 12.4709 10.2
    endloop
  endfacet
  facet normal 0 0 1
    outer loop
      vertex 50.1404 7.75957 10.2
      vertex 48.337 12.4394 10.2
      vertex 49.9464 7.69015 10.2
    endloop
  endfacet
  facet normal -0 0 1
    outer loop
      vertex 48.2677 12.4146 10.2
      vertex 49.9464 7.69015 10.2
      vertex 48.337 12.4394 10.2
    endloop
  endfacet
  facet normal -0 0 1
    outer loop
      vertex 48.1963 12.3967 10.2
      vertex 49.9464 7.69015 10.2
      vertex 48.2677 12.4146 10.2
    endloop
  endfacet
  facet normal 0 0 1
    outer loop
      vertex 49.9464 7.69015 10.2
      vertex 48.1963 12.3967 10.2
      vertex 49.7601 7.60203 10.2
    endloop
  endfacet
  facet normal -0 0 1
    outer loop
      vertex 48.1235 12.3859 10.2
      vertex 49.7601 7.60203 10.2
      vertex 48.1963 12.3967 10.2
    endloop
  endfacet
  facet normal 0 0 1
    outer loop
      vertex 49.7601 7.60203 10.2
      vertex 48.1235 12.3859 10.2
      vertex 49.5833 7.49609 10.2
    endloop
  endfacet
  facet normal -0 0 1
    outer loop
      vertex 48.05 12.3823 10.2
      vertex 49.5833 7.49609 10.2
      vertex 48.1235 12.3859 10.2
    endloop
  endfacet
  facet normal 0 0 1
    outer loop
      vertex 49.5833 7.49609 10.2
      vertex 48.05 12.3823 10.2
      vertex 49.4178 7.37332 10.2
    endloop
  endfacet
  facet normal 0 0 1
    outer loop
      vertex 52.7596 36.1404 10.2
      vertex 56.5 37.5 10.2
      vertex 52.8096 36.3403 10.2
    endloop
  endfacet
  facet normal 0 0 1
    outer loop
      vertex 56.5 5 10.2
      vertex 52.8399 5.95584 10.2
      vertex 52.85 5.75 10.2
    endloop
  endfacet
  facet normal 0 0 1
    outer loop
      vertex 52.6901 35.9464 10.2
      vertex 56.5 37.5 10.2
      vertex 52.7596 36.1404 10.2
    endloop
  endfacet
  facet normal 0 0 1
    outer loop
      vertex 56.5 5 10.2
      vertex 52.8096 6.15969 10.2
      vertex 52.8399 5.95584 10.2
    endloop
  endfacet
  facet normal 0 0 1
    outer loop
      vertex 52.602 35.7601 10.2
      vertex 56.5 37.5 10.2
      vertex 52.6901 35.9464 10.2
    endloop
  endfacet
  facet normal 0 0 1
    outer loop
      vertex 56.5 5 10.2
      vertex 52.7596 6.3596 10.2
      vertex 52.8096 6.15969 10.2
    endloop
  endfacet
  facet normal 0 0 1
    outer loop
      vertex 52.4961 35.5833 10.2
      vertex 56.5 37.5 10.2
      vertex 52.602 35.7601 10.2
    endloop
  endfacet
  facet normal -0 -0 1
    outer loop
      vertex 50.6 16.25 10.2
      vertex 56.5 5 10.2
      vertex 50.5964 16.3235 10.2
    endloop
  endfacet
  facet normal 0 0 1
    outer loop
      vertex 56.5 37.5 10.2
      vertex 50.5856 16.3963 10.2
      vertex 56.5 5 10.2
    endloop
  endfacet
  facet normal 0 0 1
    outer loop
      vertex 56.5 5 10.2
      vertex 52.6901 6.55363 10.2
      vertex 52.7596 6.3596 10.2
    endloop
  endfacet
  facet normal 0 0 1
    outer loop
      vertex 52.3733 35.4178 10.2
      vertex 56.5 37.5 10.2
      vertex 52.4961 35.5833 10.2
    endloop
  endfacet
  facet normal -0 0 1
    outer loop
      vertex 50.5964 16.1765 10.2
      vertex 56.5 5 10.2
      vertex 50.6 16.25 10.2
    endloop
  endfacet
  facet normal 0 0 1
    outer loop
      vertex 52.2349 35.2651 10.2
      vertex 56.5 37.5 10.2
      vertex 52.3733 35.4178 10.2
    endloop
  endfacet
  facet normal 0 0 1
    outer loop
      vertex 56.5 5 10.2
      vertex 52.602 6.73993 10.2
      vertex 52.6901 6.55363 10.2
    endloop
  endfacet
  facet normal 0 0 1
    outer loop
      vertex 52.0822 35.1267 10.2
      vertex 56.5 37.5 10.2
      vertex 52.2349 35.2651 10.2
    endloop
  endfacet
  facet normal -0 0 1
    outer loop
      vertex 50.5856 16.1037 10.2
      vertex 56.5 5 10.2
      vertex 50.5964 16.1765 10.2
    endloop
  endfacet
  facet normal 0 0 1
    outer loop
      vertex 48.7114 19.7212 10.2
      vertex 56.5 37.5 10.2
      vertex 52.0822 35.1267 10.2
    endloop
  endfacet
  facet normal 0 0 1
    outer loop
      vertex 56.5 5 10.2
      vertex 52.4961 6.9167 10.2
      vertex 52.602 6.73993 10.2
    endloop
  endfacet
  facet normal 0 0 1
    outer loop
      vertex 48.7114 19.7212 10.2
      vertex 52.0822 35.1267 10.2
      vertex 51.9167 35.0039 10.2
    endloop
  endfacet
  facet normal -0 0 1
    outer loop
      vertex 50.5677 16.0323 10.2
      vertex 56.5 5 10.2
      vertex 50.5856 16.1037 10.2
    endloop
  endfacet
  facet normal 0 0 1
    outer loop
      vertex 48.6736 19.7844 10.2
      vertex 51.9167 35.0039 10.2
      vertex 51.7399 34.898 10.2
    endloop
  endfacet
  facet normal 0 0 1
    outer loop
      vertex 56.5 5 10.2
      vertex 52.3733 7.08223 10.2
      vertex 52.4961 6.9167 10.2
    endloop
  endfacet
  facet normal 0 0 1
    outer loop
      vertex 48.6298 19.8435 10.2
      vertex 51.7399 34.898 10.2
      vertex 51.5536 34.8099 10.2
    endloop
  endfacet
  facet normal -0 0 1
    outer loop
      vertex 50.5429 15.963 10.2
      vertex 56.5 5 10.2
      vertex 50.5677 16.0323 10.2
    endloop
  endfacet
  facet normal 0 0 1
    outer loop
      vertex 48.5803 19.898 10.2
      vertex 51.5536 34.8099 10.2
      vertex 51.3596 34.7404 10.2
    endloop
  endfacet
  facet normal 0 0 1
    outer loop
      vertex 56.5 5 10.2
      vertex 52.2349 7.23492 10.2
      vertex 52.3733 7.08223 10.2
    endloop
  endfacet
  facet normal 0 0 1
    outer loop
      vertex 48.5803 19.898 10.2
      vertex 51.3596 34.7404 10.2
      vertex 51.1597 34.6903 10.2
    endloop
  endfacet
  facet normal -0 0 1
    outer loop
      vertex 50.5114 15.8965 10.2
      vertex 52.2349 7.23492 10.2
      vertex 50.5429 15.963 10.2
    endloop
  endfacet
  facet normal 0 0 1
    outer loop
      vertex 48.5803 19.898 10.2
      vertex 51.1597 34.6903 10.2
      vertex 50.9558 34.6601 10.2
    endloop
  endfacet
  facet normal 0 0 1
    outer loop
      vertex 52.2349 7.23492 10.2
      vertex 50.5114 15.8965 10.2
      vertex 52.0822 7.37332 10.2
    endloop
  endfacet
  facet normal 0 0 1
    outer loop
      vertex 50.5442 34.6601 10.2
      vertex 45.4079 31.2921 10.2
      vertex 50.75 34.65 10.2
    endloop
  endfacet
  facet normal -0 0 1
    outer loop
      vertex 50.4736 15.8333 10.2
      vertex 52.0822 7.37332 10.2
      vertex 50.5114 15.8965 10.2
    endloop
  endfacet
  facet normal 0 0 1
    outer loop
      vertex 52.0822 7.37332 10.2
      vertex 50.4736 15.8333 10.2
      vertex 51.9167 7.49609 10.2
    endloop
  endfacet
  facet normal 0 0 1
    outer loop
      vertex 56.5 5 10.2
      vertex 50.5429 15.963 10.2
      vertex 52.2349 7.23492 10.2
    endloop
  endfacet
  facet normal 0 0 1
    outer loop
      vertex 56.5 5 10.2
      vertex 50.5856 16.3963 10.2
      vertex 50.5964 16.3235 10.2
    endloop
  endfacet
  facet normal 0 0 1
    outer loop
      vertex 56.5 37.5 10.2
      vertex 50.5677 16.4677 10.2
      vertex 50.5856 16.3963 10.2
    endloop
  endfacet
  facet normal 0 0 1
    outer loop
      vertex 50.3403 34.6903 10.2
      vertex 45.4079 31.2921 10.2
      vertex 50.5442 34.6601 10.2
    endloop
  endfacet
  facet normal 0 0 1
    outer loop
      vertex 56.5 37.5 10.2
      vertex 50.5429 16.537 10.2
      vertex 50.5677 16.4677 10.2
    endloop
  endfacet
  facet normal 0 0 1
    outer loop
      vertex 56.5 37.5 10.2
      vertex 50.5114 16.6035 10.2
      vertex 50.5429 16.537 10.2
    endloop
  endfacet
  facet normal 0 0 1
    outer loop
      vertex 56.5 37.5 10.2
      vertex 50.4736 16.6667 10.2
      vertex 50.5114 16.6035 10.2
    endloop
  endfacet
  facet normal 0 0 1
    outer loop
      vertex 56.5 37.5 10.2
      vertex 50.4298 16.7258 10.2
      vertex 50.4736 16.6667 10.2
    endloop
  endfacet
  facet normal 0 0 1
    outer loop
      vertex 56.5 37.5 10.2
      vertex 48.7429 19.6547 10.2
      vertex 50.4298 16.7258 10.2
    endloop
  endfacet
  facet normal 0 0 1
    outer loop
      vertex 45.4079 31.2921 10.2
      vertex 50.3403 34.6903 10.2
      vertex 45.4866 31.6062 10.2
    endloop
  endfacet
  facet normal -0 -0 1
    outer loop
      vertex 48.7677 19.5854 10.2
      vertex 50.4298 16.7258 10.2
      vertex 48.7429 19.6547 10.2
    endloop
  endfacet
  facet normal 0 0 1
    outer loop
      vertex 50.4298 16.7258 10.2
      vertex 48.7677 19.5854 10.2
      vertex 50.3803 16.7803 10.2
    endloop
  endfacet
  facet normal -0 -0 1
    outer loop
      vertex 48.7856 19.514 10.2
      vertex 50.3803 16.7803 10.2
      vertex 48.7677 19.5854 10.2
    endloop
  endfacet
  facet normal 0 0 1
    outer loop
      vertex 45.4866 31.6062 10.2
      vertex 50.3403 34.6903 10.2
      vertex 50.1404 34.7404 10.2
    endloop
  endfacet
  facet normal 0 0 1
    outer loop
      vertex 50.3803 16.7803 10.2
      vertex 48.7856 19.514 10.2
      vertex 50.3258 16.8298 10.2
    endloop
  endfacet
  facet normal -0 -0 1
    outer loop
      vertex 48.7964 19.4412 10.2
      vertex 50.3258 16.8298 10.2
      vertex 48.7856 19.514 10.2
    endloop
  endfacet
  facet normal 0 0 1
    outer loop
      vertex 50.3258 16.8298 10.2
      vertex 48.7964 19.4412 10.2
      vertex 50.2667 16.8736 10.2
    endloop
  endfacet
  facet normal 0 0 1
    outer loop
      vertex 45.4866 31.6062 10.2
      vertex 50.1404 34.7404 10.2
      vertex 49.9464 34.8099 10.2
    endloop
  endfacet
  facet normal -0 -0 1
    outer loop
      vertex 48.8 19.3677 10.2
      vertex 50.2667 16.8736 10.2
      vertex 48.7964 19.4412 10.2
    endloop
  endfacet
  facet normal -0 0 1
    outer loop
      vertex 48.7964 19.2942 10.2
      vertex 50.2035 16.9114 10.2
      vertex 48.8 19.3677 10.2
    endloop
  endfacet
  facet normal 0 0 1
    outer loop
      vertex 50.2035 16.9114 10.2
      vertex 48.7964 19.2942 10.2
      vertex 50.137 16.9429 10.2
    endloop
  endfacet
  facet normal 0 0 1
    outer loop
      vertex 45.4866 31.6062 10.2
      vertex 49.9464 34.8099 10.2
      vertex 49.7601 34.898 10.2
    endloop
  endfacet
  facet normal -0 0 1
    outer loop
      vertex 48.7856 19.2214 10.2
      vertex 50.137 16.9429 10.2
      vertex 48.7964 19.2942 10.2
    endloop
  endfacet
  facet normal 0 0 1
    outer loop
      vertex 50.137 16.9429 10.2
      vertex 48.7856 19.2214 10.2
      vertex 50.0677 16.9677 10.2
    endloop
  endfacet
  facet normal 0 0 1
    outer loop
      vertex 45.4866 31.6062 10.2
      vertex 49.7601 34.898 10.2
      vertex 49.5833 35.0039 10.2
    endloop
  endfacet
  facet normal -0 0 1
    outer loop
      vertex 48.7677 19.15 10.2
      vertex 50.0677 16.9677 10.2
      vertex 48.7856 19.2214 10.2
    endloop
  endfacet
  facet normal -0 0 1
    outer loop
      vertex 48.7429 19.0807 10.2
      vertex 49.9963 16.9856 10.2
      vertex 48.7677 19.15 10.2
    endloop
  endfacet
  facet normal 0 0 1
    outer loop
      vertex 49.9963 16.9856 10.2
      vertex 48.7429 19.0807 10.2
      vertex 49.9235 16.9964 10.2
    endloop
  endfacet
  facet normal 0 0 1
    outer loop
      vertex 45.4866 31.6062 10.2
      vertex 49.5833 35.0039 10.2
      vertex 49.4178 35.1267 10.2
    endloop
  endfacet
  facet normal -0 0 1
    outer loop
      vertex 48.7114 19.0141 10.2
      vertex 49.9235 16.9964 10.2
      vertex 48.7429 19.0807 10.2
    endloop
  endfacet
  facet normal 0 0 1
    outer loop
      vertex 49.9235 16.9964 10.2
      vertex 48.7114 19.0141 10.2
      vertex 49.85 17 10.2
    endloop
  endfacet
  facet normal -0 0 1
    outer loop
      vertex 48.6736 18.951 10.2
      vertex 49.85 17 10.2
      vertex 48.7114 19.0141 10.2
    endloop
  endfacet
  facet normal 0 0 1
    outer loop
      vertex 45.4866 31.6062 10.2
      vertex 49.4178 35.1267 10.2
      vertex 49.2651 35.2651 10.2
    endloop
  endfacet
  facet normal -0 0 1
    outer loop
      vertex 48.6298 18.8919 10.2
      vertex 49.7765 16.9964 10.2
      vertex 48.6736 18.951 10.2
    endloop
  endfacet
  facet normal 0 0 1
    outer loop
      vertex 49.7765 16.9964 10.2
      vertex 48.6298 18.8919 10.2
      vertex 49.7037 16.9856 10.2
    endloop
  endfacet
  facet normal -0 0 1
    outer loop
      vertex 48.5803 18.8374 10.2
      vertex 49.7037 16.9856 10.2
      vertex 48.6298 18.8919 10.2
    endloop
  endfacet
  facet normal 0 0 1
    outer loop
      vertex 49.7037 16.9856 10.2
      vertex 48.5803 18.8374 10.2
      vertex 49.6323 16.9677 10.2
    endloop
  endfacet
  facet normal 0 0 1
    outer loop
      vertex 45.4866 31.6062 10.2
      vertex 49.2651 35.2651 10.2
      vertex 49.1267 35.4178 10.2
    endloop
  endfacet
  facet normal -0 0 1
    outer loop
      vertex 48.5258 18.7879 10.2
      vertex 49.6323 16.9677 10.2
      vertex 48.5803 18.8374 10.2
    endloop
  endfacet
  facet normal 0 0 1
    outer loop
      vertex 49.6323 16.9677 10.2
      vertex 48.5258 18.7879 10.2
      vertex 49.563 16.9429 10.2
    endloop
  endfacet
  facet normal -0 0 1
    outer loop
      vertex 48.4667 18.7441 10.2
      vertex 49.563 16.9429 10.2
      vertex 48.5258 18.7879 10.2
    endloop
  endfacet
  facet normal 0 0 1
    outer loop
      vertex 45.4866 31.6062 10.2
      vertex 49.1267 35.4178 10.2
      vertex 49.0039 35.5833 10.2
    endloop
  endfacet
  facet normal 0 0 1
    outer loop
      vertex 52.8096 37.1597 10.2
      vertex 56.5 37.5 10.2
      vertex 56.4759 37.9901 10.2
    endloop
  endfacet
  facet normal 0 0 1
    outer loop
      vertex 52.8399 36.5442 10.2
      vertex 56.5 37.5 10.2
      vertex 52.85 36.75 10.2
    endloop
  endfacet
  facet normal 0 0 1
    outer loop
      vertex 52.7596 37.3596 10.2
      vertex 56.4759 37.9901 10.2
      vertex 56.4039 38.4755 10.2
    endloop
  endfacet
  facet normal 0 0 1
    outer loop
      vertex 52.8096 36.3403 10.2
      vertex 56.5 37.5 10.2
      vertex 52.8399 36.5442 10.2
    endloop
  endfacet
  facet normal 0 0 1
    outer loop
      vertex 52.6901 37.5536 10.2
      vertex 56.4039 38.4755 10.2
      vertex 56.2847 38.9514 10.2
    endloop
  endfacet
  facet normal -0 0 1
    outer loop
      vertex 52.8399 5.54416 10.2
      vertex 56.5 5 10.2
      vertex 52.85 5.75 10.2
    endloop
  endfacet
  facet normal 0 0 1
    outer loop
      vertex 52.602 37.7399 10.2
      vertex 56.2847 38.9514 10.2
      vertex 56.1194 39.4134 10.2
    endloop
  endfacet
  facet normal -0 0 1
    outer loop
      vertex 52.8096 5.34031 10.2
      vertex 56.5 5 10.2
      vertex 52.8399 5.54416 10.2
    endloop
  endfacet
  facet normal 0 0 1
    outer loop
      vertex 52.602 37.7399 10.2
      vertex 56.1194 39.4134 10.2
      vertex 55.9096 39.857 10.2
    endloop
  endfacet
  facet normal 0 0 1
    outer loop
      vertex 56.5 5 10.2
      vertex 52.8096 5.34031 10.2
      vertex 56.4759 4.50991 10.2
    endloop
  endfacet
  facet normal 0 0 1
    outer loop
      vertex 52.4961 37.9167 10.2
      vertex 55.9096 39.857 10.2
      vertex 55.6573 40.2779 10.2
    endloop
  endfacet
  facet normal -0 0 1
    outer loop
      vertex 52.7596 5.1404 10.2
      vertex 56.4759 4.50991 10.2
      vertex 52.8096 5.34031 10.2
    endloop
  endfacet
  facet normal 0 0 1
    outer loop
      vertex 52.3733 38.0822 10.2
      vertex 55.6573 40.2779 10.2
      vertex 55.3651 40.672 10.2
    endloop
  endfacet
  facet normal 0 0 1
    outer loop
      vertex 56.4759 4.50991 10.2
      vertex 52.7596 5.1404 10.2
      vertex 56.4039 4.02455 10.2
    endloop
  endfacet
  facet normal 0 0 1
    outer loop
      vertex 52.2349 38.2349 10.2
      vertex 55.3651 40.672 10.2
      vertex 55.0355 41.0355 10.2
    endloop
  endfacet
  facet normal -0 0 1
    outer loop
      vertex 52.6901 4.94636 10.2
      vertex 56.4039 4.02455 10.2
      vertex 52.7596 5.1404 10.2
    endloop
  endfacet
  facet normal 0 0 1
    outer loop
      vertex 52.2349 38.2349 10.2
      vertex 55.0355 41.0355 10.2
      vertex 54.672 41.3651 10.2
    endloop
  endfacet
  facet normal 0 0 1
    outer loop
      vertex 56.4039 4.02455 10.2
      vertex 52.6901 4.94636 10.2
      vertex 56.2847 3.54858 10.2
    endloop
  endfacet
  facet normal 0 0 1
    outer loop
      vertex 52.0822 38.3733 10.2
      vertex 54.672 41.3651 10.2
      vertex 54.2779 41.6573 10.2
    endloop
  endfacet
  facet normal -0 0 1
    outer loop
      vertex 52.602 4.76007 10.2
      vertex 56.2847 3.54858 10.2
      vertex 52.6901 4.94636 10.2
    endloop
  endfacet
  facet normal 0 0 1
    outer loop
      vertex 51.9167 38.4961 10.2
      vertex 54.2779 41.6573 10.2
      vertex 53.857 41.9096 10.2
    endloop
  endfacet
  facet normal 0 0 1
    outer loop
      vertex 56.2847 3.54858 10.2
      vertex 52.602 4.76007 10.2
      vertex 56.1194 3.08658 10.2
    endloop
  endfacet
  facet normal 0 0 1
    outer loop
      vertex 51.7399 38.602 10.2
      vertex 53.857 41.9096 10.2
      vertex 53.4134 42.1194 10.2
    endloop
  endfacet
  facet normal 0 0 1
    outer loop
      vertex 56.1194 3.08658 10.2
      vertex 52.602 4.76007 10.2
      vertex 55.9096 2.64302 10.2
    endloop
  endfacet
  facet normal 0 0 1
    outer loop
      vertex 51.7399 38.602 10.2
      vertex 53.4134 42.1194 10.2
      vertex 52.9514 42.2847 10.2
    endloop
  endfacet
  facet normal -0 0 1
    outer loop
      vertex 52.4961 4.5833 10.2
      vertex 55.9096 2.64302 10.2
      vertex 52.602 4.76007 10.2
    endloop
  endfacet
  facet normal 0 0 1
    outer loop
      vertex 55.9096 2.64302 10.2
      vertex 52.4961 4.5833 10.2
      vertex 55.6573 2.22215 10.2
    endloop
  endfacet
  facet normal 0 0 1
    outer loop
      vertex 56.5 37.5 10.2
      vertex 52.8399 36.9558 10.2
      vertex 52.85 36.75 10.2
    endloop
  endfacet
  facet normal 0 0 1
    outer loop
      vertex 56.5 37.5 10.2
      vertex 52.8096 37.1597 10.2
      vertex 52.8399 36.9558 10.2
    endloop
  endfacet
  facet normal 0 0 1
    outer loop
      vertex 56.4759 37.9901 10.2
      vertex 52.7596 37.3596 10.2
      vertex 52.8096 37.1597 10.2
    endloop
  endfacet
  facet normal 0 0 1
    outer loop
      vertex 56.4039 38.4755 10.2
      vertex 52.6901 37.5536 10.2
      vertex 52.7596 37.3596 10.2
    endloop
  endfacet
  facet normal 0 0 1
    outer loop
      vertex 56.2847 38.9514 10.2
      vertex 52.602 37.7399 10.2
      vertex 52.6901 37.5536 10.2
    endloop
  endfacet
  facet normal 0 0 1
    outer loop
      vertex 55.9096 39.857 10.2
      vertex 52.4961 37.9167 10.2
      vertex 52.602 37.7399 10.2
    endloop
  endfacet
  facet normal 0 0 1
    outer loop
      vertex 51.5536 38.6901 10.2
      vertex 52.9514 42.2847 10.2
      vertex 52.4755 42.4039 10.2
    endloop
  endfacet
  facet normal 0 0 1
    outer loop
      vertex 55.6573 40.2779 10.2
      vertex 52.3733 38.0822 10.2
      vertex 52.4961 37.9167 10.2
    endloop
  endfacet
  facet normal 0 0 1
    outer loop
      vertex 55.3651 40.672 10.2
      vertex 52.2349 38.2349 10.2
      vertex 52.3733 38.0822 10.2
    endloop
  endfacet
  facet normal 0 0 1
    outer loop
      vertex 54.672 41.3651 10.2
      vertex 52.0822 38.3733 10.2
      vertex 52.2349 38.2349 10.2
    endloop
  endfacet
  facet normal 0 0 1
    outer loop
      vertex 51.3596 38.7596 10.2
      vertex 52.4755 42.4039 10.2
      vertex 51.9901 42.4759 10.2
    endloop
  endfacet
  facet normal 0 0 1
    outer loop
      vertex 54.2779 41.6573 10.2
      vertex 51.9167 38.4961 10.2
      vertex 52.0822 38.3733 10.2
    endloop
  endfacet
  facet normal 0 0 1
    outer loop
      vertex 53.857 41.9096 10.2
      vertex 51.7399 38.602 10.2
      vertex 51.9167 38.4961 10.2
    endloop
  endfacet
  facet normal 0 0 1
    outer loop
      vertex 52.9514 42.2847 10.2
      vertex 51.5536 38.6901 10.2
      vertex 51.7399 38.602 10.2
    endloop
  endfacet
  facet normal 0 0 1
    outer loop
      vertex 51.1597 38.8096 10.2
      vertex 51.9901 42.4759 10.2
      vertex 51.5 42.5 10.2
    endloop
  endfacet
  facet normal 0 0 1
    outer loop
      vertex 52.4755 42.4039 10.2
      vertex 51.3596 38.7596 10.2
      vertex 51.5536 38.6901 10.2
    endloop
  endfacet
  facet normal 0 0 1
    outer loop
      vertex 51.9901 42.4759 10.2
      vertex 51.1597 38.8096 10.2
      vertex 51.3596 38.7596 10.2
    endloop
  endfacet
  facet normal 0 0 1
    outer loop
      vertex 51.5 42.5 10.2
      vertex 50.9558 38.8399 10.2
      vertex 51.1597 38.8096 10.2
    endloop
  endfacet
  facet normal 0 0 1
    outer loop
      vertex 51.5 42.5 10.2
      vertex 50.75 38.85 10.2
      vertex 50.9558 38.8399 10.2
    endloop
  endfacet
  facet normal 0 0 1
    outer loop
      vertex 51.5 42.5 10.2
      vertex 50.5442 38.8399 10.2
      vertex 50.75 38.85 10.2
    endloop
  endfacet
  facet normal 0 0 1
    outer loop
      vertex 51.5 42.5 10.2
      vertex 50.3403 38.8096 10.2
      vertex 50.5442 38.8399 10.2
    endloop
  endfacet
  facet normal 0 0 1
    outer loop
      vertex 51.5 42.5 10.2
      vertex 50.1404 38.7596 10.2
      vertex 50.3403 38.8096 10.2
    endloop
  endfacet
  facet normal 0 0 1
    outer loop
      vertex 51.5 42.5 10.2
      vertex 49.9464 38.6901 10.2
      vertex 50.1404 38.7596 10.2
    endloop
  endfacet
  facet normal 0 0 1
    outer loop
      vertex 51.5 42.5 10.2
      vertex 49.7601 38.602 10.2
      vertex 49.9464 38.6901 10.2
    endloop
  endfacet
  facet normal 0 0 1
    outer loop
      vertex 51.5 42.5 10.2
      vertex 49.5833 38.4961 10.2
      vertex 49.7601 38.602 10.2
    endloop
  endfacet
  facet normal 0 0 1
    outer loop
      vertex 51.5 42.5 10.2
      vertex 49.4178 38.3733 10.2
      vertex 49.5833 38.4961 10.2
    endloop
  endfacet
  facet normal 0 0 1
    outer loop
      vertex 51.5 42.5 10.2
      vertex 49.2651 38.2349 10.2
      vertex 49.4178 38.3733 10.2
    endloop
  endfacet
  facet normal 0 0 1
    outer loop
      vertex 42.5735 35.5341 10.2
      vertex 49.2651 38.2349 10.2
      vertex 51.5 42.5 10.2
    endloop
  endfacet
  facet normal 0 0 1
    outer loop
      vertex 49.2651 38.2349 10.2
      vertex 42.5735 35.5341 10.2
      vertex 49.1267 38.0822 10.2
    endloop
  endfacet
  facet normal 0 -0 1
    outer loop
      vertex 42.8938 35.4866 10.2
      vertex 49.1267 38.0822 10.2
      vertex 42.5735 35.5341 10.2
    endloop
  endfacet
  facet normal 0 0 1
    outer loop
      vertex 51.5536 34.8099 10.2
      vertex 48.5803 19.898 10.2
      vertex 48.6298 19.8435 10.2
    endloop
  endfacet
  facet normal 0 0 1
    outer loop
      vertex 45.2988 30.9871 10.2
      vertex 50.75 34.65 10.2
      vertex 45.4079 31.2921 10.2
    endloop
  endfacet
  facet normal 0 0 1
    outer loop
      vertex 45.5341 31.9265 10.2
      vertex 48.6601 36.5442 10.2
      vertex 45.55 32.25 10.2
    endloop
  endfacet
  facet normal 0 0 1
    outer loop
      vertex 45.4866 31.6062 10.2
      vertex 48.6601 36.5442 10.2
      vertex 45.5341 31.9265 10.2
    endloop
  endfacet
  facet normal 0 0 1
    outer loop
      vertex 50.9558 34.6601 10.2
      vertex 48.5258 19.9474 10.2
      vertex 48.5803 19.898 10.2
    endloop
  endfacet
  facet normal 0 0 1
    outer loop
      vertex 50.9558 34.6601 10.2
      vertex 48.4667 19.9913 10.2
      vertex 48.5258 19.9474 10.2
    endloop
  endfacet
  facet normal 0 0 1
    outer loop
      vertex 50.9558 34.6601 10.2
      vertex 48.4035 20.0291 10.2
      vertex 48.4667 19.9913 10.2
    endloop
  endfacet
  facet normal -0 0 1
    outer loop
      vertex 50.75 34.65 10.2
      vertex 45.2988 30.9871 10.2
      vertex 50.9558 34.6601 10.2
    endloop
  endfacet
  facet normal 0 0 1
    outer loop
      vertex 45.1603 30.6944 10.2
      vertex 50.9558 34.6601 10.2
      vertex 45.2988 30.9871 10.2
    endloop
  endfacet
  facet normal 0 0 1
    outer loop
      vertex 50.9558 34.6601 10.2
      vertex 45.1603 30.6944 10.2
      vertex 48.4035 20.0291 10.2
    endloop
  endfacet
  facet normal 0 0 1
    outer loop
      vertex 48.4035 20.0291 10.2
      vertex 45.1603 30.6944 10.2
      vertex 48.337 20.0606 10.2
    endloop
  endfacet
  facet normal -0 0 1
    outer loop
      vertex 44.9939 30.4166 10.2
      vertex 48.337 20.0606 10.2
      vertex 45.1603 30.6944 10.2
    endloop
  endfacet
  facet normal 0 0 1
    outer loop
      vertex 48.337 20.0606 10.2
      vertex 44.9939 30.4166 10.2
      vertex 48.2677 20.0854 10.2
    endloop
  endfacet
  facet normal 0 0 1
    outer loop
      vertex 44.3435 34.8009 10.2
      vertex 48.65 36.75 10.2
      vertex 48.6601 36.9558 10.2
    endloop
  endfacet
  facet normal -0 0 1
    outer loop
      vertex 44.8009 30.1565 10.2
      vertex 48.2677 20.0854 10.2
      vertex 44.9939 30.4166 10.2
    endloop
  endfacet
  facet normal 0 0 1
    outer loop
      vertex 48.2677 20.0854 10.2
      vertex 44.8009 30.1565 10.2
      vertex 48.1963 20.1033 10.2
    endloop
  endfacet
  facet normal -0 0 1
    outer loop
      vertex 44.5835 29.9165 10.2
      vertex 48.1963 20.1033 10.2
      vertex 44.8009 30.1565 10.2
    endloop
  endfacet
  facet normal 0 0 1
    outer loop
      vertex 48.1963 20.1033 10.2
      vertex 44.5835 29.9165 10.2
      vertex 48.1235 20.1141 10.2
    endloop
  endfacet
  facet normal 0 0 1
    outer loop
      vertex 48.1235 20.1141 10.2
      vertex 44.5835 29.9165 10.2
      vertex 48.05 20.1177 10.2
    endloop
  endfacet
  facet normal -0 0 1
    outer loop
      vertex 44.3435 29.6991 10.2
      vertex 48.05 20.1177 10.2
      vertex 44.5835 29.9165 10.2
    endloop
  endfacet
  facet normal 0 0 1
    outer loop
      vertex 48.05 20.1177 10.2
      vertex 44.3435 29.6991 10.2
      vertex 47.9765 20.1141 10.2
    endloop
  endfacet
  facet normal -0 0 1
    outer loop
      vertex 44.0834 29.5061 10.2
      vertex 47.9765 20.1141 10.2
      vertex 44.3435 29.6991 10.2
    endloop
  endfacet
  facet normal -0 0 1
    outer loop
      vertex 42 25 10.2
      vertex 47.9765 20.1141 10.2
      vertex 44.0834 29.5061 10.2
    endloop
  endfacet
  facet normal 0 0 1
    outer loop
      vertex 45.1114 19.0141 10.2
      vertex 47.3571 19.6547 10.2
      vertex 47.3886 19.7212 10.2
    endloop
  endfacet
  facet normal 0 0 1
    outer loop
      vertex 45.1114 19.0141 10.2
      vertex 47.3323 19.5854 10.2
      vertex 47.3571 19.6547 10.2
    endloop
  endfacet
  facet normal 0 0 1
    outer loop
      vertex 49.1323 16.4677 10.2
      vertex 47.3289 16.4646 10.2
      vertex 49.1144 16.3963 10.2
    endloop
  endfacet
  facet normal 0 0 1
    outer loop
      vertex 48.1235 18.6213 10.2
      vertex 47.1646 16.8611 10.2
      vertex 47.2201 16.7685 10.2
    endloop
  endfacet
  facet normal 0 0 1
    outer loop
      vertex 45.1114 19.0141 10.2
      vertex 47.3 19.3677 10.2
      vertex 47.3036 19.4412 10.2
    endloop
  endfacet
  facet normal 0 0 1
    outer loop
      vertex 48.05 18.6177 10.2
      vertex 47.1003 16.9478 10.2
      vertex 47.1646 16.8611 10.2
    endloop
  endfacet
  facet normal -0 0 1
    outer loop
      vertex 44.9803 18.8374 10.2
      vertex 45.9307 17.3026 10.2
      vertex 45.0298 18.8919 10.2
    endloop
  endfacet
  facet normal 0 0 1
    outer loop
      vertex 45.1114 19.0141 10.2
      vertex 47.3144 19.514 10.2
      vertex 47.3323 19.5854 10.2
    endloop
  endfacet
  facet normal 0 0 1
    outer loop
      vertex 47.9037 18.6321 10.2
      vertex 47.0278 17.0278 10.2
      vertex 47.1003 16.9478 10.2
    endloop
  endfacet
  facet normal 0 0 1
    outer loop
      vertex 47.8323 18.65 10.2
      vertex 46.9478 17.1003 10.2
      vertex 47.0278 17.0278 10.2
    endloop
  endfacet
  facet normal 0 0 1
    outer loop
      vertex 47.763 18.6748 10.2
      vertex 46.8611 17.1646 10.2
      vertex 46.9478 17.1003 10.2
    endloop
  endfacet
  facet normal 0 0 1
    outer loop
      vertex 47.6965 18.7062 10.2
      vertex 46.7685 17.2201 10.2
      vertex 46.8611 17.1646 10.2
    endloop
  endfacet
  facet normal 0 0 1
    outer loop
      vertex 47.6333 18.7441 10.2
      vertex 46.671 17.2663 10.2
      vertex 46.7685 17.2201 10.2
    endloop
  endfacet
  facet normal 0 0 1
    outer loop
      vertex 47.5197 18.8374 10.2
      vertex 46.5693 17.3026 10.2
      vertex 46.671 17.2663 10.2
    endloop
  endfacet
  facet normal 0 0 1
    outer loop
      vertex 47.4702 18.8919 10.2
      vertex 46.4646 17.3289 10.2
      vertex 46.5693 17.3026 10.2
    endloop
  endfacet
  facet normal 0 0 1
    outer loop
      vertex 47.4264 18.951 10.2
      vertex 46.3578 17.3447 10.2
      vertex 46.4646 17.3289 10.2
    endloop
  endfacet
  facet normal 0 0 1
    outer loop
      vertex 47.3886 19.0141 10.2
      vertex 46.25 17.35 10.2
      vertex 46.3578 17.3447 10.2
    endloop
  endfacet
  facet normal -0 0 1
    outer loop
      vertex 45.1114 19.0141 10.2
      vertex 46.25 17.35 10.2
      vertex 47.3571 19.0807 10.2
    endloop
  endfacet
  facet normal 0 0 1
    outer loop
      vertex 46.25 17.35 10.2
      vertex 45.1114 19.0141 10.2
      vertex 46.1422 17.3447 10.2
    endloop
  endfacet
  facet normal -0 0 1
    outer loop
      vertex 45.0736 18.951 10.2
      vertex 46.1422 17.3447 10.2
      vertex 45.1114 19.0141 10.2
    endloop
  endfacet
  facet normal 0 0 1
    outer loop
      vertex 46.1422 17.3447 10.2
      vertex 45.0736 18.951 10.2
      vertex 46.0354 17.3289 10.2
    endloop
  endfacet
  facet normal 0 0 1
    outer loop
      vertex 44.0834 34.9939 10.2
      vertex 48.6601 36.9558 10.2
      vertex 48.6903 37.1597 10.2
    endloop
  endfacet
  facet normal -0 0 1
    outer loop
      vertex 45.0298 18.8919 10.2
      vertex 46.0354 17.3289 10.2
      vertex 45.0736 18.951 10.2
    endloop
  endfacet
  facet normal 0 0 1
    outer loop
      vertex 45.1114 19.0141 10.2
      vertex 47.3036 19.4412 10.2
      vertex 47.3144 19.514 10.2
    endloop
  endfacet
  facet normal 0 0 1
    outer loop
      vertex 46.0354 17.3289 10.2
      vertex 45.0298 18.8919 10.2
      vertex 45.9307 17.3026 10.2
    endloop
  endfacet
  facet normal 0 0 1
    outer loop
      vertex 43.8056 35.1603 10.2
      vertex 48.6903 37.1597 10.2
      vertex 48.7404 37.3596 10.2
    endloop
  endfacet
  facet normal 0 0 1
    outer loop
      vertex 43.5129 35.2988 10.2
      vertex 48.7404 37.3596 10.2
      vertex 48.8099 37.5536 10.2
    endloop
  endfacet
  facet normal 0 0 1
    outer loop
      vertex 43.5129 35.2988 10.2
      vertex 48.8099 37.5536 10.2
      vertex 48.898 37.7399 10.2
    endloop
  endfacet
  facet normal 0 0 1
    outer loop
      vertex 49.1267 38.0822 10.2
      vertex 42.8938 35.4866 10.2
      vertex 49.0039 37.9167 10.2
    endloop
  endfacet
  facet normal 0 0 1
    outer loop
      vertex 48.6601 36.5442 10.2
      vertex 45.5341 32.5735 10.2
      vertex 45.55 32.25 10.2
    endloop
  endfacet
  facet normal 0 0 1
    outer loop
      vertex 48.6601 36.5442 10.2
      vertex 45.4866 32.8938 10.2
      vertex 45.5341 32.5735 10.2
    endloop
  endfacet
  facet normal 0 0 1
    outer loop
      vertex 48.6601 36.5442 10.2
      vertex 45.4079 33.2079 10.2
      vertex 45.4866 32.8938 10.2
    endloop
  endfacet
  facet normal 0 0 1
    outer loop
      vertex 48.6601 36.5442 10.2
      vertex 45.2988 33.5129 10.2
      vertex 45.4079 33.2079 10.2
    endloop
  endfacet
  facet normal 0 0 1
    outer loop
      vertex 48.6601 36.5442 10.2
      vertex 45.1603 33.8056 10.2
      vertex 45.2988 33.5129 10.2
    endloop
  endfacet
  facet normal 0 0 1
    outer loop
      vertex 48.6601 36.5442 10.2
      vertex 44.9939 34.0834 10.2
      vertex 45.1603 33.8056 10.2
    endloop
  endfacet
  facet normal 0 0 1
    outer loop
      vertex 48.6601 36.5442 10.2
      vertex 44.8009 34.3435 10.2
      vertex 44.9939 34.0834 10.2
    endloop
  endfacet
  facet normal 0 0 1
    outer loop
      vertex 48.6601 36.5442 10.2
      vertex 44.5835 34.5835 10.2
      vertex 44.8009 34.3435 10.2
    endloop
  endfacet
  facet normal 0 0 1
    outer loop
      vertex 48.65 36.75 10.2
      vertex 44.3435 34.8009 10.2
      vertex 44.5835 34.5835 10.2
    endloop
  endfacet
  facet normal 0 0 1
    outer loop
      vertex 48.6601 36.9558 10.2
      vertex 44.0834 34.9939 10.2
      vertex 44.3435 34.8009 10.2
    endloop
  endfacet
  facet normal 0 0 1
    outer loop
      vertex 48.6903 37.1597 10.2
      vertex 43.8056 35.1603 10.2
      vertex 44.0834 34.9939 10.2
    endloop
  endfacet
  facet normal 0 0 1
    outer loop
      vertex 48.7404 37.3596 10.2
      vertex 43.5129 35.2988 10.2
      vertex 43.8056 35.1603 10.2
    endloop
  endfacet
  facet normal 0 0 1
    outer loop
      vertex 48.898 37.7399 10.2
      vertex 43.2079 35.4079 10.2
      vertex 43.5129 35.2988 10.2
    endloop
  endfacet
  facet normal 0 0 1
    outer loop
      vertex 49.0039 37.9167 10.2
      vertex 43.2079 35.4079 10.2
      vertex 48.898 37.7399 10.2
    endloop
  endfacet
  facet normal 0 -0 1
    outer loop
      vertex 43.2079 35.4079 10.2
      vertex 49.0039 37.9167 10.2
      vertex 42.8938 35.4866 10.2
    endloop
  endfacet
  facet normal 0 0 1
    outer loop
      vertex 51.5 42.5 10.2
      vertex 42.25 35.55 10.2
      vertex 42.5735 35.5341 10.2
    endloop
  endfacet
  facet normal 0 0 1
    outer loop
      vertex 51.5 42.5 10.2
      vertex 41.9265 35.5341 10.2
      vertex 42.25 35.55 10.2
    endloop
  endfacet
  facet normal 0 0 1
    outer loop
      vertex 51.5 42.5 10.2
      vertex 41.6062 35.4866 10.2
      vertex 41.9265 35.5341 10.2
    endloop
  endfacet
  facet normal 0 0 1
    outer loop
      vertex 51.5 42.5 10.2
      vertex 41.2921 35.4079 10.2
      vertex 41.6062 35.4866 10.2
    endloop
  endfacet
  facet normal 0 0 1
    outer loop
      vertex 29.2079 35.4079 10.2
      vertex 41.2921 35.4079 10.2
      vertex 51.5 42.5 10.2
    endloop
  endfacet
  facet normal 0 0 1
    outer loop
      vertex 41.2921 35.4079 10.2
      vertex 29.2079 35.4079 10.2
      vertex 40.9871 35.2988 10.2
    endloop
  endfacet
  facet normal 0 -0 1
    outer loop
      vertex 29.5129 35.2988 10.2
      vertex 40.9871 35.2988 10.2
      vertex 29.2079 35.4079 10.2
    endloop
  endfacet
  facet normal 0 0 1
    outer loop
      vertex 38.9659 32.5735 10.2
      vertex 31.55 32.25 10.2
      vertex 38.95 32.25 10.2
    endloop
  endfacet
  facet normal 0 0 1
    outer loop
      vertex 31.5341 32.5735 10.2
      vertex 38.9659 32.5735 10.2
      vertex 39.0134 32.8938 10.2
    endloop
  endfacet
  facet normal 0 0 1
    outer loop
      vertex 31.4866 32.8938 10.2
      vertex 39.0134 32.8938 10.2
      vertex 39.0921 33.2079 10.2
    endloop
  endfacet
  facet normal 0 0 1
    outer loop
      vertex 31.4079 33.2079 10.2
      vertex 39.0921 33.2079 10.2
      vertex 39.2012 33.5129 10.2
    endloop
  endfacet
  facet normal 0 0 1
    outer loop
      vertex 31.2988 33.5129 10.2
      vertex 39.2012 33.5129 10.2
      vertex 39.3397 33.8056 10.2
    endloop
  endfacet
  facet normal 0 0 1
    outer loop
      vertex 31.1603 33.8056 10.2
      vertex 39.3397 33.8056 10.2
      vertex 39.5061 34.0834 10.2
    endloop
  endfacet
  facet normal 0 0 1
    outer loop
      vertex 30.9938 34.0834 10.2
      vertex 39.5061 34.0834 10.2
      vertex 39.6991 34.3435 10.2
    endloop
  endfacet
  facet normal 0 0 1
    outer loop
      vertex 30.8009 34.3435 10.2
      vertex 39.6991 34.3435 10.2
      vertex 39.9165 34.5835 10.2
    endloop
  endfacet
  facet normal 0 0 1
    outer loop
      vertex 30.5835 34.5835 10.2
      vertex 39.9165 34.5835 10.2
      vertex 40.1565 34.8009 10.2
    endloop
  endfacet
  facet normal 0 0 1
    outer loop
      vertex 30.3435 34.8009 10.2
      vertex 40.1565 34.8009 10.2
      vertex 40.4166 34.9939 10.2
    endloop
  endfacet
  facet normal 0 0 1
    outer loop
      vertex 40.9871 35.2988 10.2
      vertex 29.5129 35.2988 10.2
      vertex 40.6944 35.1603 10.2
    endloop
  endfacet
  facet normal 0 0 1
    outer loop
      vertex 38.9659 32.5735 10.2
      vertex 31.5341 32.5735 10.2
      vertex 31.55 32.25 10.2
    endloop
  endfacet
  facet normal 0 0 1
    outer loop
      vertex 39.0134 32.8938 10.2
      vertex 31.4866 32.8938 10.2
      vertex 31.5341 32.5735 10.2
    endloop
  endfacet
  facet normal 0 0 1
    outer loop
      vertex 39.0921 33.2079 10.2
      vertex 31.4079 33.2079 10.2
      vertex 31.4866 32.8938 10.2
    endloop
  endfacet
  facet normal 0 0 1
    outer loop
      vertex 39.2012 33.5129 10.2
      vertex 31.2988 33.5129 10.2
      vertex 31.4079 33.2079 10.2
    endloop
  endfacet
  facet normal 0 0 1
    outer loop
      vertex 39.3397 33.8056 10.2
      vertex 31.1603 33.8056 10.2
      vertex 31.2988 33.5129 10.2
    endloop
  endfacet
  facet normal 0 0 1
    outer loop
      vertex 39.5061 34.0834 10.2
      vertex 30.9938 34.0834 10.2
      vertex 31.1603 33.8056 10.2
    endloop
  endfacet
  facet normal 0 0 1
    outer loop
      vertex 39.6991 34.3435 10.2
      vertex 30.8009 34.3435 10.2
      vertex 30.9938 34.0834 10.2
    endloop
  endfacet
  facet normal 0 0 1
    outer loop
      vertex 39.9165 34.5835 10.2
      vertex 30.5835 34.5835 10.2
      vertex 30.8009 34.3435 10.2
    endloop
  endfacet
  facet normal 0 0 1
    outer loop
      vertex 40.1565 34.8009 10.2
      vertex 30.3435 34.8009 10.2
      vertex 30.5835 34.5835 10.2
    endloop
  endfacet
  facet normal 0 0 1
    outer loop
      vertex 40.4166 34.9939 10.2
      vertex 30.0834 34.9939 10.2
      vertex 30.3435 34.8009 10.2
    endloop
  endfacet
  facet normal 0 0 1
    outer loop
      vertex 40.4166 34.9939 10.2
      vertex 29.8056 35.1603 10.2
      vertex 30.0834 34.9939 10.2
    endloop
  endfacet
  facet normal 0 0 1
    outer loop
      vertex 40.6944 35.1603 10.2
      vertex 29.8056 35.1603 10.2
      vertex 40.4166 34.9939 10.2
    endloop
  endfacet
  facet normal 0 -0 1
    outer loop
      vertex 29.8056 35.1603 10.2
      vertex 40.6944 35.1603 10.2
      vertex 29.5129 35.2988 10.2
    endloop
  endfacet
  facet normal 0 0 1
    outer loop
      vertex 51.5 42.5 10.2
      vertex 28.8938 35.4866 10.2
      vertex 29.2079 35.4079 10.2
    endloop
  endfacet
  facet normal 0 0 1
    outer loop
      vertex 51.5 42.5 10.2
      vertex 28.5735 35.5341 10.2
      vertex 28.8938 35.4866 10.2
    endloop
  endfacet
  facet normal 0 0 1
    outer loop
      vertex 51.5 42.5 10.2
      vertex 28.25 35.55 10.2
      vertex 28.5735 35.5341 10.2
    endloop
  endfacet
  facet normal -0 0 1
    outer loop
      vertex 5 42.5 10.2
      vertex 28.25 35.55 10.2
      vertex 51.5 42.5 10.2
    endloop
  endfacet
  facet normal 0 0 1
    outer loop
      vertex 28.25 35.55 10.2
      vertex 5 42.5 10.2
      vertex 27.9265 35.5341 10.2
    endloop
  endfacet
  facet normal 0 0 1
    outer loop
      vertex 27.9265 35.5341 10.2
      vertex 5 42.5 10.2
      vertex 27.6062 35.4866 10.2
    endloop
  endfacet
  facet normal 0 0 1
    outer loop
      vertex 24.9659 32.5735 10.2
      vertex 17.55 32.25 10.2
      vertex 24.95 32.25 10.2
    endloop
  endfacet
  facet normal 0 0 1
    outer loop
      vertex 17.5341 32.5735 10.2
      vertex 24.9659 32.5735 10.2
      vertex 25.0134 32.8938 10.2
    endloop
  endfacet
  facet normal 0 0 1
    outer loop
      vertex 17.4866 32.8938 10.2
      vertex 25.0134 32.8938 10.2
      vertex 25.0921 33.2079 10.2
    endloop
  endfacet
  facet normal 0 0 1
    outer loop
      vertex 17.4079 33.2079 10.2
      vertex 25.0921 33.2079 10.2
      vertex 25.2012 33.5129 10.2
    endloop
  endfacet
  facet normal 0 0 1
    outer loop
      vertex 17.2988 33.5129 10.2
      vertex 25.2012 33.5129 10.2
      vertex 25.3397 33.8056 10.2
    endloop
  endfacet
  facet normal 0 0 1
    outer loop
      vertex 17.1603 33.8056 10.2
      vertex 25.3397 33.8056 10.2
      vertex 25.5061 34.0834 10.2
    endloop
  endfacet
  facet normal 0 0 1
    outer loop
      vertex 16.9938 34.0834 10.2
      vertex 25.5061 34.0834 10.2
      vertex 25.6991 34.3435 10.2
    endloop
  endfacet
  facet normal 0 0 1
    outer loop
      vertex 16.8009 34.3435 10.2
      vertex 25.6991 34.3435 10.2
      vertex 25.9165 34.5835 10.2
    endloop
  endfacet
  facet normal 0 0 1
    outer loop
      vertex 16.5835 34.5835 10.2
      vertex 25.9165 34.5835 10.2
      vertex 26.1565 34.8009 10.2
    endloop
  endfacet
  facet normal 0 0 1
    outer loop
      vertex 16.3435 34.8009 10.2
      vertex 26.1565 34.8009 10.2
      vertex 26.4166 34.9939 10.2
    endloop
  endfacet
  facet normal 0 0 1
    outer loop
      vertex 16.0834 34.9939 10.2
      vertex 26.4166 34.9939 10.2
      vertex 26.6944 35.1603 10.2
    endloop
  endfacet
  facet normal 0 0 1
    outer loop
      vertex 15.8056 35.1603 10.2
      vertex 26.6944 35.1603 10.2
      vertex 26.9871 35.2988 10.2
    endloop
  endfacet
  facet normal 0 0 1
    outer loop
      vertex 15.5129 35.2988 10.2
      vertex 26.9871 35.2988 10.2
      vertex 27.2921 35.4079 10.2
    endloop
  endfacet
  facet normal 0 0 1
    outer loop
      vertex 24.9659 32.5735 10.2
      vertex 17.5341 32.5735 10.2
      vertex 17.55 32.25 10.2
    endloop
  endfacet
  facet normal 0 0 1
    outer loop
      vertex 27.6062 35.4866 10.2
      vertex 5 42.5 10.2
      vertex 27.2921 35.4079 10.2
    endloop
  endfacet
  facet normal 0 0 1
    outer loop
      vertex 25.0134 32.8938 10.2
      vertex 17.4866 32.8938 10.2
      vertex 17.5341 32.5735 10.2
    endloop
  endfacet
  facet normal 0 0 1
    outer loop
      vertex 25.0921 33.2079 10.2
      vertex 17.4079 33.2079 10.2
      vertex 17.4866 32.8938 10.2
    endloop
  endfacet
  facet normal 0 0 1
    outer loop
      vertex 25.2012 33.5129 10.2
      vertex 17.2988 33.5129 10.2
      vertex 17.4079 33.2079 10.2
    endloop
  endfacet
  facet normal 0 0 1
    outer loop
      vertex 25.3397 33.8056 10.2
      vertex 17.1603 33.8056 10.2
      vertex 17.2988 33.5129 10.2
    endloop
  endfacet
  facet normal 0 0 1
    outer loop
      vertex 25.5061 34.0834 10.2
      vertex 16.9938 34.0834 10.2
      vertex 17.1603 33.8056 10.2
    endloop
  endfacet
  facet normal 0 0 1
    outer loop
      vertex 25.6991 34.3435 10.2
      vertex 16.8009 34.3435 10.2
      vertex 16.9938 34.0834 10.2
    endloop
  endfacet
  facet normal 0 0 1
    outer loop
      vertex 25.9165 34.5835 10.2
      vertex 16.5835 34.5835 10.2
      vertex 16.8009 34.3435 10.2
    endloop
  endfacet
  facet normal 0 0 1
    outer loop
      vertex 26.1565 34.8009 10.2
      vertex 16.3435 34.8009 10.2
      vertex 16.5835 34.5835 10.2
    endloop
  endfacet
  facet normal 0 0 1
    outer loop
      vertex 26.4166 34.9939 10.2
      vertex 16.0834 34.9939 10.2
      vertex 16.3435 34.8009 10.2
    endloop
  endfacet
  facet normal 0 0 1
    outer loop
      vertex 26.6944 35.1603 10.2
      vertex 15.8056 35.1603 10.2
      vertex 16.0834 34.9939 10.2
    endloop
  endfacet
  facet normal 0 0 1
    outer loop
      vertex 26.9871 35.2988 10.2
      vertex 15.5129 35.2988 10.2
      vertex 15.8056 35.1603 10.2
    endloop
  endfacet
  facet normal 0 -0 1
    outer loop
      vertex 15.2079 35.4079 10.2
      vertex 27.2921 35.4079 10.2
      vertex 5 42.5 10.2
    endloop
  endfacet
  facet normal 0 0 1
    outer loop
      vertex 27.2921 35.4079 10.2
      vertex 15.2079 35.4079 10.2
      vertex 15.5129 35.2988 10.2
    endloop
  endfacet
  facet normal 0 0 1
    outer loop
      vertex 15.2079 35.4079 10.2
      vertex 5 42.5 10.2
      vertex 14.8938 35.4866 10.2
    endloop
  endfacet
  facet normal 0 0 1
    outer loop
      vertex 14.8938 35.4866 10.2
      vertex 5 42.5 10.2
      vertex 14.5735 35.5341 10.2
    endloop
  endfacet
  facet normal 0 0 1
    outer loop
      vertex 14.5735 35.5341 10.2
      vertex 5 42.5 10.2
      vertex 14.25 35.55 10.2
    endloop
  endfacet
  facet normal 0 0 1
    outer loop
      vertex 14.25 35.55 10.2
      vertex 5 42.5 10.2
      vertex 13.9265 35.5341 10.2
    endloop
  endfacet
  facet normal -0 0 1
    outer loop
      vertex 7.60203 35.7601 10.2
      vertex 11.3397 33.8056 10.2
      vertex 7.69015 35.9464 10.2
    endloop
  endfacet
  facet normal 0 0 1
    outer loop
      vertex 11.5062 34.0834 10.2
      vertex 7.69015 35.9464 10.2
      vertex 11.3397 33.8056 10.2
    endloop
  endfacet
  facet normal -0 0 1
    outer loop
      vertex 7.69015 35.9464 10.2
      vertex 11.5062 34.0834 10.2
      vertex 7.75957 36.1404 10.2
    endloop
  endfacet
  facet normal 0 0 1
    outer loop
      vertex 11.6991 34.3435 10.2
      vertex 7.75957 36.1404 10.2
      vertex 11.5062 34.0834 10.2
    endloop
  endfacet
  facet normal -0 0 1
    outer loop
      vertex 7.75957 36.1404 10.2
      vertex 11.6991 34.3435 10.2
      vertex 7.80965 36.3403 10.2
    endloop
  endfacet
  facet normal 0 0 1
    outer loop
      vertex 11.9165 34.5835 10.2
      vertex 7.80965 36.3403 10.2
      vertex 11.6991 34.3435 10.2
    endloop
  endfacet
  facet normal -0 0 1
    outer loop
      vertex 7.80965 36.3403 10.2
      vertex 11.9165 34.5835 10.2
      vertex 7.83989 36.5442 10.2
    endloop
  endfacet
  facet normal -0 0 1
    outer loop
      vertex 7.83989 36.5442 10.2
      vertex 11.9165 34.5835 10.2
      vertex 7.85 36.75 10.2
    endloop
  endfacet
  facet normal 0 0 1
    outer loop
      vertex 12.1565 34.8009 10.2
      vertex 7.85 36.75 10.2
      vertex 11.9165 34.5835 10.2
    endloop
  endfacet
  facet normal 0 0 1
    outer loop
      vertex 7.83989 36.9558 10.2
      vertex 12.1565 34.8009 10.2
      vertex 12.4166 34.9939 10.2
    endloop
  endfacet
  facet normal 0 0 1
    outer loop
      vertex 7.80965 37.1597 10.2
      vertex 12.4166 34.9939 10.2
      vertex 12.6944 35.1603 10.2
    endloop
  endfacet
  facet normal 0 0 1
    outer loop
      vertex 7.75957 37.3596 10.2
      vertex 12.6944 35.1603 10.2
      vertex 12.9871 35.2988 10.2
    endloop
  endfacet
  facet normal 0 0 1
    outer loop
      vertex 7.69015 37.5536 10.2
      vertex 12.9871 35.2988 10.2
      vertex 13.2921 35.4079 10.2
    endloop
  endfacet
  facet normal 0 0 1
    outer loop
      vertex 7.49609 37.9167 10.2
      vertex 13.2921 35.4079 10.2
      vertex 13.6062 35.4866 10.2
    endloop
  endfacet
  facet normal -0 -0 1
    outer loop
      vertex 7.23492 38.2349 10.2
      vertex 13.9265 35.5341 10.2
      vertex 5 42.5 10.2
    endloop
  endfacet
  facet normal 0 0 1
    outer loop
      vertex 12.1565 34.8009 10.2
      vertex 7.83989 36.9558 10.2
      vertex 7.85 36.75 10.2
    endloop
  endfacet
  facet normal 0 0 1
    outer loop
      vertex 12.4166 34.9939 10.2
      vertex 7.80965 37.1597 10.2
      vertex 7.83989 36.9558 10.2
    endloop
  endfacet
  facet normal 0 0 1
    outer loop
      vertex 12.6944 35.1603 10.2
      vertex 7.75957 37.3596 10.2
      vertex 7.80965 37.1597 10.2
    endloop
  endfacet
  facet normal 0 0 1
    outer loop
      vertex 12.9871 35.2988 10.2
      vertex 7.69015 37.5536 10.2
      vertex 7.75957 37.3596 10.2
    endloop
  endfacet
  facet normal 0 0 1
    outer loop
      vertex 13.2921 35.4079 10.2
      vertex 7.60203 37.7399 10.2
      vertex 7.69015 37.5536 10.2
    endloop
  endfacet
  facet normal 0 0 1
    outer loop
      vertex 13.2921 35.4079 10.2
      vertex 7.49609 37.9167 10.2
      vertex 7.60203 37.7399 10.2
    endloop
  endfacet
  facet normal -0 -0 1
    outer loop
      vertex 7.37332 38.0822 10.2
      vertex 13.9265 35.5341 10.2
      vertex 7.23492 38.2349 10.2
    endloop
  endfacet
  facet normal 0 0 1
    outer loop
      vertex 13.6062 35.4866 10.2
      vertex 7.37332 38.0822 10.2
      vertex 7.49609 37.9167 10.2
    endloop
  endfacet
  facet normal 0 0 1
    outer loop
      vertex 13.9265 35.5341 10.2
      vertex 7.37332 38.0822 10.2
      vertex 13.6062 35.4866 10.2
    endloop
  endfacet
  facet normal 0 0 1
    outer loop
      vertex 7.23492 38.2349 10.2
      vertex 5 42.5 10.2
      vertex 7.08223 38.3733 10.2
    endloop
  endfacet
  facet normal 0 0 1
    outer loop
      vertex 7.08223 38.3733 10.2
      vertex 5 42.5 10.2
      vertex 6.9167 38.4961 10.2
    endloop
  endfacet
  facet normal 0 0 1
    outer loop
      vertex 6.9167 38.4961 10.2
      vertex 5 42.5 10.2
      vertex 6.73993 38.602 10.2
    endloop
  endfacet
  facet normal 0 0 1
    outer loop
      vertex 6.73993 38.602 10.2
      vertex 5 42.5 10.2
      vertex 6.55363 38.6901 10.2
    endloop
  endfacet
  facet normal 0 0 1
    outer loop
      vertex 6.55363 38.6901 10.2
      vertex 5 42.5 10.2
      vertex 6.3596 38.7596 10.2
    endloop
  endfacet
  facet normal 0 0 1
    outer loop
      vertex 6.3596 38.7596 10.2
      vertex 5 42.5 10.2
      vertex 6.15969 38.8096 10.2
    endloop
  endfacet
  facet normal 0 0 1
    outer loop
      vertex 6.15969 38.8096 10.2
      vertex 5 42.5 10.2
      vertex 5.95584 38.8399 10.2
    endloop
  endfacet
  facet normal 0 0 1
    outer loop
      vertex 5.95584 38.8399 10.2
      vertex 5 42.5 10.2
      vertex 5.75 38.85 10.2
    endloop
  endfacet
  facet normal 0 0 1
    outer loop
      vertex 5.75 38.85 10.2
      vertex 5 42.5 10.2
      vertex 5.54416 38.8399 10.2
    endloop
  endfacet
  facet normal 0 0 1
    outer loop
      vertex 5 42.5 10.2
      vertex 5.34031 38.8096 10.2
      vertex 5.54416 38.8399 10.2
    endloop
  endfacet
  facet normal -0 0 1
    outer loop
      vertex 4.50991 42.4759 10.2
      vertex 5.34031 38.8096 10.2
      vertex 5 42.5 10.2
    endloop
  endfacet
  facet normal 0 0 1
    outer loop
      vertex 5.34031 38.8096 10.2
      vertex 4.50991 42.4759 10.2
      vertex 5.1404 38.7596 10.2
    endloop
  endfacet
  facet normal -0 0 1
    outer loop
      vertex 4.02455 42.4039 10.2
      vertex 5.1404 38.7596 10.2
      vertex 4.50991 42.4759 10.2
    endloop
  endfacet
  facet normal 0 0 1
    outer loop
      vertex 5.1404 38.7596 10.2
      vertex 4.02455 42.4039 10.2
      vertex 4.94636 38.6901 10.2
    endloop
  endfacet
  facet normal -0 0 1
    outer loop
      vertex 3.54858 42.2847 10.2
      vertex 4.94636 38.6901 10.2
      vertex 4.02455 42.4039 10.2
    endloop
  endfacet
  facet normal 0 0 1
    outer loop
      vertex 4.94636 38.6901 10.2
      vertex 3.54858 42.2847 10.2
      vertex 4.76007 38.602 10.2
    endloop
  endfacet
  facet normal -0 0 1
    outer loop
      vertex 3.08658 42.1194 10.2
      vertex 4.76007 38.602 10.2
      vertex 3.54858 42.2847 10.2
    endloop
  endfacet
  facet normal -0 0 1
    outer loop
      vertex 2.64302 41.9096 10.2
      vertex 4.76007 38.602 10.2
      vertex 3.08658 42.1194 10.2
    endloop
  endfacet
  facet normal 0 0 1
    outer loop
      vertex 4.76007 38.602 10.2
      vertex 2.64302 41.9096 10.2
      vertex 4.5833 38.4961 10.2
    endloop
  endfacet
  facet normal -0 0 1
    outer loop
      vertex 2.22215 41.6573 10.2
      vertex 4.5833 38.4961 10.2
      vertex 2.64302 41.9096 10.2
    endloop
  endfacet
  facet normal 0 0 1
    outer loop
      vertex 4.5833 38.4961 10.2
      vertex 2.22215 41.6573 10.2
      vertex 4.41777 38.3733 10.2
    endloop
  endfacet
  facet normal -0 0 1
    outer loop
      vertex 1.82803 41.3651 10.2
      vertex 4.41777 38.3733 10.2
      vertex 2.22215 41.6573 10.2
    endloop
  endfacet
  facet normal 0 0 1
    outer loop
      vertex 4.41777 38.3733 10.2
      vertex 1.82803 41.3651 10.2
      vertex 4.26508 38.2349 10.2
    endloop
  endfacet
  facet normal -0 0 1
    outer loop
      vertex 1.46447 41.0355 10.2
      vertex 4.26508 38.2349 10.2
      vertex 1.82803 41.3651 10.2
    endloop
  endfacet
  facet normal -0 0 1
    outer loop
      vertex 1.13495 40.672 10.2
      vertex 4.26508 38.2349 10.2
      vertex 1.46447 41.0355 10.2
    endloop
  endfacet
  facet normal 0 0 1
    outer loop
      vertex 4.12668 38.0822 10.2
      vertex 0.842651 40.2779 10.2
      vertex 4.00391 37.9167 10.2
    endloop
  endfacet
  facet normal -0 0 1
    outer loop
      vertex 0.842651 40.2779 10.2
      vertex 4.12668 38.0822 10.2
      vertex 1.13495 40.672 10.2
    endloop
  endfacet
  facet normal 0 0 1
    outer loop
      vertex 4.26508 38.2349 10.2
      vertex 1.13495 40.672 10.2
      vertex 4.12668 38.0822 10.2
    endloop
  endfacet
  facet normal -0 0 1
    outer loop
      vertex 52.3733 4.41777 10.2
      vertex 55.6573 2.22215 10.2
      vertex 52.4961 4.5833 10.2
    endloop
  endfacet
  facet normal 0 0 1
    outer loop
      vertex 55.6573 2.22215 10.2
      vertex 52.3733 4.41777 10.2
      vertex 55.3651 1.82803 10.2
    endloop
  endfacet
  facet normal -0 0 1
    outer loop
      vertex 52.2349 4.26508 10.2
      vertex 55.3651 1.82803 10.2
      vertex 52.3733 4.41777 10.2
    endloop
  endfacet
  facet normal 0 0 1
    outer loop
      vertex 55.3651 1.82803 10.2
      vertex 52.2349 4.26508 10.2
      vertex 55.0355 1.46447 10.2
    endloop
  endfacet
  facet normal 0 0 1
    outer loop
      vertex 55.0355 1.46447 10.2
      vertex 52.2349 4.26508 10.2
      vertex 54.672 1.13495 10.2
    endloop
  endfacet
  facet normal -0 0 1
    outer loop
      vertex 52.0822 4.12668 10.2
      vertex 54.672 1.13495 10.2
      vertex 52.2349 4.26508 10.2
    endloop
  endfacet
  facet normal 0 0 1
    outer loop
      vertex 54.672 1.13495 10.2
      vertex 52.0822 4.12668 10.2
      vertex 54.2779 0.842651 10.2
    endloop
  endfacet
  facet normal -0 0 1
    outer loop
      vertex 51.9167 4.00391 10.2
      vertex 54.2779 0.842651 10.2
      vertex 52.0822 4.12668 10.2
    endloop
  endfacet
  facet normal 0 0 1
    outer loop
      vertex 54.2779 0.842651 10.2
      vertex 51.9167 4.00391 10.2
      vertex 53.857 0.590393 10.2
    endloop
  endfacet
  facet normal -0 0 1
    outer loop
      vertex 51.7399 3.89796 10.2
      vertex 53.857 0.590393 10.2
      vertex 51.9167 4.00391 10.2
    endloop
  endfacet
  facet normal 0 0 1
    outer loop
      vertex 53.857 0.590393 10.2
      vertex 51.7399 3.89796 10.2
      vertex 53.4134 0.380602 10.2
    endloop
  endfacet
  facet normal 0 0 1
    outer loop
      vertex 53.4134 0.380602 10.2
      vertex 51.7399 3.89796 10.2
      vertex 52.9514 0.215298 10.2
    endloop
  endfacet
  facet normal -0 0 1
    outer loop
      vertex 51.5536 3.80985 10.2
      vertex 52.9514 0.215298 10.2
      vertex 51.7399 3.89796 10.2
    endloop
  endfacet
  facet normal 0 0 1
    outer loop
      vertex 52.9514 0.215298 10.2
      vertex 51.5536 3.80985 10.2
      vertex 52.4755 0.0960732 10.2
    endloop
  endfacet
  facet normal -0 0 1
    outer loop
      vertex 51.3596 3.74043 10.2
      vertex 52.4755 0.0960732 10.2
      vertex 51.5536 3.80985 10.2
    endloop
  endfacet
  facet normal 0 0 1
    outer loop
      vertex 52.4755 0.0960732 10.2
      vertex 51.3596 3.74043 10.2
      vertex 51.9901 0.0240755 10.2
    endloop
  endfacet
  facet normal -0 0 1
    outer loop
      vertex 51.1597 3.69035 10.2
      vertex 51.9901 0.0240755 10.2
      vertex 51.3596 3.74043 10.2
    endloop
  endfacet
  facet normal 0 0 1
    outer loop
      vertex 51.9901 0.0240755 10.2
      vertex 51.1597 3.69035 10.2
      vertex 51.5 0 10.2
    endloop
  endfacet
  facet normal -0 0 1
    outer loop
      vertex 50.9558 3.66011 10.2
      vertex 51.5 0 10.2
      vertex 51.1597 3.69035 10.2
    endloop
  endfacet
  facet normal -0 0 1
    outer loop
      vertex 50.75 3.65 10.2
      vertex 51.5 0 10.2
      vertex 50.9558 3.66011 10.2
    endloop
  endfacet
  facet normal 0 0 1
    outer loop
      vertex 50.5442 3.66011 10.2
      vertex 51.5 0 10.2
      vertex 50.75 3.65 10.2
    endloop
  endfacet
  facet normal 0 0 1
    outer loop
      vertex 50.3403 3.69035 10.2
      vertex 51.5 0 10.2
      vertex 50.5442 3.66011 10.2
    endloop
  endfacet
  facet normal 0 0 1
    outer loop
      vertex 50.1404 3.74043 10.2
      vertex 51.5 0 10.2
      vertex 50.3403 3.69035 10.2
    endloop
  endfacet
  facet normal 0 0 1
    outer loop
      vertex 49.9464 3.80985 10.2
      vertex 51.5 0 10.2
      vertex 50.1404 3.74043 10.2
    endloop
  endfacet
  facet normal 0 0 1
    outer loop
      vertex 49.7601 3.89796 10.2
      vertex 51.5 0 10.2
      vertex 49.9464 3.80985 10.2
    endloop
  endfacet
  facet normal 0 0 1
    outer loop
      vertex 49.5833 4.00391 10.2
      vertex 51.5 0 10.2
      vertex 49.7601 3.89796 10.2
    endloop
  endfacet
  facet normal 0 0 1
    outer loop
      vertex 49.4178 4.12668 10.2
      vertex 51.5 0 10.2
      vertex 49.5833 4.00391 10.2
    endloop
  endfacet
  facet normal 0 0 1
    outer loop
      vertex 49.2651 4.26508 10.2
      vertex 51.5 0 10.2
      vertex 49.4178 4.12668 10.2
    endloop
  endfacet
  facet normal 0 0 1
    outer loop
      vertex 49.1267 4.41777 10.2
      vertex 51.5 0 10.2
      vertex 49.2651 4.26508 10.2
    endloop
  endfacet
  facet normal 0 0 1
    outer loop
      vertex 40 10.5 10.2
      vertex 49.1267 4.41777 10.2
      vertex 49.0039 4.5833 10.2
    endloop
  endfacet
  facet normal 0 0 1
    outer loop
      vertex 40 10.5 10.2
      vertex 49.0039 4.5833 10.2
      vertex 48.898 4.76007 10.2
    endloop
  endfacet
  facet normal 0 0 1
    outer loop
      vertex 47.9765 12.3859 10.2
      vertex 49.4178 7.37332 10.2
      vertex 48.05 12.3823 10.2
    endloop
  endfacet
  facet normal 0 0 1
    outer loop
      vertex 47.9037 12.3967 10.2
      vertex 49.4178 7.37332 10.2
      vertex 47.9765 12.3859 10.2
    endloop
  endfacet
  facet normal 0 0 1
    outer loop
      vertex 49.4178 7.37332 10.2
      vertex 47.9037 12.3967 10.2
      vertex 49.2651 7.23492 10.2
    endloop
  endfacet
  facet normal 0 0 1
    outer loop
      vertex 47.8323 12.4146 10.2
      vertex 49.2651 7.23492 10.2
      vertex 47.9037 12.3967 10.2
    endloop
  endfacet
  facet normal 0 0 1
    outer loop
      vertex 49.2651 7.23492 10.2
      vertex 47.8323 12.4146 10.2
      vertex 49.1267 7.08223 10.2
    endloop
  endfacet
  facet normal 0 0 1
    outer loop
      vertex 47.763 12.4394 10.2
      vertex 49.1267 7.08223 10.2
      vertex 47.8323 12.4146 10.2
    endloop
  endfacet
  facet normal -0 0 1
    outer loop
      vertex 44.737 12.4394 10.2
      vertex 49.1267 7.08223 10.2
      vertex 47.763 12.4394 10.2
    endloop
  endfacet
  facet normal 0 0 1
    outer loop
      vertex 49.1267 7.08223 10.2
      vertex 44.737 12.4394 10.2
      vertex 49.0039 6.9167 10.2
    endloop
  endfacet
  facet normal -0 0 1
    outer loop
      vertex 44.6677 12.4146 10.2
      vertex 49.0039 6.9167 10.2
      vertex 44.737 12.4394 10.2
    endloop
  endfacet
  facet normal 0 0 1
    outer loop
      vertex 49.0039 6.9167 10.2
      vertex 44.6677 12.4146 10.2
      vertex 48.898 6.73993 10.2
    endloop
  endfacet
  facet normal -0 0 1
    outer loop
      vertex 44.5963 12.3967 10.2
      vertex 48.898 6.73993 10.2
      vertex 44.6677 12.4146 10.2
    endloop
  endfacet
  facet normal 0 0 1
    outer loop
      vertex 48.898 6.73993 10.2
      vertex 44.5963 12.3967 10.2
      vertex 48.8099 6.55363 10.2
    endloop
  endfacet
  facet normal -0 0 1
    outer loop
      vertex 44.5235 12.3859 10.2
      vertex 48.8099 6.55363 10.2
      vertex 44.5963 12.3967 10.2
    endloop
  endfacet
  facet normal -0 0 1
    outer loop
      vertex 44.45 12.3823 10.2
      vertex 48.8099 6.55363 10.2
      vertex 44.5235 12.3859 10.2
    endloop
  endfacet
  facet normal 0 0 1
    outer loop
      vertex 44.737 12.4394 10.2
      vertex 47.763 12.4394 10.2
      vertex 47.6965 12.4709 10.2
    endloop
  endfacet
  facet normal 0 0 1
    outer loop
      vertex 44.8035 12.4709 10.2
      vertex 47.6965 12.4709 10.2
      vertex 47.6333 12.5087 10.2
    endloop
  endfacet
  facet normal 0 0 1
    outer loop
      vertex 44.8667 12.5087 10.2
      vertex 47.6333 12.5087 10.2
      vertex 47.5742 12.5526 10.2
    endloop
  endfacet
  facet normal 0 0 1
    outer loop
      vertex 48.8099 6.55363 10.2
      vertex 44.45 12.3823 10.2
      vertex 48.7404 6.3596 10.2
    endloop
  endfacet
  facet normal 0 0 1
    outer loop
      vertex 44.9258 12.5526 10.2
      vertex 47.5742 12.5526 10.2
      vertex 47.5197 12.602 10.2
    endloop
  endfacet
  facet normal 0 0 1
    outer loop
      vertex 44.9803 12.602 10.2
      vertex 47.5197 12.602 10.2
      vertex 47.4702 12.6565 10.2
    endloop
  endfacet
  facet normal 0 0 1
    outer loop
      vertex 45.0298 12.6565 10.2
      vertex 47.4702 12.6565 10.2
      vertex 47.4264 12.7156 10.2
    endloop
  endfacet
  facet normal 0 0 1
    outer loop
      vertex 45.0736 12.7156 10.2
      vertex 47.4264 12.7156 10.2
      vertex 47.3886 12.7788 10.2
    endloop
  endfacet
  facet normal 0 0 1
    outer loop
      vertex 45.1114 12.7788 10.2
      vertex 47.3886 12.7788 10.2
      vertex 47.3571 12.8453 10.2
    endloop
  endfacet
  facet normal 0 0 1
    outer loop
      vertex 45.1429 12.8453 10.2
      vertex 47.3571 12.8453 10.2
      vertex 47.3323 12.9146 10.2
    endloop
  endfacet
  facet normal 0 0 1
    outer loop
      vertex 45.1677 12.9146 10.2
      vertex 47.3323 12.9146 10.2
      vertex 47.3144 12.986 10.2
    endloop
  endfacet
  facet normal -0 0 1
    outer loop
      vertex 46.5693 15.1974 10.2
      vertex 47.5197 13.6626 10.2
      vertex 46.671 15.2337 10.2
    endloop
  endfacet
  facet normal 0 0 1
    outer loop
      vertex 47.5197 13.6626 10.2
      vertex 46.5693 15.1974 10.2
      vertex 47.4702 13.6081 10.2
    endloop
  endfacet
  facet normal -0 0 1
    outer loop
      vertex 46.4646 15.1711 10.2
      vertex 47.4702 13.6081 10.2
      vertex 46.5693 15.1974 10.2
    endloop
  endfacet
  facet normal 0 0 1
    outer loop
      vertex 47.4702 13.6081 10.2
      vertex 46.4646 15.1711 10.2
      vertex 47.4264 13.549 10.2
    endloop
  endfacet
  facet normal -0 0 1
    outer loop
      vertex 46.3578 15.1553 10.2
      vertex 47.4264 13.549 10.2
      vertex 46.4646 15.1711 10.2
    endloop
  endfacet
  facet normal 0 0 1
    outer loop
      vertex 47.4264 13.549 10.2
      vertex 46.3578 15.1553 10.2
      vertex 47.3886 13.4859 10.2
    endloop
  endfacet
  facet normal -0 0 1
    outer loop
      vertex 46.25 15.15 10.2
      vertex 47.3886 13.4859 10.2
      vertex 46.3578 15.1553 10.2
    endloop
  endfacet
  facet normal 0 0 1
    outer loop
      vertex 47.3886 13.4859 10.2
      vertex 46.25 15.15 10.2
      vertex 47.3571 13.4193 10.2
    endloop
  endfacet
  facet normal 0 0 1
    outer loop
      vertex 45.2 13.1323 10.2
      vertex 47.3571 13.4193 10.2
      vertex 46.25 15.15 10.2
    endloop
  endfacet
  facet normal 0 0 1
    outer loop
      vertex 47.3571 13.4193 10.2
      vertex 45.2 13.1323 10.2
      vertex 47.3323 13.35 10.2
    endloop
  endfacet
  facet normal 0 0 1
    outer loop
      vertex 47.3323 13.35 10.2
      vertex 45.2 13.1323 10.2
      vertex 47.3144 13.2786 10.2
    endloop
  endfacet
  facet normal 0 0 1
    outer loop
      vertex 47.3144 13.2786 10.2
      vertex 45.2 13.1323 10.2
      vertex 47.3036 13.2058 10.2
    endloop
  endfacet
  facet normal 0 0 1
    outer loop
      vertex 47.3036 13.2058 10.2
      vertex 45.2 13.1323 10.2
      vertex 47.3 13.1323 10.2
    endloop
  endfacet
  facet normal 0 0 1
    outer loop
      vertex 47.3 13.1323 10.2
      vertex 45.2 13.1323 10.2
      vertex 47.3036 13.0588 10.2
    endloop
  endfacet
  facet normal 0 0 1
    outer loop
      vertex 45.1964 13.0588 10.2
      vertex 47.3036 13.0588 10.2
      vertex 45.2 13.1323 10.2
    endloop
  endfacet
  facet normal 0 0 1
    outer loop
      vertex 45.2 13.1323 10.2
      vertex 46.25 15.15 10.2
      vertex 46.1422 15.1553 10.2
    endloop
  endfacet
  facet normal 0 0 1
    outer loop
      vertex 47.3144 12.986 10.2
      vertex 45.1856 12.986 10.2
      vertex 45.1677 12.9146 10.2
    endloop
  endfacet
  facet normal 0 0 1
    outer loop
      vertex 45.2 13.1323 10.2
      vertex 46.1422 15.1553 10.2
      vertex 46.0354 15.1711 10.2
    endloop
  endfacet
  facet normal 0 0 1
    outer loop
      vertex 45.2 13.1323 10.2
      vertex 46.0354 15.1711 10.2
      vertex 45.9307 15.1974 10.2
    endloop
  endfacet
  facet normal 0 0 1
    outer loop
      vertex 45.2 13.1323 10.2
      vertex 45.9307 15.1974 10.2
      vertex 45.829 15.2337 10.2
    endloop
  endfacet
  facet normal 0 0 1
    outer loop
      vertex 45.2 13.1323 10.2
      vertex 45.829 15.2337 10.2
      vertex 45.7315 15.2799 10.2
    endloop
  endfacet
  facet normal 0 0 1
    outer loop
      vertex 45.2 13.1323 10.2
      vertex 45.7315 15.2799 10.2
      vertex 45.6389 15.3354 10.2
    endloop
  endfacet
  facet normal 0 0 1
    outer loop
      vertex 45.2 13.1323 10.2
      vertex 45.6389 15.3354 10.2
      vertex 45.5522 15.3997 10.2
    endloop
  endfacet
  facet normal 0 0 1
    outer loop
      vertex 45.2 13.1323 10.2
      vertex 45.5522 15.3997 10.2
      vertex 45.4722 15.4722 10.2
    endloop
  endfacet
  facet normal 0 0 1
    outer loop
      vertex 45.2 13.1323 10.2
      vertex 45.4722 15.4722 10.2
      vertex 45.3997 15.5522 10.2
    endloop
  endfacet
  facet normal 0 0 1
    outer loop
      vertex 45.2 13.1323 10.2
      vertex 45.3997 15.5522 10.2
      vertex 45.3354 15.6389 10.2
    endloop
  endfacet
  facet normal 0 0 1
    outer loop
      vertex 45.2 13.1323 10.2
      vertex 45.3354 15.6389 10.2
      vertex 45.2799 15.7315 10.2
    endloop
  endfacet
  facet normal 0 0 1
    outer loop
      vertex 45.2 13.1323 10.2
      vertex 45.2799 15.7315 10.2
      vertex 45.2337 15.829 10.2
    endloop
  endfacet
  facet normal 0 0 1
    outer loop
      vertex 47.3036 13.0588 10.2
      vertex 45.1964 13.0588 10.2
      vertex 47.3144 12.986 10.2
    endloop
  endfacet
  facet normal 0 0 1
    outer loop
      vertex 47.3144 12.986 10.2
      vertex 45.1964 13.0588 10.2
      vertex 45.1856 12.986 10.2
    endloop
  endfacet
  facet normal 0 0 1
    outer loop
      vertex 47.3323 12.9146 10.2
      vertex 45.1677 12.9146 10.2
      vertex 45.1429 12.8453 10.2
    endloop
  endfacet
  facet normal 0 0 1
    outer loop
      vertex 47.3571 12.8453 10.2
      vertex 45.1429 12.8453 10.2
      vertex 45.1114 12.7788 10.2
    endloop
  endfacet
  facet normal 0 0 1
    outer loop
      vertex 47.3886 12.7788 10.2
      vertex 45.1114 12.7788 10.2
      vertex 45.0736 12.7156 10.2
    endloop
  endfacet
  facet normal 0 0 1
    outer loop
      vertex 47.4264 12.7156 10.2
      vertex 45.0736 12.7156 10.2
      vertex 45.0298 12.6565 10.2
    endloop
  endfacet
  facet normal 0 0 1
    outer loop
      vertex 47.4702 12.6565 10.2
      vertex 45.0298 12.6565 10.2
      vertex 44.9803 12.602 10.2
    endloop
  endfacet
  facet normal 0 0 1
    outer loop
      vertex 47.5197 12.602 10.2
      vertex 44.9803 12.602 10.2
      vertex 44.9258 12.5526 10.2
    endloop
  endfacet
  facet normal 0 0 1
    outer loop
      vertex 47.5742 12.5526 10.2
      vertex 44.9258 12.5526 10.2
      vertex 44.8667 12.5087 10.2
    endloop
  endfacet
  facet normal 0 0 1
    outer loop
      vertex 47.6333 12.5087 10.2
      vertex 44.8667 12.5087 10.2
      vertex 44.8035 12.4709 10.2
    endloop
  endfacet
  facet normal 0 0 1
    outer loop
      vertex 47.6965 12.4709 10.2
      vertex 44.8035 12.4709 10.2
      vertex 44.737 12.4394 10.2
    endloop
  endfacet
  facet normal -0 0 1
    outer loop
      vertex 41.4142 11.0858 10.2
      vertex 48.7404 6.3596 10.2
      vertex 44.45 12.3823 10.2
    endloop
  endfacet
  facet normal -0 0 1
    outer loop
      vertex 41.2688 10.954 10.2
      vertex 48.7404 6.3596 10.2
      vertex 41.4142 11.0858 10.2
    endloop
  endfacet
  facet normal 0 0 1
    outer loop
      vertex 48.7404 6.3596 10.2
      vertex 41.2688 10.954 10.2
      vertex 48.6903 6.15969 10.2
    endloop
  endfacet
  facet normal -0 0 1
    outer loop
      vertex 41.1111 10.8371 10.2
      vertex 48.6903 6.15969 10.2
      vertex 41.2688 10.954 10.2
    endloop
  endfacet
  facet normal 0 0 1
    outer loop
      vertex 48.6903 6.15969 10.2
      vertex 41.1111 10.8371 10.2
      vertex 48.6601 5.95584 10.2
    endloop
  endfacet
  facet normal 0 0 1
    outer loop
      vertex 48.6601 5.95584 10.2
      vertex 40.9428 10.7362 10.2
      vertex 48.65 5.75 10.2
    endloop
  endfacet
  facet normal -0 0 1
    outer loop
      vertex 40.7654 10.6522 10.2
      vertex 48.65 5.75 10.2
      vertex 40.9428 10.7362 10.2
    endloop
  endfacet
  facet normal 0 0 1
    outer loop
      vertex 48.65 5.75 10.2
      vertex 40.7654 10.6522 10.2
      vertex 48.6601 5.54416 10.2
    endloop
  endfacet
  facet normal -0 0 1
    outer loop
      vertex 40.9428 10.7362 10.2
      vertex 48.6601 5.95584 10.2
      vertex 41.1111 10.8371 10.2
    endloop
  endfacet
  facet normal 0 0 1
    outer loop
      vertex 41.4142 11.0858 10.2
      vertex 44.45 12.3823 10.2
      vertex 44.3765 12.3859 10.2
    endloop
  endfacet
  facet normal 0 0 1
    outer loop
      vertex 41.546 11.2312 10.2
      vertex 44.3765 12.3859 10.2
      vertex 44.3037 12.3967 10.2
    endloop
  endfacet
  facet normal 0 0 1
    outer loop
      vertex 41.6629 11.3889 10.2
      vertex 44.3037 12.3967 10.2
      vertex 44.2323 12.4146 10.2
    endloop
  endfacet
  facet normal 0 0 1
    outer loop
      vertex 41.7638 11.5572 10.2
      vertex 44.2323 12.4146 10.2
      vertex 44.163 12.4394 10.2
    endloop
  endfacet
  facet normal 0 0 1
    outer loop
      vertex 41.7638 11.5572 10.2
      vertex 44.163 12.4394 10.2
      vertex 44.0965 12.4709 10.2
    endloop
  endfacet
  facet normal 0 0 1
    outer loop
      vertex 41.8478 11.7346 10.2
      vertex 44.0965 12.4709 10.2
      vertex 44.0333 12.5087 10.2
    endloop
  endfacet
  facet normal 0 0 1
    outer loop
      vertex 41.9139 11.9194 10.2
      vertex 44.0333 12.5087 10.2
      vertex 43.9742 12.5526 10.2
    endloop
  endfacet
  facet normal 0 0 1
    outer loop
      vertex 41.9139 11.9194 10.2
      vertex 43.9742 12.5526 10.2
      vertex 43.9197 12.602 10.2
    endloop
  endfacet
  facet normal 0 0 1
    outer loop
      vertex 41.9616 12.1098 10.2
      vertex 43.9197 12.602 10.2
      vertex 43.8702 12.6565 10.2
    endloop
  endfacet
  facet normal 0 0 1
    outer loop
      vertex 41.9616 12.1098 10.2
      vertex 43.8702 12.6565 10.2
      vertex 43.8264 12.7156 10.2
    endloop
  endfacet
  facet normal -0 0 1
    outer loop
      vertex 43.0035 15.5886 10.2
      vertex 44.0965 13.7937 10.2
      vertex 43.0667 15.6264 10.2
    endloop
  endfacet
  facet normal 0 0 1
    outer loop
      vertex 44.0965 13.7937 10.2
      vertex 43.0035 15.5886 10.2
      vertex 44.0333 13.7559 10.2
    endloop
  endfacet
  facet normal -0 0 1
    outer loop
      vertex 42.937 15.5571 10.2
      vertex 44.0333 13.7559 10.2
      vertex 43.0035 15.5886 10.2
    endloop
  endfacet
  facet normal 0 0 1
    outer loop
      vertex 44.0333 13.7559 10.2
      vertex 42.937 15.5571 10.2
      vertex 43.9742 13.7121 10.2
    endloop
  endfacet
  facet normal -0 0 1
    outer loop
      vertex 42.8677 15.5323 10.2
      vertex 43.9742 13.7121 10.2
      vertex 42.937 15.5571 10.2
    endloop
  endfacet
  facet normal 0 0 1
    outer loop
      vertex 43.9742 13.7121 10.2
      vertex 42.8677 15.5323 10.2
      vertex 43.9197 13.6626 10.2
    endloop
  endfacet
  facet normal -0 0 1
    outer loop
      vertex 42.7963 15.5144 10.2
      vertex 43.9197 13.6626 10.2
      vertex 42.8677 15.5323 10.2
    endloop
  endfacet
  facet normal 0 0 1
    outer loop
      vertex 43.9197 13.6626 10.2
      vertex 42.7963 15.5144 10.2
      vertex 43.8702 13.6081 10.2
    endloop
  endfacet
  facet normal -0 0 1
    outer loop
      vertex 42.7235 15.5036 10.2
      vertex 43.8702 13.6081 10.2
      vertex 42.7963 15.5144 10.2
    endloop
  endfacet
  facet normal 0 0 1
    outer loop
      vertex 43.8702 13.6081 10.2
      vertex 42.7235 15.5036 10.2
      vertex 43.8264 13.549 10.2
    endloop
  endfacet
  facet normal -0 0 1
    outer loop
      vertex 42.65 15.5 10.2
      vertex 43.8264 13.549 10.2
      vertex 42.7235 15.5036 10.2
    endloop
  endfacet
  facet normal 0 0 1
    outer loop
      vertex 43.8264 13.549 10.2
      vertex 42.65 15.5 10.2
      vertex 43.7886 13.4859 10.2
    endloop
  endfacet
  facet normal 0 0 1
    outer loop
      vertex 42.5765 15.5036 10.2
      vertex 43.7886 13.4859 10.2
      vertex 42.65 15.5 10.2
    endloop
  endfacet
  facet normal 0 0 1
    outer loop
      vertex 43.7886 13.4859 10.2
      vertex 42.5765 15.5036 10.2
      vertex 43.7571 13.4193 10.2
    endloop
  endfacet
  facet normal 0 0 1
    outer loop
      vertex 42 12.5 10.2
      vertex 43.7571 13.4193 10.2
      vertex 42.5765 15.5036 10.2
    endloop
  endfacet
  facet normal 0 0 1
    outer loop
      vertex 43.7571 13.4193 10.2
      vertex 42 12.5 10.2
      vertex 43.7323 13.35 10.2
    endloop
  endfacet
  facet normal 0 0 1
    outer loop
      vertex 43.7323 13.35 10.2
      vertex 42 12.5 10.2
      vertex 43.7144 13.2786 10.2
    endloop
  endfacet
  facet normal 0 0 1
    outer loop
      vertex 43.7144 13.2786 10.2
      vertex 42 12.5 10.2
      vertex 43.7036 13.2058 10.2
    endloop
  endfacet
  facet normal 0 0 1
    outer loop
      vertex 43.7036 13.2058 10.2
      vertex 42 12.5 10.2
      vertex 43.7 13.1323 10.2
    endloop
  endfacet
  facet normal 0 0 1
    outer loop
      vertex 43.7 13.1323 10.2
      vertex 42 12.5 10.2
      vertex 43.7036 13.0588 10.2
    endloop
  endfacet
  facet normal 0 0 1
    outer loop
      vertex 43.7144 12.986 10.2
      vertex 42 12.5 10.2
      vertex 43.7323 12.9146 10.2
    endloop
  endfacet
  facet normal 0 0 1
    outer loop
      vertex 43.7036 13.0588 10.2
      vertex 42 12.5 10.2
      vertex 43.7144 12.986 10.2
    endloop
  endfacet
  facet normal 0 0 1
    outer loop
      vertex 42 12.5 10.2
      vertex 42.5765 15.5036 10.2
      vertex 42.5037 15.5144 10.2
    endloop
  endfacet
  facet normal 0 0 1
    outer loop
      vertex 42 12.5 10.2
      vertex 42.5037 15.5144 10.2
      vertex 42.4323 15.5323 10.2
    endloop
  endfacet
  facet normal 0 0 1
    outer loop
      vertex 43.7323 12.9146 10.2
      vertex 42 12.5 10.2
      vertex 43.7571 12.8453 10.2
    endloop
  endfacet
  facet normal 0 0 1
    outer loop
      vertex 42 12.5 10.2
      vertex 42.4323 15.5323 10.2
      vertex 42.363 15.5571 10.2
    endloop
  endfacet
  facet normal 0 0 1
    outer loop
      vertex 42 12.5 10.2
      vertex 42.363 15.5571 10.2
      vertex 42.2965 15.5886 10.2
    endloop
  endfacet
  facet normal 0 0 1
    outer loop
      vertex 42 12.5 10.2
      vertex 42.2965 15.5886 10.2
      vertex 42.2333 15.6264 10.2
    endloop
  endfacet
  facet normal 0 0 1
    outer loop
      vertex 42 12.5 10.2
      vertex 42.2333 15.6264 10.2
      vertex 42.1742 15.6702 10.2
    endloop
  endfacet
  facet normal 0 0 1
    outer loop
      vertex 42 12.5 10.2
      vertex 42.1742 15.6702 10.2
      vertex 42.1197 15.7197 10.2
    endloop
  endfacet
  facet normal 0 0 1
    outer loop
      vertex 42 12.5 10.2
      vertex 42.1197 15.7197 10.2
      vertex 42.0702 15.7742 10.2
    endloop
  endfacet
  facet normal 0 0 1
    outer loop
      vertex 42 12.5 10.2
      vertex 42.0702 15.7742 10.2
      vertex 42.0264 15.8333 10.2
    endloop
  endfacet
  facet normal 0 0 1
    outer loop
      vertex 42 12.5 10.2
      vertex 42.0264 15.8333 10.2
      vertex 42 15.8774 10.2
    endloop
  endfacet
  facet normal 0 0 1
    outer loop
      vertex 43.7571 12.8453 10.2
      vertex 42 12.5 10.2
      vertex 43.7886 12.7788 10.2
    endloop
  endfacet
  facet normal 0 0 1
    outer loop
      vertex 41.9904 12.304 10.2
      vertex 43.7886 12.7788 10.2
      vertex 42 12.5 10.2
    endloop
  endfacet
  facet normal 0 0 1
    outer loop
      vertex 43.7886 12.7788 10.2
      vertex 41.9904 12.304 10.2
      vertex 43.8264 12.7156 10.2
    endloop
  endfacet
  facet normal 0 0 1
    outer loop
      vertex 41.9616 12.1098 10.2
      vertex 43.8264 12.7156 10.2
      vertex 41.9904 12.304 10.2
    endloop
  endfacet
  facet normal 0 0 1
    outer loop
      vertex 43.9197 12.602 10.2
      vertex 41.9616 12.1098 10.2
      vertex 41.9139 11.9194 10.2
    endloop
  endfacet
  facet normal 0 0 1
    outer loop
      vertex 44.0333 12.5087 10.2
      vertex 41.9139 11.9194 10.2
      vertex 41.8478 11.7346 10.2
    endloop
  endfacet
  facet normal 0 0 1
    outer loop
      vertex 44.0965 12.4709 10.2
      vertex 41.8478 11.7346 10.2
      vertex 41.7638 11.5572 10.2
    endloop
  endfacet
  facet normal 0 0 1
    outer loop
      vertex 44.2323 12.4146 10.2
      vertex 41.7638 11.5572 10.2
      vertex 41.6629 11.3889 10.2
    endloop
  endfacet
  facet normal 0 0 1
    outer loop
      vertex 44.3037 12.3967 10.2
      vertex 41.6629 11.3889 10.2
      vertex 41.546 11.2312 10.2
    endloop
  endfacet
  facet normal 0 0 1
    outer loop
      vertex 44.3765 12.3859 10.2
      vertex 41.546 11.2312 10.2
      vertex 41.4142 11.0858 10.2
    endloop
  endfacet
  facet normal -0 0 1
    outer loop
      vertex 40.5806 10.5861 10.2
      vertex 48.6601 5.54416 10.2
      vertex 40.7654 10.6522 10.2
    endloop
  endfacet
  facet normal 0 0 1
    outer loop
      vertex 48.6601 5.54416 10.2
      vertex 40.5806 10.5861 10.2
      vertex 48.6903 5.34031 10.2
    endloop
  endfacet
  facet normal -0 0 1
    outer loop
      vertex 40.3902 10.5384 10.2
      vertex 48.6903 5.34031 10.2
      vertex 40.5806 10.5861 10.2
    endloop
  endfacet
  facet normal 0 0 1
    outer loop
      vertex 48.6903 5.34031 10.2
      vertex 40.3902 10.5384 10.2
      vertex 48.7404 5.1404 10.2
    endloop
  endfacet
  facet normal -0 0 1
    outer loop
      vertex 40.196 10.5096 10.2
      vertex 48.7404 5.1404 10.2
      vertex 40.3902 10.5384 10.2
    endloop
  endfacet
  facet normal 0 0 1
    outer loop
      vertex 48.7404 5.1404 10.2
      vertex 40.196 10.5096 10.2
      vertex 48.8099 4.94636 10.2
    endloop
  endfacet
  facet normal -0 0 1
    outer loop
      vertex 40 10.5 10.2
      vertex 48.8099 4.94636 10.2
      vertex 40.196 10.5096 10.2
    endloop
  endfacet
  facet normal 0 0 1
    outer loop
      vertex 48.8099 4.94636 10.2
      vertex 40 10.5 10.2
      vertex 48.898 4.76007 10.2
    endloop
  endfacet
  facet normal 0 0 1
    outer loop
      vertex 49.1267 4.41777 10.2
      vertex 40 10.5 10.2
      vertex 51.5 0 10.2
    endloop
  endfacet
  facet normal -0 0 1
    outer loop
      vertex 16.5 10.5 10.2
      vertex 51.5 0 10.2
      vertex 40 10.5 10.2
    endloop
  endfacet
  facet normal 0 0 1
    outer loop
      vertex 7.69015 4.94636 10.2
      vertex 16.5 10.5 10.2
      vertex 16.304 10.5096 10.2
    endloop
  endfacet
  facet normal 0 0 1
    outer loop
      vertex 7.75957 5.1404 10.2
      vertex 16.304 10.5096 10.2
      vertex 16.1098 10.5384 10.2
    endloop
  endfacet
  facet normal 0 0 1
    outer loop
      vertex 7.80965 5.34031 10.2
      vertex 16.1098 10.5384 10.2
      vertex 15.9194 10.5861 10.2
    endloop
  endfacet
  facet normal 0 0 1
    outer loop
      vertex 12.6944 29.3397 10.2
      vertex 14.5861 25.5806 10.2
      vertex 12.9871 29.2012 10.2
    endloop
  endfacet
  facet normal 0 0 1
    outer loop
      vertex 14.5861 25.5806 10.2
      vertex 12.6944 29.3397 10.2
      vertex 14.5384 25.3902 10.2
    endloop
  endfacet
  facet normal 0 0 1
    outer loop
      vertex 14.5384 25.3902 10.2
      vertex 12.6944 29.3397 10.2
      vertex 14.5096 25.196 10.2
    endloop
  endfacet
  facet normal 0 0 1
    outer loop
      vertex 12.4166 29.5061 10.2
      vertex 14.5096 25.196 10.2
      vertex 12.6944 29.3397 10.2
    endloop
  endfacet
  facet normal 0 0 1
    outer loop
      vertex 14.5096 25.196 10.2
      vertex 12.4166 29.5061 10.2
      vertex 14.5 25 10.2
    endloop
  endfacet
  facet normal 0 0 1
    outer loop
      vertex 12.1565 29.6991 10.2
      vertex 14.5 25 10.2
      vertex 12.4166 29.5061 10.2
    endloop
  endfacet
  facet normal 0 0 1
    outer loop
      vertex 11.9165 29.9165 10.2
      vertex 14.5 25 10.2
      vertex 12.1565 29.6991 10.2
    endloop
  endfacet
  facet normal 0 0 1
    outer loop
      vertex 11.6991 30.1565 10.2
      vertex 14.5 25 10.2
      vertex 11.9165 29.9165 10.2
    endloop
  endfacet
  facet normal 0 0 1
    outer loop
      vertex 14.5 25 10.2
      vertex 7.85 5.75 10.2
      vertex 14.5 12.5 10.2
    endloop
  endfacet
  facet normal 0 0 1
    outer loop
      vertex 14.5 25 10.2
      vertex 11.6991 30.1565 10.2
      vertex 7.85 5.75 10.2
    endloop
  endfacet
  facet normal 0 0 1
    outer loop
      vertex 14.5 12.5 10.2
      vertex 7.85 5.75 10.2
      vertex 14.5096 12.304 10.2
    endloop
  endfacet
  facet normal 0 0 1
    outer loop
      vertex 7.85 5.75 10.2
      vertex 11.6991 30.1565 10.2
      vertex 11.5062 30.4166 10.2
    endloop
  endfacet
  facet normal 0 0 1
    outer loop
      vertex 7.85 5.75 10.2
      vertex 11.5062 30.4166 10.2
      vertex 11.3397 30.6944 10.2
    endloop
  endfacet
  facet normal 0 0 1
    outer loop
      vertex 7.85 5.75 10.2
      vertex 11.3397 30.6944 10.2
      vertex 11.2012 30.9871 10.2
    endloop
  endfacet
  facet normal 0 0 1
    outer loop
      vertex 11.2012 33.5129 10.2
      vertex 7.37332 35.4178 10.2
      vertex 11.0921 33.2079 10.2
    endloop
  endfacet
  facet normal -0 0 1
    outer loop
      vertex 7.37332 35.4178 10.2
      vertex 11.2012 33.5129 10.2
      vertex 7.49609 35.5833 10.2
    endloop
  endfacet
  facet normal 0 0 1
    outer loop
      vertex 11.3397 33.8056 10.2
      vertex 7.60203 35.7601 10.2
      vertex 11.2012 33.5129 10.2
    endloop
  endfacet
  facet normal -0 0 1
    outer loop
      vertex 7.49609 35.5833 10.2
      vertex 11.2012 33.5129 10.2
      vertex 7.60203 35.7601 10.2
    endloop
  endfacet
  facet normal -0 0 1
    outer loop
      vertex 7.23492 35.2651 10.2
      vertex 11.0921 33.2079 10.2
      vertex 7.37332 35.4178 10.2
    endloop
  endfacet
  facet normal 0 0 1
    outer loop
      vertex 14.5096 12.304 10.2
      vertex 7.85 5.75 10.2
      vertex 14.5384 12.1098 10.2
    endloop
  endfacet
  facet normal 0 0 1
    outer loop
      vertex 14.5384 12.1098 10.2
      vertex 7.85 5.75 10.2
      vertex 14.5861 11.9194 10.2
    endloop
  endfacet
  facet normal 0 0 1
    outer loop
      vertex 7.85 5.75 10.2
      vertex 14.6522 11.7346 10.2
      vertex 14.5861 11.9194 10.2
    endloop
  endfacet
  facet normal 0 0 1
    outer loop
      vertex 7.85 5.75 10.2
      vertex 14.7362 11.5572 10.2
      vertex 14.6522 11.7346 10.2
    endloop
  endfacet
  facet normal 0 0 1
    outer loop
      vertex 7.85 5.75 10.2
      vertex 14.8371 11.3889 10.2
      vertex 14.7362 11.5572 10.2
    endloop
  endfacet
  facet normal 0 0 1
    outer loop
      vertex 7.85 5.75 10.2
      vertex 14.954 11.2312 10.2
      vertex 14.8371 11.3889 10.2
    endloop
  endfacet
  facet normal 0 0 1
    outer loop
      vertex 7.85 5.75 10.2
      vertex 15.0858 11.0858 10.2
      vertex 14.954 11.2312 10.2
    endloop
  endfacet
  facet normal 0 0 1
    outer loop
      vertex 7.85 5.75 10.2
      vertex 15.2312 10.954 10.2
      vertex 15.0858 11.0858 10.2
    endloop
  endfacet
  facet normal 0 0 1
    outer loop
      vertex 7.85 5.75 10.2
      vertex 15.3889 10.8371 10.2
      vertex 15.2312 10.954 10.2
    endloop
  endfacet
  facet normal 0 0 1
    outer loop
      vertex 7.85 5.75 10.2
      vertex 15.5572 10.7362 10.2
      vertex 15.3889 10.8371 10.2
    endloop
  endfacet
  facet normal 0 0 1
    outer loop
      vertex 7.85 5.75 10.2
      vertex 15.7346 10.6522 10.2
      vertex 15.5572 10.7362 10.2
    endloop
  endfacet
  facet normal 0 0 1
    outer loop
      vertex 7.83989 5.54416 10.2
      vertex 15.7346 10.6522 10.2
      vertex 7.85 5.75 10.2
    endloop
  endfacet
  facet normal 0 0 1
    outer loop
      vertex 15.7346 10.6522 10.2
      vertex 7.83989 5.54416 10.2
      vertex 15.9194 10.5861 10.2
    endloop
  endfacet
  facet normal 0 0 1
    outer loop
      vertex 7.80965 5.34031 10.2
      vertex 15.9194 10.5861 10.2
      vertex 7.83989 5.54416 10.2
    endloop
  endfacet
  facet normal 0 0 1
    outer loop
      vertex 16.1098 10.5384 10.2
      vertex 7.80965 5.34031 10.2
      vertex 7.75957 5.1404 10.2
    endloop
  endfacet
  facet normal 0 0 1
    outer loop
      vertex 16.304 10.5096 10.2
      vertex 7.75957 5.1404 10.2
      vertex 7.69015 4.94636 10.2
    endloop
  endfacet
  facet normal 0 0 1
    outer loop
      vertex 16.5 10.5 10.2
      vertex 7.69015 4.94636 10.2
      vertex 7.60203 4.76007 10.2
    endloop
  endfacet
  facet normal 0 0 1
    outer loop
      vertex 16.5 10.5 10.2
      vertex 7.60203 4.76007 10.2
      vertex 7.49609 4.5833 10.2
    endloop
  endfacet
  facet normal 0 0 1
    outer loop
      vertex 16.5 10.5 10.2
      vertex 7.49609 4.5833 10.2
      vertex 7.37332 4.41777 10.2
    endloop
  endfacet
  facet normal 0 0 1
    outer loop
      vertex 16.5 10.5 10.2
      vertex 7.37332 4.41777 10.2
      vertex 5 0 10.2
    endloop
  endfacet
  facet normal 0 0 1
    outer loop
      vertex 5 0 10.2
      vertex 7.37332 4.41777 10.2
      vertex 7.23492 4.26508 10.2
    endloop
  endfacet
  facet normal 0 0 1
    outer loop
      vertex 5 0 10.2
      vertex 7.23492 4.26508 10.2
      vertex 7.08223 4.12668 10.2
    endloop
  endfacet
  facet normal 0 0 1
    outer loop
      vertex 5 0 10.2
      vertex 7.08223 4.12668 10.2
      vertex 6.9167 4.00391 10.2
    endloop
  endfacet
  facet normal 0 0 1
    outer loop
      vertex 5 0 10.2
      vertex 6.9167 4.00391 10.2
      vertex 6.73993 3.89796 10.2
    endloop
  endfacet
  facet normal 0 0 1
    outer loop
      vertex 5 0 10.2
      vertex 6.73993 3.89796 10.2
      vertex 6.55363 3.80985 10.2
    endloop
  endfacet
  facet normal 0 0 1
    outer loop
      vertex 5 0 10.2
      vertex 6.55363 3.80985 10.2
      vertex 6.3596 3.74043 10.2
    endloop
  endfacet
  facet normal 0 0 1
    outer loop
      vertex 5 0 10.2
      vertex 6.3596 3.74043 10.2
      vertex 6.15969 3.69035 10.2
    endloop
  endfacet
  facet normal 0 0 1
    outer loop
      vertex 5 0 10.2
      vertex 6.15969 3.69035 10.2
      vertex 5.95584 3.66011 10.2
    endloop
  endfacet
  facet normal 0 0 1
    outer loop
      vertex 5 0 10.2
      vertex 5.95584 3.66011 10.2
      vertex 5.75 3.65 10.2
    endloop
  endfacet
  facet normal 0 0 1
    outer loop
      vertex 5 0 10.2
      vertex 5.75 3.65 10.2
      vertex 5.54416 3.66011 10.2
    endloop
  endfacet
  facet normal 0 0 1
    outer loop
      vertex 16.5 10.5 10.2
      vertex 5 0 10.2
      vertex 51.5 0 10.2
    endloop
  endfacet
  facet normal 0 0 1
    outer loop
      vertex 5.34031 3.69035 10.2
      vertex 5 0 10.2
      vertex 5.54416 3.66011 10.2
    endloop
  endfacet
  facet normal 0 0 1
    outer loop
      vertex 4.50991 0.0240755 10.2
      vertex 5.34031 3.69035 10.2
      vertex 5.1404 3.74043 10.2
    endloop
  endfacet
  facet normal 0 0 1
    outer loop
      vertex 4.02455 0.0960732 10.2
      vertex 5.1404 3.74043 10.2
      vertex 4.94636 3.80985 10.2
    endloop
  endfacet
  facet normal 0 0 1
    outer loop
      vertex 3.54858 0.215298 10.2
      vertex 4.94636 3.80985 10.2
      vertex 4.76007 3.89796 10.2
    endloop
  endfacet
  facet normal 0 0 1
    outer loop
      vertex 2.64302 0.590393 10.2
      vertex 4.76007 3.89796 10.2
      vertex 4.5833 4.00391 10.2
    endloop
  endfacet
  facet normal 0 0 1
    outer loop
      vertex 5.34031 3.69035 10.2
      vertex 4.50991 0.0240755 10.2
      vertex 5 0 10.2
    endloop
  endfacet
  facet normal 0 0 1
    outer loop
      vertex 2.22215 0.842651 10.2
      vertex 4.5833 4.00391 10.2
      vertex 4.41777 4.12668 10.2
    endloop
  endfacet
  facet normal 0 0 1
    outer loop
      vertex 1.82803 1.13495 10.2
      vertex 4.41777 4.12668 10.2
      vertex 4.26508 4.26508 10.2
    endloop
  endfacet
  facet normal 0 0 1
    outer loop
      vertex 1.13495 1.82803 10.2
      vertex 4.26508 4.26508 10.2
      vertex 4.12668 4.41777 10.2
    endloop
  endfacet
  facet normal 0 0 1
    outer loop
      vertex 5.1404 3.74043 10.2
      vertex 4.02455 0.0960732 10.2
      vertex 4.50991 0.0240755 10.2
    endloop
  endfacet
  facet normal 0 0 1
    outer loop
      vertex 0.842651 2.22215 10.2
      vertex 4.12668 4.41777 10.2
      vertex 4.00391 4.5833 10.2
    endloop
  endfacet
  facet normal 0 0 1
    outer loop
      vertex 0.590393 2.64302 10.2
      vertex 4.00391 4.5833 10.2
      vertex 3.89796 4.76007 10.2
    endloop
  endfacet
  facet normal 0 0 1
    outer loop
      vertex 0.215298 3.54858 10.2
      vertex 3.89796 4.76007 10.2
      vertex 3.80985 4.94636 10.2
    endloop
  endfacet
  facet normal 0 0 1
    outer loop
      vertex 0.0960732 4.02455 10.2
      vertex 3.80985 4.94636 10.2
      vertex 3.74043 5.1404 10.2
    endloop
  endfacet
  facet normal 0 0 1
    outer loop
      vertex 0.0240755 4.50991 10.2
      vertex 3.74043 5.1404 10.2
      vertex 3.69035 5.34031 10.2
    endloop
  endfacet
  facet normal 0 0 1
    outer loop
      vertex 0 5 10.2
      vertex 3.69035 5.34031 10.2
      vertex 3.66011 5.54416 10.2
    endloop
  endfacet
  facet normal 0 0 1
    outer loop
      vertex 4.94636 3.80985 10.2
      vertex 3.54858 0.215298 10.2
      vertex 4.02455 0.0960732 10.2
    endloop
  endfacet
  facet normal 0 0 1
    outer loop
      vertex 0 5 10.2
      vertex 3.66011 5.54416 10.2
      vertex 3.65 5.75 10.2
    endloop
  endfacet
  facet normal 0 0 1
    outer loop
      vertex 3.69035 6.15969 10.2
      vertex 0 5 10.2
      vertex 3.66011 5.95584 10.2
    endloop
  endfacet
  facet normal -0 0 1
    outer loop
      vertex 0.590393 39.857 10.2
      vertex 4.00391 37.9167 10.2
      vertex 0.842651 40.2779 10.2
    endloop
  endfacet
  facet normal 0 0 1
    outer loop
      vertex 3.66011 5.95584 10.2
      vertex 0 5 10.2
      vertex 3.65 5.75 10.2
    endloop
  endfacet
  facet normal 0 0 1
    outer loop
      vertex 4.00391 37.9167 10.2
      vertex 0.590393 39.857 10.2
      vertex 3.89796 37.7399 10.2
    endloop
  endfacet
  facet normal 0 0 1
    outer loop
      vertex 3.69035 5.34031 10.2
      vertex 0 5 10.2
      vertex 0.0240755 4.50991 10.2
    endloop
  endfacet
  facet normal -0 0 1
    outer loop
      vertex 0.380602 39.4134 10.2
      vertex 3.89796 37.7399 10.2
      vertex 0.590393 39.857 10.2
    endloop
  endfacet
  facet normal 0 0 1
    outer loop
      vertex 4.76007 3.89796 10.2
      vertex 3.08658 0.380602 10.2
      vertex 3.54858 0.215298 10.2
    endloop
  endfacet
  facet normal -0 0 1
    outer loop
      vertex 0.215298 38.9514 10.2
      vertex 3.89796 37.7399 10.2
      vertex 0.380602 39.4134 10.2
    endloop
  endfacet
  facet normal 0 0 1
    outer loop
      vertex 4.76007 3.89796 10.2
      vertex 2.64302 0.590393 10.2
      vertex 3.08658 0.380602 10.2
    endloop
  endfacet
  facet normal 0 0 1
    outer loop
      vertex 3.89796 37.7399 10.2
      vertex 0.215298 38.9514 10.2
      vertex 3.80985 37.5536 10.2
    endloop
  endfacet
  facet normal 0 0 1
    outer loop
      vertex 4.5833 4.00391 10.2
      vertex 2.22215 0.842651 10.2
      vertex 2.64302 0.590393 10.2
    endloop
  endfacet
  facet normal -0 0 1
    outer loop
      vertex 0.0960732 38.4755 10.2
      vertex 3.80985 37.5536 10.2
      vertex 0.215298 38.9514 10.2
    endloop
  endfacet
  facet normal 0 0 1
    outer loop
      vertex 4.41777 4.12668 10.2
      vertex 1.82803 1.13495 10.2
      vertex 2.22215 0.842651 10.2
    endloop
  endfacet
  facet normal 0 0 1
    outer loop
      vertex 3.80985 37.5536 10.2
      vertex 0.0960732 38.4755 10.2
      vertex 3.74043 37.3596 10.2
    endloop
  endfacet
  facet normal 0 0 1
    outer loop
      vertex 4.26508 4.26508 10.2
      vertex 1.46447 1.46447 10.2
      vertex 1.82803 1.13495 10.2
    endloop
  endfacet
  facet normal -0 0 1
    outer loop
      vertex 0.0240755 37.9901 10.2
      vertex 3.74043 37.3596 10.2
      vertex 0.0960732 38.4755 10.2
    endloop
  endfacet
  facet normal 0 0 1
    outer loop
      vertex 4.26508 4.26508 10.2
      vertex 1.13495 1.82803 10.2
      vertex 1.46447 1.46447 10.2
    endloop
  endfacet
  facet normal 0 0 1
    outer loop
      vertex 3.74043 37.3596 10.2
      vertex 0.0240755 37.9901 10.2
      vertex 3.69035 37.1597 10.2
    endloop
  endfacet
  facet normal 0 0 1
    outer loop
      vertex 4.12668 4.41777 10.2
      vertex 0.842651 2.22215 10.2
      vertex 1.13495 1.82803 10.2
    endloop
  endfacet
  facet normal -0 0 1
    outer loop
      vertex 0 37.5 10.2
      vertex 3.69035 37.1597 10.2
      vertex 0.0240755 37.9901 10.2
    endloop
  endfacet
  facet normal 0 0 1
    outer loop
      vertex 4.00391 4.5833 10.2
      vertex 0.590393 2.64302 10.2
      vertex 0.842651 2.22215 10.2
    endloop
  endfacet
  facet normal 0 0 1
    outer loop
      vertex 3.69035 37.1597 10.2
      vertex 0 37.5 10.2
      vertex 3.66011 36.9558 10.2
    endloop
  endfacet
  facet normal 0 0 1
    outer loop
      vertex 3.89796 4.76007 10.2
      vertex 0.380602 3.08658 10.2
      vertex 0.590393 2.64302 10.2
    endloop
  endfacet
  facet normal 0 0 1
    outer loop
      vertex 3.66011 36.9558 10.2
      vertex 0 37.5 10.2
      vertex 3.65 36.75 10.2
    endloop
  endfacet
  facet normal 0 0 1
    outer loop
      vertex 3.89796 4.76007 10.2
      vertex 0.215298 3.54858 10.2
      vertex 0.380602 3.08658 10.2
    endloop
  endfacet
  facet normal 0 0 1
    outer loop
      vertex 3.80985 4.94636 10.2
      vertex 0.0960732 4.02455 10.2
      vertex 0.215298 3.54858 10.2
    endloop
  endfacet
  facet normal 0 0 1
    outer loop
      vertex 3.74043 5.1404 10.2
      vertex 0.0240755 4.50991 10.2
      vertex 0.0960732 4.02455 10.2
    endloop
  endfacet
  facet normal -0 0 1
    outer loop
      vertex 50.4298 15.7742 10.2
      vertex 51.9167 7.49609 10.2
      vertex 50.4736 15.8333 10.2
    endloop
  endfacet
  facet normal 0 0 1
    outer loop
      vertex 51.9167 7.49609 10.2
      vertex 50.4298 15.7742 10.2
      vertex 51.7399 7.60203 10.2
    endloop
  endfacet
  facet normal -0 0 1
    outer loop
      vertex 50.3803 15.7197 10.2
      vertex 51.7399 7.60203 10.2
      vertex 50.4298 15.7742 10.2
    endloop
  endfacet
  facet normal 0 0 1
    outer loop
      vertex 51.7399 7.60203 10.2
      vertex 50.3803 15.7197 10.2
      vertex 51.5536 7.69015 10.2
    endloop
  endfacet
  facet normal -0 0 1
    outer loop
      vertex 50.3258 15.6702 10.2
      vertex 51.5536 7.69015 10.2
      vertex 50.3803 15.7197 10.2
    endloop
  endfacet
  facet normal -0 0 1
    outer loop
      vertex 50.2667 15.6264 10.2
      vertex 48.7964 13.0588 10.2
      vertex 50.3258 15.6702 10.2
    endloop
  endfacet
  facet normal 0 0 1
    outer loop
      vertex 48.7964 13.0588 10.2
      vertex 50.2667 15.6264 10.2
      vertex 48.8 13.1323 10.2
    endloop
  endfacet
  facet normal 0 0 1
    outer loop
      vertex 48.8 13.1323 10.2
      vertex 50.2667 15.6264 10.2
      vertex 50.2035 15.5886 10.2
    endloop
  endfacet
  facet normal 0 0 1
    outer loop
      vertex 48.7856 12.986 10.2
      vertex 50.3258 15.6702 10.2
      vertex 48.7964 13.0588 10.2
    endloop
  endfacet
  facet normal 0 0 1
    outer loop
      vertex 48.8 13.1323 10.2
      vertex 50.2035 15.5886 10.2
      vertex 50.137 15.5571 10.2
    endloop
  endfacet
  facet normal 0 0 1
    outer loop
      vertex 50.3258 15.6702 10.2
      vertex 48.7856 12.986 10.2
      vertex 51.5536 7.69015 10.2
    endloop
  endfacet
  facet normal 0 0 1
    outer loop
      vertex 48.8 13.1323 10.2
      vertex 50.137 15.5571 10.2
      vertex 50.0677 15.5323 10.2
    endloop
  endfacet
  facet normal -0 0 1
    outer loop
      vertex 48.7677 12.9146 10.2
      vertex 51.5536 7.69015 10.2
      vertex 48.7856 12.986 10.2
    endloop
  endfacet
  facet normal 0 0 1
    outer loop
      vertex 48.8 13.1323 10.2
      vertex 50.0677 15.5323 10.2
      vertex 49.9963 15.5144 10.2
    endloop
  endfacet
  facet normal 0 0 1
    outer loop
      vertex 48.8 13.1323 10.2
      vertex 49.9963 15.5144 10.2
      vertex 49.9235 15.5036 10.2
    endloop
  endfacet
  facet normal 0 0 1
    outer loop
      vertex 51.5536 7.69015 10.2
      vertex 48.7677 12.9146 10.2
      vertex 51.3596 7.75957 10.2
    endloop
  endfacet
  facet normal 0 0 1
    outer loop
      vertex 48.8 13.1323 10.2
      vertex 49.9235 15.5036 10.2
      vertex 49.85 15.5 10.2
    endloop
  endfacet
  facet normal -0 0 1
    outer loop
      vertex 48.7429 12.8453 10.2
      vertex 51.3596 7.75957 10.2
      vertex 48.7677 12.9146 10.2
    endloop
  endfacet
  facet normal 0 0 1
    outer loop
      vertex 48.8 13.1323 10.2
      vertex 49.85 15.5 10.2
      vertex 49.7765 15.5036 10.2
    endloop
  endfacet
  facet normal 0 0 1
    outer loop
      vertex 51.3596 7.75957 10.2
      vertex 48.7429 12.8453 10.2
      vertex 51.1597 7.80965 10.2
    endloop
  endfacet
  facet normal 0 0 1
    outer loop
      vertex 48.8 13.1323 10.2
      vertex 49.7765 15.5036 10.2
      vertex 49.7037 15.5144 10.2
    endloop
  endfacet
  facet normal -0 0 1
    outer loop
      vertex 48.7114 12.7788 10.2
      vertex 51.1597 7.80965 10.2
      vertex 48.7429 12.8453 10.2
    endloop
  endfacet
  facet normal 0 0 1
    outer loop
      vertex 48.8 13.1323 10.2
      vertex 49.7037 15.5144 10.2
      vertex 49.6323 15.5323 10.2
    endloop
  endfacet
  facet normal 0 0 1
    outer loop
      vertex 48.8 13.1323 10.2
      vertex 49.6323 15.5323 10.2
      vertex 49.563 15.5571 10.2
    endloop
  endfacet
  facet normal 0 0 1
    outer loop
      vertex 51.1597 7.80965 10.2
      vertex 48.7114 12.7788 10.2
      vertex 50.9558 7.83989 10.2
    endloop
  endfacet
  facet normal 0 0 1
    outer loop
      vertex 48.8 13.1323 10.2
      vertex 49.563 15.5571 10.2
      vertex 49.4965 15.5886 10.2
    endloop
  endfacet
  facet normal -0 0 1
    outer loop
      vertex 48.6736 12.7156 10.2
      vertex 50.9558 7.83989 10.2
      vertex 48.7114 12.7788 10.2
    endloop
  endfacet
  facet normal 0 0 1
    outer loop
      vertex 48.8 13.1323 10.2
      vertex 49.4965 15.5886 10.2
      vertex 49.4333 15.6264 10.2
    endloop
  endfacet
  facet normal -0 0 1
    outer loop
      vertex 48.6298 12.6565 10.2
      vertex 50.9558 7.83989 10.2
      vertex 48.6736 12.7156 10.2
    endloop
  endfacet
  facet normal 0 0 1
    outer loop
      vertex 48.8 13.1323 10.2
      vertex 49.4333 15.6264 10.2
      vertex 49.3742 15.6702 10.2
    endloop
  endfacet
  facet normal 0 0 1
    outer loop
      vertex 48.8 13.1323 10.2
      vertex 49.3742 15.6702 10.2
      vertex 49.3197 15.7197 10.2
    endloop
  endfacet
  facet normal 0 0 1
    outer loop
      vertex 48.8 13.1323 10.2
      vertex 49.3197 15.7197 10.2
      vertex 49.2702 15.7742 10.2
    endloop
  endfacet
  facet normal 0 0 1
    outer loop
      vertex 50.9558 7.83989 10.2
      vertex 48.6298 12.6565 10.2
      vertex 50.75 7.85 10.2
    endloop
  endfacet
  facet normal 0 0 1
    outer loop
      vertex 48.8 13.1323 10.2
      vertex 49.2702 15.7742 10.2
      vertex 49.2264 15.8333 10.2
    endloop
  endfacet
  facet normal 0 0 1
    outer loop
      vertex 48.8 13.1323 10.2
      vertex 49.2264 15.8333 10.2
      vertex 49.1886 15.8965 10.2
    endloop
  endfacet
  facet normal 0 0 1
    outer loop
      vertex 48.8 13.1323 10.2
      vertex 49.1886 15.8965 10.2
      vertex 49.1571 15.963 10.2
    endloop
  endfacet
  facet normal 0 0 1
    outer loop
      vertex 48.8 13.1323 10.2
      vertex 49.1571 15.963 10.2
      vertex 49.1323 16.0323 10.2
    endloop
  endfacet
  facet normal -0 0 1
    outer loop
      vertex 48.5803 12.602 10.2
      vertex 50.75 7.85 10.2
      vertex 48.6298 12.6565 10.2
    endloop
  endfacet
  facet normal 0 0 1
    outer loop
      vertex 48.8 13.1323 10.2
      vertex 49.1323 16.0323 10.2
      vertex 49.1144 16.1037 10.2
    endloop
  endfacet
  facet normal 0 0 1
    outer loop
      vertex 48.8 13.1323 10.2
      vertex 49.1144 16.1037 10.2
      vertex 49.1036 16.1765 10.2
    endloop
  endfacet
  facet normal 0 0 1
    outer loop
      vertex 49.4965 16.9114 10.2
      vertex 48.4035 18.7062 10.2
      vertex 49.4333 16.8736 10.2
    endloop
  endfacet
  facet normal 0 0 1
    outer loop
      vertex 49.563 16.9429 10.2
      vertex 48.4667 18.7441 10.2
      vertex 49.4965 16.9114 10.2
    endloop
  endfacet
  facet normal 0 0 1
    outer loop
      vertex 49.1 16.25 10.2
      vertex 48.8 13.1323 10.2
      vertex 49.1036 16.1765 10.2
    endloop
  endfacet
  facet normal 0 0 1
    outer loop
      vertex 45.4866 31.6062 10.2
      vertex 49.0039 35.5833 10.2
      vertex 48.898 35.7601 10.2
    endloop
  endfacet
  facet normal 0 0 1
    outer loop
      vertex 50.75 7.85 10.2
      vertex 48.5803 12.602 10.2
      vertex 50.5442 7.83989 10.2
    endloop
  endfacet
  facet normal 0 0 1
    outer loop
      vertex 45.4866 31.6062 10.2
      vertex 48.898 35.7601 10.2
      vertex 48.8099 35.9464 10.2
    endloop
  endfacet
  facet normal -0 0 1
    outer loop
      vertex 48.5258 12.5526 10.2
      vertex 50.5442 7.83989 10.2
      vertex 48.5803 12.602 10.2
    endloop
  endfacet
  facet normal 0 0 1
    outer loop
      vertex 50.5442 7.83989 10.2
      vertex 48.5258 12.5526 10.2
      vertex 50.3403 7.80965 10.2
    endloop
  endfacet
  facet normal -0 0 1
    outer loop
      vertex 48.4035 18.7062 10.2
      vertex 49.4965 16.9114 10.2
      vertex 48.4667 18.7441 10.2
    endloop
  endfacet
  facet normal 0 0 1
    outer loop
      vertex 49.85 17 10.2
      vertex 48.6736 18.951 10.2
      vertex 49.7765 16.9964 10.2
    endloop
  endfacet
  facet normal 0 0 1
    outer loop
      vertex 50.0677 16.9677 10.2
      vertex 48.7677 19.15 10.2
      vertex 49.9963 16.9856 10.2
    endloop
  endfacet
  facet normal 0 0 1
    outer loop
      vertex 50.2667 16.8736 10.2
      vertex 48.8 19.3677 10.2
      vertex 50.2035 16.9114 10.2
    endloop
  endfacet
  facet normal 0 0 1
    outer loop
      vertex 45.4866 31.6062 10.2
      vertex 48.8099 35.9464 10.2
      vertex 48.7404 36.1404 10.2
    endloop
  endfacet
  facet normal 0 0 1
    outer loop
      vertex 56.5 37.5 10.2
      vertex 48.7114 19.7212 10.2
      vertex 48.7429 19.6547 10.2
    endloop
  endfacet
  facet normal 0 0 1
    outer loop
      vertex 45.4866 31.6062 10.2
      vertex 48.7404 36.1404 10.2
      vertex 48.6903 36.3403 10.2
    endloop
  endfacet
  facet normal 0 0 1
    outer loop
      vertex 51.9167 35.0039 10.2
      vertex 48.6736 19.7844 10.2
      vertex 48.7114 19.7212 10.2
    endloop
  endfacet
  facet normal 0 0 1
    outer loop
      vertex 45.4866 31.6062 10.2
      vertex 48.6903 36.3403 10.2
      vertex 48.6601 36.5442 10.2
    endloop
  endfacet
  facet normal 0 0 1
    outer loop
      vertex 44.5835 34.5835 10.2
      vertex 48.6601 36.5442 10.2
      vertex 48.65 36.75 10.2
    endloop
  endfacet
  facet normal 0 0 1
    outer loop
      vertex 51.7399 34.898 10.2
      vertex 48.6298 19.8435 10.2
      vertex 48.6736 19.7844 10.2
    endloop
  endfacet
  facet normal 0.998793 -0.0491153 0
    outer loop
      vertex 56.4759 4.50991 10.2
      vertex 56.5 5 0
      vertex 56.5 5 10.2
    endloop
  endfacet
  facet normal 0.998793 -0.0491153 0
    outer loop
      vertex 56.5 5 0
      vertex 56.4759 4.50991 10.2
      vertex 56.4759 4.50991 0
    endloop
  endfacet
  facet normal -0.85773 -0.5141 0
    outer loop
      vertex 0.842651 2.22215 0
      vertex 0.590393 2.64302 10.2
      vertex 0.590393 2.64302 0
    endloop
  endfacet
  facet normal -0.85773 -0.5141 0
    outer loop
      vertex 0.590393 2.64302 10.2
      vertex 0.842651 2.22215 0
      vertex 0.842651 2.22215 10.2
    endloop
  endfacet
  facet normal 0.857709 0.514136 0
    outer loop
      vertex 55.9096 39.857 10.2
      vertex 55.6573 40.2779 0
      vertex 55.6573 40.2779 10.2
    endloop
  endfacet
  facet normal 0.857709 0.514136 0
    outer loop
      vertex 55.6573 40.2779 0
      vertex 55.9096 39.857 10.2
      vertex 55.9096 39.857 0
    endloop
  endfacet
  facet normal 0.242967 0.970034 -0
    outer loop
      vertex 52.9514 42.2847 0
      vertex 52.4755 42.4039 10.2
      vertex 52.9514 42.2847 10.2
    endloop
  endfacet
  facet normal 0.242967 0.970034 0
    outer loop
      vertex 52.4755 42.4039 10.2
      vertex 52.9514 42.2847 0
      vertex 52.4755 42.4039 0
    endloop
  endfacet
  facet normal 0 1 -0
    outer loop
      vertex 51.5 42.5 0
      vertex 5 42.5 10.2
      vertex 51.5 42.5 10.2
    endloop
  endfacet
  facet normal 0 1 0
    outer loop
      vertex 5 42.5 10.2
      vertex 51.5 42.5 0
      vertex 5 42.5 0
    endloop
  endfacet
  facet normal 0.0491143 0.998793 -0
    outer loop
      vertex 51.9901 42.4759 0
      vertex 51.5 42.5 10.2
      vertex 51.9901 42.4759 10.2
    endloop
  endfacet
  facet normal 0.0491143 0.998793 0
    outer loop
      vertex 51.5 42.5 10.2
      vertex 51.9901 42.4759 0
      vertex 51.5 42.5 0
    endloop
  endfacet
  facet normal -0.740887 0.671629 0
    outer loop
      vertex 1.13495 40.672 0
      vertex 1.46447 41.0355 10.2
      vertex 1.46447 41.0355 0
    endloop
  endfacet
  facet normal -0.740887 0.671629 0
    outer loop
      vertex 1.46447 41.0355 10.2
      vertex 1.13495 40.672 0
      vertex 1.13495 40.672 10.2
    endloop
  endfacet
  facet normal 0.740861 -0.671658 0
    outer loop
      vertex 55.0355 1.46447 10.2
      vertex 55.3651 1.82803 0
      vertex 55.3651 1.82803 10.2
    endloop
  endfacet
  facet normal 0.740861 -0.671658 0
    outer loop
      vertex 55.3651 1.82803 0
      vertex 55.0355 1.46447 10.2
      vertex 55.0355 1.46447 0
    endloop
  endfacet
  facet normal 0.989175 -0.146738 0
    outer loop
      vertex 56.4039 4.02455 10.2
      vertex 56.4759 4.50991 0
      vertex 56.4759 4.50991 10.2
    endloop
  endfacet
  facet normal 0.989175 -0.146738 0
    outer loop
      vertex 56.4759 4.50991 0
      vertex 56.4039 4.02455 10.2
      vertex 56.4039 4.02455 0
    endloop
  endfacet
  facet normal 1 -0 0
    outer loop
      vertex 56.5 5 10.2
      vertex 56.5 37.5 0
      vertex 56.5 37.5 10.2
    endloop
  endfacet
  facet normal 1 0 0
    outer loop
      vertex 56.5 37.5 0
      vertex 56.5 5 10.2
      vertex 56.5 5 0
    endloop
  endfacet
  facet normal 0.0490645 -0.998796 0
    outer loop
      vertex 51.5 0 0
      vertex 51.9901 0.0240755 10.2
      vertex 51.5 0 10.2
    endloop
  endfacet
  facet normal 0.0490645 -0.998796 0
    outer loop
      vertex 51.9901 0.0240755 10.2
      vertex 51.5 0 0
      vertex 51.9901 0.0240755 0
    endloop
  endfacet
  facet normal -0.0490655 -0.998796 0
    outer loop
      vertex 4.50991 0.0240755 0
      vertex 5 0 10.2
      vertex 4.50991 0.0240755 10.2
    endloop
  endfacet
  facet normal -0.0490655 -0.998796 -0
    outer loop
      vertex 5 0 10.2
      vertex 4.50991 0.0240755 0
      vertex 5 0 0
    endloop
  endfacet
  facet normal 0 -1 0
    outer loop
      vertex 5 0 0
      vertex 51.5 0 10.2
      vertex 5 0 10.2
    endloop
  endfacet
  facet normal 0 -1 -0
    outer loop
      vertex 51.5 0 10.2
      vertex 5 0 0
      vertex 51.5 0 0
    endloop
  endfacet
  facet normal -0.146733 -0.989176 0
    outer loop
      vertex 4.02455 0.0960732 0
      vertex 4.50991 0.0240755 10.2
      vertex 4.02455 0.0960732 10.2
    endloop
  endfacet
  facet normal -0.146733 -0.989176 -0
    outer loop
      vertex 4.50991 0.0240755 10.2
      vertex 4.02455 0.0960732 0
      vertex 4.50991 0.0240755 0
    endloop
  endfacet
  facet normal 0.336879 0.941548 -0
    outer loop
      vertex 53.4134 42.1194 0
      vertex 52.9514 42.2847 10.2
      vertex 53.4134 42.1194 10.2
    endloop
  endfacet
  facet normal 0.336879 0.941548 0
    outer loop
      vertex 52.9514 42.2847 10.2
      vertex 53.4134 42.1194 0
      vertex 52.9514 42.2847 0
    endloop
  endfacet
  facet normal 0.514136 0.857709 -0
    outer loop
      vertex 54.2779 41.6573 0
      vertex 53.857 41.9096 10.2
      vertex 54.2779 41.6573 10.2
    endloop
  endfacet
  facet normal 0.514136 0.857709 0
    outer loop
      vertex 53.857 41.9096 10.2
      vertex 54.2779 41.6573 0
      vertex 53.857 41.9096 0
    endloop
  endfacet
  facet normal -0.146738 0.989175 0
    outer loop
      vertex 4.50991 42.4759 0
      vertex 4.02455 42.4039 10.2
      vertex 4.50991 42.4759 10.2
    endloop
  endfacet
  facet normal -0.146738 0.989175 0
    outer loop
      vertex 4.02455 42.4039 10.2
      vertex 4.50991 42.4759 0
      vertex 4.02455 42.4039 0
    endloop
  endfacet
  facet normal -0.336879 0.941548 0
    outer loop
      vertex 3.54858 42.2847 0
      vertex 3.08658 42.1194 10.2
      vertex 3.54858 42.2847 10.2
    endloop
  endfacet
  facet normal -0.336879 0.941548 0
    outer loop
      vertex 3.08658 42.1194 10.2
      vertex 3.54858 42.2847 0
      vertex 3.08658 42.1194 0
    endloop
  endfacet
  facet normal -0.595569 0.803304 0
    outer loop
      vertex 2.22215 41.6573 0
      vertex 1.82803 41.3651 10.2
      vertex 2.22215 41.6573 10.2
    endloop
  endfacet
  facet normal -0.595569 0.803304 0
    outer loop
      vertex 1.82803 41.3651 10.2
      vertex 2.22215 41.6573 0
      vertex 1.82803 41.3651 0
    endloop
  endfacet
  facet normal -0.514163 0.857692 0
    outer loop
      vertex 2.64302 41.9096 0
      vertex 2.22215 41.6573 10.2
      vertex 2.64302 41.9096 10.2
    endloop
  endfacet
  facet normal -0.514163 0.857692 0
    outer loop
      vertex 2.22215 41.6573 10.2
      vertex 2.64302 41.9096 0
      vertex 2.22215 41.6573 0
    endloop
  endfacet
  facet normal -0.803193 0.595718 0
    outer loop
      vertex 0.842651 40.2779 0
      vertex 1.13495 40.672 10.2
      vertex 1.13495 40.672 0
    endloop
  endfacet
  facet normal -0.803193 0.595718 0
    outer loop
      vertex 1.13495 40.672 10.2
      vertex 0.842651 40.2779 0
      vertex 0.842651 40.2779 10.2
    endloop
  endfacet
  facet normal -0.857746 0.514073 0
    outer loop
      vertex 0.590393 39.857 0
      vertex 0.842651 40.2779 10.2
      vertex 0.842651 40.2779 0
    endloop
  endfacet
  facet normal -0.857746 0.514073 0
    outer loop
      vertex 0.842651 40.2779 10.2
      vertex 0.590393 39.857 0
      vertex 0.590393 39.857 10.2
    endloop
  endfacet
  facet normal -0.941546 0.336886 0
    outer loop
      vertex 0.215298 38.9514 0
      vertex 0.380602 39.4134 10.2
      vertex 0.380602 39.4134 0
    endloop
  endfacet
  facet normal -0.941546 0.336886 0
    outer loop
      vertex 0.380602 39.4134 10.2
      vertex 0.215298 38.9514 0
      vertex 0.215298 38.9514 10.2
    endloop
  endfacet
  facet normal -0.904002 0.427528 0
    outer loop
      vertex 0.380602 39.4134 0
      vertex 0.590393 39.857 10.2
      vertex 0.590393 39.857 0
    endloop
  endfacet
  facet normal -0.904002 0.427528 0
    outer loop
      vertex 0.590393 39.857 10.2
      vertex 0.380602 39.4134 0
      vertex 0.380602 39.4134 10.2
    endloop
  endfacet
  facet normal 0.595718 -0.803193 0
    outer loop
      vertex 54.2779 0.842651 0
      vertex 54.672 1.13495 10.2
      vertex 54.2779 0.842651 10.2
    endloop
  endfacet
  facet normal 0.595718 -0.803193 0
    outer loop
      vertex 54.672 1.13495 10.2
      vertex 54.2779 0.842651 0
      vertex 54.672 1.13495 0
    endloop
  endfacet
  facet normal 0.671629 -0.740887 0
    outer loop
      vertex 54.672 1.13495 0
      vertex 55.0355 1.46447 10.2
      vertex 54.672 1.13495 10.2
    endloop
  endfacet
  facet normal 0.671629 -0.740887 0
    outer loop
      vertex 55.0355 1.46447 10.2
      vertex 54.672 1.13495 0
      vertex 55.0355 1.46447 0
    endloop
  endfacet
  facet normal 0.857692 -0.514163 0
    outer loop
      vertex 55.6573 2.22215 10.2
      vertex 55.9096 2.64302 0
      vertex 55.9096 2.64302 10.2
    endloop
  endfacet
  facet normal 0.857692 -0.514163 0
    outer loop
      vertex 55.9096 2.64302 0
      vertex 55.6573 2.22215 10.2
      vertex 55.6573 2.22215 0
    endloop
  endfacet
  facet normal 0.941548 -0.336879 0
    outer loop
      vertex 56.1194 3.08658 10.2
      vertex 56.2847 3.54858 0
      vertex 56.2847 3.54858 10.2
    endloop
  endfacet
  facet normal 0.941548 -0.336879 0
    outer loop
      vertex 56.2847 3.54858 0
      vertex 56.1194 3.08658 10.2
      vertex 56.1194 3.08658 0
    endloop
  endfacet
  facet normal 0.90398 -0.427575 0
    outer loop
      vertex 55.9096 2.64302 10.2
      vertex 56.1194 3.08658 0
      vertex 56.1194 3.08658 10.2
    endloop
  endfacet
  facet normal 0.90398 -0.427575 0
    outer loop
      vertex 56.1194 3.08658 0
      vertex 55.9096 2.64302 10.2
      vertex 55.9096 2.64302 0
    endloop
  endfacet
  facet normal 0.336886 -0.941546 0
    outer loop
      vertex 52.9514 0.215298 0
      vertex 53.4134 0.380602 10.2
      vertex 52.9514 0.215298 10.2
    endloop
  endfacet
  facet normal 0.336886 -0.941546 0
    outer loop
      vertex 53.4134 0.380602 10.2
      vertex 52.9514 0.215298 0
      vertex 53.4134 0.380602 0
    endloop
  endfacet
  facet normal 0.146721 -0.989178 0
    outer loop
      vertex 51.9901 0.0240755 0
      vertex 52.4755 0.0960732 10.2
      vertex 51.9901 0.0240755 10.2
    endloop
  endfacet
  facet normal 0.146721 -0.989178 0
    outer loop
      vertex 52.4755 0.0960732 10.2
      vertex 51.9901 0.0240755 0
      vertex 52.4755 0.0960732 0
    endloop
  endfacet
  facet normal 0.514073 -0.857746 0
    outer loop
      vertex 53.857 0.590393 0
      vertex 54.2779 0.842651 10.2
      vertex 53.857 0.590393 10.2
    endloop
  endfacet
  facet normal 0.514073 -0.857746 0
    outer loop
      vertex 54.2779 0.842651 10.2
      vertex 53.857 0.590393 0
      vertex 54.2779 0.842651 0
    endloop
  endfacet
  facet normal -0.671568 -0.740943 0
    outer loop
      vertex 1.46447 1.46447 0
      vertex 1.82803 1.13495 10.2
      vertex 1.46447 1.46447 10.2
    endloop
  endfacet
  facet normal -0.671568 -0.740943 -0
    outer loop
      vertex 1.82803 1.13495 10.2
      vertex 1.46447 1.46447 0
      vertex 1.82803 1.13495 0
    endloop
  endfacet
  facet normal -0.740943 -0.671568 0
    outer loop
      vertex 1.46447 1.46447 0
      vertex 1.13495 1.82803 10.2
      vertex 1.13495 1.82803 0
    endloop
  endfacet
  facet normal -0.740943 -0.671568 0
    outer loop
      vertex 1.13495 1.82803 10.2
      vertex 1.46447 1.46447 0
      vertex 1.46447 1.46447 10.2
    endloop
  endfacet
  facet normal -0.903987 -0.42756 0
    outer loop
      vertex 0.590393 2.64302 0
      vertex 0.380602 3.08658 10.2
      vertex 0.380602 3.08658 0
    endloop
  endfacet
  facet normal -0.903987 -0.42756 0
    outer loop
      vertex 0.380602 3.08658 10.2
      vertex 0.590393 2.64302 0
      vertex 0.590393 2.64302 10.2
    endloop
  endfacet
  facet normal -0.970031 -0.242981 0
    outer loop
      vertex 0.215298 3.54858 0
      vertex 0.0960732 4.02455 10.2
      vertex 0.0960732 4.02455 0
    endloop
  endfacet
  facet normal -0.970031 -0.242981 0
    outer loop
      vertex 0.0960732 4.02455 10.2
      vertex 0.215298 3.54858 0
      vertex 0.215298 3.54858 10.2
    endloop
  endfacet
  facet normal 0.970034 0.242967 0
    outer loop
      vertex 56.4039 38.4755 10.2
      vertex 56.2847 38.9514 0
      vertex 56.2847 38.9514 10.2
    endloop
  endfacet
  facet normal 0.970034 0.242967 0
    outer loop
      vertex 56.2847 38.9514 0
      vertex 56.4039 38.4755 10.2
      vertex 56.4039 38.4755 0
    endloop
  endfacet
  facet normal 0.989177 0.146726 0
    outer loop
      vertex 56.4759 37.9901 10.2
      vertex 56.4039 38.4755 0
      vertex 56.4039 38.4755 10.2
    endloop
  endfacet
  facet normal 0.989177 0.146726 0
    outer loop
      vertex 56.4039 38.4755 0
      vertex 56.4759 37.9901 10.2
      vertex 56.4759 37.9901 0
    endloop
  endfacet
  facet normal 0.903995 0.427543 0
    outer loop
      vertex 56.1194 39.4134 10.2
      vertex 55.9096 39.857 0
      vertex 55.9096 39.857 10.2
    endloop
  endfacet
  facet normal 0.903995 0.427543 0
    outer loop
      vertex 55.9096 39.857 0
      vertex 56.1194 39.4134 10.2
      vertex 56.1194 39.4134 0
    endloop
  endfacet
  facet normal 0.941548 0.336879 0
    outer loop
      vertex 56.2847 38.9514 10.2
      vertex 56.1194 39.4134 0
      vertex 56.1194 39.4134 10.2
    endloop
  endfacet
  facet normal 0.941548 0.336879 0
    outer loop
      vertex 56.1194 39.4134 0
      vertex 56.2847 38.9514 10.2
      vertex 56.2847 38.9514 0
    endloop
  endfacet
  facet normal 0.740806 0.671719 0
    outer loop
      vertex 55.3651 40.672 10.2
      vertex 55.0355 41.0355 0
      vertex 55.0355 41.0355 10.2
    endloop
  endfacet
  facet normal 0.740806 0.671719 0
    outer loop
      vertex 55.0355 41.0355 0
      vertex 55.3651 40.672 10.2
      vertex 55.3651 40.672 0
    endloop
  endfacet
  facet normal 0.427543 0.903995 -0
    outer loop
      vertex 53.857 41.9096 0
      vertex 53.4134 42.1194 10.2
      vertex 53.857 41.9096 10.2
    endloop
  endfacet
  facet normal 0.427543 0.903995 0
    outer loop
      vertex 53.4134 42.1194 10.2
      vertex 53.857 41.9096 0
      vertex 53.4134 42.1194 0
    endloop
  endfacet
  facet normal 0.671719 0.740806 -0
    outer loop
      vertex 55.0355 41.0355 0
      vertex 54.672 41.3651 10.2
      vertex 55.0355 41.0355 10.2
    endloop
  endfacet
  facet normal 0.671719 0.740806 0
    outer loop
      vertex 54.672 41.3651 10.2
      vertex 55.0355 41.0355 0
      vertex 54.672 41.3651 0
    endloop
  endfacet
  facet normal 0.595588 0.80329 -0
    outer loop
      vertex 54.672 41.3651 0
      vertex 54.2779 41.6573 10.2
      vertex 54.672 41.3651 10.2
    endloop
  endfacet
  facet normal 0.595588 0.80329 0
    outer loop
      vertex 54.2779 41.6573 10.2
      vertex 54.672 41.3651 0
      vertex 54.2779 41.6573 0
    endloop
  endfacet
  facet normal -0.0491153 0.998793 0
    outer loop
      vertex 5 42.5 0
      vertex 4.50991 42.4759 10.2
      vertex 5 42.5 10.2
    endloop
  endfacet
  facet normal -0.0491153 0.998793 0
    outer loop
      vertex 4.50991 42.4759 10.2
      vertex 5 42.5 0
      vertex 4.50991 42.4759 0
    endloop
  endfacet
  facet normal -0.242934 0.970043 0
    outer loop
      vertex 4.02455 42.4039 0
      vertex 3.54858 42.2847 10.2
      vertex 4.02455 42.4039 10.2
    endloop
  endfacet
  facet normal -0.242934 0.970043 0
    outer loop
      vertex 3.54858 42.2847 10.2
      vertex 4.02455 42.4039 0
      vertex 3.54858 42.2847 0
    endloop
  endfacet
  facet normal -0.671658 0.740861 0
    outer loop
      vertex 1.82803 41.3651 0
      vertex 1.46447 41.0355 10.2
      vertex 1.82803 41.3651 10.2
    endloop
  endfacet
  facet normal -0.671658 0.740861 0
    outer loop
      vertex 1.46447 41.0355 10.2
      vertex 1.82803 41.3651 0
      vertex 1.46447 41.0355 0
    endloop
  endfacet
  facet normal -0.970023 0.243015 0
    outer loop
      vertex 0.0960732 38.4755 0
      vertex 0.215298 38.9514 10.2
      vertex 0.215298 38.9514 0
    endloop
  endfacet
  facet normal -0.970023 0.243015 0
    outer loop
      vertex 0.215298 38.9514 10.2
      vertex 0.0960732 38.4755 0
      vertex 0.0960732 38.4755 10.2
    endloop
  endfacet
  facet normal 0.803304 -0.595569 0
    outer loop
      vertex 55.3651 1.82803 10.2
      vertex 55.6573 2.22215 0
      vertex 55.6573 2.22215 10.2
    endloop
  endfacet
  facet normal 0.803304 -0.595569 0
    outer loop
      vertex 55.6573 2.22215 0
      vertex 55.3651 1.82803 10.2
      vertex 55.3651 1.82803 0
    endloop
  endfacet
  facet normal 0.970043 -0.242934 0
    outer loop
      vertex 56.2847 3.54858 10.2
      vertex 56.4039 4.02455 0
      vertex 56.4039 4.02455 10.2
    endloop
  endfacet
  facet normal 0.970043 -0.242934 0
    outer loop
      vertex 56.4039 4.02455 0
      vertex 56.2847 3.54858 10.2
      vertex 56.2847 3.54858 0
    endloop
  endfacet
  facet normal 0.427528 -0.904002 0
    outer loop
      vertex 53.4134 0.380602 0
      vertex 53.857 0.590393 10.2
      vertex 53.4134 0.380602 10.2
    endloop
  endfacet
  facet normal 0.427528 -0.904002 0
    outer loop
      vertex 53.857 0.590393 10.2
      vertex 53.4134 0.380602 0
      vertex 53.857 0.590393 0
    endloop
  endfacet
  facet normal -0.336886 -0.941546 0
    outer loop
      vertex 3.08658 0.380602 0
      vertex 3.54858 0.215298 10.2
      vertex 3.08658 0.380602 10.2
    endloop
  endfacet
  facet normal -0.336886 -0.941546 -0
    outer loop
      vertex 3.54858 0.215298 10.2
      vertex 3.08658 0.380602 0
      vertex 3.54858 0.215298 0
    endloop
  endfacet
  facet normal -0.5141 -0.85773 0
    outer loop
      vertex 2.22215 0.842651 0
      vertex 2.64302 0.590393 10.2
      vertex 2.22215 0.842651 10.2
    endloop
  endfacet
  facet normal -0.5141 -0.85773 -0
    outer loop
      vertex 2.64302 0.590393 10.2
      vertex 2.22215 0.842651 0
      vertex 2.64302 0.590393 0
    endloop
  endfacet
  facet normal -0.42756 -0.903987 0
    outer loop
      vertex 2.64302 0.590393 0
      vertex 3.08658 0.380602 10.2
      vertex 2.64302 0.590393 10.2
    endloop
  endfacet
  facet normal -0.42756 -0.903987 -0
    outer loop
      vertex 3.08658 0.380602 10.2
      vertex 2.64302 0.590393 0
      vertex 3.08658 0.380602 0
    endloop
  endfacet
  facet normal -0.242981 -0.970031 0
    outer loop
      vertex 3.54858 0.215298 0
      vertex 4.02455 0.0960732 10.2
      vertex 3.54858 0.215298 10.2
    endloop
  endfacet
  facet normal -0.242981 -0.970031 -0
    outer loop
      vertex 4.02455 0.0960732 10.2
      vertex 3.54858 0.215298 0
      vertex 4.02455 0.0960732 0
    endloop
  endfacet
  facet normal -0.595699 -0.803208 0
    outer loop
      vertex 1.82803 1.13495 0
      vertex 2.22215 0.842651 10.2
      vertex 1.82803 1.13495 10.2
    endloop
  endfacet
  facet normal -0.595699 -0.803208 -0
    outer loop
      vertex 2.22215 0.842651 10.2
      vertex 1.82803 1.13495 0
      vertex 2.22215 0.842651 0
    endloop
  endfacet
  facet normal -0.803208 -0.595699 0
    outer loop
      vertex 1.13495 1.82803 0
      vertex 0.842651 2.22215 10.2
      vertex 0.842651 2.22215 0
    endloop
  endfacet
  facet normal -0.803208 -0.595699 0
    outer loop
      vertex 0.842651 2.22215 10.2
      vertex 1.13495 1.82803 0
      vertex 1.13495 1.82803 10.2
    endloop
  endfacet
  facet normal -0.941546 -0.336886 0
    outer loop
      vertex 0.380602 3.08658 0
      vertex 0.215298 3.54858 10.2
      vertex 0.215298 3.54858 0
    endloop
  endfacet
  facet normal -0.941546 -0.336886 0
    outer loop
      vertex 0.215298 3.54858 10.2
      vertex 0.380602 3.08658 0
      vertex 0.380602 3.08658 10.2
    endloop
  endfacet
  facet normal 0.80329 0.595588 0
    outer loop
      vertex 55.6573 40.2779 10.2
      vertex 55.3651 40.672 0
      vertex 55.3651 40.672 10.2
    endloop
  endfacet
  facet normal 0.80329 0.595588 0
    outer loop
      vertex 55.3651 40.672 0
      vertex 55.6573 40.2779 10.2
      vertex 55.6573 40.2779 0
    endloop
  endfacet
  facet normal 0.243015 -0.970023 0
    outer loop
      vertex 52.4755 0.0960732 0
      vertex 52.9514 0.215298 10.2
      vertex 52.4755 0.0960732 10.2
    endloop
  endfacet
  facet normal 0.243015 -0.970023 0
    outer loop
      vertex 52.9514 0.215298 10.2
      vertex 52.4755 0.0960732 0
      vertex 52.9514 0.215298 0
    endloop
  endfacet
  facet normal 0.989176 0.146736 0
    outer loop
      vertex 1.33166 4.67087 1.6
      vertex 1.27046 5.08343 0
      vertex 1.27046 5.08343 1.6
    endloop
  endfacet
  facet normal 0.989176 0.146736 0
    outer loop
      vertex 1.27046 5.08343 0
      vertex 1.33166 4.67087 1.6
      vertex 1.33166 4.67087 0
    endloop
  endfacet
  facet normal 0.970032 0.242976 0
    outer loop
      vertex 1.433 4.26629 1.6
      vertex 1.33166 4.67087 0
      vertex 1.33166 4.67087 1.6
    endloop
  endfacet
  facet normal 0.970032 0.242976 0
    outer loop
      vertex 1.33166 4.67087 0
      vertex 1.433 4.26629 1.6
      vertex 1.433 4.26629 0
    endloop
  endfacet
  facet normal 0.998796 0.0490563 0
    outer loop
      vertex 1.27046 5.08343 1.6
      vertex 1.25 5.5 0
      vertex 1.25 5.5 1.6
    endloop
  endfacet
  facet normal 0.998796 0.0490563 0
    outer loop
      vertex 1.25 5.5 0
      vertex 1.27046 5.08343 1.6
      vertex 1.27046 5.08343 0
    endloop
  endfacet
  facet normal 0.998796 -0.0490527 0
    outer loop
      vertex 1.25 37 1.6
      vertex 1.27046 37.4166 0
      vertex 1.27046 37.4166 1.6
    endloop
  endfacet
  facet normal 0.998796 -0.0490527 0
    outer loop
      vertex 1.27046 37.4166 0
      vertex 1.25 37 1.6
      vertex 1.25 37 0
    endloop
  endfacet
  facet normal 0.903978 -0.427579 0
    outer loop
      vertex 1.57351 38.6264 1.6
      vertex 1.75183 39.0034 0
      vertex 1.75183 39.0034 1.6
    endloop
  endfacet
  facet normal 0.903978 -0.427579 0
    outer loop
      vertex 1.75183 39.0034 0
      vertex 1.57351 38.6264 1.6
      vertex 1.57351 38.6264 0
    endloop
  endfacet
  facet normal -0.989173 -0.146757 0
    outer loop
      vertex 55.2295 37.4166 0
      vertex 55.1683 37.8291 1.6
      vertex 55.1683 37.8291 0
    endloop
  endfacet
  facet normal -0.989173 -0.146757 0
    outer loop
      vertex 55.1683 37.8291 1.6
      vertex 55.2295 37.4166 0
      vertex 55.2295 37.4166 1.6
    endloop
  endfacet
  facet normal -0.998791 0.0491519 0
    outer loop
      vertex 55.2295 5.08343 0
      vertex 55.25 5.5 1.6
      vertex 55.25 5.5 0
    endloop
  endfacet
  facet normal -0.998791 0.0491519 0
    outer loop
      vertex 55.25 5.5 1.6
      vertex 55.2295 5.08343 0
      vertex 55.2295 5.08343 1.6
    endloop
  endfacet
  facet normal -0.998791 -0.0491484 0
    outer loop
      vertex 55.25 37 0
      vertex 55.2295 37.4166 1.6
      vertex 55.2295 37.4166 0
    endloop
  endfacet
  facet normal -0.998791 -0.0491484 0
    outer loop
      vertex 55.2295 37.4166 1.6
      vertex 55.25 37 0
      vertex 55.25 37 1.6
    endloop
  endfacet
  facet normal -0.989176 0.146736 0
    outer loop
      vertex 55.1683 4.67087 0
      vertex 55.2295 5.08343 1.6
      vertex 55.2295 5.08343 0
    endloop
  endfacet
  facet normal -0.989176 0.146736 0
    outer loop
      vertex 55.2295 5.08343 1.6
      vertex 55.1683 4.67087 0
      vertex 55.1683 4.67087 1.6
    endloop
  endfacet
  facet normal 0.941542 0.336897 0
    outer loop
      vertex 1.57351 3.8736 1.6
      vertex 1.433 4.26629 0
      vertex 1.433 4.26629 1.6
    endloop
  endfacet
  facet normal 0.941542 0.336897 0
    outer loop
      vertex 1.433 4.26629 0
      vertex 1.57351 3.8736 1.6
      vertex 1.57351 3.8736 0
    endloop
  endfacet
  facet normal 1 -0 0
    outer loop
      vertex 1.25 5.5 1.6
      vertex 1.25 9.5 0
      vertex 1.25 9.5 1.6
    endloop
  endfacet
  facet normal 1 0 0
    outer loop
      vertex 1.25 9.5 0
      vertex 1.25 5.5 1.6
      vertex 1.25 5.5 0
    endloop
  endfacet
  facet normal 1 -0 0
    outer loop
      vertex 1.25 19 1.6
      vertex 1.25 37 0
      vertex 1.25 37 1.6
    endloop
  endfacet
  facet normal 1 0 0
    outer loop
      vertex 1.25 37 0
      vertex 1.25 19 1.6
      vertex 1.25 19 0
    endloop
  endfacet
  facet normal 0 0 -1
    outer loop
      vertex 1.25 37 1.6
      vertex 2 37.5 1.6
      vertex 2 19 1.6
    endloop
  endfacet
  facet normal 0 -0 -1
    outer loop
      vertex 1.27046 37.4166 1.6
      vertex 2 37.5 1.6
      vertex 1.25 37 1.6
    endloop
  endfacet
  facet normal 0 0 -1
    outer loop
      vertex 2 37.5 1.6
      vertex 1.75183 39.0034 1.6
      vertex 1.96625 39.3612 1.6
    endloop
  endfacet
  facet normal 0 0 -1
    outer loop
      vertex 2 37.5 1.6
      vertex 1.57351 38.6264 1.6
      vertex 1.75183 39.0034 1.6
    endloop
  endfacet
  facet normal 0 0 -1
    outer loop
      vertex 2 37.5 1.6
      vertex 1.433 38.2337 1.6
      vertex 1.57351 38.6264 1.6
    endloop
  endfacet
  facet normal 0 0 -1
    outer loop
      vertex 2 37.5 1.6
      vertex 1.33166 37.8291 1.6
      vertex 1.433 38.2337 1.6
    endloop
  endfacet
  facet normal 0 0 -1
    outer loop
      vertex 1.25 37 1.6
      vertex 2 19 1.6
      vertex 1.25 19 1.6
    endloop
  endfacet
  facet normal -0 0 -1
    outer loop
      vertex 2 37.5 1.6
      vertex 1.27046 37.4166 1.6
      vertex 1.33166 37.8291 1.6
    endloop
  endfacet
  facet normal 0 0 -1
    outer loop
      vertex 54.5 5 1.6
      vertex 55.25 5.5 1.6
      vertex 55.2295 5.08343 1.6
    endloop
  endfacet
  facet normal -0 0 -1
    outer loop
      vertex 55.25 5.5 1.6
      vertex 54.5 5 1.6
      vertex 55.25 37 1.6
    endloop
  endfacet
  facet normal 0 0 -1
    outer loop
      vertex 54.5 5 1.6
      vertex 55.2295 5.08343 1.6
      vertex 55.1683 4.67087 1.6
    endloop
  endfacet
  facet normal 0 0 -1
    outer loop
      vertex 54.5 37.5 1.6
      vertex 55.25 37 1.6
      vertex 54.5 5 1.6
    endloop
  endfacet
  facet normal 0 0 -1
    outer loop
      vertex 54.4856 4.70595 1.6
      vertex 55.1683 4.67087 1.6
      vertex 55.067 4.26629 1.6
    endloop
  endfacet
  facet normal 0 0 -1
    outer loop
      vertex 55.25 37 1.6
      vertex 54.5 37.5 1.6
      vertex 55.2295 37.4166 1.6
    endloop
  endfacet
  facet normal 0 0 -1
    outer loop
      vertex 54.3708 4.12915 1.6
      vertex 55.067 4.26629 1.6
      vertex 54.9265 3.8736 1.6
    endloop
  endfacet
  facet normal 0 0 -1
    outer loop
      vertex 55.2295 37.4166 1.6
      vertex 54.5 37.5 1.6
      vertex 55.1683 37.8291 1.6
    endloop
  endfacet
  facet normal 0 0 -1
    outer loop
      vertex 54.2716 3.85195 1.6
      vertex 54.9265 3.8736 1.6
      vertex 54.7482 3.49656 1.6
    endloop
  endfacet
  facet normal 0 0 -1
    outer loop
      vertex 54.4856 37.7941 1.6
      vertex 55.1683 37.8291 1.6
      vertex 54.5 37.5 1.6
    endloop
  endfacet
  facet normal 0 0 -1
    outer loop
      vertex 54.1458 3.58581 1.6
      vertex 54.7482 3.49656 1.6
      vertex 54.5337 3.13883 1.6
    endloop
  endfacet
  facet normal -0 0 -1
    outer loop
      vertex 55.1683 37.8291 1.6
      vertex 54.4856 37.7941 1.6
      vertex 55.067 38.2337 1.6
    endloop
  endfacet
  facet normal 0 0 -1
    outer loop
      vertex 54.4424 38.0853 1.6
      vertex 55.067 38.2337 1.6
      vertex 54.4856 37.7941 1.6
    endloop
  endfacet
  facet normal 0 0 -1
    outer loop
      vertex 55.1683 4.67087 1.6
      vertex 54.4856 4.70595 1.6
      vertex 54.5 5 1.6
    endloop
  endfacet
  facet normal 0 0 -1
    outer loop
      vertex 55.067 4.26629 1.6
      vertex 54.4424 4.41473 1.6
      vertex 54.4856 4.70595 1.6
    endloop
  endfacet
  facet normal -0 0 -1
    outer loop
      vertex 55.067 4.26629 1.6
      vertex 54.3708 4.12915 1.6
      vertex 54.4424 4.41473 1.6
    endloop
  endfacet
  facet normal 0 0 -1
    outer loop
      vertex 53.9944 3.33329 1.6
      vertex 54.5337 3.13883 1.6
      vertex 54.2853 2.80383 1.6
    endloop
  endfacet
  facet normal -0 0 -1
    outer loop
      vertex 54.9265 3.8736 1.6
      vertex 54.2716 3.85195 1.6
      vertex 54.3708 4.12915 1.6
    endloop
  endfacet
  facet normal 0 0 -1
    outer loop
      vertex 54.7482 3.49656 1.6
      vertex 54.1458 3.58581 1.6
      vertex 54.2716 3.85195 1.6
    endloop
  endfacet
  facet normal 0 0 -1
    outer loop
      vertex 53.819 3.09682 1.6
      vertex 54.2853 2.80383 1.6
      vertex 54.0052 2.4948 1.6
    endloop
  endfacet
  facet normal 0 0 -1
    outer loop
      vertex 54.5337 3.13883 1.6
      vertex 53.9944 3.33329 1.6
      vertex 54.1458 3.58581 1.6
    endloop
  endfacet
  facet normal 0 0 -1
    outer loop
      vertex 54.2853 2.80383 1.6
      vertex 53.819 3.09682 1.6
      vertex 53.9944 3.33329 1.6
    endloop
  endfacet
  facet normal 0 0 -1
    outer loop
      vertex 53.4032 2.68097 1.6
      vertex 54.0052 2.4948 1.6
      vertex 53.6962 2.21471 1.6
    endloop
  endfacet
  facet normal 0 0 -1
    outer loop
      vertex 54.0052 2.4948 1.6
      vertex 53.6213 2.87868 1.6
      vertex 53.819 3.09682 1.6
    endloop
  endfacet
  facet normal 0 0 -1
    outer loop
      vertex 54.0052 2.4948 1.6
      vertex 53.4032 2.68097 1.6
      vertex 53.6213 2.87868 1.6
    endloop
  endfacet
  facet normal 0 0 -1
    outer loop
      vertex 53.1667 2.50559 1.6
      vertex 53.6962 2.21471 1.6
      vertex 53.3612 1.96625 1.6
    endloop
  endfacet
  facet normal 0 0 -1
    outer loop
      vertex 53.6962 2.21471 1.6
      vertex 53.1667 2.50559 1.6
      vertex 53.4032 2.68097 1.6
    endloop
  endfacet
  facet normal 0 0 -1
    outer loop
      vertex 52.9142 2.35424 1.6
      vertex 53.3612 1.96625 1.6
      vertex 53.0034 1.75183 1.6
    endloop
  endfacet
  facet normal 0 0 -1
    outer loop
      vertex 53.3612 1.96625 1.6
      vertex 52.9142 2.35424 1.6
      vertex 53.1667 2.50559 1.6
    endloop
  endfacet
  facet normal 0 0 -1
    outer loop
      vertex 53.0034 1.75183 1.6
      vertex 52.648 2.22836 1.6
      vertex 52.9142 2.35424 1.6
    endloop
  endfacet
  facet normal 0 0 -1
    outer loop
      vertex 52.6264 1.57351 1.6
      vertex 52.648 2.22836 1.6
      vertex 53.0034 1.75183 1.6
    endloop
  endfacet
  facet normal 0 0 -1
    outer loop
      vertex 52.6264 1.57351 1.6
      vertex 52.3709 2.12918 1.6
      vertex 52.648 2.22836 1.6
    endloop
  endfacet
  facet normal 0 0 -1
    outer loop
      vertex 52.2337 1.433 1.6
      vertex 52.3709 2.12918 1.6
      vertex 52.6264 1.57351 1.6
    endloop
  endfacet
  facet normal 0 0 -1
    outer loop
      vertex 52.2337 1.433 1.6
      vertex 52.0853 2.05764 1.6
      vertex 52.3709 2.12918 1.6
    endloop
  endfacet
  facet normal 0 0 -1
    outer loop
      vertex 51.7941 2.01445 1.6
      vertex 52.2337 1.433 1.6
      vertex 51.8291 1.33166 1.6
    endloop
  endfacet
  facet normal 0 0 -1
    outer loop
      vertex 52.2337 1.433 1.6
      vertex 51.7941 2.01445 1.6
      vertex 52.0853 2.05764 1.6
    endloop
  endfacet
  facet normal 0 0 -1
    outer loop
      vertex 51.8291 1.33166 1.6
      vertex 51.5 2 1.6
      vertex 51.7941 2.01445 1.6
    endloop
  endfacet
  facet normal 0 0 -1
    outer loop
      vertex 51.4166 1.27046 1.6
      vertex 51.5 2 1.6
      vertex 51.8291 1.33166 1.6
    endloop
  endfacet
  facet normal 0 0 -1
    outer loop
      vertex 51 1.25 1.6
      vertex 51.5 2 1.6
      vertex 51.4166 1.27046 1.6
    endloop
  endfacet
  facet normal 0 0 -1
    outer loop
      vertex 5.5 1.25 1.6
      vertex 51.5 2 1.6
      vertex 51 1.25 1.6
    endloop
  endfacet
  facet normal 0 0 -1
    outer loop
      vertex 5 2 1.6
      vertex 5.5 1.25 1.6
      vertex 5.08343 1.27046 1.6
    endloop
  endfacet
  facet normal 0 0 -1
    outer loop
      vertex 5.5 1.25 1.6
      vertex 5 2 1.6
      vertex 51.5 2 1.6
    endloop
  endfacet
  facet normal 0 0 -1
    outer loop
      vertex 4.67087 1.33166 1.6
      vertex 5 2 1.6
      vertex 5.08343 1.27046 1.6
    endloop
  endfacet
  facet normal -0 0 -1
    outer loop
      vertex 5 2 1.6
      vertex 4.67087 1.33166 1.6
      vertex 4.70595 2.01445 1.6
    endloop
  endfacet
  facet normal 0 0 -1
    outer loop
      vertex 4.26629 1.433 1.6
      vertex 4.70595 2.01445 1.6
      vertex 4.67087 1.33166 1.6
    endloop
  endfacet
  facet normal -0 0 -1
    outer loop
      vertex 4.70595 2.01445 1.6
      vertex 4.26629 1.433 1.6
      vertex 4.41473 2.05764 1.6
    endloop
  endfacet
  facet normal 0 0 -1
    outer loop
      vertex 4.26629 1.433 1.6
      vertex 4.12915 2.12918 1.6
      vertex 4.41473 2.05764 1.6
    endloop
  endfacet
  facet normal 0 0 -1
    outer loop
      vertex 3.8736 1.57351 1.6
      vertex 4.12915 2.12918 1.6
      vertex 4.26629 1.433 1.6
    endloop
  endfacet
  facet normal 0 0 -1
    outer loop
      vertex 3.8736 1.57351 1.6
      vertex 3.85195 2.22836 1.6
      vertex 4.12915 2.12918 1.6
    endloop
  endfacet
  facet normal 0 0 -1
    outer loop
      vertex 3.49656 1.75183 1.6
      vertex 3.85195 2.22836 1.6
      vertex 3.8736 1.57351 1.6
    endloop
  endfacet
  facet normal -0 0 -1
    outer loop
      vertex 3.85195 2.22836 1.6
      vertex 3.49656 1.75183 1.6
      vertex 3.58581 2.35424 1.6
    endloop
  endfacet
  facet normal 0 0 -1
    outer loop
      vertex 3.13883 1.96625 1.6
      vertex 3.58581 2.35424 1.6
      vertex 3.49656 1.75183 1.6
    endloop
  endfacet
  facet normal -0 0 -1
    outer loop
      vertex 3.58581 2.35424 1.6
      vertex 3.13883 1.96625 1.6
      vertex 3.33329 2.50559 1.6
    endloop
  endfacet
  facet normal 0 0 -1
    outer loop
      vertex 2.80383 2.21471 1.6
      vertex 3.33329 2.50559 1.6
      vertex 3.13883 1.96625 1.6
    endloop
  endfacet
  facet normal -0 0 -1
    outer loop
      vertex 3.33329 2.50559 1.6
      vertex 2.80383 2.21471 1.6
      vertex 3.09682 2.68097 1.6
    endloop
  endfacet
  facet normal 0 0 -1
    outer loop
      vertex 2.4948 2.4948 1.6
      vertex 3.09682 2.68097 1.6
      vertex 2.80383 2.21471 1.6
    endloop
  endfacet
  facet normal -0 0 -1
    outer loop
      vertex 3.09682 2.68097 1.6
      vertex 2.4948 2.4948 1.6
      vertex 2.87868 2.87868 1.6
    endloop
  endfacet
  facet normal -0 0 -1
    outer loop
      vertex 2.87868 2.87868 1.6
      vertex 2.4948 2.4948 1.6
      vertex 2.68097 3.09682 1.6
    endloop
  endfacet
  facet normal 0 0 -1
    outer loop
      vertex 2.21471 2.80383 1.6
      vertex 2.68097 3.09682 1.6
      vertex 2.4948 2.4948 1.6
    endloop
  endfacet
  facet normal -0 0 -1
    outer loop
      vertex 2.68097 3.09682 1.6
      vertex 2.21471 2.80383 1.6
      vertex 2.50559 3.33329 1.6
    endloop
  endfacet
  facet normal 0 0 -1
    outer loop
      vertex 1.96625 3.13883 1.6
      vertex 2.50559 3.33329 1.6
      vertex 2.21471 2.80383 1.6
    endloop
  endfacet
  facet normal -0 0 -1
    outer loop
      vertex 2.50559 3.33329 1.6
      vertex 1.96625 3.13883 1.6
      vertex 2.35424 3.58581 1.6
    endloop
  endfacet
  facet normal 0 0 -1
    outer loop
      vertex 1.75183 3.49656 1.6
      vertex 2.35424 3.58581 1.6
      vertex 1.96625 3.13883 1.6
    endloop
  endfacet
  facet normal -0 0 -1
    outer loop
      vertex 2.35424 3.58581 1.6
      vertex 1.75183 3.49656 1.6
      vertex 2.22836 3.85195 1.6
    endloop
  endfacet
  facet normal 0 0 -1
    outer loop
      vertex 1.57351 3.8736 1.6
      vertex 2.22836 3.85195 1.6
      vertex 1.75183 3.49656 1.6
    endloop
  endfacet
  facet normal 0 0 -1
    outer loop
      vertex 2.22836 3.85195 1.6
      vertex 1.57351 3.8736 1.6
      vertex 2.12918 4.12915 1.6
    endloop
  endfacet
  facet normal 0 0 -1
    outer loop
      vertex 1.433 4.26629 1.6
      vertex 2.12918 4.12915 1.6
      vertex 1.57351 3.8736 1.6
    endloop
  endfacet
  facet normal 0 0 -1
    outer loop
      vertex 2.12918 4.12915 1.6
      vertex 1.433 4.26629 1.6
      vertex 2.05764 4.41473 1.6
    endloop
  endfacet
  facet normal -0 0 -1
    outer loop
      vertex 2.05764 4.41473 1.6
      vertex 1.433 4.26629 1.6
      vertex 2.01445 4.70595 1.6
    endloop
  endfacet
  facet normal 0 0 -1
    outer loop
      vertex 1.33166 4.67087 1.6
      vertex 2.01445 4.70595 1.6
      vertex 1.433 4.26629 1.6
    endloop
  endfacet
  facet normal -0 0 -1
    outer loop
      vertex 2.01445 4.70595 1.6
      vertex 1.33166 4.67087 1.6
      vertex 2 5 1.6
    endloop
  endfacet
  facet normal 0 0 -1
    outer loop
      vertex 1.27046 5.08343 1.6
      vertex 2 5 1.6
      vertex 1.33166 4.67087 1.6
    endloop
  endfacet
  facet normal 0 0 -1
    outer loop
      vertex 2 5 1.6
      vertex 1.27046 5.08343 1.6
      vertex 1.25 5.5 1.6
    endloop
  endfacet
  facet normal 0 0 -1
    outer loop
      vertex 2 5 1.6
      vertex 1.25 5.5 1.6
      vertex 2 9.5 1.6
    endloop
  endfacet
  facet normal -0 0 -1
    outer loop
      vertex 2 9.5 1.6
      vertex 1.25 5.5 1.6
      vertex 1.25 9.5 1.6
    endloop
  endfacet
  facet normal 0 0 -1
    outer loop
      vertex 54.3708 38.3709 1.6
      vertex 55.067 38.2337 1.6
      vertex 54.4424 38.0853 1.6
    endloop
  endfacet
  facet normal 0 0 -1
    outer loop
      vertex 55.067 38.2337 1.6
      vertex 54.3708 38.3709 1.6
      vertex 54.9265 38.6264 1.6
    endloop
  endfacet
  facet normal 0 0 -1
    outer loop
      vertex 54.2716 38.648 1.6
      vertex 54.9265 38.6264 1.6
      vertex 54.3708 38.3709 1.6
    endloop
  endfacet
  facet normal 0 0 -1
    outer loop
      vertex 54.9265 38.6264 1.6
      vertex 54.2716 38.648 1.6
      vertex 54.7482 39.0034 1.6
    endloop
  endfacet
  facet normal 0 0 -1
    outer loop
      vertex 54.1458 38.9142 1.6
      vertex 54.7482 39.0034 1.6
      vertex 54.2716 38.648 1.6
    endloop
  endfacet
  facet normal -0 0 -1
    outer loop
      vertex 54.7482 39.0034 1.6
      vertex 54.1458 38.9142 1.6
      vertex 54.5337 39.3612 1.6
    endloop
  endfacet
  facet normal 0 0 -1
    outer loop
      vertex 53.9944 39.1667 1.6
      vertex 54.5337 39.3612 1.6
      vertex 54.1458 38.9142 1.6
    endloop
  endfacet
  facet normal -0 0 -1
    outer loop
      vertex 54.5337 39.3612 1.6
      vertex 53.9944 39.1667 1.6
      vertex 54.2853 39.6962 1.6
    endloop
  endfacet
  facet normal 0 0 -1
    outer loop
      vertex 53.819 39.4032 1.6
      vertex 54.2853 39.6962 1.6
      vertex 53.9944 39.1667 1.6
    endloop
  endfacet
  facet normal -0 0 -1
    outer loop
      vertex 54.2853 39.6962 1.6
      vertex 53.819 39.4032 1.6
      vertex 54.0052 40.0052 1.6
    endloop
  endfacet
  facet normal 0 0 -1
    outer loop
      vertex 53.6213 39.6213 1.6
      vertex 54.0052 40.0052 1.6
      vertex 53.819 39.4032 1.6
    endloop
  endfacet
  facet normal 0 0 -1
    outer loop
      vertex 53.4032 39.819 1.6
      vertex 54.0052 40.0052 1.6
      vertex 53.6213 39.6213 1.6
    endloop
  endfacet
  facet normal -0 0 -1
    outer loop
      vertex 54.0052 40.0052 1.6
      vertex 53.4032 39.819 1.6
      vertex 53.6962 40.2853 1.6
    endloop
  endfacet
  facet normal 0 0 -1
    outer loop
      vertex 53.1667 39.9944 1.6
      vertex 53.6962 40.2853 1.6
      vertex 53.4032 39.819 1.6
    endloop
  endfacet
  facet normal -0 0 -1
    outer loop
      vertex 53.6962 40.2853 1.6
      vertex 53.1667 39.9944 1.6
      vertex 53.3612 40.5337 1.6
    endloop
  endfacet
  facet normal 0 0 -1
    outer loop
      vertex 52.9142 40.1458 1.6
      vertex 53.3612 40.5337 1.6
      vertex 53.1667 39.9944 1.6
    endloop
  endfacet
  facet normal -0 0 -1
    outer loop
      vertex 53.3612 40.5337 1.6
      vertex 52.9142 40.1458 1.6
      vertex 53.0034 40.7482 1.6
    endloop
  endfacet
  facet normal 0 0 -1
    outer loop
      vertex 52.648 40.2716 1.6
      vertex 53.0034 40.7482 1.6
      vertex 52.9142 40.1458 1.6
    endloop
  endfacet
  facet normal 0 0 -1
    outer loop
      vertex 52.648 40.2716 1.6
      vertex 52.6264 40.9265 1.6
      vertex 53.0034 40.7482 1.6
    endloop
  endfacet
  facet normal 0 0 -1
    outer loop
      vertex 52.3709 40.3708 1.6
      vertex 52.6264 40.9265 1.6
      vertex 52.648 40.2716 1.6
    endloop
  endfacet
  facet normal 0 0 -1
    outer loop
      vertex 52.3709 40.3708 1.6
      vertex 52.2337 41.067 1.6
      vertex 52.6264 40.9265 1.6
    endloop
  endfacet
  facet normal 0 0 -1
    outer loop
      vertex 52.0853 40.4424 1.6
      vertex 52.2337 41.067 1.6
      vertex 52.3709 40.3708 1.6
    endloop
  endfacet
  facet normal 0 0 -1
    outer loop
      vertex 51.7941 40.4856 1.6
      vertex 52.2337 41.067 1.6
      vertex 52.0853 40.4424 1.6
    endloop
  endfacet
  facet normal -0 0 -1
    outer loop
      vertex 52.2337 41.067 1.6
      vertex 51.7941 40.4856 1.6
      vertex 51.8291 41.1683 1.6
    endloop
  endfacet
  facet normal 0 0 -1
    outer loop
      vertex 51.5 40.5 1.6
      vertex 51.8291 41.1683 1.6
      vertex 51.7941 40.4856 1.6
    endloop
  endfacet
  facet normal 0 0 -1
    outer loop
      vertex 51.5 40.5 1.6
      vertex 51.4166 41.2295 1.6
      vertex 51.8291 41.1683 1.6
    endloop
  endfacet
  facet normal 0 0 -1
    outer loop
      vertex 51.5 40.5 1.6
      vertex 51 41.25 1.6
      vertex 51.4166 41.2295 1.6
    endloop
  endfacet
  facet normal 0 0 -1
    outer loop
      vertex 51.5 40.5 1.6
      vertex 5.5 41.25 1.6
      vertex 51 41.25 1.6
    endloop
  endfacet
  facet normal 0 0 -1
    outer loop
      vertex 5 40.5 1.6
      vertex 5.5 41.25 1.6
      vertex 51.5 40.5 1.6
    endloop
  endfacet
  facet normal 0 0 -1
    outer loop
      vertex 5.5 41.25 1.6
      vertex 5 40.5 1.6
      vertex 5.08343 41.2295 1.6
    endloop
  endfacet
  facet normal 0 0 -1
    outer loop
      vertex 4.67087 41.1683 1.6
      vertex 5 40.5 1.6
      vertex 4.70595 40.4856 1.6
    endloop
  endfacet
  facet normal 0 0 -1
    outer loop
      vertex 5 40.5 1.6
      vertex 4.67087 41.1683 1.6
      vertex 5.08343 41.2295 1.6
    endloop
  endfacet
  facet normal 0 0 -1
    outer loop
      vertex 4.26629 41.067 1.6
      vertex 4.70595 40.4856 1.6
      vertex 4.41473 40.4424 1.6
    endloop
  endfacet
  facet normal 0 0 -1
    outer loop
      vertex 4.70595 40.4856 1.6
      vertex 4.26629 41.067 1.6
      vertex 4.67087 41.1683 1.6
    endloop
  endfacet
  facet normal 0 0 -1
    outer loop
      vertex 4.12915 40.3708 1.6
      vertex 4.26629 41.067 1.6
      vertex 4.41473 40.4424 1.6
    endloop
  endfacet
  facet normal 0 0 -1
    outer loop
      vertex 4.12915 40.3708 1.6
      vertex 3.8736 40.9265 1.6
      vertex 4.26629 41.067 1.6
    endloop
  endfacet
  facet normal 0 0 -1
    outer loop
      vertex 3.85195 40.2716 1.6
      vertex 3.8736 40.9265 1.6
      vertex 4.12915 40.3708 1.6
    endloop
  endfacet
  facet normal 0 0 -1
    outer loop
      vertex 3.49656 40.7482 1.6
      vertex 3.85195 40.2716 1.6
      vertex 3.58581 40.1458 1.6
    endloop
  endfacet
  facet normal 0 0 -1
    outer loop
      vertex 3.85195 40.2716 1.6
      vertex 3.49656 40.7482 1.6
      vertex 3.8736 40.9265 1.6
    endloop
  endfacet
  facet normal 0 0 -1
    outer loop
      vertex 3.13883 40.5337 1.6
      vertex 3.58581 40.1458 1.6
      vertex 3.33329 39.9944 1.6
    endloop
  endfacet
  facet normal 0 0 -1
    outer loop
      vertex 3.58581 40.1458 1.6
      vertex 3.13883 40.5337 1.6
      vertex 3.49656 40.7482 1.6
    endloop
  endfacet
  facet normal 0 0 -1
    outer loop
      vertex 2.80383 40.2853 1.6
      vertex 3.33329 39.9944 1.6
      vertex 3.09682 39.819 1.6
    endloop
  endfacet
  facet normal 0 0 -1
    outer loop
      vertex 2.4948 40.0052 1.6
      vertex 3.09682 39.819 1.6
      vertex 2.87868 39.6213 1.6
    endloop
  endfacet
  facet normal 0 0 -1
    outer loop
      vertex 3.33329 39.9944 1.6
      vertex 2.80383 40.2853 1.6
      vertex 3.13883 40.5337 1.6
    endloop
  endfacet
  facet normal 0 0 -1
    outer loop
      vertex 2.4948 40.0052 1.6
      vertex 2.87868 39.6213 1.6
      vertex 2.68097 39.4032 1.6
    endloop
  endfacet
  facet normal 0 0 -1
    outer loop
      vertex 2.21471 39.6962 1.6
      vertex 2.68097 39.4032 1.6
      vertex 2.50559 39.1667 1.6
    endloop
  endfacet
  facet normal 0 0 -1
    outer loop
      vertex 3.09682 39.819 1.6
      vertex 2.4948 40.0052 1.6
      vertex 2.80383 40.2853 1.6
    endloop
  endfacet
  facet normal 0 0 -1
    outer loop
      vertex 1.96625 39.3612 1.6
      vertex 2.50559 39.1667 1.6
      vertex 2.35424 38.9142 1.6
    endloop
  endfacet
  facet normal 0 0 -1
    outer loop
      vertex 1.96625 39.3612 1.6
      vertex 2.35424 38.9142 1.6
      vertex 2.22836 38.648 1.6
    endloop
  endfacet
  facet normal 0 0 -1
    outer loop
      vertex 2.68097 39.4032 1.6
      vertex 2.21471 39.6962 1.6
      vertex 2.4948 40.0052 1.6
    endloop
  endfacet
  facet normal 0 0 -1
    outer loop
      vertex 1.96625 39.3612 1.6
      vertex 2.22836 38.648 1.6
      vertex 2.12918 38.3709 1.6
    endloop
  endfacet
  facet normal 0 0 -1
    outer loop
      vertex 1.96625 39.3612 1.6
      vertex 2.12918 38.3709 1.6
      vertex 2.05764 38.0853 1.6
    endloop
  endfacet
  facet normal 0 0 -1
    outer loop
      vertex 1.96625 39.3612 1.6
      vertex 2.05764 38.0853 1.6
      vertex 2.01445 37.7941 1.6
    endloop
  endfacet
  facet normal 0 0 -1
    outer loop
      vertex 2.50559 39.1667 1.6
      vertex 1.96625 39.3612 1.6
      vertex 2.21471 39.6962 1.6
    endloop
  endfacet
  facet normal 0 0 -1
    outer loop
      vertex 1.96625 39.3612 1.6
      vertex 2.01445 37.7941 1.6
      vertex 2 37.5 1.6
    endloop
  endfacet
  facet normal 0.941544 -0.336889 0
    outer loop
      vertex 1.433 38.2337 1.6
      vertex 1.57351 38.6264 0
      vertex 1.57351 38.6264 1.6
    endloop
  endfacet
  facet normal 0.941544 -0.336889 0
    outer loop
      vertex 1.57351 38.6264 0
      vertex 1.433 38.2337 1.6
      vertex 1.433 38.2337 0
    endloop
  endfacet
  facet normal -0.42754 -0.903996 0
    outer loop
      vertex 52.6264 40.9265 0
      vertex 53.0034 40.7482 1.6
      vertex 52.6264 40.9265 1.6
    endloop
  endfacet
  facet normal -0.42754 -0.903996 -0
    outer loop
      vertex 53.0034 40.7482 1.6
      vertex 52.6264 40.9265 0
      vertex 53.0034 40.7482 0
    endloop
  endfacet
  facet normal -0.514178 -0.857683 0
    outer loop
      vertex 53.0034 40.7482 0
      vertex 53.3612 40.5337 1.6
      vertex 53.0034 40.7482 1.6
    endloop
  endfacet
  facet normal -0.514178 -0.857683 -0
    outer loop
      vertex 53.3612 40.5337 1.6
      vertex 53.0034 40.7482 0
      vertex 53.3612 40.5337 0
    endloop
  endfacet
  facet normal -0.857683 -0.514178 0
    outer loop
      vertex 54.7482 39.0034 0
      vertex 54.5337 39.3612 1.6
      vertex 54.5337 39.3612 0
    endloop
  endfacet
  facet normal -0.857683 -0.514178 0
    outer loop
      vertex 54.5337 39.3612 1.6
      vertex 54.7482 39.0034 0
      vertex 54.7482 39.0034 1.6
    endloop
  endfacet
  facet normal 0 -1 0
    outer loop
      vertex 5.5 41.25 0
      vertex 51 41.25 1.6
      vertex 5.5 41.25 1.6
    endloop
  endfacet
  facet normal 0 -1 -0
    outer loop
      vertex 51 41.25 1.6
      vertex 5.5 41.25 0
      vertex 51 41.25 0
    endloop
  endfacet
  facet normal -0.0491484 -0.998791 0
    outer loop
      vertex 51 41.25 0
      vertex 51.4166 41.2295 1.6
      vertex 51 41.25 1.6
    endloop
  endfacet
  facet normal -0.0491484 -0.998791 -0
    outer loop
      vertex 51.4166 41.2295 1.6
      vertex 51 41.25 0
      vertex 51.4166 41.2295 0
    endloop
  endfacet
  facet normal 0.242885 -0.970055 0
    outer loop
      vertex 4.26629 41.067 0
      vertex 4.67087 41.1683 1.6
      vertex 4.26629 41.067 1.6
    endloop
  endfacet
  facet normal 0.242885 -0.970055 0
    outer loop
      vertex 4.67087 41.1683 1.6
      vertex 4.26629 41.067 0
      vertex 4.67087 41.1683 0
    endloop
  endfacet
  facet normal 0.146736 -0.989176 0
    outer loop
      vertex 4.67087 41.1683 0
      vertex 5.08343 41.2295 1.6
      vertex 4.67087 41.1683 1.6
    endloop
  endfacet
  facet normal 0.146736 -0.989176 0
    outer loop
      vertex 5.08343 41.2295 1.6
      vertex 4.67087 41.1683 0
      vertex 5.08343 41.2295 0
    endloop
  endfacet
  facet normal -1 0 0
    outer loop
      vertex 55.25 5.5 0
      vertex 55.25 37 1.6
      vertex 55.25 37 0
    endloop
  endfacet
  facet normal -1 -0 0
    outer loop
      vertex 55.25 37 1.6
      vertex 55.25 5.5 0
      vertex 55.25 5.5 1.6
    endloop
  endfacet
  facet normal 0 1 -0
    outer loop
      vertex 51 1.25 0
      vertex 5.5 1.25 1.6
      vertex 51 1.25 1.6
    endloop
  endfacet
  facet normal 0 1 0
    outer loop
      vertex 5.5 1.25 1.6
      vertex 51 1.25 0
      vertex 5.5 1.25 0
    endloop
  endfacet
  facet normal 0.857768 -0.514037 0
    outer loop
      vertex 1.75183 39.0034 1.6
      vertex 1.96625 39.3612 0
      vertex 1.96625 39.3612 1.6
    endloop
  endfacet
  facet normal 0.857768 -0.514037 0
    outer loop
      vertex 1.96625 39.3612 0
      vertex 1.75183 39.0034 1.6
      vertex 1.75183 39.0034 0
    endloop
  endfacet
  facet normal 0.671574 -0.740937 0
    outer loop
      vertex 2.4948 40.0052 0
      vertex 2.80383 40.2853 1.6
      vertex 2.4948 40.0052 1.6
    endloop
  endfacet
  facet normal 0.671574 -0.740937 0
    outer loop
      vertex 2.80383 40.2853 1.6
      vertex 2.4948 40.0052 0
      vertex 2.80383 40.2853 0
    endloop
  endfacet
  facet normal 0.595617 -0.803268 0
    outer loop
      vertex 2.80383 40.2853 0
      vertex 3.13883 40.5337 1.6
      vertex 2.80383 40.2853 1.6
    endloop
  endfacet
  facet normal 0.595617 -0.803268 0
    outer loop
      vertex 3.13883 40.5337 1.6
      vertex 2.80383 40.2853 0
      vertex 3.13883 40.5337 0
    endloop
  endfacet
  facet normal 0.989173 -0.146757 0
    outer loop
      vertex 1.27046 37.4166 1.6
      vertex 1.33166 37.8291 0
      vertex 1.33166 37.8291 1.6
    endloop
  endfacet
  facet normal 0.989173 -0.146757 0
    outer loop
      vertex 1.33166 37.8291 0
      vertex 1.27046 37.4166 1.6
      vertex 1.27046 37.4166 0
    endloop
  endfacet
  facet normal 0.970035 -0.242964 0
    outer loop
      vertex 1.33166 37.8291 1.6
      vertex 1.433 38.2337 0
      vertex 1.433 38.2337 1.6
    endloop
  endfacet
  facet normal 0.970035 -0.242964 0
    outer loop
      vertex 1.433 38.2337 0
      vertex 1.33166 37.8291 1.6
      vertex 1.33166 37.8291 0
    endloop
  endfacet
  facet normal -0.903996 -0.42754 0
    outer loop
      vertex 54.9265 38.6264 0
      vertex 54.7482 39.0034 1.6
      vertex 54.7482 39.0034 0
    endloop
  endfacet
  facet normal -0.903996 -0.42754 0
    outer loop
      vertex 54.7482 39.0034 1.6
      vertex 54.9265 38.6264 0
      vertex 54.9265 38.6264 1.6
    endloop
  endfacet
  facet normal -0.336868 -0.941552 0
    outer loop
      vertex 52.2337 41.067 0
      vertex 52.6264 40.9265 1.6
      vertex 52.2337 41.067 1.6
    endloop
  endfacet
  facet normal -0.336868 -0.941552 -0
    outer loop
      vertex 52.6264 40.9265 1.6
      vertex 52.2337 41.067 0
      vertex 52.6264 40.9265 0
    endloop
  endfacet
  facet normal -0.595617 -0.803268 0
    outer loop
      vertex 53.3612 40.5337 0
      vertex 53.6962 40.2853 1.6
      vertex 53.3612 40.5337 1.6
    endloop
  endfacet
  facet normal -0.595617 -0.803268 -0
    outer loop
      vertex 53.6962 40.2853 1.6
      vertex 53.3612 40.5337 0
      vertex 53.6962 40.2853 0
    endloop
  endfacet
  facet normal -0.67161 -0.740905 0
    outer loop
      vertex 53.6962 40.2853 0
      vertex 54.0052 40.0052 1.6
      vertex 53.6962 40.2853 1.6
    endloop
  endfacet
  facet normal -0.67161 -0.740905 -0
    outer loop
      vertex 54.0052 40.0052 1.6
      vertex 53.6962 40.2853 0
      vertex 54.0052 40.0052 0
    endloop
  endfacet
  facet normal -0.803268 -0.595617 0
    outer loop
      vertex 54.5337 39.3612 0
      vertex 54.2853 39.6962 1.6
      vertex 54.2853 39.6962 0
    endloop
  endfacet
  facet normal -0.803268 -0.595617 0
    outer loop
      vertex 54.2853 39.6962 1.6
      vertex 54.5337 39.3612 0
      vertex 54.5337 39.3612 1.6
    endloop
  endfacet
  facet normal 0.0491519 -0.998791 0
    outer loop
      vertex 5.08343 41.2295 0
      vertex 5.5 41.25 1.6
      vertex 5.08343 41.2295 1.6
    endloop
  endfacet
  facet normal 0.0491519 -0.998791 0
    outer loop
      vertex 5.5 41.25 1.6
      vertex 5.08343 41.2295 0
      vertex 5.5 41.25 0
    endloop
  endfacet
  facet normal 0.336876 -0.941549 0
    outer loop
      vertex 3.8736 40.9265 0
      vertex 4.26629 41.067 1.6
      vertex 3.8736 40.9265 1.6
    endloop
  endfacet
  facet normal 0.336876 -0.941549 0
    outer loop
      vertex 4.26629 41.067 1.6
      vertex 3.8736 40.9265 0
      vertex 4.26629 41.067 0
    endloop
  endfacet
  facet normal 0.514252 -0.857639 0
    outer loop
      vertex 3.13883 40.5337 0
      vertex 3.49656 40.7482 1.6
      vertex 3.13883 40.5337 1.6
    endloop
  endfacet
  facet normal 0.514252 -0.857639 0
    outer loop
      vertex 3.49656 40.7482 1.6
      vertex 3.13883 40.5337 0
      vertex 3.49656 40.7482 0
    endloop
  endfacet
  facet normal -0.970055 0.242885 0
    outer loop
      vertex 55.067 4.26629 0
      vertex 55.1683 4.67087 1.6
      vertex 55.1683 4.67087 0
    endloop
  endfacet
  facet normal -0.970055 0.242885 0
    outer loop
      vertex 55.1683 4.67087 1.6
      vertex 55.067 4.26629 0
      vertex 55.067 4.26629 1.6
    endloop
  endfacet
  facet normal -0.740937 0.671574 0
    outer loop
      vertex 54.0052 2.4948 0
      vertex 54.2853 2.80383 1.6
      vertex 54.2853 2.80383 0
    endloop
  endfacet
  facet normal -0.740937 0.671574 0
    outer loop
      vertex 54.2853 2.80383 1.6
      vertex 54.0052 2.4948 0
      vertex 54.0052 2.4948 1.6
    endloop
  endfacet
  facet normal -0.0490527 0.998796 0
    outer loop
      vertex 51.4166 1.27046 0
      vertex 51 1.25 1.6
      vertex 51.4166 1.27046 1.6
    endloop
  endfacet
  facet normal -0.0490527 0.998796 0
    outer loop
      vertex 51 1.25 1.6
      vertex 51.4166 1.27046 0
      vertex 51 1.25 0
    endloop
  endfacet
  facet normal -0.146757 0.989173 0
    outer loop
      vertex 51.8291 1.33166 0
      vertex 51.4166 1.27046 1.6
      vertex 51.8291 1.33166 1.6
    endloop
  endfacet
  facet normal -0.146757 0.989173 0
    outer loop
      vertex 51.4166 1.27046 1.6
      vertex 51.8291 1.33166 0
      vertex 51.4166 1.27046 0
    endloop
  endfacet
  facet normal -0.336889 0.941544 0
    outer loop
      vertex 52.6264 1.57351 0
      vertex 52.2337 1.433 1.6
      vertex 52.6264 1.57351 1.6
    endloop
  endfacet
  facet normal -0.336889 0.941544 0
    outer loop
      vertex 52.2337 1.433 1.6
      vertex 52.6264 1.57351 0
      vertex 52.2337 1.433 0
    endloop
  endfacet
  facet normal -0.59571 0.803199 0
    outer loop
      vertex 53.6962 2.21471 0
      vertex 53.3612 1.96625 1.6
      vertex 53.6962 2.21471 1.6
    endloop
  endfacet
  facet normal -0.59571 0.803199 0
    outer loop
      vertex 53.3612 1.96625 1.6
      vertex 53.6962 2.21471 0
      vertex 53.3612 1.96625 0
    endloop
  endfacet
  facet normal 0.146736 0.989176 -0
    outer loop
      vertex 5.08343 1.27046 0
      vertex 4.67087 1.33166 1.6
      vertex 5.08343 1.27046 1.6
    endloop
  endfacet
  facet normal 0.146736 0.989176 0
    outer loop
      vertex 4.67087 1.33166 1.6
      vertex 5.08343 1.27046 0
      vertex 4.67087 1.33166 0
    endloop
  endfacet
  facet normal 0.242976 0.970032 -0
    outer loop
      vertex 4.67087 1.33166 0
      vertex 4.26629 1.433 1.6
      vertex 4.67087 1.33166 1.6
    endloop
  endfacet
  facet normal 0.242976 0.970032 0
    outer loop
      vertex 4.26629 1.433 1.6
      vertex 4.67087 1.33166 0
      vertex 4.26629 1.433 0
    endloop
  endfacet
  facet normal 0.59571 0.803199 -0
    outer loop
      vertex 3.13883 1.96625 0
      vertex 2.80383 2.21471 1.6
      vertex 3.13883 1.96625 1.6
    endloop
  endfacet
  facet normal 0.59571 0.803199 0
    outer loop
      vertex 2.80383 2.21471 1.6
      vertex 3.13883 1.96625 0
      vertex 2.80383 2.21471 0
    endloop
  endfacet
  facet normal 0.803199 -0.59571 0
    outer loop
      vertex 1.96625 39.3612 1.6
      vertex 2.21471 39.6962 0
      vertex 2.21471 39.6962 1.6
    endloop
  endfacet
  facet normal 0.803199 -0.59571 0
    outer loop
      vertex 2.21471 39.6962 0
      vertex 1.96625 39.3612 1.6
      vertex 1.96625 39.3612 0
    endloop
  endfacet
  facet normal 0.740917 -0.671597 0
    outer loop
      vertex 2.21471 39.6962 1.6
      vertex 2.4948 40.0052 0
      vertex 2.4948 40.0052 1.6
    endloop
  endfacet
  facet normal 0.740917 -0.671597 0
    outer loop
      vertex 2.4948 40.0052 0
      vertex 2.21471 39.6962 1.6
      vertex 2.21471 39.6962 0
    endloop
  endfacet
  facet normal -0.146757 -0.989173 0
    outer loop
      vertex 51.4166 41.2295 0
      vertex 51.8291 41.1683 1.6
      vertex 51.4166 41.2295 1.6
    endloop
  endfacet
  facet normal -0.146757 -0.989173 -0
    outer loop
      vertex 51.8291 41.1683 1.6
      vertex 51.4166 41.2295 0
      vertex 51.8291 41.1683 0
    endloop
  endfacet
  facet normal -0.242874 -0.970058 0
    outer loop
      vertex 51.8291 41.1683 0
      vertex 52.2337 41.067 1.6
      vertex 51.8291 41.1683 1.6
    endloop
  endfacet
  facet normal -0.242874 -0.970058 -0
    outer loop
      vertex 52.2337 41.067 1.6
      vertex 51.8291 41.1683 0
      vertex 52.2337 41.067 0
    endloop
  endfacet
  facet normal -0.740905 -0.67161 0
    outer loop
      vertex 54.2853 39.6962 0
      vertex 54.0052 40.0052 1.6
      vertex 54.0052 40.0052 0
    endloop
  endfacet
  facet normal -0.740905 -0.67161 0
    outer loop
      vertex 54.0052 40.0052 1.6
      vertex 54.2853 39.6962 0
      vertex 54.2853 39.6962 1.6
    endloop
  endfacet
  facet normal -0.941552 -0.336868 0
    outer loop
      vertex 55.067 38.2337 0
      vertex 54.9265 38.6264 1.6
      vertex 54.9265 38.6264 0
    endloop
  endfacet
  facet normal -0.941552 -0.336868 0
    outer loop
      vertex 54.9265 38.6264 1.6
      vertex 55.067 38.2337 0
      vertex 55.067 38.2337 1.6
    endloop
  endfacet
  facet normal -0.970058 -0.242874 0
    outer loop
      vertex 55.1683 37.8291 0
      vertex 55.067 38.2337 1.6
      vertex 55.067 38.2337 0
    endloop
  endfacet
  facet normal -0.970058 -0.242874 0
    outer loop
      vertex 55.067 38.2337 1.6
      vertex 55.1683 37.8291 0
      vertex 55.1683 37.8291 1.6
    endloop
  endfacet
  facet normal 0.427503 -0.904014 0
    outer loop
      vertex 3.49656 40.7482 0
      vertex 3.8736 40.9265 1.6
      vertex 3.49656 40.7482 1.6
    endloop
  endfacet
  facet normal 0.427503 -0.904014 0
    outer loop
      vertex 3.8736 40.9265 1.6
      vertex 3.49656 40.7482 0
      vertex 3.8736 40.9265 0
    endloop
  endfacet
  facet normal -0.941549 0.336876 0
    outer loop
      vertex 54.9265 3.8736 0
      vertex 55.067 4.26629 1.6
      vertex 55.067 4.26629 0
    endloop
  endfacet
  facet normal -0.941549 0.336876 0
    outer loop
      vertex 55.067 4.26629 1.6
      vertex 54.9265 3.8736 0
      vertex 54.9265 3.8736 1.6
    endloop
  endfacet
  facet normal -0.904014 0.427503 0
    outer loop
      vertex 54.7482 3.49656 0
      vertex 54.9265 3.8736 1.6
      vertex 54.9265 3.8736 0
    endloop
  endfacet
  facet normal -0.904014 0.427503 0
    outer loop
      vertex 54.9265 3.8736 1.6
      vertex 54.7482 3.49656 0
      vertex 54.7482 3.49656 1.6
    endloop
  endfacet
  facet normal -0.857639 0.514252 0
    outer loop
      vertex 54.5337 3.13883 0
      vertex 54.7482 3.49656 1.6
      vertex 54.7482 3.49656 0
    endloop
  endfacet
  facet normal -0.857639 0.514252 0
    outer loop
      vertex 54.7482 3.49656 1.6
      vertex 54.5337 3.13883 0
      vertex 54.5337 3.13883 1.6
    endloop
  endfacet
  facet normal -0.671597 0.740917 0
    outer loop
      vertex 54.0052 2.4948 0
      vertex 53.6962 2.21471 1.6
      vertex 54.0052 2.4948 1.6
    endloop
  endfacet
  facet normal -0.671597 0.740917 0
    outer loop
      vertex 53.6962 2.21471 1.6
      vertex 54.0052 2.4948 0
      vertex 53.6962 2.21471 0
    endloop
  endfacet
  facet normal 0.0490563 0.998796 -0
    outer loop
      vertex 5.5 1.25 0
      vertex 5.08343 1.27046 1.6
      vertex 5.5 1.25 1.6
    endloop
  endfacet
  facet normal 0.0490563 0.998796 0
    outer loop
      vertex 5.08343 1.27046 1.6
      vertex 5.5 1.25 0
      vertex 5.08343 1.27046 0
    endloop
  endfacet
  facet normal 0.427542 0.903995 -0
    outer loop
      vertex 3.8736 1.57351 0
      vertex 3.49656 1.75183 1.6
      vertex 3.8736 1.57351 1.6
    endloop
  endfacet
  facet normal 0.427542 0.903995 0
    outer loop
      vertex 3.49656 1.75183 1.6
      vertex 3.8736 1.57351 0
      vertex 3.49656 1.75183 0
    endloop
  endfacet
  facet normal 0.336897 0.941542 -0
    outer loop
      vertex 4.26629 1.433 0
      vertex 3.8736 1.57351 1.6
      vertex 4.26629 1.433 1.6
    endloop
  endfacet
  facet normal 0.336897 0.941542 0
    outer loop
      vertex 3.8736 1.57351 1.6
      vertex 4.26629 1.433 0
      vertex 3.8736 1.57351 0
    endloop
  endfacet
  facet normal 0.671561 0.740949 -0
    outer loop
      vertex 2.80383 2.21471 0
      vertex 2.4948 2.4948 1.6
      vertex 2.80383 2.21471 1.6
    endloop
  endfacet
  facet normal 0.671561 0.740949 0
    outer loop
      vertex 2.4948 2.4948 1.6
      vertex 2.80383 2.21471 0
      vertex 2.4948 2.4948 0
    endloop
  endfacet
  facet normal -0.803268 0.595617 0
    outer loop
      vertex 54.2853 2.80383 0
      vertex 54.5337 3.13883 1.6
      vertex 54.5337 3.13883 0
    endloop
  endfacet
  facet normal -0.803268 0.595617 0
    outer loop
      vertex 54.5337 3.13883 1.6
      vertex 54.2853 2.80383 0
      vertex 54.2853 2.80383 1.6
    endloop
  endfacet
  facet normal -0.242964 0.970035 0
    outer loop
      vertex 52.2337 1.433 0
      vertex 51.8291 1.33166 1.6
      vertex 52.2337 1.433 1.6
    endloop
  endfacet
  facet normal -0.242964 0.970035 0
    outer loop
      vertex 51.8291 1.33166 1.6
      vertex 52.2337 1.433 0
      vertex 51.8291 1.33166 0
    endloop
  endfacet
  facet normal -0.514037 0.857768 0
    outer loop
      vertex 53.3612 1.96625 0
      vertex 53.0034 1.75183 1.6
      vertex 53.3612 1.96625 1.6
    endloop
  endfacet
  facet normal -0.514037 0.857768 0
    outer loop
      vertex 53.0034 1.75183 1.6
      vertex 53.3612 1.96625 0
      vertex 53.0034 1.75183 0
    endloop
  endfacet
  facet normal -0.427579 0.903978 0
    outer loop
      vertex 53.0034 1.75183 0
      vertex 52.6264 1.57351 1.6
      vertex 53.0034 1.75183 1.6
    endloop
  endfacet
  facet normal -0.427579 0.903978 0
    outer loop
      vertex 52.6264 1.57351 1.6
      vertex 53.0034 1.75183 0
      vertex 52.6264 1.57351 0
    endloop
  endfacet
  facet normal 0.514111 0.857723 -0
    outer loop
      vertex 3.49656 1.75183 0
      vertex 3.13883 1.96625 1.6
      vertex 3.49656 1.75183 1.6
    endloop
  endfacet
  facet normal 0.514111 0.857723 0
    outer loop
      vertex 3.13883 1.96625 1.6
      vertex 3.49656 1.75183 0
      vertex 3.13883 1.96625 0
    endloop
  endfacet
  facet normal 0.803199 0.59571 0
    outer loop
      vertex 2.21471 2.80383 1.6
      vertex 1.96625 3.13883 0
      vertex 1.96625 3.13883 1.6
    endloop
  endfacet
  facet normal 0.803199 0.59571 0
    outer loop
      vertex 1.96625 3.13883 0
      vertex 2.21471 2.80383 1.6
      vertex 2.21471 2.80383 0
    endloop
  endfacet
  facet normal 0.857723 0.514111 0
    outer loop
      vertex 1.96625 3.13883 1.6
      vertex 1.75183 3.49656 0
      vertex 1.75183 3.49656 1.6
    endloop
  endfacet
  facet normal 0.857723 0.514111 0
    outer loop
      vertex 1.75183 3.49656 0
      vertex 1.96625 3.13883 1.6
      vertex 1.96625 3.13883 0
    endloop
  endfacet
  facet normal 0.740949 0.671561 0
    outer loop
      vertex 2.4948 2.4948 1.6
      vertex 2.21471 2.80383 0
      vertex 2.21471 2.80383 1.6
    endloop
  endfacet
  facet normal 0.740949 0.671561 0
    outer loop
      vertex 2.21471 2.80383 0
      vertex 2.4948 2.4948 1.6
      vertex 2.4948 2.4948 0
    endloop
  endfacet
  facet normal 0.903995 0.427542 0
    outer loop
      vertex 1.75183 3.49656 1.6
      vertex 1.57351 3.8736 0
      vertex 1.57351 3.8736 1.6
    endloop
  endfacet
  facet normal 0.903995 0.427542 0
    outer loop
      vertex 1.57351 3.8736 0
      vertex 1.75183 3.49656 1.6
      vertex 1.75183 3.49656 0
    endloop
  endfacet
  facet normal 0.989181 0.146703 0
    outer loop
      vertex 2.05764 4.41473 8
      vertex 2.01445 4.70595 1.6
      vertex 2.01445 4.70595 8
    endloop
  endfacet
  facet normal 0.989181 0.146703 0
    outer loop
      vertex 2.01445 4.70595 1.6
      vertex 2.05764 4.41473 8
      vertex 2.05764 4.41473 1.6
    endloop
  endfacet
  facet normal 0.970027 0.242999 0
    outer loop
      vertex 2.12918 4.12915 8
      vertex 2.05764 4.41473 1.6
      vertex 2.05764 4.41473 8
    endloop
  endfacet
  facet normal 0.970027 0.242999 0
    outer loop
      vertex 2.05764 4.41473 1.6
      vertex 2.12918 4.12915 8
      vertex 2.12918 4.12915 1.6
    endloop
  endfacet
  facet normal 0.941548 0.336879 0
    outer loop
      vertex 2.22836 3.85195 8
      vertex 2.12918 4.12915 1.6
      vertex 2.12918 4.12915 8
    endloop
  endfacet
  facet normal 0.941548 0.336879 0
    outer loop
      vertex 2.12918 4.12915 1.6
      vertex 2.22836 3.85195 8
      vertex 2.22836 3.85195 1.6
    endloop
  endfacet
  facet normal 1 0 0
    outer loop
      vertex 2 37.5 8
      vertex 2 19 3.1
      vertex 2 37.5 1.6
    endloop
  endfacet
  facet normal 1 -0 0
    outer loop
      vertex 2 5 8
      vertex 2 19 3.1
      vertex 2 37.5 8
    endloop
  endfacet
  facet normal 1 0 0
    outer loop
      vertex 2 19 3.1
      vertex 2 5 8
      vertex 2 9.5 3.1
    endloop
  endfacet
  facet normal 1 0 0
    outer loop
      vertex 2 5 1.6
      vertex 2 9.5 3.1
      vertex 2 5 8
    endloop
  endfacet
  facet normal 1 0 0
    outer loop
      vertex 2 9.5 3.1
      vertex 2 5 1.6
      vertex 2 9.5 1.6
    endloop
  endfacet
  facet normal 1 0 0
    outer loop
      vertex 2 37.5 1.6
      vertex 2 19 3.1
      vertex 2 19 1.6
    endloop
  endfacet
  facet normal 0.998795 0.0490821 0
    outer loop
      vertex 2.01445 4.70595 8
      vertex 2 5 1.6
      vertex 2 5 8
    endloop
  endfacet
  facet normal 0.998795 0.0490821 0
    outer loop
      vertex 2 5 1.6
      vertex 2.01445 4.70595 8
      vertex 2.01445 4.70595 1.6
    endloop
  endfacet
  facet normal 0 1 -0
    outer loop
      vertex 51.5 2 1.6
      vertex 5 2 8
      vertex 51.5 2 8
    endloop
  endfacet
  facet normal 0 1 0
    outer loop
      vertex 5 2 8
      vertex 51.5 2 1.6
      vertex 5 2 1.6
    endloop
  endfacet
  facet normal 0.242999 0.970027 -0
    outer loop
      vertex 4.41473 2.05764 1.6
      vertex 4.12915 2.12918 8
      vertex 4.41473 2.05764 8
    endloop
  endfacet
  facet normal 0.242999 0.970027 0
    outer loop
      vertex 4.12915 2.12918 8
      vertex 4.41473 2.05764 1.6
      vertex 4.12915 2.12918 1.6
    endloop
  endfacet
  facet normal 0.803204 0.595703 0
    outer loop
      vertex 2.68097 3.09682 8
      vertex 2.50559 3.33329 1.6
      vertex 2.50559 3.33329 8
    endloop
  endfacet
  facet normal 0.803204 0.595703 0
    outer loop
      vertex 2.50559 3.33329 1.6
      vertex 2.68097 3.09682 8
      vertex 2.68097 3.09682 1.6
    endloop
  endfacet
  facet normal 0.514091 0.857736 -0
    outer loop
      vertex 3.58581 2.35424 1.6
      vertex 3.33329 2.50559 8
      vertex 3.58581 2.35424 8
    endloop
  endfacet
  facet normal 0.514091 0.857736 0
    outer loop
      vertex 3.33329 2.50559 8
      vertex 3.58581 2.35424 1.6
      vertex 3.33329 2.50559 1.6
    endloop
  endfacet
  facet normal 0.671558 0.740952 -0
    outer loop
      vertex 3.09682 2.68097 1.6
      vertex 2.87868 2.87868 8
      vertex 3.09682 2.68097 8
    endloop
  endfacet
  facet normal 0.671558 0.740952 0
    outer loop
      vertex 2.87868 2.87868 8
      vertex 3.09682 2.68097 1.6
      vertex 2.87868 2.87868 1.6
    endloop
  endfacet
  facet normal 0.903983 0.427569 0
    outer loop
      vertex 2.35424 3.58581 8
      vertex 2.22836 3.85195 1.6
      vertex 2.22836 3.85195 8
    endloop
  endfacet
  facet normal 0.903983 0.427569 0
    outer loop
      vertex 2.22836 3.85195 1.6
      vertex 2.35424 3.58581 8
      vertex 2.35424 3.58581 1.6
    endloop
  endfacet
  facet normal 0.0490821 0.998795 -0
    outer loop
      vertex 5 2 1.6
      vertex 4.70595 2.01445 8
      vertex 5 2 8
    endloop
  endfacet
  facet normal 0.0490821 0.998795 0
    outer loop
      vertex 4.70595 2.01445 8
      vertex 5 2 1.6
      vertex 4.70595 2.01445 1.6
    endloop
  endfacet
  facet normal 0.595703 0.803204 -0
    outer loop
      vertex 3.33329 2.50559 1.6
      vertex 3.09682 2.68097 8
      vertex 3.33329 2.50559 8
    endloop
  endfacet
  facet normal 0.595703 0.803204 0
    outer loop
      vertex 3.09682 2.68097 8
      vertex 3.33329 2.50559 1.6
      vertex 3.09682 2.68097 1.6
    endloop
  endfacet
  facet normal 0.146703 0.989181 -0
    outer loop
      vertex 4.70595 2.01445 1.6
      vertex 4.41473 2.05764 8
      vertex 4.70595 2.01445 8
    endloop
  endfacet
  facet normal 0.146703 0.989181 0
    outer loop
      vertex 4.41473 2.05764 8
      vertex 4.70595 2.01445 1.6
      vertex 4.41473 2.05764 1.6
    endloop
  endfacet
  facet normal 0.336879 0.941548 -0
    outer loop
      vertex 4.12915 2.12918 1.6
      vertex 3.85195 2.22836 8
      vertex 4.12915 2.12918 8
    endloop
  endfacet
  facet normal 0.336879 0.941548 0
    outer loop
      vertex 3.85195 2.22836 8
      vertex 4.12915 2.12918 1.6
      vertex 3.85195 2.22836 1.6
    endloop
  endfacet
  facet normal 0.427569 0.903983 -0
    outer loop
      vertex 3.85195 2.22836 1.6
      vertex 3.58581 2.35424 8
      vertex 3.85195 2.22836 8
    endloop
  endfacet
  facet normal 0.427569 0.903983 0
    outer loop
      vertex 3.58581 2.35424 8
      vertex 3.85195 2.22836 1.6
      vertex 3.58581 2.35424 1.6
    endloop
  endfacet
  facet normal 0.857736 0.514091 0
    outer loop
      vertex 2.50559 3.33329 8
      vertex 2.35424 3.58581 1.6
      vertex 2.35424 3.58581 8
    endloop
  endfacet
  facet normal 0.857736 0.514091 0
    outer loop
      vertex 2.35424 3.58581 1.6
      vertex 2.50559 3.33329 8
      vertex 2.50559 3.33329 1.6
    endloop
  endfacet
  facet normal 0.740952 0.671558 0
    outer loop
      vertex 2.87868 2.87868 8
      vertex 2.68097 3.09682 1.6
      vertex 2.68097 3.09682 8
    endloop
  endfacet
  facet normal 0.740952 0.671558 0
    outer loop
      vertex 2.68097 3.09682 1.6
      vertex 2.87868 2.87868 8
      vertex 2.87868 2.87868 1.6
    endloop
  endfacet
  facet normal -0.998794 -0.0490907 0
    outer loop
      vertex 17.55 32.25 8
      vertex 17.5341 32.5735 10.2
      vertex 17.5341 32.5735 8
    endloop
  endfacet
  facet normal -0.998794 -0.0490907 0
    outer loop
      vertex 17.5341 32.5735 10.2
      vertex 17.55 32.25 8
      vertex 17.55 32.25 10.2
    endloop
  endfacet
  facet normal 0.0490907 -0.998794 0
    outer loop
      vertex 13.9265 35.5341 8
      vertex 14.25 35.55 10.2
      vertex 13.9265 35.5341 10.2
    endloop
  endfacet
  facet normal 0.0490907 -0.998794 0
    outer loop
      vertex 14.25 35.55 10.2
      vertex 13.9265 35.5341 8
      vertex 14.25 35.55 8
    endloop
  endfacet
  facet normal -0.0490907 0.998794 0
    outer loop
      vertex 14.5735 28.9659 8
      vertex 14.25 28.95 10.2
      vertex 14.5735 28.9659 10.2
    endloop
  endfacet
  facet normal -0.0490907 0.998794 0
    outer loop
      vertex 14.25 28.95 10.2
      vertex 14.5735 28.9659 8
      vertex 14.25 28.95 8
    endloop
  endfacet
  facet normal 0.67135 0.741141 -0
    outer loop
      vertex 12.1565 29.6991 8
      vertex 11.9165 29.9165 10.2
      vertex 12.1565 29.6991 10.2
    endloop
  endfacet
  facet normal 0.67135 0.741141 0
    outer loop
      vertex 11.9165 29.9165 10.2
      vertex 12.1565 29.6991 8
      vertex 11.9165 29.9165 8
    endloop
  endfacet
  facet normal -0.67135 -0.741141 0
    outer loop
      vertex 16.3435 34.8009 8
      vertex 16.5835 34.5835 10.2
      vertex 16.3435 34.8009 10.2
    endloop
  endfacet
  facet normal -0.67135 -0.741141 -0
    outer loop
      vertex 16.5835 34.5835 10.2
      vertex 16.3435 34.8009 8
      vertex 16.5835 34.5835 8
    endloop
  endfacet
  facet normal 0.741141 -0.67135 0
    outer loop
      vertex 11.6991 34.3435 10.2
      vertex 11.9165 34.5835 8
      vertex 11.9165 34.5835 10.2
    endloop
  endfacet
  facet normal 0.741141 -0.67135 0
    outer loop
      vertex 11.9165 34.5835 8
      vertex 11.6991 34.3435 10.2
      vertex 11.6991 34.3435 8
    endloop
  endfacet
  facet normal 0.427715 -0.903914 0
    outer loop
      vertex 12.6944 35.1603 8
      vertex 12.9871 35.2988 10.2
      vertex 12.6944 35.1603 10.2
    endloop
  endfacet
  facet normal 0.427715 -0.903914 0
    outer loop
      vertex 12.9871 35.2988 10.2
      vertex 12.6944 35.1603 8
      vertex 12.9871 35.2988 8
    endloop
  endfacet
  facet normal 0.941574 0.336806 0
    outer loop
      vertex 11.2012 30.9871 10.2
      vertex 11.0921 31.2921 8
      vertex 11.0921 31.2921 10.2
    endloop
  endfacet
  facet normal 0.941574 0.336806 0
    outer loop
      vertex 11.0921 31.2921 8
      vertex 11.2012 30.9871 10.2
      vertex 11.2012 30.9871 8
    endloop
  endfacet
  facet normal -0.903914 -0.427715 0
    outer loop
      vertex 17.2988 33.5129 8
      vertex 17.1603 33.8056 10.2
      vertex 17.1603 33.8056 8
    endloop
  endfacet
  facet normal -0.903914 -0.427715 0
    outer loop
      vertex 17.1603 33.8056 10.2
      vertex 17.2988 33.5129 8
      vertex 17.2988 33.5129 10.2
    endloop
  endfacet
  facet normal -0.336806 -0.941574 0
    outer loop
      vertex 15.2079 35.4079 8
      vertex 15.5129 35.2988 10.2
      vertex 15.2079 35.4079 10.2
    endloop
  endfacet
  facet normal -0.336806 -0.941574 -0
    outer loop
      vertex 15.5129 35.2988 10.2
      vertex 15.2079 35.4079 8
      vertex 15.5129 35.2988 8
    endloop
  endfacet
  facet normal 0.903914 -0.427715 0
    outer loop
      vertex 11.2012 33.5129 10.2
      vertex 11.3397 33.8056 8
      vertex 11.3397 33.8056 10.2
    endloop
  endfacet
  facet normal 0.903914 -0.427715 0
    outer loop
      vertex 11.3397 33.8056 8
      vertex 11.2012 33.5129 10.2
      vertex 11.2012 33.5129 8
    endloop
  endfacet
  facet normal 0.857738 -0.514087 0
    outer loop
      vertex 11.3397 33.8056 10.2
      vertex 11.5062 34.0834 8
      vertex 11.5062 34.0834 10.2
    endloop
  endfacet
  facet normal 0.857738 -0.514087 0
    outer loop
      vertex 11.5062 34.0834 8
      vertex 11.3397 33.8056 10.2
      vertex 11.3397 33.8056 8
    endloop
  endfacet
  facet normal 0.243044 -0.970015 0
    outer loop
      vertex 13.2921 35.4079 8
      vertex 13.6062 35.4866 10.2
      vertex 13.2921 35.4079 10.2
    endloop
  endfacet
  facet normal 0.243044 -0.970015 0
    outer loop
      vertex 13.6062 35.4866 10.2
      vertex 13.2921 35.4079 8
      vertex 13.6062 35.4866 8
    endloop
  endfacet
  facet normal -0.903914 0.427715 0
    outer loop
      vertex 17.1603 30.6944 8
      vertex 17.2988 30.9871 10.2
      vertex 17.2988 30.9871 8
    endloop
  endfacet
  facet normal -0.903914 0.427715 0
    outer loop
      vertex 17.2988 30.9871 10.2
      vertex 17.1603 30.6944 8
      vertex 17.1603 30.6944 10.2
    endloop
  endfacet
  facet normal -0.336806 0.941574 0
    outer loop
      vertex 15.5129 29.2012 8
      vertex 15.2079 29.0921 10.2
      vertex 15.5129 29.2012 10.2
    endloop
  endfacet
  facet normal -0.336806 0.941574 0
    outer loop
      vertex 15.2079 29.0921 10.2
      vertex 15.5129 29.2012 8
      vertex 15.2079 29.0921 8
    endloop
  endfacet
  facet normal -0.741141 0.67135 0
    outer loop
      vertex 16.5835 29.9165 8
      vertex 16.8009 30.1565 10.2
      vertex 16.8009 30.1565 8
    endloop
  endfacet
  facet normal -0.741141 0.67135 0
    outer loop
      vertex 16.8009 30.1565 10.2
      vertex 16.5835 29.9165 8
      vertex 16.5835 29.9165 10.2
    endloop
  endfacet
  facet normal -0.970015 0.243044 0
    outer loop
      vertex 17.4079 31.2921 8
      vertex 17.4866 31.6062 10.2
      vertex 17.4866 31.6062 8
    endloop
  endfacet
  facet normal -0.970015 0.243044 0
    outer loop
      vertex 17.4866 31.6062 10.2
      vertex 17.4079 31.2921 8
      vertex 17.4079 31.2921 10.2
    endloop
  endfacet
  facet normal 0.243044 0.970015 -0
    outer loop
      vertex 13.6062 29.0134 8
      vertex 13.2921 29.0921 10.2
      vertex 13.6062 29.0134 10.2
    endloop
  endfacet
  facet normal 0.243044 0.970015 0
    outer loop
      vertex 13.2921 29.0921 10.2
      vertex 13.6062 29.0134 8
      vertex 13.2921 29.0921 8
    endloop
  endfacet
  facet normal 0.741141 0.67135 0
    outer loop
      vertex 11.9165 29.9165 10.2
      vertex 11.6991 30.1565 8
      vertex 11.6991 30.1565 10.2
    endloop
  endfacet
  facet normal 0.741141 0.67135 0
    outer loop
      vertex 11.6991 30.1565 8
      vertex 11.9165 29.9165 10.2
      vertex 11.9165 29.9165 8
    endloop
  endfacet
  facet normal -0.970015 -0.243044 0
    outer loop
      vertex 17.4866 32.8938 8
      vertex 17.4079 33.2079 10.2
      vertex 17.4079 33.2079 8
    endloop
  endfacet
  facet normal -0.970015 -0.243044 0
    outer loop
      vertex 17.4079 33.2079 10.2
      vertex 17.4866 32.8938 8
      vertex 17.4866 32.8938 10.2
    endloop
  endfacet
  facet normal -0.989182 -0.146694 0
    outer loop
      vertex 17.5341 32.5735 8
      vertex 17.4866 32.8938 10.2
      vertex 17.4866 32.8938 8
    endloop
  endfacet
  facet normal -0.989182 -0.146694 0
    outer loop
      vertex 17.4866 32.8938 10.2
      vertex 17.5341 32.5735 8
      vertex 17.5341 32.5735 10.2
    endloop
  endfacet
  facet normal -0.941574 -0.336806 0
    outer loop
      vertex 17.4079 33.2079 8
      vertex 17.2988 33.5129 10.2
      vertex 17.2988 33.5129 8
    endloop
  endfacet
  facet normal -0.941574 -0.336806 0
    outer loop
      vertex 17.2988 33.5129 10.2
      vertex 17.4079 33.2079 8
      vertex 17.4079 33.2079 10.2
    endloop
  endfacet
  facet normal -0.803212 -0.595693 0
    outer loop
      vertex 16.9938 34.0834 8
      vertex 16.8009 34.3435 10.2
      vertex 16.8009 34.3435 8
    endloop
  endfacet
  facet normal -0.803212 -0.595693 0
    outer loop
      vertex 16.8009 34.3435 10.2
      vertex 16.9938 34.0834 8
      vertex 16.9938 34.0834 10.2
    endloop
  endfacet
  facet normal -0.857738 -0.514087 0
    outer loop
      vertex 17.1603 33.8056 8
      vertex 16.9938 34.0834 10.2
      vertex 16.9938 34.0834 8
    endloop
  endfacet
  facet normal -0.857738 -0.514087 0
    outer loop
      vertex 16.9938 34.0834 10.2
      vertex 17.1603 33.8056 8
      vertex 17.1603 33.8056 10.2
    endloop
  endfacet
  facet normal -0.146694 -0.989182 0
    outer loop
      vertex 14.5735 35.5341 8
      vertex 14.8938 35.4866 10.2
      vertex 14.5735 35.5341 10.2
    endloop
  endfacet
  facet normal -0.146694 -0.989182 -0
    outer loop
      vertex 14.8938 35.4866 10.2
      vertex 14.5735 35.5341 8
      vertex 14.8938 35.4866 8
    endloop
  endfacet
  facet normal -0.243044 -0.970015 0
    outer loop
      vertex 14.8938 35.4866 8
      vertex 15.2079 35.4079 10.2
      vertex 14.8938 35.4866 10.2
    endloop
  endfacet
  facet normal -0.243044 -0.970015 -0
    outer loop
      vertex 15.2079 35.4079 10.2
      vertex 14.8938 35.4866 8
      vertex 15.2079 35.4079 8
    endloop
  endfacet
  facet normal -0.0490907 -0.998794 0
    outer loop
      vertex 14.25 35.55 8
      vertex 14.5735 35.5341 10.2
      vertex 14.25 35.55 10.2
    endloop
  endfacet
  facet normal -0.0490907 -0.998794 -0
    outer loop
      vertex 14.5735 35.5341 10.2
      vertex 14.25 35.55 8
      vertex 14.5735 35.5341 8
    endloop
  endfacet
  facet normal -0.51386 -0.857874 0
    outer loop
      vertex 15.8056 35.1603 8
      vertex 16.0834 34.9939 10.2
      vertex 15.8056 35.1603 10.2
    endloop
  endfacet
  facet normal -0.51386 -0.857874 -0
    outer loop
      vertex 16.0834 34.9939 10.2
      vertex 15.8056 35.1603 8
      vertex 16.0834 34.9939 8
    endloop
  endfacet
  facet normal -0.595892 -0.803065 0
    outer loop
      vertex 16.0834 34.9939 8
      vertex 16.3435 34.8009 10.2
      vertex 16.0834 34.9939 10.2
    endloop
  endfacet
  facet normal -0.595892 -0.803065 -0
    outer loop
      vertex 16.3435 34.8009 10.2
      vertex 16.0834 34.9939 8
      vertex 16.3435 34.8009 8
    endloop
  endfacet
  facet normal 0.989182 -0.146694 0
    outer loop
      vertex 10.9659 32.5735 10.2
      vertex 11.0134 32.8938 8
      vertex 11.0134 32.8938 10.2
    endloop
  endfacet
  facet normal 0.989182 -0.146694 0
    outer loop
      vertex 11.0134 32.8938 8
      vertex 10.9659 32.5735 10.2
      vertex 10.9659 32.5735 8
    endloop
  endfacet
  facet normal 0.941574 -0.336806 0
    outer loop
      vertex 11.0921 33.2079 10.2
      vertex 11.2012 33.5129 8
      vertex 11.2012 33.5129 10.2
    endloop
  endfacet
  facet normal 0.941574 -0.336806 0
    outer loop
      vertex 11.2012 33.5129 8
      vertex 11.0921 33.2079 10.2
      vertex 11.0921 33.2079 8
    endloop
  endfacet
  facet normal 0.970015 -0.243044 0
    outer loop
      vertex 11.0134 32.8938 10.2
      vertex 11.0921 33.2079 8
      vertex 11.0921 33.2079 10.2
    endloop
  endfacet
  facet normal 0.970015 -0.243044 0
    outer loop
      vertex 11.0921 33.2079 8
      vertex 11.0134 32.8938 10.2
      vertex 11.0134 32.8938 8
    endloop
  endfacet
  facet normal 0.998794 -0.0490907 0
    outer loop
      vertex 10.95 32.25 10.2
      vertex 10.9659 32.5735 8
      vertex 10.9659 32.5735 10.2
    endloop
  endfacet
  facet normal 0.998794 -0.0490907 0
    outer loop
      vertex 10.9659 32.5735 8
      vertex 10.95 32.25 10.2
      vertex 10.95 32.25 8
    endloop
  endfacet
  facet normal 0.595892 -0.803065 0
    outer loop
      vertex 12.1565 34.8009 8
      vertex 12.4166 34.9939 10.2
      vertex 12.1565 34.8009 10.2
    endloop
  endfacet
  facet normal 0.595892 -0.803065 0
    outer loop
      vertex 12.4166 34.9939 10.2
      vertex 12.1565 34.8009 8
      vertex 12.4166 34.9939 8
    endloop
  endfacet
  facet normal 0.146694 -0.989182 0
    outer loop
      vertex 13.6062 35.4866 8
      vertex 13.9265 35.5341 10.2
      vertex 13.6062 35.4866 10.2
    endloop
  endfacet
  facet normal 0.146694 -0.989182 0
    outer loop
      vertex 13.9265 35.5341 10.2
      vertex 13.6062 35.4866 8
      vertex 13.9265 35.5341 8
    endloop
  endfacet
  facet normal -0.998794 0.0490907 0
    outer loop
      vertex 17.5341 31.9265 8
      vertex 17.55 32.25 10.2
      vertex 17.55 32.25 8
    endloop
  endfacet
  facet normal -0.998794 0.0490907 0
    outer loop
      vertex 17.55 32.25 10.2
      vertex 17.5341 31.9265 8
      vertex 17.5341 31.9265 10.2
    endloop
  endfacet
  facet normal -0.146694 0.989182 0
    outer loop
      vertex 14.8938 29.0134 8
      vertex 14.5735 28.9659 10.2
      vertex 14.8938 29.0134 10.2
    endloop
  endfacet
  facet normal -0.146694 0.989182 0
    outer loop
      vertex 14.5735 28.9659 10.2
      vertex 14.8938 29.0134 8
      vertex 14.5735 28.9659 8
    endloop
  endfacet
  facet normal -0.51386 0.857874 0
    outer loop
      vertex 16.0834 29.5061 8
      vertex 15.8056 29.3397 10.2
      vertex 16.0834 29.5061 10.2
    endloop
  endfacet
  facet normal -0.51386 0.857874 0
    outer loop
      vertex 15.8056 29.3397 10.2
      vertex 16.0834 29.5061 8
      vertex 15.8056 29.3397 8
    endloop
  endfacet
  facet normal -0.67135 0.741141 0
    outer loop
      vertex 16.5835 29.9165 8
      vertex 16.3435 29.6991 10.2
      vertex 16.5835 29.9165 10.2
    endloop
  endfacet
  facet normal -0.67135 0.741141 0
    outer loop
      vertex 16.3435 29.6991 10.2
      vertex 16.5835 29.9165 8
      vertex 16.3435 29.6991 8
    endloop
  endfacet
  facet normal -0.803212 0.595693 0
    outer loop
      vertex 16.8009 30.1565 8
      vertex 16.9938 30.4166 10.2
      vertex 16.9938 30.4166 8
    endloop
  endfacet
  facet normal -0.803212 0.595693 0
    outer loop
      vertex 16.9938 30.4166 10.2
      vertex 16.8009 30.1565 8
      vertex 16.8009 30.1565 10.2
    endloop
  endfacet
  facet normal -0.857738 0.514087 0
    outer loop
      vertex 16.9938 30.4166 8
      vertex 17.1603 30.6944 10.2
      vertex 17.1603 30.6944 8
    endloop
  endfacet
  facet normal -0.857738 0.514087 0
    outer loop
      vertex 17.1603 30.6944 10.2
      vertex 16.9938 30.4166 8
      vertex 16.9938 30.4166 10.2
    endloop
  endfacet
  facet normal 0.595892 0.803065 -0
    outer loop
      vertex 12.4166 29.5061 8
      vertex 12.1565 29.6991 10.2
      vertex 12.4166 29.5061 10.2
    endloop
  endfacet
  facet normal 0.595892 0.803065 0
    outer loop
      vertex 12.1565 29.6991 10.2
      vertex 12.4166 29.5061 8
      vertex 12.1565 29.6991 8
    endloop
  endfacet
  facet normal 0.51386 0.857874 -0
    outer loop
      vertex 12.6944 29.3397 8
      vertex 12.4166 29.5061 10.2
      vertex 12.6944 29.3397 10.2
    endloop
  endfacet
  facet normal 0.51386 0.857874 0
    outer loop
      vertex 12.4166 29.5061 10.2
      vertex 12.6944 29.3397 8
      vertex 12.4166 29.5061 8
    endloop
  endfacet
  facet normal 0.427715 0.903914 -0
    outer loop
      vertex 12.9871 29.2012 8
      vertex 12.6944 29.3397 10.2
      vertex 12.9871 29.2012 10.2
    endloop
  endfacet
  facet normal 0.427715 0.903914 0
    outer loop
      vertex 12.6944 29.3397 10.2
      vertex 12.9871 29.2012 8
      vertex 12.6944 29.3397 8
    endloop
  endfacet
  facet normal 0.0490907 0.998794 -0
    outer loop
      vertex 14.25 28.95 8
      vertex 13.9265 28.9659 10.2
      vertex 14.25 28.95 10.2
    endloop
  endfacet
  facet normal 0.0490907 0.998794 0
    outer loop
      vertex 13.9265 28.9659 10.2
      vertex 14.25 28.95 8
      vertex 13.9265 28.9659 8
    endloop
  endfacet
  facet normal 0.857738 0.514087 0
    outer loop
      vertex 11.5062 30.4166 10.2
      vertex 11.3397 30.6944 8
      vertex 11.3397 30.6944 10.2
    endloop
  endfacet
  facet normal 0.857738 0.514087 0
    outer loop
      vertex 11.3397 30.6944 8
      vertex 11.5062 30.4166 10.2
      vertex 11.5062 30.4166 8
    endloop
  endfacet
  facet normal 0.903914 0.427715 0
    outer loop
      vertex 11.3397 30.6944 10.2
      vertex 11.2012 30.9871 8
      vertex 11.2012 30.9871 10.2
    endloop
  endfacet
  facet normal 0.903914 0.427715 0
    outer loop
      vertex 11.2012 30.9871 8
      vertex 11.3397 30.6944 10.2
      vertex 11.3397 30.6944 8
    endloop
  endfacet
  facet normal 0.989182 0.146694 0
    outer loop
      vertex 11.0134 31.6062 10.2
      vertex 10.9659 31.9265 8
      vertex 10.9659 31.9265 10.2
    endloop
  endfacet
  facet normal 0.989182 0.146694 0
    outer loop
      vertex 10.9659 31.9265 8
      vertex 11.0134 31.6062 10.2
      vertex 11.0134 31.6062 8
    endloop
  endfacet
  facet normal -0.741141 -0.67135 0
    outer loop
      vertex 16.8009 34.3435 8
      vertex 16.5835 34.5835 10.2
      vertex 16.5835 34.5835 8
    endloop
  endfacet
  facet normal -0.741141 -0.67135 0
    outer loop
      vertex 16.5835 34.5835 10.2
      vertex 16.8009 34.3435 8
      vertex 16.8009 34.3435 10.2
    endloop
  endfacet
  facet normal -0.427715 -0.903914 0
    outer loop
      vertex 15.5129 35.2988 8
      vertex 15.8056 35.1603 10.2
      vertex 15.5129 35.2988 10.2
    endloop
  endfacet
  facet normal -0.427715 -0.903914 -0
    outer loop
      vertex 15.8056 35.1603 10.2
      vertex 15.5129 35.2988 8
      vertex 15.8056 35.1603 8
    endloop
  endfacet
  facet normal 0.803212 -0.595693 0
    outer loop
      vertex 11.5062 34.0834 10.2
      vertex 11.6991 34.3435 8
      vertex 11.6991 34.3435 10.2
    endloop
  endfacet
  facet normal 0.803212 -0.595693 0
    outer loop
      vertex 11.6991 34.3435 8
      vertex 11.5062 34.0834 10.2
      vertex 11.5062 34.0834 8
    endloop
  endfacet
  facet normal 0.998794 0.0490907 0
    outer loop
      vertex 10.9659 31.9265 10.2
      vertex 10.95 32.25 8
      vertex 10.95 32.25 10.2
    endloop
  endfacet
  facet normal 0.998794 0.0490907 0
    outer loop
      vertex 10.95 32.25 8
      vertex 10.9659 31.9265 10.2
      vertex 10.9659 31.9265 8
    endloop
  endfacet
  facet normal 0.67135 -0.741141 0
    outer loop
      vertex 11.9165 34.5835 8
      vertex 12.1565 34.8009 10.2
      vertex 11.9165 34.5835 10.2
    endloop
  endfacet
  facet normal 0.67135 -0.741141 0
    outer loop
      vertex 12.1565 34.8009 10.2
      vertex 11.9165 34.5835 8
      vertex 12.1565 34.8009 8
    endloop
  endfacet
  facet normal 0.51386 -0.857874 0
    outer loop
      vertex 12.4166 34.9939 8
      vertex 12.6944 35.1603 10.2
      vertex 12.4166 34.9939 10.2
    endloop
  endfacet
  facet normal 0.51386 -0.857874 0
    outer loop
      vertex 12.6944 35.1603 10.2
      vertex 12.4166 34.9939 8
      vertex 12.6944 35.1603 8
    endloop
  endfacet
  facet normal 0.336806 -0.941574 0
    outer loop
      vertex 12.9871 35.2988 8
      vertex 13.2921 35.4079 10.2
      vertex 12.9871 35.2988 10.2
    endloop
  endfacet
  facet normal 0.336806 -0.941574 0
    outer loop
      vertex 13.2921 35.4079 10.2
      vertex 12.9871 35.2988 8
      vertex 13.2921 35.4079 8
    endloop
  endfacet
  facet normal -0.243044 0.970015 0
    outer loop
      vertex 15.2079 29.0921 8
      vertex 14.8938 29.0134 10.2
      vertex 15.2079 29.0921 10.2
    endloop
  endfacet
  facet normal -0.243044 0.970015 0
    outer loop
      vertex 14.8938 29.0134 10.2
      vertex 15.2079 29.0921 8
      vertex 14.8938 29.0134 8
    endloop
  endfacet
  facet normal -0.427715 0.903914 0
    outer loop
      vertex 15.8056 29.3397 8
      vertex 15.5129 29.2012 10.2
      vertex 15.8056 29.3397 10.2
    endloop
  endfacet
  facet normal -0.427715 0.903914 0
    outer loop
      vertex 15.5129 29.2012 10.2
      vertex 15.8056 29.3397 8
      vertex 15.5129 29.2012 8
    endloop
  endfacet
  facet normal -0.595892 0.803065 0
    outer loop
      vertex 16.3435 29.6991 8
      vertex 16.0834 29.5061 10.2
      vertex 16.3435 29.6991 10.2
    endloop
  endfacet
  facet normal -0.595892 0.803065 0
    outer loop
      vertex 16.0834 29.5061 10.2
      vertex 16.3435 29.6991 8
      vertex 16.0834 29.5061 8
    endloop
  endfacet
  facet normal -0.941574 0.336806 0
    outer loop
      vertex 17.2988 30.9871 8
      vertex 17.4079 31.2921 10.2
      vertex 17.4079 31.2921 8
    endloop
  endfacet
  facet normal -0.941574 0.336806 0
    outer loop
      vertex 17.4079 31.2921 10.2
      vertex 17.2988 30.9871 8
      vertex 17.2988 30.9871 10.2
    endloop
  endfacet
  facet normal -0.989182 0.146694 0
    outer loop
      vertex 17.4866 31.6062 8
      vertex 17.5341 31.9265 10.2
      vertex 17.5341 31.9265 8
    endloop
  endfacet
  facet normal -0.989182 0.146694 0
    outer loop
      vertex 17.5341 31.9265 10.2
      vertex 17.4866 31.6062 8
      vertex 17.4866 31.6062 10.2
    endloop
  endfacet
  facet normal 0.336806 0.941574 -0
    outer loop
      vertex 13.2921 29.0921 8
      vertex 12.9871 29.2012 10.2
      vertex 13.2921 29.0921 10.2
    endloop
  endfacet
  facet normal 0.336806 0.941574 0
    outer loop
      vertex 12.9871 29.2012 10.2
      vertex 13.2921 29.0921 8
      vertex 12.9871 29.2012 8
    endloop
  endfacet
  facet normal 0.146694 0.989182 -0
    outer loop
      vertex 13.9265 28.9659 8
      vertex 13.6062 29.0134 10.2
      vertex 13.9265 28.9659 10.2
    endloop
  endfacet
  facet normal 0.146694 0.989182 0
    outer loop
      vertex 13.6062 29.0134 10.2
      vertex 13.9265 28.9659 8
      vertex 13.6062 29.0134 8
    endloop
  endfacet
  facet normal 0.803212 0.595693 0
    outer loop
      vertex 11.6991 30.1565 10.2
      vertex 11.5062 30.4166 8
      vertex 11.5062 30.4166 10.2
    endloop
  endfacet
  facet normal 0.803212 0.595693 0
    outer loop
      vertex 11.5062 30.4166 8
      vertex 11.6991 30.1565 10.2
      vertex 11.6991 30.1565 8
    endloop
  endfacet
  facet normal 0.970015 0.243044 0
    outer loop
      vertex 11.0921 31.2921 10.2
      vertex 11.0134 31.6062 8
      vertex 11.0134 31.6062 10.2
    endloop
  endfacet
  facet normal 0.970015 0.243044 0
    outer loop
      vertex 11.0134 31.6062 8
      vertex 11.0921 31.2921 10.2
      vertex 11.0921 31.2921 8
    endloop
  endfacet
  facet normal -0.998794 -0.0490907 0
    outer loop
      vertex 31.55 32.25 8
      vertex 31.5341 32.5735 10.2
      vertex 31.5341 32.5735 8
    endloop
  endfacet
  facet normal -0.998794 -0.0490907 0
    outer loop
      vertex 31.5341 32.5735 10.2
      vertex 31.55 32.25 8
      vertex 31.55 32.25 10.2
    endloop
  endfacet
  facet normal 0.0490907 -0.998794 0
    outer loop
      vertex 27.9265 35.5341 8
      vertex 28.25 35.55 10.2
      vertex 27.9265 35.5341 10.2
    endloop
  endfacet
  facet normal 0.0490907 -0.998794 0
    outer loop
      vertex 28.25 35.55 10.2
      vertex 27.9265 35.5341 8
      vertex 28.25 35.55 8
    endloop
  endfacet
  facet normal -0.0490907 0.998794 0
    outer loop
      vertex 28.5735 28.9659 8
      vertex 28.25 28.95 10.2
      vertex 28.5735 28.9659 10.2
    endloop
  endfacet
  facet normal -0.0490907 0.998794 0
    outer loop
      vertex 28.25 28.95 10.2
      vertex 28.5735 28.9659 8
      vertex 28.25 28.95 8
    endloop
  endfacet
  facet normal -0.67135 -0.741141 0
    outer loop
      vertex 30.3435 34.8009 8
      vertex 30.5835 34.5835 10.2
      vertex 30.3435 34.8009 10.2
    endloop
  endfacet
  facet normal -0.67135 -0.741141 -0
    outer loop
      vertex 30.5835 34.5835 10.2
      vertex 30.3435 34.8009 8
      vertex 30.5835 34.5835 8
    endloop
  endfacet
  facet normal 0.741141 -0.67135 0
    outer loop
      vertex 25.6991 34.3435 10.2
      vertex 25.9165 34.5835 8
      vertex 25.9165 34.5835 10.2
    endloop
  endfacet
  facet normal 0.741141 -0.67135 0
    outer loop
      vertex 25.9165 34.5835 8
      vertex 25.6991 34.3435 10.2
      vertex 25.6991 34.3435 8
    endloop
  endfacet
  facet normal 0.427715 -0.903914 0
    outer loop
      vertex 26.6944 35.1603 8
      vertex 26.9871 35.2988 10.2
      vertex 26.6944 35.1603 10.2
    endloop
  endfacet
  facet normal 0.427715 -0.903914 0
    outer loop
      vertex 26.9871 35.2988 10.2
      vertex 26.6944 35.1603 8
      vertex 26.9871 35.2988 8
    endloop
  endfacet
  facet normal -0.903914 -0.427715 0
    outer loop
      vertex 31.2988 33.5129 8
      vertex 31.1603 33.8056 10.2
      vertex 31.1603 33.8056 8
    endloop
  endfacet
  facet normal -0.903914 -0.427715 0
    outer loop
      vertex 31.1603 33.8056 10.2
      vertex 31.2988 33.5129 8
      vertex 31.2988 33.5129 10.2
    endloop
  endfacet
  facet normal -0.336806 -0.941574 0
    outer loop
      vertex 29.2079 35.4079 8
      vertex 29.5129 35.2988 10.2
      vertex 29.2079 35.4079 10.2
    endloop
  endfacet
  facet normal -0.336806 -0.941574 -0
    outer loop
      vertex 29.5129 35.2988 10.2
      vertex 29.2079 35.4079 8
      vertex 29.5129 35.2988 8
    endloop
  endfacet
  facet normal -0.51386 -0.857874 0
    outer loop
      vertex 29.8056 35.1603 8
      vertex 30.0834 34.9939 10.2
      vertex 29.8056 35.1603 10.2
    endloop
  endfacet
  facet normal -0.51386 -0.857874 -0
    outer loop
      vertex 30.0834 34.9939 10.2
      vertex 29.8056 35.1603 8
      vertex 30.0834 34.9939 8
    endloop
  endfacet
  facet normal 0.941574 -0.336806 0
    outer loop
      vertex 25.0921 33.2079 10.2
      vertex 25.2012 33.5129 8
      vertex 25.2012 33.5129 10.2
    endloop
  endfacet
  facet normal 0.941574 -0.336806 0
    outer loop
      vertex 25.2012 33.5129 8
      vertex 25.0921 33.2079 10.2
      vertex 25.0921 33.2079 8
    endloop
  endfacet
  facet normal 0.243044 -0.970015 0
    outer loop
      vertex 27.2921 35.4079 8
      vertex 27.6062 35.4866 10.2
      vertex 27.2921 35.4079 10.2
    endloop
  endfacet
  facet normal 0.243044 -0.970015 0
    outer loop
      vertex 27.6062 35.4866 10.2
      vertex 27.2921 35.4079 8
      vertex 27.6062 35.4866 8
    endloop
  endfacet
  facet normal -0.941574 0.336806 0
    outer loop
      vertex 31.2988 30.9871 8
      vertex 31.4079 31.2921 10.2
      vertex 31.4079 31.2921 8
    endloop
  endfacet
  facet normal -0.941574 0.336806 0
    outer loop
      vertex 31.4079 31.2921 10.2
      vertex 31.2988 30.9871 8
      vertex 31.2988 30.9871 10.2
    endloop
  endfacet
  facet normal -0.970015 0.243044 0
    outer loop
      vertex 31.4079 31.2921 8
      vertex 31.4866 31.6062 10.2
      vertex 31.4866 31.6062 8
    endloop
  endfacet
  facet normal -0.970015 0.243044 0
    outer loop
      vertex 31.4866 31.6062 10.2
      vertex 31.4079 31.2921 8
      vertex 31.4079 31.2921 10.2
    endloop
  endfacet
  facet normal 0.67135 0.741141 -0
    outer loop
      vertex 26.1565 29.6991 8
      vertex 25.9165 29.9165 10.2
      vertex 26.1565 29.6991 10.2
    endloop
  endfacet
  facet normal 0.67135 0.741141 0
    outer loop
      vertex 25.9165 29.9165 10.2
      vertex 26.1565 29.6991 8
      vertex 25.9165 29.9165 8
    endloop
  endfacet
  facet normal 0.903914 0.427715 0
    outer loop
      vertex 25.3397 30.6944 10.2
      vertex 25.2012 30.9871 8
      vertex 25.2012 30.9871 10.2
    endloop
  endfacet
  facet normal 0.903914 0.427715 0
    outer loop
      vertex 25.2012 30.9871 8
      vertex 25.3397 30.6944 10.2
      vertex 25.3397 30.6944 8
    endloop
  endfacet
  facet normal -0.970015 -0.243044 0
    outer loop
      vertex 31.4866 32.8938 8
      vertex 31.4079 33.2079 10.2
      vertex 31.4079 33.2079 8
    endloop
  endfacet
  facet normal -0.970015 -0.243044 0
    outer loop
      vertex 31.4079 33.2079 10.2
      vertex 31.4866 32.8938 8
      vertex 31.4866 32.8938 10.2
    endloop
  endfacet
  facet normal -0.989182 -0.146694 0
    outer loop
      vertex 31.5341 32.5735 8
      vertex 31.4866 32.8938 10.2
      vertex 31.4866 32.8938 8
    endloop
  endfacet
  facet normal -0.989182 -0.146694 0
    outer loop
      vertex 31.4866 32.8938 10.2
      vertex 31.5341 32.5735 8
      vertex 31.5341 32.5735 10.2
    endloop
  endfacet
  facet normal -0.941574 -0.336806 0
    outer loop
      vertex 31.4079 33.2079 8
      vertex 31.2988 33.5129 10.2
      vertex 31.2988 33.5129 8
    endloop
  endfacet
  facet normal -0.941574 -0.336806 0
    outer loop
      vertex 31.2988 33.5129 10.2
      vertex 31.4079 33.2079 8
      vertex 31.4079 33.2079 10.2
    endloop
  endfacet
  facet normal -0.803212 -0.595693 0
    outer loop
      vertex 30.9938 34.0834 8
      vertex 30.8009 34.3435 10.2
      vertex 30.8009 34.3435 8
    endloop
  endfacet
  facet normal -0.803212 -0.595693 0
    outer loop
      vertex 30.8009 34.3435 10.2
      vertex 30.9938 34.0834 8
      vertex 30.9938 34.0834 10.2
    endloop
  endfacet
  facet normal -0.741141 -0.67135 0
    outer loop
      vertex 30.8009 34.3435 8
      vertex 30.5835 34.5835 10.2
      vertex 30.5835 34.5835 8
    endloop
  endfacet
  facet normal -0.741141 -0.67135 0
    outer loop
      vertex 30.5835 34.5835 10.2
      vertex 30.8009 34.3435 8
      vertex 30.8009 34.3435 10.2
    endloop
  endfacet
  facet normal -0.857738 -0.514087 0
    outer loop
      vertex 31.1603 33.8056 8
      vertex 30.9938 34.0834 10.2
      vertex 30.9938 34.0834 8
    endloop
  endfacet
  facet normal -0.857738 -0.514087 0
    outer loop
      vertex 30.9938 34.0834 10.2
      vertex 31.1603 33.8056 8
      vertex 31.1603 33.8056 10.2
    endloop
  endfacet
  facet normal -0.146694 -0.989182 0
    outer loop
      vertex 28.5735 35.5341 8
      vertex 28.8938 35.4866 10.2
      vertex 28.5735 35.5341 10.2
    endloop
  endfacet
  facet normal -0.146694 -0.989182 -0
    outer loop
      vertex 28.8938 35.4866 10.2
      vertex 28.5735 35.5341 8
      vertex 28.8938 35.4866 8
    endloop
  endfacet
  facet normal -0.243044 -0.970015 0
    outer loop
      vertex 28.8938 35.4866 8
      vertex 29.2079 35.4079 10.2
      vertex 28.8938 35.4866 10.2
    endloop
  endfacet
  facet normal -0.243044 -0.970015 -0
    outer loop
      vertex 29.2079 35.4079 10.2
      vertex 28.8938 35.4866 8
      vertex 29.2079 35.4079 8
    endloop
  endfacet
  facet normal -0.0490907 -0.998794 0
    outer loop
      vertex 28.25 35.55 8
      vertex 28.5735 35.5341 10.2
      vertex 28.25 35.55 10.2
    endloop
  endfacet
  facet normal -0.0490907 -0.998794 -0
    outer loop
      vertex 28.5735 35.5341 10.2
      vertex 28.25 35.55 8
      vertex 28.5735 35.5341 8
    endloop
  endfacet
  facet normal -0.427715 -0.903914 0
    outer loop
      vertex 29.5129 35.2988 8
      vertex 29.8056 35.1603 10.2
      vertex 29.5129 35.2988 10.2
    endloop
  endfacet
  facet normal -0.427715 -0.903914 -0
    outer loop
      vertex 29.8056 35.1603 10.2
      vertex 29.5129 35.2988 8
      vertex 29.8056 35.1603 8
    endloop
  endfacet
  facet normal -0.595892 -0.803065 0
    outer loop
      vertex 30.0834 34.9939 8
      vertex 30.3435 34.8009 10.2
      vertex 30.0834 34.9939 10.2
    endloop
  endfacet
  facet normal -0.595892 -0.803065 -0
    outer loop
      vertex 30.3435 34.8009 10.2
      vertex 30.0834 34.9939 8
      vertex 30.3435 34.8009 8
    endloop
  endfacet
  facet normal 0.989182 -0.146694 0
    outer loop
      vertex 24.9659 32.5735 10.2
      vertex 25.0134 32.8938 8
      vertex 25.0134 32.8938 10.2
    endloop
  endfacet
  facet normal 0.989182 -0.146694 0
    outer loop
      vertex 25.0134 32.8938 8
      vertex 24.9659 32.5735 10.2
      vertex 24.9659 32.5735 8
    endloop
  endfacet
  facet normal 0.857874 -0.51386 0
    outer loop
      vertex 25.3397 33.8056 10.2
      vertex 25.5061 34.0834 8
      vertex 25.5061 34.0834 10.2
    endloop
  endfacet
  facet normal 0.857874 -0.51386 0
    outer loop
      vertex 25.5061 34.0834 8
      vertex 25.3397 33.8056 10.2
      vertex 25.3397 33.8056 8
    endloop
  endfacet
  facet normal 0.803065 -0.595892 0
    outer loop
      vertex 25.5061 34.0834 10.2
      vertex 25.6991 34.3435 8
      vertex 25.6991 34.3435 10.2
    endloop
  endfacet
  facet normal 0.803065 -0.595892 0
    outer loop
      vertex 25.6991 34.3435 8
      vertex 25.5061 34.0834 10.2
      vertex 25.5061 34.0834 8
    endloop
  endfacet
  facet normal 0.903914 -0.427715 0
    outer loop
      vertex 25.2012 33.5129 10.2
      vertex 25.3397 33.8056 8
      vertex 25.3397 33.8056 10.2
    endloop
  endfacet
  facet normal 0.903914 -0.427715 0
    outer loop
      vertex 25.3397 33.8056 8
      vertex 25.2012 33.5129 10.2
      vertex 25.2012 33.5129 8
    endloop
  endfacet
  facet normal 0.970015 -0.243044 0
    outer loop
      vertex 25.0134 32.8938 10.2
      vertex 25.0921 33.2079 8
      vertex 25.0921 33.2079 10.2
    endloop
  endfacet
  facet normal 0.970015 -0.243044 0
    outer loop
      vertex 25.0921 33.2079 8
      vertex 25.0134 32.8938 10.2
      vertex 25.0134 32.8938 8
    endloop
  endfacet
  facet normal 0.998794 -0.0490907 0
    outer loop
      vertex 24.95 32.25 10.2
      vertex 24.9659 32.5735 8
      vertex 24.9659 32.5735 10.2
    endloop
  endfacet
  facet normal 0.998794 -0.0490907 0
    outer loop
      vertex 24.9659 32.5735 8
      vertex 24.95 32.25 10.2
      vertex 24.95 32.25 8
    endloop
  endfacet
  facet normal 0.595892 -0.803065 0
    outer loop
      vertex 26.1565 34.8009 8
      vertex 26.4166 34.9939 10.2
      vertex 26.1565 34.8009 10.2
    endloop
  endfacet
  facet normal 0.595892 -0.803065 0
    outer loop
      vertex 26.4166 34.9939 10.2
      vertex 26.1565 34.8009 8
      vertex 26.4166 34.9939 8
    endloop
  endfacet
  facet normal 0.51386 -0.857874 0
    outer loop
      vertex 26.4166 34.9939 8
      vertex 26.6944 35.1603 10.2
      vertex 26.4166 34.9939 10.2
    endloop
  endfacet
  facet normal 0.51386 -0.857874 0
    outer loop
      vertex 26.6944 35.1603 10.2
      vertex 26.4166 34.9939 8
      vertex 26.6944 35.1603 8
    endloop
  endfacet
  facet normal 0.67135 -0.741141 0
    outer loop
      vertex 25.9165 34.5835 8
      vertex 26.1565 34.8009 10.2
      vertex 25.9165 34.5835 10.2
    endloop
  endfacet
  facet normal 0.67135 -0.741141 0
    outer loop
      vertex 26.1565 34.8009 10.2
      vertex 25.9165 34.5835 8
      vertex 26.1565 34.8009 8
    endloop
  endfacet
  facet normal 0.336806 -0.941574 0
    outer loop
      vertex 26.9871 35.2988 8
      vertex 27.2921 35.4079 10.2
      vertex 26.9871 35.2988 10.2
    endloop
  endfacet
  facet normal 0.336806 -0.941574 0
    outer loop
      vertex 27.2921 35.4079 10.2
      vertex 26.9871 35.2988 8
      vertex 27.2921 35.4079 8
    endloop
  endfacet
  facet normal 0.146694 -0.989182 0
    outer loop
      vertex 27.6062 35.4866 8
      vertex 27.9265 35.5341 10.2
      vertex 27.6062 35.4866 10.2
    endloop
  endfacet
  facet normal 0.146694 -0.989182 0
    outer loop
      vertex 27.9265 35.5341 10.2
      vertex 27.6062 35.4866 8
      vertex 27.9265 35.5341 8
    endloop
  endfacet
  facet normal -0.146694 0.989182 0
    outer loop
      vertex 28.8938 29.0134 8
      vertex 28.5735 28.9659 10.2
      vertex 28.8938 29.0134 10.2
    endloop
  endfacet
  facet normal -0.146694 0.989182 0
    outer loop
      vertex 28.5735 28.9659 10.2
      vertex 28.8938 29.0134 8
      vertex 28.5735 28.9659 8
    endloop
  endfacet
  facet normal -0.336806 0.941574 0
    outer loop
      vertex 29.5129 29.2012 8
      vertex 29.2079 29.0921 10.2
      vertex 29.5129 29.2012 10.2
    endloop
  endfacet
  facet normal -0.336806 0.941574 0
    outer loop
      vertex 29.2079 29.0921 10.2
      vertex 29.5129 29.2012 8
      vertex 29.2079 29.0921 8
    endloop
  endfacet
  facet normal -0.67135 0.741141 0
    outer loop
      vertex 30.5835 29.9165 8
      vertex 30.3435 29.6991 10.2
      vertex 30.5835 29.9165 10.2
    endloop
  endfacet
  facet normal -0.67135 0.741141 0
    outer loop
      vertex 30.3435 29.6991 10.2
      vertex 30.5835 29.9165 8
      vertex 30.3435 29.6991 8
    endloop
  endfacet
  facet normal -0.51386 0.857874 0
    outer loop
      vertex 30.0834 29.5061 8
      vertex 29.8056 29.3397 10.2
      vertex 30.0834 29.5061 10.2
    endloop
  endfacet
  facet normal -0.51386 0.857874 0
    outer loop
      vertex 29.8056 29.3397 10.2
      vertex 30.0834 29.5061 8
      vertex 29.8056 29.3397 8
    endloop
  endfacet
  facet normal -0.803212 0.595693 0
    outer loop
      vertex 30.8009 30.1565 8
      vertex 30.9938 30.4166 10.2
      vertex 30.9938 30.4166 8
    endloop
  endfacet
  facet normal -0.803212 0.595693 0
    outer loop
      vertex 30.9938 30.4166 10.2
      vertex 30.8009 30.1565 8
      vertex 30.8009 30.1565 10.2
    endloop
  endfacet
  facet normal -0.903914 0.427715 0
    outer loop
      vertex 31.1603 30.6944 8
      vertex 31.2988 30.9871 10.2
      vertex 31.2988 30.9871 8
    endloop
  endfacet
  facet normal -0.903914 0.427715 0
    outer loop
      vertex 31.2988 30.9871 10.2
      vertex 31.1603 30.6944 8
      vertex 31.1603 30.6944 10.2
    endloop
  endfacet
  facet normal 0.595892 0.803065 -0
    outer loop
      vertex 26.4166 29.5061 8
      vertex 26.1565 29.6991 10.2
      vertex 26.4166 29.5061 10.2
    endloop
  endfacet
  facet normal 0.595892 0.803065 0
    outer loop
      vertex 26.1565 29.6991 10.2
      vertex 26.4166 29.5061 8
      vertex 26.1565 29.6991 8
    endloop
  endfacet
  facet normal 0.427715 0.903914 -0
    outer loop
      vertex 26.9871 29.2012 8
      vertex 26.6944 29.3397 10.2
      vertex 26.9871 29.2012 10.2
    endloop
  endfacet
  facet normal 0.427715 0.903914 0
    outer loop
      vertex 26.6944 29.3397 10.2
      vertex 26.9871 29.2012 8
      vertex 26.6944 29.3397 8
    endloop
  endfacet
  facet normal 0.243044 0.970015 -0
    outer loop
      vertex 27.6062 29.0134 8
      vertex 27.2921 29.0921 10.2
      vertex 27.6062 29.0134 10.2
    endloop
  endfacet
  facet normal 0.243044 0.970015 0
    outer loop
      vertex 27.2921 29.0921 10.2
      vertex 27.6062 29.0134 8
      vertex 27.2921 29.0921 8
    endloop
  endfacet
  facet normal 0.0490907 0.998794 -0
    outer loop
      vertex 28.25 28.95 8
      vertex 27.9265 28.9659 10.2
      vertex 28.25 28.95 10.2
    endloop
  endfacet
  facet normal 0.0490907 0.998794 0
    outer loop
      vertex 27.9265 28.9659 10.2
      vertex 28.25 28.95 8
      vertex 27.9265 28.9659 8
    endloop
  endfacet
  facet normal 0.803065 0.595892 0
    outer loop
      vertex 25.6991 30.1565 10.2
      vertex 25.5061 30.4166 8
      vertex 25.5061 30.4166 10.2
    endloop
  endfacet
  facet normal 0.803065 0.595892 0
    outer loop
      vertex 25.5061 30.4166 8
      vertex 25.6991 30.1565 10.2
      vertex 25.6991 30.1565 8
    endloop
  endfacet
  facet normal 0.857874 0.51386 0
    outer loop
      vertex 25.5061 30.4166 10.2
      vertex 25.3397 30.6944 8
      vertex 25.3397 30.6944 10.2
    endloop
  endfacet
  facet normal 0.857874 0.51386 0
    outer loop
      vertex 25.3397 30.6944 8
      vertex 25.5061 30.4166 10.2
      vertex 25.5061 30.4166 8
    endloop
  endfacet
  facet normal 0.741141 0.67135 0
    outer loop
      vertex 25.9165 29.9165 10.2
      vertex 25.6991 30.1565 8
      vertex 25.6991 30.1565 10.2
    endloop
  endfacet
  facet normal 0.741141 0.67135 0
    outer loop
      vertex 25.6991 30.1565 8
      vertex 25.9165 29.9165 10.2
      vertex 25.9165 29.9165 8
    endloop
  endfacet
  facet normal 0.989182 0.146694 0
    outer loop
      vertex 25.0134 31.6062 10.2
      vertex 24.9659 31.9265 8
      vertex 24.9659 31.9265 10.2
    endloop
  endfacet
  facet normal 0.989182 0.146694 0
    outer loop
      vertex 24.9659 31.9265 8
      vertex 25.0134 31.6062 10.2
      vertex 25.0134 31.6062 8
    endloop
  endfacet
  facet normal 0.941574 0.336806 0
    outer loop
      vertex 25.2012 30.9871 10.2
      vertex 25.0921 31.2921 8
      vertex 25.0921 31.2921 10.2
    endloop
  endfacet
  facet normal 0.941574 0.336806 0
    outer loop
      vertex 25.0921 31.2921 8
      vertex 25.2012 30.9871 10.2
      vertex 25.2012 30.9871 8
    endloop
  endfacet
  facet normal 0.998794 0.0490907 0
    outer loop
      vertex 24.9659 31.9265 10.2
      vertex 24.95 32.25 8
      vertex 24.95 32.25 10.2
    endloop
  endfacet
  facet normal 0.998794 0.0490907 0
    outer loop
      vertex 24.95 32.25 8
      vertex 24.9659 31.9265 10.2
      vertex 24.9659 31.9265 8
    endloop
  endfacet
  facet normal -0.243044 0.970015 0
    outer loop
      vertex 29.2079 29.0921 8
      vertex 28.8938 29.0134 10.2
      vertex 29.2079 29.0921 10.2
    endloop
  endfacet
  facet normal -0.243044 0.970015 0
    outer loop
      vertex 28.8938 29.0134 10.2
      vertex 29.2079 29.0921 8
      vertex 28.8938 29.0134 8
    endloop
  endfacet
  facet normal -0.427715 0.903914 0
    outer loop
      vertex 29.8056 29.3397 8
      vertex 29.5129 29.2012 10.2
      vertex 29.8056 29.3397 10.2
    endloop
  endfacet
  facet normal -0.427715 0.903914 0
    outer loop
      vertex 29.5129 29.2012 10.2
      vertex 29.8056 29.3397 8
      vertex 29.5129 29.2012 8
    endloop
  endfacet
  facet normal -0.741141 0.67135 0
    outer loop
      vertex 30.5835 29.9165 8
      vertex 30.8009 30.1565 10.2
      vertex 30.8009 30.1565 8
    endloop
  endfacet
  facet normal -0.741141 0.67135 0
    outer loop
      vertex 30.8009 30.1565 10.2
      vertex 30.5835 29.9165 8
      vertex 30.5835 29.9165 10.2
    endloop
  endfacet
  facet normal -0.595892 0.803065 0
    outer loop
      vertex 30.3435 29.6991 8
      vertex 30.0834 29.5061 10.2
      vertex 30.3435 29.6991 10.2
    endloop
  endfacet
  facet normal -0.595892 0.803065 0
    outer loop
      vertex 30.0834 29.5061 10.2
      vertex 30.3435 29.6991 8
      vertex 30.0834 29.5061 8
    endloop
  endfacet
  facet normal -0.857738 0.514087 0
    outer loop
      vertex 30.9938 30.4166 8
      vertex 31.1603 30.6944 10.2
      vertex 31.1603 30.6944 8
    endloop
  endfacet
  facet normal -0.857738 0.514087 0
    outer loop
      vertex 31.1603 30.6944 10.2
      vertex 30.9938 30.4166 8
      vertex 30.9938 30.4166 10.2
    endloop
  endfacet
  facet normal -0.989182 0.146694 0
    outer loop
      vertex 31.4866 31.6062 8
      vertex 31.5341 31.9265 10.2
      vertex 31.5341 31.9265 8
    endloop
  endfacet
  facet normal -0.989182 0.146694 0
    outer loop
      vertex 31.5341 31.9265 10.2
      vertex 31.4866 31.6062 8
      vertex 31.4866 31.6062 10.2
    endloop
  endfacet
  facet normal 0.51386 0.857874 -0
    outer loop
      vertex 26.6944 29.3397 8
      vertex 26.4166 29.5061 10.2
      vertex 26.6944 29.3397 10.2
    endloop
  endfacet
  facet normal 0.51386 0.857874 0
    outer loop
      vertex 26.4166 29.5061 10.2
      vertex 26.6944 29.3397 8
      vertex 26.4166 29.5061 8
    endloop
  endfacet
  facet normal 0.336806 0.941574 -0
    outer loop
      vertex 27.2921 29.0921 8
      vertex 26.9871 29.2012 10.2
      vertex 27.2921 29.0921 10.2
    endloop
  endfacet
  facet normal 0.336806 0.941574 0
    outer loop
      vertex 26.9871 29.2012 10.2
      vertex 27.2921 29.0921 8
      vertex 26.9871 29.2012 8
    endloop
  endfacet
  facet normal 0.146694 0.989182 -0
    outer loop
      vertex 27.9265 28.9659 8
      vertex 27.6062 29.0134 10.2
      vertex 27.9265 28.9659 10.2
    endloop
  endfacet
  facet normal 0.146694 0.989182 0
    outer loop
      vertex 27.6062 29.0134 10.2
      vertex 27.9265 28.9659 8
      vertex 27.6062 29.0134 8
    endloop
  endfacet
  facet normal 0.970015 0.243044 0
    outer loop
      vertex 25.0921 31.2921 10.2
      vertex 25.0134 31.6062 8
      vertex 25.0134 31.6062 10.2
    endloop
  endfacet
  facet normal 0.970015 0.243044 0
    outer loop
      vertex 25.0134 31.6062 8
      vertex 25.0921 31.2921 10.2
      vertex 25.0921 31.2921 8
    endloop
  endfacet
  facet normal -0.998794 0.0490907 0
    outer loop
      vertex 31.5341 31.9265 8
      vertex 31.55 32.25 10.2
      vertex 31.55 32.25 8
    endloop
  endfacet
  facet normal -0.998794 0.0490907 0
    outer loop
      vertex 31.55 32.25 10.2
      vertex 31.5341 31.9265 8
      vertex 31.5341 31.9265 10.2
    endloop
  endfacet
  facet normal -0.998794 -0.0490907 0
    outer loop
      vertex 45.55 32.25 8
      vertex 45.5341 32.5735 10.2
      vertex 45.5341 32.5735 8
    endloop
  endfacet
  facet normal -0.998794 -0.0490907 0
    outer loop
      vertex 45.5341 32.5735 10.2
      vertex 45.55 32.25 8
      vertex 45.55 32.25 10.2
    endloop
  endfacet
  facet normal 0.0490907 -0.998794 0
    outer loop
      vertex 41.9265 35.5341 8
      vertex 42.25 35.55 10.2
      vertex 41.9265 35.5341 10.2
    endloop
  endfacet
  facet normal 0.0490907 -0.998794 0
    outer loop
      vertex 42.25 35.55 10.2
      vertex 41.9265 35.5341 8
      vertex 42.25 35.55 8
    endloop
  endfacet
  facet normal -0.67135 -0.741141 0
    outer loop
      vertex 44.3435 34.8009 8
      vertex 44.5835 34.5835 10.2
      vertex 44.3435 34.8009 10.2
    endloop
  endfacet
  facet normal -0.67135 -0.741141 -0
    outer loop
      vertex 44.5835 34.5835 10.2
      vertex 44.3435 34.8009 8
      vertex 44.5835 34.5835 8
    endloop
  endfacet
  facet normal 0.741141 -0.67135 0
    outer loop
      vertex 39.6991 34.3435 10.2
      vertex 39.9165 34.5835 8
      vertex 39.9165 34.5835 10.2
    endloop
  endfacet
  facet normal 0.741141 -0.67135 0
    outer loop
      vertex 39.9165 34.5835 8
      vertex 39.6991 34.3435 10.2
      vertex 39.6991 34.3435 8
    endloop
  endfacet
  facet normal 0.427715 -0.903914 0
    outer loop
      vertex 40.6944 35.1603 8
      vertex 40.9871 35.2988 10.2
      vertex 40.6944 35.1603 10.2
    endloop
  endfacet
  facet normal 0.427715 -0.903914 0
    outer loop
      vertex 40.9871 35.2988 10.2
      vertex 40.6944 35.1603 8
      vertex 40.9871 35.2988 8
    endloop
  endfacet
  facet normal 0.941574 0.336806 0
    outer loop
      vertex 39.2012 30.9871 10.2
      vertex 39.0921 31.2921 8
      vertex 39.0921 31.2921 10.2
    endloop
  endfacet
  facet normal 0.941574 0.336806 0
    outer loop
      vertex 39.0921 31.2921 8
      vertex 39.2012 30.9871 10.2
      vertex 39.2012 30.9871 8
    endloop
  endfacet
  facet normal -0.903914 -0.427715 0
    outer loop
      vertex 45.2988 33.5129 8
      vertex 45.1603 33.8056 10.2
      vertex 45.1603 33.8056 8
    endloop
  endfacet
  facet normal -0.903914 -0.427715 0
    outer loop
      vertex 45.1603 33.8056 10.2
      vertex 45.2988 33.5129 8
      vertex 45.2988 33.5129 10.2
    endloop
  endfacet
  facet normal -0.336806 -0.941574 0
    outer loop
      vertex 43.2079 35.4079 8
      vertex 43.5129 35.2988 10.2
      vertex 43.2079 35.4079 10.2
    endloop
  endfacet
  facet normal -0.336806 -0.941574 -0
    outer loop
      vertex 43.5129 35.2988 10.2
      vertex 43.2079 35.4079 8
      vertex 43.5129 35.2988 8
    endloop
  endfacet
  facet normal 0.903914 -0.427715 0
    outer loop
      vertex 39.2012 33.5129 10.2
      vertex 39.3397 33.8056 8
      vertex 39.3397 33.8056 10.2
    endloop
  endfacet
  facet normal 0.903914 -0.427715 0
    outer loop
      vertex 39.3397 33.8056 8
      vertex 39.2012 33.5129 10.2
      vertex 39.2012 33.5129 8
    endloop
  endfacet
  facet normal 0.857874 -0.51386 0
    outer loop
      vertex 39.3397 33.8056 10.2
      vertex 39.5061 34.0834 8
      vertex 39.5061 34.0834 10.2
    endloop
  endfacet
  facet normal 0.857874 -0.51386 0
    outer loop
      vertex 39.5061 34.0834 8
      vertex 39.3397 33.8056 10.2
      vertex 39.3397 33.8056 8
    endloop
  endfacet
  facet normal 0.243044 -0.970015 0
    outer loop
      vertex 41.2921 35.4079 8
      vertex 41.6062 35.4866 10.2
      vertex 41.2921 35.4079 10.2
    endloop
  endfacet
  facet normal 0.243044 -0.970015 0
    outer loop
      vertex 41.6062 35.4866 10.2
      vertex 41.2921 35.4079 8
      vertex 41.6062 35.4866 8
    endloop
  endfacet
  facet normal -0.903914 0.427715 0
    outer loop
      vertex 45.1603 30.6944 8
      vertex 45.2988 30.9871 10.2
      vertex 45.2988 30.9871 8
    endloop
  endfacet
  facet normal -0.903914 0.427715 0
    outer loop
      vertex 45.2988 30.9871 10.2
      vertex 45.1603 30.6944 8
      vertex 45.1603 30.6944 10.2
    endloop
  endfacet
  facet normal -0.336806 0.941574 0
    outer loop
      vertex 43.5129 29.2012 8
      vertex 43.2079 29.0921 10.2
      vertex 43.5129 29.2012 10.2
    endloop
  endfacet
  facet normal -0.336806 0.941574 0
    outer loop
      vertex 43.2079 29.0921 10.2
      vertex 43.5129 29.2012 8
      vertex 43.2079 29.0921 8
    endloop
  endfacet
  facet normal -0.741141 0.67135 0
    outer loop
      vertex 44.5835 29.9165 8
      vertex 44.8009 30.1565 10.2
      vertex 44.8009 30.1565 8
    endloop
  endfacet
  facet normal -0.741141 0.67135 0
    outer loop
      vertex 44.8009 30.1565 10.2
      vertex 44.5835 29.9165 8
      vertex 44.5835 29.9165 10.2
    endloop
  endfacet
  facet normal -0.970015 0.243044 0
    outer loop
      vertex 45.4079 31.2921 8
      vertex 45.4866 31.6062 10.2
      vertex 45.4866 31.6062 8
    endloop
  endfacet
  facet normal -0.970015 0.243044 0
    outer loop
      vertex 45.4866 31.6062 10.2
      vertex 45.4079 31.2921 8
      vertex 45.4079 31.2921 10.2
    endloop
  endfacet
  facet normal 0.243044 0.970015 -0
    outer loop
      vertex 41.6062 29.0134 8
      vertex 41.2921 29.0921 10.2
      vertex 41.6062 29.0134 10.2
    endloop
  endfacet
  facet normal 0.243044 0.970015 0
    outer loop
      vertex 41.2921 29.0921 10.2
      vertex 41.6062 29.0134 8
      vertex 41.2921 29.0921 8
    endloop
  endfacet
  facet normal 0.67135 0.741141 -0
    outer loop
      vertex 40.1565 29.6991 8
      vertex 39.9165 29.9165 10.2
      vertex 40.1565 29.6991 10.2
    endloop
  endfacet
  facet normal 0.67135 0.741141 0
    outer loop
      vertex 39.9165 29.9165 10.2
      vertex 40.1565 29.6991 8
      vertex 39.9165 29.9165 8
    endloop
  endfacet
  facet normal -0.970015 -0.243044 0
    outer loop
      vertex 45.4866 32.8938 8
      vertex 45.4079 33.2079 10.2
      vertex 45.4079 33.2079 8
    endloop
  endfacet
  facet normal -0.970015 -0.243044 0
    outer loop
      vertex 45.4079 33.2079 10.2
      vertex 45.4866 32.8938 8
      vertex 45.4866 32.8938 10.2
    endloop
  endfacet
  facet normal -0.989182 -0.146694 0
    outer loop
      vertex 45.5341 32.5735 8
      vertex 45.4866 32.8938 10.2
      vertex 45.4866 32.8938 8
    endloop
  endfacet
  facet normal -0.989182 -0.146694 0
    outer loop
      vertex 45.4866 32.8938 10.2
      vertex 45.5341 32.5735 8
      vertex 45.5341 32.5735 10.2
    endloop
  endfacet
  facet normal -0.941574 -0.336806 0
    outer loop
      vertex 45.4079 33.2079 8
      vertex 45.2988 33.5129 10.2
      vertex 45.2988 33.5129 8
    endloop
  endfacet
  facet normal -0.941574 -0.336806 0
    outer loop
      vertex 45.2988 33.5129 10.2
      vertex 45.4079 33.2079 8
      vertex 45.4079 33.2079 10.2
    endloop
  endfacet
  facet normal -0.803065 -0.595892 0
    outer loop
      vertex 44.9939 34.0834 8
      vertex 44.8009 34.3435 10.2
      vertex 44.8009 34.3435 8
    endloop
  endfacet
  facet normal -0.803065 -0.595892 0
    outer loop
      vertex 44.8009 34.3435 10.2
      vertex 44.9939 34.0834 8
      vertex 44.9939 34.0834 10.2
    endloop
  endfacet
  facet normal -0.741141 -0.67135 0
    outer loop
      vertex 44.8009 34.3435 8
      vertex 44.5835 34.5835 10.2
      vertex 44.5835 34.5835 8
    endloop
  endfacet
  facet normal -0.741141 -0.67135 0
    outer loop
      vertex 44.5835 34.5835 10.2
      vertex 44.8009 34.3435 8
      vertex 44.8009 34.3435 10.2
    endloop
  endfacet
  facet normal -0.857874 -0.51386 0
    outer loop
      vertex 45.1603 33.8056 8
      vertex 44.9939 34.0834 10.2
      vertex 44.9939 34.0834 8
    endloop
  endfacet
  facet normal -0.857874 -0.51386 0
    outer loop
      vertex 44.9939 34.0834 10.2
      vertex 45.1603 33.8056 8
      vertex 45.1603 33.8056 10.2
    endloop
  endfacet
  facet normal -0.146694 -0.989182 0
    outer loop
      vertex 42.5735 35.5341 8
      vertex 42.8938 35.4866 10.2
      vertex 42.5735 35.5341 10.2
    endloop
  endfacet
  facet normal -0.146694 -0.989182 -0
    outer loop
      vertex 42.8938 35.4866 10.2
      vertex 42.5735 35.5341 8
      vertex 42.8938 35.4866 8
    endloop
  endfacet
  facet normal -0.0490907 -0.998794 0
    outer loop
      vertex 42.25 35.55 8
      vertex 42.5735 35.5341 10.2
      vertex 42.25 35.55 10.2
    endloop
  endfacet
  facet normal -0.0490907 -0.998794 -0
    outer loop
      vertex 42.5735 35.5341 10.2
      vertex 42.25 35.55 8
      vertex 42.5735 35.5341 8
    endloop
  endfacet
  facet normal -0.51386 -0.857874 0
    outer loop
      vertex 43.8056 35.1603 8
      vertex 44.0834 34.9939 10.2
      vertex 43.8056 35.1603 10.2
    endloop
  endfacet
  facet normal -0.51386 -0.857874 -0
    outer loop
      vertex 44.0834 34.9939 10.2
      vertex 43.8056 35.1603 8
      vertex 44.0834 34.9939 8
    endloop
  endfacet
  facet normal -0.427715 -0.903914 0
    outer loop
      vertex 43.5129 35.2988 8
      vertex 43.8056 35.1603 10.2
      vertex 43.5129 35.2988 10.2
    endloop
  endfacet
  facet normal -0.427715 -0.903914 -0
    outer loop
      vertex 43.8056 35.1603 10.2
      vertex 43.5129 35.2988 8
      vertex 43.8056 35.1603 8
    endloop
  endfacet
  facet normal -0.595892 -0.803065 0
    outer loop
      vertex 44.0834 34.9939 8
      vertex 44.3435 34.8009 10.2
      vertex 44.0834 34.9939 10.2
    endloop
  endfacet
  facet normal -0.595892 -0.803065 -0
    outer loop
      vertex 44.3435 34.8009 10.2
      vertex 44.0834 34.9939 8
      vertex 44.3435 34.8009 8
    endloop
  endfacet
  facet normal 0.989182 -0.146694 0
    outer loop
      vertex 38.9659 32.5735 10.2
      vertex 39.0134 32.8938 8
      vertex 39.0134 32.8938 10.2
    endloop
  endfacet
  facet normal 0.989182 -0.146694 0
    outer loop
      vertex 39.0134 32.8938 8
      vertex 38.9659 32.5735 10.2
      vertex 38.9659 32.5735 8
    endloop
  endfacet
  facet normal 0.803065 -0.595892 0
    outer loop
      vertex 39.5061 34.0834 10.2
      vertex 39.6991 34.3435 8
      vertex 39.6991 34.3435 10.2
    endloop
  endfacet
  facet normal 0.803065 -0.595892 0
    outer loop
      vertex 39.6991 34.3435 8
      vertex 39.5061 34.0834 10.2
      vertex 39.5061 34.0834 8
    endloop
  endfacet
  facet normal 0.941574 -0.336806 0
    outer loop
      vertex 39.0921 33.2079 10.2
      vertex 39.2012 33.5129 8
      vertex 39.2012 33.5129 10.2
    endloop
  endfacet
  facet normal 0.941574 -0.336806 0
    outer loop
      vertex 39.2012 33.5129 8
      vertex 39.0921 33.2079 10.2
      vertex 39.0921 33.2079 8
    endloop
  endfacet
  facet normal 0.998794 -0.0490907 0
    outer loop
      vertex 38.95 32.25 10.2
      vertex 38.9659 32.5735 8
      vertex 38.9659 32.5735 10.2
    endloop
  endfacet
  facet normal 0.998794 -0.0490907 0
    outer loop
      vertex 38.9659 32.5735 8
      vertex 38.95 32.25 10.2
      vertex 38.95 32.25 8
    endloop
  endfacet
  facet normal 0.51386 -0.857874 0
    outer loop
      vertex 40.4166 34.9939 8
      vertex 40.6944 35.1603 10.2
      vertex 40.4166 34.9939 10.2
    endloop
  endfacet
  facet normal 0.51386 -0.857874 0
    outer loop
      vertex 40.6944 35.1603 10.2
      vertex 40.4166 34.9939 8
      vertex 40.6944 35.1603 8
    endloop
  endfacet
  facet normal 0.595892 -0.803065 0
    outer loop
      vertex 40.1565 34.8009 8
      vertex 40.4166 34.9939 10.2
      vertex 40.1565 34.8009 10.2
    endloop
  endfacet
  facet normal 0.595892 -0.803065 0
    outer loop
      vertex 40.4166 34.9939 10.2
      vertex 40.1565 34.8009 8
      vertex 40.4166 34.9939 8
    endloop
  endfacet
  facet normal 0.67135 -0.741141 0
    outer loop
      vertex 39.9165 34.5835 8
      vertex 40.1565 34.8009 10.2
      vertex 39.9165 34.5835 10.2
    endloop
  endfacet
  facet normal 0.67135 -0.741141 0
    outer loop
      vertex 40.1565 34.8009 10.2
      vertex 39.9165 34.5835 8
      vertex 40.1565 34.8009 8
    endloop
  endfacet
  facet normal 0.146694 -0.989182 0
    outer loop
      vertex 41.6062 35.4866 8
      vertex 41.9265 35.5341 10.2
      vertex 41.6062 35.4866 10.2
    endloop
  endfacet
  facet normal 0.146694 -0.989182 0
    outer loop
      vertex 41.9265 35.5341 10.2
      vertex 41.6062 35.4866 8
      vertex 41.9265 35.5341 8
    endloop
  endfacet
  facet normal -0.146694 0.989182 0
    outer loop
      vertex 42.8938 29.0134 8
      vertex 42.5735 28.9659 10.2
      vertex 42.8938 29.0134 10.2
    endloop
  endfacet
  facet normal -0.146694 0.989182 0
    outer loop
      vertex 42.5735 28.9659 10.2
      vertex 42.8938 29.0134 8
      vertex 42.5735 28.9659 8
    endloop
  endfacet
  facet normal -0.51386 0.857874 0
    outer loop
      vertex 44.0834 29.5061 8
      vertex 43.8056 29.3397 10.2
      vertex 44.0834 29.5061 10.2
    endloop
  endfacet
  facet normal -0.51386 0.857874 0
    outer loop
      vertex 43.8056 29.3397 10.2
      vertex 44.0834 29.5061 8
      vertex 43.8056 29.3397 8
    endloop
  endfacet
  facet normal -0.67135 0.741141 0
    outer loop
      vertex 44.5835 29.9165 8
      vertex 44.3435 29.6991 10.2
      vertex 44.5835 29.9165 10.2
    endloop
  endfacet
  facet normal -0.67135 0.741141 0
    outer loop
      vertex 44.3435 29.6991 10.2
      vertex 44.5835 29.9165 8
      vertex 44.3435 29.6991 8
    endloop
  endfacet
  facet normal -0.803065 0.595892 0
    outer loop
      vertex 44.8009 30.1565 8
      vertex 44.9939 30.4166 10.2
      vertex 44.9939 30.4166 8
    endloop
  endfacet
  facet normal -0.803065 0.595892 0
    outer loop
      vertex 44.9939 30.4166 10.2
      vertex 44.8009 30.1565 8
      vertex 44.8009 30.1565 10.2
    endloop
  endfacet
  facet normal -0.857874 0.51386 0
    outer loop
      vertex 44.9939 30.4166 8
      vertex 45.1603 30.6944 10.2
      vertex 45.1603 30.6944 8
    endloop
  endfacet
  facet normal -0.857874 0.51386 0
    outer loop
      vertex 45.1603 30.6944 10.2
      vertex 44.9939 30.4166 8
      vertex 44.9939 30.4166 10.2
    endloop
  endfacet
  facet normal 0.595892 0.803065 -0
    outer loop
      vertex 40.4166 29.5061 8
      vertex 40.1565 29.6991 10.2
      vertex 40.4166 29.5061 10.2
    endloop
  endfacet
  facet normal 0.595892 0.803065 0
    outer loop
      vertex 40.1565 29.6991 10.2
      vertex 40.4166 29.5061 8
      vertex 40.1565 29.6991 8
    endloop
  endfacet
  facet normal 0.51386 0.857874 -0
    outer loop
      vertex 40.6944 29.3397 8
      vertex 40.4166 29.5061 10.2
      vertex 40.6944 29.3397 10.2
    endloop
  endfacet
  facet normal 0.51386 0.857874 0
    outer loop
      vertex 40.4166 29.5061 10.2
      vertex 40.6944 29.3397 8
      vertex 40.4166 29.5061 8
    endloop
  endfacet
  facet normal 0.427715 0.903914 -0
    outer loop
      vertex 40.9871 29.2012 8
      vertex 40.6944 29.3397 10.2
      vertex 40.9871 29.2012 10.2
    endloop
  endfacet
  facet normal 0.427715 0.903914 0
    outer loop
      vertex 40.6944 29.3397 10.2
      vertex 40.9871 29.2012 8
      vertex 40.6944 29.3397 8
    endloop
  endfacet
  facet normal 0.0490907 0.998794 -0
    outer loop
      vertex 42.25 28.95 8
      vertex 41.9265 28.9659 10.2
      vertex 42.25 28.95 10.2
    endloop
  endfacet
  facet normal 0.0490907 0.998794 0
    outer loop
      vertex 41.9265 28.9659 10.2
      vertex 42.25 28.95 8
      vertex 41.9265 28.9659 8
    endloop
  endfacet
  facet normal 0.803065 0.595892 0
    outer loop
      vertex 39.6991 30.1565 10.2
      vertex 39.5061 30.4166 8
      vertex 39.5061 30.4166 10.2
    endloop
  endfacet
  facet normal 0.803065 0.595892 0
    outer loop
      vertex 39.5061 30.4166 8
      vertex 39.6991 30.1565 10.2
      vertex 39.6991 30.1565 8
    endloop
  endfacet
  facet normal 0.857874 0.51386 0
    outer loop
      vertex 39.5061 30.4166 10.2
      vertex 39.3397 30.6944 8
      vertex 39.3397 30.6944 10.2
    endloop
  endfacet
  facet normal 0.857874 0.51386 0
    outer loop
      vertex 39.3397 30.6944 8
      vertex 39.5061 30.4166 10.2
      vertex 39.5061 30.4166 8
    endloop
  endfacet
  facet normal 0.741141 0.67135 0
    outer loop
      vertex 39.9165 29.9165 10.2
      vertex 39.6991 30.1565 8
      vertex 39.6991 30.1565 10.2
    endloop
  endfacet
  facet normal 0.741141 0.67135 0
    outer loop
      vertex 39.6991 30.1565 8
      vertex 39.9165 29.9165 10.2
      vertex 39.9165 29.9165 8
    endloop
  endfacet
  facet normal 0.903914 0.427715 0
    outer loop
      vertex 39.3397 30.6944 10.2
      vertex 39.2012 30.9871 8
      vertex 39.2012 30.9871 10.2
    endloop
  endfacet
  facet normal 0.903914 0.427715 0
    outer loop
      vertex 39.2012 30.9871 8
      vertex 39.3397 30.6944 10.2
      vertex 39.3397 30.6944 8
    endloop
  endfacet
  facet normal 0.989182 0.146694 0
    outer loop
      vertex 39.0134 31.6062 10.2
      vertex 38.9659 31.9265 8
      vertex 38.9659 31.9265 10.2
    endloop
  endfacet
  facet normal 0.989182 0.146694 0
    outer loop
      vertex 38.9659 31.9265 8
      vertex 39.0134 31.6062 10.2
      vertex 39.0134 31.6062 8
    endloop
  endfacet
  facet normal -0.243044 -0.970015 0
    outer loop
      vertex 42.8938 35.4866 8
      vertex 43.2079 35.4079 10.2
      vertex 42.8938 35.4866 10.2
    endloop
  endfacet
  facet normal -0.243044 -0.970015 -0
    outer loop
      vertex 43.2079 35.4079 10.2
      vertex 42.8938 35.4866 8
      vertex 43.2079 35.4079 8
    endloop
  endfacet
  facet normal 0.970015 -0.243044 0
    outer loop
      vertex 39.0134 32.8938 10.2
      vertex 39.0921 33.2079 8
      vertex 39.0921 33.2079 10.2
    endloop
  endfacet
  facet normal 0.970015 -0.243044 0
    outer loop
      vertex 39.0921 33.2079 8
      vertex 39.0134 32.8938 10.2
      vertex 39.0134 32.8938 8
    endloop
  endfacet
  facet normal 0.998794 0.0490907 0
    outer loop
      vertex 38.9659 31.9265 10.2
      vertex 38.95 32.25 8
      vertex 38.95 32.25 10.2
    endloop
  endfacet
  facet normal 0.998794 0.0490907 0
    outer loop
      vertex 38.95 32.25 8
      vertex 38.9659 31.9265 10.2
      vertex 38.9659 31.9265 8
    endloop
  endfacet
  facet normal 0.336806 -0.941574 0
    outer loop
      vertex 40.9871 35.2988 8
      vertex 41.2921 35.4079 10.2
      vertex 40.9871 35.2988 10.2
    endloop
  endfacet
  facet normal 0.336806 -0.941574 0
    outer loop
      vertex 41.2921 35.4079 10.2
      vertex 40.9871 35.2988 8
      vertex 41.2921 35.4079 8
    endloop
  endfacet
  facet normal -0.243044 0.970015 0
    outer loop
      vertex 43.2079 29.0921 8
      vertex 42.8938 29.0134 10.2
      vertex 43.2079 29.0921 10.2
    endloop
  endfacet
  facet normal -0.243044 0.970015 0
    outer loop
      vertex 42.8938 29.0134 10.2
      vertex 43.2079 29.0921 8
      vertex 42.8938 29.0134 8
    endloop
  endfacet
  facet normal -0.427715 0.903914 0
    outer loop
      vertex 43.8056 29.3397 8
      vertex 43.5129 29.2012 10.2
      vertex 43.8056 29.3397 10.2
    endloop
  endfacet
  facet normal -0.427715 0.903914 0
    outer loop
      vertex 43.5129 29.2012 10.2
      vertex 43.8056 29.3397 8
      vertex 43.5129 29.2012 8
    endloop
  endfacet
  facet normal -0.595892 0.803065 0
    outer loop
      vertex 44.3435 29.6991 8
      vertex 44.0834 29.5061 10.2
      vertex 44.3435 29.6991 10.2
    endloop
  endfacet
  facet normal -0.595892 0.803065 0
    outer loop
      vertex 44.0834 29.5061 10.2
      vertex 44.3435 29.6991 8
      vertex 44.0834 29.5061 8
    endloop
  endfacet
  facet normal -0.941574 0.336806 0
    outer loop
      vertex 45.2988 30.9871 8
      vertex 45.4079 31.2921 10.2
      vertex 45.4079 31.2921 8
    endloop
  endfacet
  facet normal -0.941574 0.336806 0
    outer loop
      vertex 45.4079 31.2921 10.2
      vertex 45.2988 30.9871 8
      vertex 45.2988 30.9871 10.2
    endloop
  endfacet
  facet normal -0.989182 0.146694 0
    outer loop
      vertex 45.4866 31.6062 8
      vertex 45.5341 31.9265 10.2
      vertex 45.5341 31.9265 8
    endloop
  endfacet
  facet normal -0.989182 0.146694 0
    outer loop
      vertex 45.5341 31.9265 10.2
      vertex 45.4866 31.6062 8
      vertex 45.4866 31.6062 10.2
    endloop
  endfacet
  facet normal 0.336806 0.941574 -0
    outer loop
      vertex 41.2921 29.0921 8
      vertex 40.9871 29.2012 10.2
      vertex 41.2921 29.0921 10.2
    endloop
  endfacet
  facet normal 0.336806 0.941574 0
    outer loop
      vertex 40.9871 29.2012 10.2
      vertex 41.2921 29.0921 8
      vertex 40.9871 29.2012 8
    endloop
  endfacet
  facet normal 0.146694 0.989182 -0
    outer loop
      vertex 41.9265 28.9659 8
      vertex 41.6062 29.0134 10.2
      vertex 41.9265 28.9659 10.2
    endloop
  endfacet
  facet normal 0.146694 0.989182 0
    outer loop
      vertex 41.6062 29.0134 10.2
      vertex 41.9265 28.9659 8
      vertex 41.6062 29.0134 8
    endloop
  endfacet
  facet normal -0.0490907 0.998794 0
    outer loop
      vertex 42.5735 28.9659 8
      vertex 42.25 28.95 10.2
      vertex 42.5735 28.9659 10.2
    endloop
  endfacet
  facet normal -0.0490907 0.998794 0
    outer loop
      vertex 42.25 28.95 10.2
      vertex 42.5735 28.9659 8
      vertex 42.25 28.95 8
    endloop
  endfacet
  facet normal 0.970015 0.243044 0
    outer loop
      vertex 39.0921 31.2921 10.2
      vertex 39.0134 31.6062 8
      vertex 39.0134 31.6062 10.2
    endloop
  endfacet
  facet normal 0.970015 0.243044 0
    outer loop
      vertex 39.0134 31.6062 8
      vertex 39.0921 31.2921 10.2
      vertex 39.0921 31.2921 8
    endloop
  endfacet
  facet normal -0.998794 0.0490907 0
    outer loop
      vertex 45.5341 31.9265 8
      vertex 45.55 32.25 10.2
      vertex 45.55 32.25 8
    endloop
  endfacet
  facet normal -0.998794 0.0490907 0
    outer loop
      vertex 45.55 32.25 10.2
      vertex 45.5341 31.9265 8
      vertex 45.5341 31.9265 10.2
    endloop
  endfacet
  facet normal -0.595423 -0.803413 0
    outer loop
      vertex 50.2667 16.8736 8
      vertex 50.3258 16.8298 10.2
      vertex 50.2667 16.8736 10.2
    endloop
  endfacet
  facet normal -0.595423 -0.803413 -0
    outer loop
      vertex 50.3258 16.8298 10.2
      vertex 50.2667 16.8736 8
      vertex 50.3258 16.8298 8
    endloop
  endfacet
  facet normal 0.428086 -0.903738 0
    outer loop
      vertex 49.4965 16.9114 8
      vertex 49.563 16.9429 10.2
      vertex 49.4965 16.9114 10.2
    endloop
  endfacet
  facet normal 0.428086 -0.903738 0
    outer loop
      vertex 49.563 16.9429 10.2
      vertex 49.4965 16.9114 8
      vertex 49.563 16.9429 8
    endloop
  endfacet
  facet normal 0.941527 -0.336939 0
    outer loop
      vertex 49.1323 16.4677 10.2
      vertex 49.1571 16.537 8
      vertex 49.1571 16.537 10.2
    endloop
  endfacet
  facet normal 0.941527 -0.336939 0
    outer loop
      vertex 49.1571 16.537 8
      vertex 49.1323 16.4677 10.2
      vertex 49.1323 16.4677 8
    endloop
  endfacet
  facet normal -0.941527 0.336939 0
    outer loop
      vertex 50.5429 15.963 8
      vertex 50.5677 16.0323 10.2
      vertex 50.5677 16.0323 8
    endloop
  endfacet
  facet normal -0.941527 0.336939 0
    outer loop
      vertex 50.5677 16.0323 10.2
      vertex 50.5429 15.963 8
      vertex 50.5429 15.963 10.2
    endloop
  endfacet
  facet normal 0.336939 0.941527 -0
    outer loop
      vertex 49.6323 15.5323 8
      vertex 49.563 15.5571 10.2
      vertex 49.6323 15.5323 10.2
    endloop
  endfacet
  facet normal 0.336939 0.941527 0
    outer loop
      vertex 49.563 15.5571 10.2
      vertex 49.6323 15.5323 8
      vertex 49.563 15.5571 8
    endloop
  endfacet
  facet normal -0.903738 -0.428086 0
    outer loop
      vertex 50.5429 16.537 8
      vertex 50.5114 16.6035 10.2
      vertex 50.5114 16.6035 8
    endloop
  endfacet
  facet normal -0.903738 -0.428086 0
    outer loop
      vertex 50.5114 16.6035 10.2
      vertex 50.5429 16.537 8
      vertex 50.5429 16.537 10.2
    endloop
  endfacet
  facet normal -0.858211 -0.513297 0
    outer loop
      vertex 50.5114 16.6035 8
      vertex 50.4736 16.6667 10.2
      vertex 50.4736 16.6667 8
    endloop
  endfacet
  facet normal -0.858211 -0.513297 0
    outer loop
      vertex 50.4736 16.6667 10.2
      vertex 50.5114 16.6035 8
      vertex 50.5114 16.6035 10.2
    endloop
  endfacet
  facet normal -0.336939 -0.941527 0
    outer loop
      vertex 50.0677 16.9677 8
      vertex 50.137 16.9429 10.2
      vertex 50.0677 16.9677 10.2
    endloop
  endfacet
  facet normal -0.336939 -0.941527 -0
    outer loop
      vertex 50.137 16.9429 10.2
      vertex 50.0677 16.9677 8
      vertex 50.137 16.9429 8
    endloop
  endfacet
  facet normal -0.0489209 -0.998803 0
    outer loop
      vertex 49.85 17 8
      vertex 49.9235 16.9964 10.2
      vertex 49.85 17 10.2
    endloop
  endfacet
  facet normal -0.0489209 -0.998803 -0
    outer loop
      vertex 49.9235 16.9964 10.2
      vertex 49.85 17 8
      vertex 49.9235 16.9964 8
    endloop
  endfacet
  facet normal 0.998803 -0.0489209 0
    outer loop
      vertex 49.1 16.25 10.2
      vertex 49.1036 16.3235 8
      vertex 49.1036 16.3235 10.2
    endloop
  endfacet
  facet normal 0.998803 -0.0489209 0
    outer loop
      vertex 49.1036 16.3235 8
      vertex 49.1 16.25 10.2
      vertex 49.1 16.25 8
    endloop
  endfacet
  facet normal 0.803413 -0.595423 0
    outer loop
      vertex 49.2264 16.6667 10.2
      vertex 49.2702 16.7258 8
      vertex 49.2702 16.7258 10.2
    endloop
  endfacet
  facet normal 0.803413 -0.595423 0
    outer loop
      vertex 49.2702 16.7258 8
      vertex 49.2264 16.6667 10.2
      vertex 49.2264 16.6667 8
    endloop
  endfacet
  facet normal 0.243175 -0.969982 0
    outer loop
      vertex 49.6323 16.9677 8
      vertex 49.7037 16.9856 10.2
      vertex 49.6323 16.9677 10.2
    endloop
  endfacet
  facet normal 0.243175 -0.969982 0
    outer loop
      vertex 49.7037 16.9856 10.2
      vertex 49.6323 16.9677 8
      vertex 49.7037 16.9856 8
    endloop
  endfacet
  facet normal -0.998803 0.0489209 0
    outer loop
      vertex 50.5964 16.1765 8
      vertex 50.6 16.25 10.2
      vertex 50.6 16.25 8
    endloop
  endfacet
  facet normal -0.998803 0.0489209 0
    outer loop
      vertex 50.6 16.25 10.2
      vertex 50.5964 16.1765 8
      vertex 50.5964 16.1765 10.2
    endloop
  endfacet
  facet normal -0.803413 0.595423 0
    outer loop
      vertex 50.4298 15.7742 8
      vertex 50.4736 15.8333 10.2
      vertex 50.4736 15.8333 8
    endloop
  endfacet
  facet normal -0.803413 0.595423 0
    outer loop
      vertex 50.4736 15.8333 10.2
      vertex 50.4298 15.7742 8
      vertex 50.4298 15.7742 10.2
    endloop
  endfacet
  facet normal 0.0489209 0.998803 -0
    outer loop
      vertex 49.85 15.5 8
      vertex 49.7765 15.5036 10.2
      vertex 49.85 15.5 10.2
    endloop
  endfacet
  facet normal 0.0489209 0.998803 0
    outer loop
      vertex 49.7765 15.5036 10.2
      vertex 49.85 15.5 8
      vertex 49.7765 15.5036 8
    endloop
  endfacet
  facet normal 0.595423 0.803413 -0
    outer loop
      vertex 49.4333 15.6264 8
      vertex 49.3742 15.6702 10.2
      vertex 49.4333 15.6264 10.2
    endloop
  endfacet
  facet normal 0.595423 0.803413 0
    outer loop
      vertex 49.3742 15.6702 10.2
      vertex 49.4333 15.6264 8
      vertex 49.3742 15.6702 8
    endloop
  endfacet
  facet normal -0.989174 -0.146746 0
    outer loop
      vertex 50.5964 16.3235 8
      vertex 50.5856 16.3963 10.2
      vertex 50.5856 16.3963 8
    endloop
  endfacet
  facet normal -0.989174 -0.146746 0
    outer loop
      vertex 50.5856 16.3963 10.2
      vertex 50.5964 16.3235 8
      vertex 50.5964 16.3235 10.2
    endloop
  endfacet
  facet normal -0.969982 -0.243175 0
    outer loop
      vertex 50.5856 16.3963 8
      vertex 50.5677 16.4677 10.2
      vertex 50.5677 16.4677 8
    endloop
  endfacet
  facet normal -0.969982 -0.243175 0
    outer loop
      vertex 50.5677 16.4677 10.2
      vertex 50.5856 16.3963 8
      vertex 50.5856 16.3963 10.2
    endloop
  endfacet
  facet normal -0.941527 -0.336939 0
    outer loop
      vertex 50.5677 16.4677 8
      vertex 50.5429 16.537 10.2
      vertex 50.5429 16.537 8
    endloop
  endfacet
  facet normal -0.941527 -0.336939 0
    outer loop
      vertex 50.5429 16.537 10.2
      vertex 50.5677 16.4677 8
      vertex 50.5677 16.4677 10.2
    endloop
  endfacet
  facet normal -0.740247 -0.672335 0
    outer loop
      vertex 50.4298 16.7258 8
      vertex 50.3803 16.7803 10.2
      vertex 50.3803 16.7803 8
    endloop
  endfacet
  facet normal -0.740247 -0.672335 0
    outer loop
      vertex 50.3803 16.7803 10.2
      vertex 50.4298 16.7258 8
      vertex 50.4298 16.7258 10.2
    endloop
  endfacet
  facet normal -0.803413 -0.595423 0
    outer loop
      vertex 50.4736 16.6667 8
      vertex 50.4298 16.7258 10.2
      vertex 50.4298 16.7258 8
    endloop
  endfacet
  facet normal -0.803413 -0.595423 0
    outer loop
      vertex 50.4298 16.7258 10.2
      vertex 50.4736 16.6667 8
      vertex 50.4736 16.6667 10.2
    endloop
  endfacet
  facet normal -0.672335 -0.740247 0
    outer loop
      vertex 50.3258 16.8298 8
      vertex 50.3803 16.7803 10.2
      vertex 50.3258 16.8298 10.2
    endloop
  endfacet
  facet normal -0.672335 -0.740247 -0
    outer loop
      vertex 50.3803 16.7803 10.2
      vertex 50.3258 16.8298 8
      vertex 50.3803 16.7803 8
    endloop
  endfacet
  facet normal -0.513297 -0.858211 0
    outer loop
      vertex 50.2035 16.9114 8
      vertex 50.2667 16.8736 10.2
      vertex 50.2035 16.9114 10.2
    endloop
  endfacet
  facet normal -0.513297 -0.858211 -0
    outer loop
      vertex 50.2667 16.8736 10.2
      vertex 50.2035 16.9114 8
      vertex 50.2667 16.8736 8
    endloop
  endfacet
  facet normal 0.0489209 -0.998803 0
    outer loop
      vertex 49.7765 16.9964 8
      vertex 49.85 17 10.2
      vertex 49.7765 16.9964 10.2
    endloop
  endfacet
  facet normal 0.0489209 -0.998803 0
    outer loop
      vertex 49.85 17 10.2
      vertex 49.7765 16.9964 8
      vertex 49.85 17 8
    endloop
  endfacet
  facet normal -0.428086 -0.903738 0
    outer loop
      vertex 50.137 16.9429 8
      vertex 50.2035 16.9114 10.2
      vertex 50.137 16.9429 10.2
    endloop
  endfacet
  facet normal -0.428086 -0.903738 -0
    outer loop
      vertex 50.2035 16.9114 10.2
      vertex 50.137 16.9429 8
      vertex 50.2035 16.9114 8
    endloop
  endfacet
  facet normal -0.243175 -0.969982 0
    outer loop
      vertex 49.9963 16.9856 8
      vertex 50.0677 16.9677 10.2
      vertex 49.9963 16.9856 10.2
    endloop
  endfacet
  facet normal -0.243175 -0.969982 -0
    outer loop
      vertex 50.0677 16.9677 10.2
      vertex 49.9963 16.9856 8
      vertex 50.0677 16.9677 8
    endloop
  endfacet
  facet normal -0.146746 -0.989174 0
    outer loop
      vertex 49.9235 16.9964 8
      vertex 49.9963 16.9856 10.2
      vertex 49.9235 16.9964 10.2
    endloop
  endfacet
  facet normal -0.146746 -0.989174 -0
    outer loop
      vertex 49.9963 16.9856 10.2
      vertex 49.9235 16.9964 8
      vertex 49.9963 16.9856 8
    endloop
  endfacet
  facet normal 0.969982 -0.243175 0
    outer loop
      vertex 49.1144 16.3963 10.2
      vertex 49.1323 16.4677 8
      vertex 49.1323 16.4677 10.2
    endloop
  endfacet
  facet normal 0.969982 -0.243175 0
    outer loop
      vertex 49.1323 16.4677 8
      vertex 49.1144 16.3963 10.2
      vertex 49.1144 16.3963 8
    endloop
  endfacet
  facet normal 0.989174 -0.146746 0
    outer loop
      vertex 49.1036 16.3235 10.2
      vertex 49.1144 16.3963 8
      vertex 49.1144 16.3963 10.2
    endloop
  endfacet
  facet normal 0.989174 -0.146746 0
    outer loop
      vertex 49.1144 16.3963 8
      vertex 49.1036 16.3235 10.2
      vertex 49.1036 16.3235 8
    endloop
  endfacet
  facet normal 0.903738 -0.428086 0
    outer loop
      vertex 49.1571 16.537 10.2
      vertex 49.1886 16.6035 8
      vertex 49.1886 16.6035 10.2
    endloop
  endfacet
  facet normal 0.903738 -0.428086 0
    outer loop
      vertex 49.1886 16.6035 8
      vertex 49.1571 16.537 10.2
      vertex 49.1571 16.537 8
    endloop
  endfacet
  facet normal 0.858211 -0.513297 0
    outer loop
      vertex 49.1886 16.6035 10.2
      vertex 49.2264 16.6667 8
      vertex 49.2264 16.6667 10.2
    endloop
  endfacet
  facet normal 0.858211 -0.513297 0
    outer loop
      vertex 49.2264 16.6667 8
      vertex 49.1886 16.6035 10.2
      vertex 49.1886 16.6035 8
    endloop
  endfacet
  facet normal 0.336939 -0.941527 0
    outer loop
      vertex 49.563 16.9429 8
      vertex 49.6323 16.9677 10.2
      vertex 49.563 16.9429 10.2
    endloop
  endfacet
  facet normal 0.336939 -0.941527 0
    outer loop
      vertex 49.6323 16.9677 10.2
      vertex 49.563 16.9429 8
      vertex 49.6323 16.9677 8
    endloop
  endfacet
  facet normal 0.146746 -0.989174 0
    outer loop
      vertex 49.7037 16.9856 8
      vertex 49.7765 16.9964 10.2
      vertex 49.7037 16.9856 10.2
    endloop
  endfacet
  facet normal 0.146746 -0.989174 0
    outer loop
      vertex 49.7765 16.9964 10.2
      vertex 49.7037 16.9856 8
      vertex 49.7765 16.9964 8
    endloop
  endfacet
  facet normal 0.595423 -0.803413 0
    outer loop
      vertex 49.3742 16.8298 8
      vertex 49.4333 16.8736 10.2
      vertex 49.3742 16.8298 10.2
    endloop
  endfacet
  facet normal 0.595423 -0.803413 0
    outer loop
      vertex 49.4333 16.8736 10.2
      vertex 49.3742 16.8298 8
      vertex 49.4333 16.8736 8
    endloop
  endfacet
  facet normal 0.672335 -0.740247 0
    outer loop
      vertex 49.3197 16.7803 8
      vertex 49.3742 16.8298 10.2
      vertex 49.3197 16.7803 10.2
    endloop
  endfacet
  facet normal 0.672335 -0.740247 0
    outer loop
      vertex 49.3742 16.8298 10.2
      vertex 49.3197 16.7803 8
      vertex 49.3742 16.8298 8
    endloop
  endfacet
  facet normal 0.513297 -0.858211 0
    outer loop
      vertex 49.4333 16.8736 8
      vertex 49.4965 16.9114 10.2
      vertex 49.4333 16.8736 10.2
    endloop
  endfacet
  facet normal 0.513297 -0.858211 0
    outer loop
      vertex 49.4965 16.9114 10.2
      vertex 49.4333 16.8736 8
      vertex 49.4965 16.9114 8
    endloop
  endfacet
  facet normal 0.740247 -0.672335 0
    outer loop
      vertex 49.2702 16.7258 10.2
      vertex 49.3197 16.7803 8
      vertex 49.3197 16.7803 10.2
    endloop
  endfacet
  facet normal 0.740247 -0.672335 0
    outer loop
      vertex 49.3197 16.7803 8
      vertex 49.2702 16.7258 10.2
      vertex 49.2702 16.7258 8
    endloop
  endfacet
  facet normal -0.998803 -0.0489209 0
    outer loop
      vertex 50.6 16.25 8
      vertex 50.5964 16.3235 10.2
      vertex 50.5964 16.3235 8
    endloop
  endfacet
  facet normal -0.998803 -0.0489209 0
    outer loop
      vertex 50.5964 16.3235 10.2
      vertex 50.6 16.25 8
      vertex 50.6 16.25 10.2
    endloop
  endfacet
  facet normal -0.146746 0.989174 0
    outer loop
      vertex 49.9963 15.5144 8
      vertex 49.9235 15.5036 10.2
      vertex 49.9963 15.5144 10.2
    endloop
  endfacet
  facet normal -0.146746 0.989174 0
    outer loop
      vertex 49.9235 15.5036 10.2
      vertex 49.9963 15.5144 8
      vertex 49.9235 15.5036 8
    endloop
  endfacet
  facet normal -0.969982 0.243175 0
    outer loop
      vertex 50.5677 16.0323 8
      vertex 50.5856 16.1037 10.2
      vertex 50.5856 16.1037 8
    endloop
  endfacet
  facet normal -0.969982 0.243175 0
    outer loop
      vertex 50.5856 16.1037 10.2
      vertex 50.5677 16.0323 8
      vertex 50.5677 16.0323 10.2
    endloop
  endfacet
  facet normal -0.336939 0.941527 0
    outer loop
      vertex 50.137 15.5571 8
      vertex 50.0677 15.5323 10.2
      vertex 50.137 15.5571 10.2
    endloop
  endfacet
  facet normal -0.336939 0.941527 0
    outer loop
      vertex 50.0677 15.5323 10.2
      vertex 50.137 15.5571 8
      vertex 50.0677 15.5323 8
    endloop
  endfacet
  facet normal -0.672335 0.740247 0
    outer loop
      vertex 50.3803 15.7197 8
      vertex 50.3258 15.6702 10.2
      vertex 50.3803 15.7197 10.2
    endloop
  endfacet
  facet normal -0.672335 0.740247 0
    outer loop
      vertex 50.3258 15.6702 10.2
      vertex 50.3803 15.7197 8
      vertex 50.3258 15.6702 8
    endloop
  endfacet
  facet normal -0.513297 0.858211 0
    outer loop
      vertex 50.2667 15.6264 8
      vertex 50.2035 15.5886 10.2
      vertex 50.2667 15.6264 10.2
    endloop
  endfacet
  facet normal -0.513297 0.858211 0
    outer loop
      vertex 50.2035 15.5886 10.2
      vertex 50.2667 15.6264 8
      vertex 50.2035 15.5886 8
    endloop
  endfacet
  facet normal -0.903738 0.428086 0
    outer loop
      vertex 50.5114 15.8965 8
      vertex 50.5429 15.963 10.2
      vertex 50.5429 15.963 8
    endloop
  endfacet
  facet normal -0.903738 0.428086 0
    outer loop
      vertex 50.5429 15.963 10.2
      vertex 50.5114 15.8965 8
      vertex 50.5114 15.8965 10.2
    endloop
  endfacet
  facet normal -0.0489209 0.998803 0
    outer loop
      vertex 49.9235 15.5036 8
      vertex 49.85 15.5 10.2
      vertex 49.9235 15.5036 10.2
    endloop
  endfacet
  facet normal -0.0489209 0.998803 0
    outer loop
      vertex 49.85 15.5 10.2
      vertex 49.9235 15.5036 8
      vertex 49.85 15.5 8
    endloop
  endfacet
  facet normal 0.243175 0.969982 -0
    outer loop
      vertex 49.7037 15.5144 8
      vertex 49.6323 15.5323 10.2
      vertex 49.7037 15.5144 10.2
    endloop
  endfacet
  facet normal 0.243175 0.969982 0
    outer loop
      vertex 49.6323 15.5323 10.2
      vertex 49.7037 15.5144 8
      vertex 49.6323 15.5323 8
    endloop
  endfacet
  facet normal 0.428086 0.903738 -0
    outer loop
      vertex 49.563 15.5571 8
      vertex 49.4965 15.5886 10.2
      vertex 49.563 15.5571 10.2
    endloop
  endfacet
  facet normal 0.428086 0.903738 0
    outer loop
      vertex 49.4965 15.5886 10.2
      vertex 49.563 15.5571 8
      vertex 49.4965 15.5886 8
    endloop
  endfacet
  facet normal 0.941527 0.336939 0
    outer loop
      vertex 49.1571 15.963 10.2
      vertex 49.1323 16.0323 8
      vertex 49.1323 16.0323 10.2
    endloop
  endfacet
  facet normal 0.941527 0.336939 0
    outer loop
      vertex 49.1323 16.0323 8
      vertex 49.1571 15.963 10.2
      vertex 49.1571 15.963 8
    endloop
  endfacet
  facet normal 0.903738 0.428086 0
    outer loop
      vertex 49.1886 15.8965 10.2
      vertex 49.1571 15.963 8
      vertex 49.1571 15.963 10.2
    endloop
  endfacet
  facet normal 0.903738 0.428086 0
    outer loop
      vertex 49.1571 15.963 8
      vertex 49.1886 15.8965 10.2
      vertex 49.1886 15.8965 8
    endloop
  endfacet
  facet normal 0.989174 0.146746 0
    outer loop
      vertex 49.1144 16.1037 10.2
      vertex 49.1036 16.1765 8
      vertex 49.1036 16.1765 10.2
    endloop
  endfacet
  facet normal 0.989174 0.146746 0
    outer loop
      vertex 49.1036 16.1765 8
      vertex 49.1144 16.1037 10.2
      vertex 49.1144 16.1037 8
    endloop
  endfacet
  facet normal 0.740247 0.672335 0
    outer loop
      vertex 49.3197 15.7197 10.2
      vertex 49.2702 15.7742 8
      vertex 49.2702 15.7742 10.2
    endloop
  endfacet
  facet normal 0.740247 0.672335 0
    outer loop
      vertex 49.2702 15.7742 8
      vertex 49.3197 15.7197 10.2
      vertex 49.3197 15.7197 8
    endloop
  endfacet
  facet normal 0.858211 0.513297 0
    outer loop
      vertex 49.2264 15.8333 10.2
      vertex 49.1886 15.8965 8
      vertex 49.1886 15.8965 10.2
    endloop
  endfacet
  facet normal 0.858211 0.513297 0
    outer loop
      vertex 49.1886 15.8965 8
      vertex 49.2264 15.8333 10.2
      vertex 49.2264 15.8333 8
    endloop
  endfacet
  facet normal 0.998803 0.0489209 0
    outer loop
      vertex 49.1036 16.1765 10.2
      vertex 49.1 16.25 8
      vertex 49.1 16.25 10.2
    endloop
  endfacet
  facet normal 0.998803 0.0489209 0
    outer loop
      vertex 49.1 16.25 8
      vertex 49.1036 16.1765 10.2
      vertex 49.1036 16.1765 8
    endloop
  endfacet
  facet normal -0.989174 0.146746 0
    outer loop
      vertex 50.5856 16.1037 8
      vertex 50.5964 16.1765 10.2
      vertex 50.5964 16.1765 8
    endloop
  endfacet
  facet normal -0.989174 0.146746 0
    outer loop
      vertex 50.5964 16.1765 10.2
      vertex 50.5856 16.1037 8
      vertex 50.5856 16.1037 10.2
    endloop
  endfacet
  facet normal -0.243175 0.969982 0
    outer loop
      vertex 50.0677 15.5323 8
      vertex 49.9963 15.5144 10.2
      vertex 50.0677 15.5323 10.2
    endloop
  endfacet
  facet normal -0.243175 0.969982 0
    outer loop
      vertex 49.9963 15.5144 10.2
      vertex 50.0677 15.5323 8
      vertex 49.9963 15.5144 8
    endloop
  endfacet
  facet normal -0.428086 0.903738 0
    outer loop
      vertex 50.2035 15.5886 8
      vertex 50.137 15.5571 10.2
      vertex 50.2035 15.5886 10.2
    endloop
  endfacet
  facet normal -0.428086 0.903738 0
    outer loop
      vertex 50.137 15.5571 10.2
      vertex 50.2035 15.5886 8
      vertex 50.137 15.5571 8
    endloop
  endfacet
  facet normal -0.740247 0.672335 0
    outer loop
      vertex 50.3803 15.7197 8
      vertex 50.4298 15.7742 10.2
      vertex 50.4298 15.7742 8
    endloop
  endfacet
  facet normal -0.740247 0.672335 0
    outer loop
      vertex 50.4298 15.7742 10.2
      vertex 50.3803 15.7197 8
      vertex 50.3803 15.7197 10.2
    endloop
  endfacet
  facet normal -0.595423 0.803413 0
    outer loop
      vertex 50.3258 15.6702 8
      vertex 50.2667 15.6264 10.2
      vertex 50.3258 15.6702 10.2
    endloop
  endfacet
  facet normal -0.595423 0.803413 0
    outer loop
      vertex 50.2667 15.6264 10.2
      vertex 50.3258 15.6702 8
      vertex 50.2667 15.6264 8
    endloop
  endfacet
  facet normal -0.858211 0.513297 0
    outer loop
      vertex 50.4736 15.8333 8
      vertex 50.5114 15.8965 10.2
      vertex 50.5114 15.8965 8
    endloop
  endfacet
  facet normal -0.858211 0.513297 0
    outer loop
      vertex 50.5114 15.8965 10.2
      vertex 50.4736 15.8333 8
      vertex 50.4736 15.8333 10.2
    endloop
  endfacet
  facet normal 0.146746 0.989174 -0
    outer loop
      vertex 49.7765 15.5036 8
      vertex 49.7037 15.5144 10.2
      vertex 49.7765 15.5036 10.2
    endloop
  endfacet
  facet normal 0.146746 0.989174 0
    outer loop
      vertex 49.7037 15.5144 10.2
      vertex 49.7765 15.5036 8
      vertex 49.7037 15.5144 8
    endloop
  endfacet
  facet normal 0.513297 0.858211 -0
    outer loop
      vertex 49.4965 15.5886 8
      vertex 49.4333 15.6264 10.2
      vertex 49.4965 15.5886 10.2
    endloop
  endfacet
  facet normal 0.513297 0.858211 0
    outer loop
      vertex 49.4333 15.6264 10.2
      vertex 49.4965 15.5886 8
      vertex 49.4333 15.6264 8
    endloop
  endfacet
  facet normal 0.969982 0.243175 0
    outer loop
      vertex 49.1323 16.0323 10.2
      vertex 49.1144 16.1037 8
      vertex 49.1144 16.1037 10.2
    endloop
  endfacet
  facet normal 0.969982 0.243175 0
    outer loop
      vertex 49.1144 16.1037 8
      vertex 49.1323 16.0323 10.2
      vertex 49.1323 16.0323 8
    endloop
  endfacet
  facet normal 0.803413 0.595423 0
    outer loop
      vertex 49.2702 15.7742 10.2
      vertex 49.2264 15.8333 8
      vertex 49.2264 15.8333 10.2
    endloop
  endfacet
  facet normal 0.803413 0.595423 0
    outer loop
      vertex 49.2264 15.8333 8
      vertex 49.2702 15.7742 10.2
      vertex 49.2702 15.7742 8
    endloop
  endfacet
  facet normal 0.672335 0.740247 -0
    outer loop
      vertex 49.3742 15.6702 8
      vertex 49.3197 15.7197 10.2
      vertex 49.3742 15.6702 10.2
    endloop
  endfacet
  facet normal 0.672335 0.740247 0
    outer loop
      vertex 49.3197 15.7197 10.2
      vertex 49.3742 15.6702 8
      vertex 49.3197 15.7197 8
    endloop
  endfacet
  facet normal -0.998803 -0.0489209 0
    outer loop
      vertex 48.8 19.3677 8
      vertex 48.7964 19.4412 10.2
      vertex 48.7964 19.4412 8
    endloop
  endfacet
  facet normal -0.998803 -0.0489209 0
    outer loop
      vertex 48.7964 19.4412 10.2
      vertex 48.8 19.3677 8
      vertex 48.8 19.3677 10.2
    endloop
  endfacet
  facet normal 0.998803 -0.0489209 0
    outer loop
      vertex 47.3 19.3677 10.2
      vertex 47.3036 19.4412 8
      vertex 47.3036 19.4412 10.2
    endloop
  endfacet
  facet normal 0.998803 -0.0489209 0
    outer loop
      vertex 47.3036 19.4412 8
      vertex 47.3 19.3677 10.2
      vertex 47.3 19.3677 8
    endloop
  endfacet
  facet normal -0.0489209 -0.998803 0
    outer loop
      vertex 48.05 20.1177 8
      vertex 48.1235 20.1141 10.2
      vertex 48.05 20.1177 10.2
    endloop
  endfacet
  facet normal -0.0489209 -0.998803 -0
    outer loop
      vertex 48.1235 20.1141 10.2
      vertex 48.05 20.1177 8
      vertex 48.1235 20.1141 8
    endloop
  endfacet
  facet normal 0.0489209 0.998803 -0
    outer loop
      vertex 48.05 18.6177 8
      vertex 47.9765 18.6213 10.2
      vertex 48.05 18.6177 10.2
    endloop
  endfacet
  facet normal 0.0489209 0.998803 0
    outer loop
      vertex 47.9765 18.6213 10.2
      vertex 48.05 18.6177 8
      vertex 47.9765 18.6213 8
    endloop
  endfacet
  facet normal -0.740247 -0.672335 0
    outer loop
      vertex 48.6298 19.8435 8
      vertex 48.5803 19.898 10.2
      vertex 48.5803 19.898 8
    endloop
  endfacet
  facet normal -0.740247 -0.672335 0
    outer loop
      vertex 48.5803 19.898 10.2
      vertex 48.6298 19.8435 8
      vertex 48.6298 19.8435 10.2
    endloop
  endfacet
  facet normal 0.671589 -0.740924 0
    outer loop
      vertex 47.5197 19.898 8
      vertex 47.5742 19.9474 10.2
      vertex 47.5197 19.898 10.2
    endloop
  endfacet
  facet normal 0.671589 -0.740924 0
    outer loop
      vertex 47.5742 19.9474 10.2
      vertex 47.5197 19.898 8
      vertex 47.5742 19.9474 8
    endloop
  endfacet
  facet normal 0.336939 -0.941527 0
    outer loop
      vertex 47.763 20.0606 8
      vertex 47.8323 20.0854 10.2
      vertex 47.763 20.0606 10.2
    endloop
  endfacet
  facet normal 0.336939 -0.941527 0
    outer loop
      vertex 47.8323 20.0854 10.2
      vertex 47.763 20.0606 8
      vertex 47.8323 20.0854 8
    endloop
  endfacet
  facet normal 0.969982 0.243175 0
    outer loop
      vertex 47.3323 19.15 10.2
      vertex 47.3144 19.2214 8
      vertex 47.3144 19.2214 10.2
    endloop
  endfacet
  facet normal 0.969982 0.243175 0
    outer loop
      vertex 47.3144 19.2214 8
      vertex 47.3323 19.15 10.2
      vertex 47.3323 19.15 8
    endloop
  endfacet
  facet normal -0.941527 -0.336939 0
    outer loop
      vertex 48.7677 19.5854 8
      vertex 48.7429 19.6547 10.2
      vertex 48.7429 19.6547 8
    endloop
  endfacet
  facet normal -0.941527 -0.336939 0
    outer loop
      vertex 48.7429 19.6547 10.2
      vertex 48.7677 19.5854 8
      vertex 48.7677 19.5854 10.2
    endloop
  endfacet
  facet normal -0.428086 -0.903738 0
    outer loop
      vertex 48.337 20.0606 8
      vertex 48.4035 20.0291 10.2
      vertex 48.337 20.0606 10.2
    endloop
  endfacet
  facet normal -0.428086 -0.903738 -0
    outer loop
      vertex 48.4035 20.0291 10.2
      vertex 48.337 20.0606 8
      vertex 48.4035 20.0291 8
    endloop
  endfacet
  facet normal 0.858211 -0.513297 0
    outer loop
      vertex 47.3886 19.7212 10.2
      vertex 47.4264 19.7844 8
      vertex 47.4264 19.7844 10.2
    endloop
  endfacet
  facet normal 0.858211 -0.513297 0
    outer loop
      vertex 47.4264 19.7844 8
      vertex 47.3886 19.7212 10.2
      vertex 47.3886 19.7212 8
    endloop
  endfacet
  facet normal 0.803413 -0.595423 0
    outer loop
      vertex 47.4264 19.7844 10.2
      vertex 47.4702 19.8435 8
      vertex 47.4702 19.8435 10.2
    endloop
  endfacet
  facet normal 0.803413 -0.595423 0
    outer loop
      vertex 47.4702 19.8435 8
      vertex 47.4264 19.7844 10.2
      vertex 47.4264 19.7844 8
    endloop
  endfacet
  facet normal 0.146746 -0.989174 0
    outer loop
      vertex 47.9037 20.1033 8
      vertex 47.9765 20.1141 10.2
      vertex 47.9037 20.1033 10.2
    endloop
  endfacet
  facet normal 0.146746 -0.989174 0
    outer loop
      vertex 47.9765 20.1141 10.2
      vertex 47.9037 20.1033 8
      vertex 47.9765 20.1141 8
    endloop
  endfacet
  facet normal -0.857853 0.513896 0
    outer loop
      vertex 48.6736 18.951 8
      vertex 48.7114 19.0141 10.2
      vertex 48.7114 19.0141 8
    endloop
  endfacet
  facet normal -0.857853 0.513896 0
    outer loop
      vertex 48.7114 19.0141 10.2
      vertex 48.6736 18.951 8
      vertex 48.6736 18.951 10.2
    endloop
  endfacet
  facet normal -0.243175 0.969982 0
    outer loop
      vertex 48.2677 18.65 8
      vertex 48.1963 18.6321 10.2
      vertex 48.2677 18.65 10.2
    endloop
  endfacet
  facet normal -0.243175 0.969982 0
    outer loop
      vertex 48.1963 18.6321 10.2
      vertex 48.2677 18.65 8
      vertex 48.1963 18.6321 8
    endloop
  endfacet
  facet normal -0.672335 0.740247 0
    outer loop
      vertex 48.5803 18.8374 8
      vertex 48.5258 18.7879 10.2
      vertex 48.5803 18.8374 10.2
    endloop
  endfacet
  facet normal -0.672335 0.740247 0
    outer loop
      vertex 48.5258 18.7879 10.2
      vertex 48.5803 18.8374 8
      vertex 48.5258 18.7879 8
    endloop
  endfacet
  facet normal -0.941527 0.336939 0
    outer loop
      vertex 48.7429 19.0807 8
      vertex 48.7677 19.15 10.2
      vertex 48.7677 19.15 8
    endloop
  endfacet
  facet normal -0.941527 0.336939 0
    outer loop
      vertex 48.7677 19.15 10.2
      vertex 48.7429 19.0807 8
      vertex 48.7429 19.0807 10.2
    endloop
  endfacet
  facet normal 0.336939 0.941527 -0
    outer loop
      vertex 47.8323 18.65 8
      vertex 47.763 18.6748 10.2
      vertex 47.8323 18.65 10.2
    endloop
  endfacet
  facet normal 0.336939 0.941527 0
    outer loop
      vertex 47.763 18.6748 10.2
      vertex 47.8323 18.65 8
      vertex 47.763 18.6748 8
    endloop
  endfacet
  facet normal 0.740247 0.672335 0
    outer loop
      vertex 47.5197 18.8374 10.2
      vertex 47.4702 18.8919 8
      vertex 47.4702 18.8919 10.2
    endloop
  endfacet
  facet normal 0.740247 0.672335 0
    outer loop
      vertex 47.4702 18.8919 8
      vertex 47.5197 18.8374 10.2
      vertex 47.5197 18.8374 8
    endloop
  endfacet
  facet normal 0.803413 0.595423 0
    outer loop
      vertex 47.4702 18.8919 10.2
      vertex 47.4264 18.951 8
      vertex 47.4264 18.951 10.2
    endloop
  endfacet
  facet normal 0.803413 0.595423 0
    outer loop
      vertex 47.4264 18.951 8
      vertex 47.4702 18.8919 10.2
      vertex 47.4702 18.8919 8
    endloop
  endfacet
  facet normal -0.969982 -0.243175 0
    outer loop
      vertex 48.7856 19.514 8
      vertex 48.7677 19.5854 10.2
      vertex 48.7677 19.5854 8
    endloop
  endfacet
  facet normal -0.969982 -0.243175 0
    outer loop
      vertex 48.7677 19.5854 10.2
      vertex 48.7856 19.514 8
      vertex 48.7856 19.514 10.2
    endloop
  endfacet
  facet normal -0.989174 -0.146746 0
    outer loop
      vertex 48.7964 19.4412 8
      vertex 48.7856 19.514 10.2
      vertex 48.7856 19.514 8
    endloop
  endfacet
  facet normal -0.989174 -0.146746 0
    outer loop
      vertex 48.7856 19.514 10.2
      vertex 48.7964 19.4412 8
      vertex 48.7964 19.4412 10.2
    endloop
  endfacet
  facet normal -0.858211 -0.513297 0
    outer loop
      vertex 48.7114 19.7212 8
      vertex 48.6736 19.7844 10.2
      vertex 48.6736 19.7844 8
    endloop
  endfacet
  facet normal -0.858211 -0.513297 0
    outer loop
      vertex 48.6736 19.7844 10.2
      vertex 48.7114 19.7212 8
      vertex 48.7114 19.7212 10.2
    endloop
  endfacet
  facet normal -0.803413 -0.595423 0
    outer loop
      vertex 48.6736 19.7844 8
      vertex 48.6298 19.8435 10.2
      vertex 48.6298 19.8435 8
    endloop
  endfacet
  facet normal -0.803413 -0.595423 0
    outer loop
      vertex 48.6298 19.8435 10.2
      vertex 48.6736 19.7844 8
      vertex 48.6736 19.7844 10.2
    endloop
  endfacet
  facet normal -0.903738 -0.428086 0
    outer loop
      vertex 48.7429 19.6547 8
      vertex 48.7114 19.7212 10.2
      vertex 48.7114 19.7212 8
    endloop
  endfacet
  facet normal -0.903738 -0.428086 0
    outer loop
      vertex 48.7114 19.7212 10.2
      vertex 48.7429 19.6547 8
      vertex 48.7429 19.6547 10.2
    endloop
  endfacet
  facet normal -0.243175 -0.969982 0
    outer loop
      vertex 48.1963 20.1033 8
      vertex 48.2677 20.0854 10.2
      vertex 48.1963 20.1033 10.2
    endloop
  endfacet
  facet normal -0.243175 -0.969982 -0
    outer loop
      vertex 48.2677 20.0854 10.2
      vertex 48.1963 20.1033 8
      vertex 48.2677 20.0854 8
    endloop
  endfacet
  facet normal -0.146746 -0.989174 0
    outer loop
      vertex 48.1235 20.1141 8
      vertex 48.1963 20.1033 10.2
      vertex 48.1235 20.1141 10.2
    endloop
  endfacet
  facet normal -0.146746 -0.989174 -0
    outer loop
      vertex 48.1963 20.1033 10.2
      vertex 48.1235 20.1141 8
      vertex 48.1963 20.1033 8
    endloop
  endfacet
  facet normal -0.596299 -0.802762 0
    outer loop
      vertex 48.4667 19.9913 8
      vertex 48.5258 19.9474 10.2
      vertex 48.4667 19.9913 10.2
    endloop
  endfacet
  facet normal -0.596299 -0.802762 -0
    outer loop
      vertex 48.5258 19.9474 10.2
      vertex 48.4667 19.9913 8
      vertex 48.5258 19.9474 8
    endloop
  endfacet
  facet normal -0.671589 -0.740924 0
    outer loop
      vertex 48.5258 19.9474 8
      vertex 48.5803 19.898 10.2
      vertex 48.5258 19.9474 10.2
    endloop
  endfacet
  facet normal -0.671589 -0.740924 -0
    outer loop
      vertex 48.5803 19.898 10.2
      vertex 48.5258 19.9474 8
      vertex 48.5803 19.898 8
    endloop
  endfacet
  facet normal 0.969982 -0.243175 0
    outer loop
      vertex 47.3144 19.514 10.2
      vertex 47.3323 19.5854 8
      vertex 47.3323 19.5854 10.2
    endloop
  endfacet
  facet normal 0.969982 -0.243175 0
    outer loop
      vertex 47.3323 19.5854 8
      vertex 47.3144 19.514 10.2
      vertex 47.3144 19.514 8
    endloop
  endfacet
  facet normal 0.740247 -0.672335 0
    outer loop
      vertex 47.4702 19.8435 10.2
      vertex 47.5197 19.898 8
      vertex 47.5197 19.898 10.2
    endloop
  endfacet
  facet normal 0.740247 -0.672335 0
    outer loop
      vertex 47.5197 19.898 8
      vertex 47.4702 19.8435 10.2
      vertex 47.4702 19.8435 8
    endloop
  endfacet
  facet normal 0.903738 -0.428086 0
    outer loop
      vertex 47.3571 19.6547 10.2
      vertex 47.3886 19.7212 8
      vertex 47.3886 19.7212 10.2
    endloop
  endfacet
  facet normal 0.903738 -0.428086 0
    outer loop
      vertex 47.3886 19.7212 8
      vertex 47.3571 19.6547 10.2
      vertex 47.3571 19.6547 8
    endloop
  endfacet
  facet normal 0.941527 -0.336939 0
    outer loop
      vertex 47.3323 19.5854 10.2
      vertex 47.3571 19.6547 8
      vertex 47.3571 19.6547 10.2
    endloop
  endfacet
  facet normal 0.941527 -0.336939 0
    outer loop
      vertex 47.3571 19.6547 8
      vertex 47.3323 19.5854 10.2
      vertex 47.3323 19.5854 8
    endloop
  endfacet
  facet normal 0.989174 -0.146746 0
    outer loop
      vertex 47.3036 19.4412 10.2
      vertex 47.3144 19.514 8
      vertex 47.3144 19.514 10.2
    endloop
  endfacet
  facet normal 0.989174 -0.146746 0
    outer loop
      vertex 47.3144 19.514 8
      vertex 47.3036 19.4412 10.2
      vertex 47.3036 19.4412 8
    endloop
  endfacet
  facet normal 0.428086 -0.903738 0
    outer loop
      vertex 47.6965 20.0291 8
      vertex 47.763 20.0606 10.2
      vertex 47.6965 20.0291 10.2
    endloop
  endfacet
  facet normal 0.428086 -0.903738 0
    outer loop
      vertex 47.763 20.0606 10.2
      vertex 47.6965 20.0291 8
      vertex 47.763 20.0606 8
    endloop
  endfacet
  facet normal 0.513297 -0.858211 0
    outer loop
      vertex 47.6333 19.9913 8
      vertex 47.6965 20.0291 10.2
      vertex 47.6333 19.9913 10.2
    endloop
  endfacet
  facet normal 0.513297 -0.858211 0
    outer loop
      vertex 47.6965 20.0291 10.2
      vertex 47.6333 19.9913 8
      vertex 47.6965 20.0291 8
    endloop
  endfacet
  facet normal 0.596299 -0.802762 0
    outer loop
      vertex 47.5742 19.9474 8
      vertex 47.6333 19.9913 10.2
      vertex 47.5742 19.9474 10.2
    endloop
  endfacet
  facet normal 0.596299 -0.802762 0
    outer loop
      vertex 47.6333 19.9913 10.2
      vertex 47.5742 19.9474 8
      vertex 47.6333 19.9913 8
    endloop
  endfacet
  facet normal 0.243175 -0.969982 0
    outer loop
      vertex 47.8323 20.0854 8
      vertex 47.9037 20.1033 10.2
      vertex 47.8323 20.0854 10.2
    endloop
  endfacet
  facet normal 0.243175 -0.969982 0
    outer loop
      vertex 47.9037 20.1033 10.2
      vertex 47.8323 20.0854 8
      vertex 47.9037 20.1033 8
    endloop
  endfacet
  facet normal 0.0489209 -0.998803 0
    outer loop
      vertex 47.9765 20.1141 8
      vertex 48.05 20.1177 10.2
      vertex 47.9765 20.1141 10.2
    endloop
  endfacet
  facet normal 0.0489209 -0.998803 0
    outer loop
      vertex 48.05 20.1177 10.2
      vertex 47.9765 20.1141 8
      vertex 48.05 20.1177 8
    endloop
  endfacet
  facet normal -0.0489209 0.998803 0
    outer loop
      vertex 48.1235 18.6213 8
      vertex 48.05 18.6177 10.2
      vertex 48.1235 18.6213 10.2
    endloop
  endfacet
  facet normal -0.0489209 0.998803 0
    outer loop
      vertex 48.05 18.6177 10.2
      vertex 48.1235 18.6213 8
      vertex 48.05 18.6177 8
    endloop
  endfacet
  facet normal -0.426975 0.904263 0
    outer loop
      vertex 48.4035 18.7062 8
      vertex 48.337 18.6748 10.2
      vertex 48.4035 18.7062 10.2
    endloop
  endfacet
  facet normal -0.426975 0.904263 0
    outer loop
      vertex 48.337 18.6748 10.2
      vertex 48.4035 18.7062 8
      vertex 48.337 18.6748 8
    endloop
  endfacet
  facet normal -0.595423 0.803413 0
    outer loop
      vertex 48.5258 18.7879 8
      vertex 48.4667 18.7441 10.2
      vertex 48.5258 18.7879 10.2
    endloop
  endfacet
  facet normal -0.595423 0.803413 0
    outer loop
      vertex 48.4667 18.7441 10.2
      vertex 48.5258 18.7879 8
      vertex 48.4667 18.7441 8
    endloop
  endfacet
  facet normal -0.514296 0.857613 0
    outer loop
      vertex 48.4667 18.7441 8
      vertex 48.4035 18.7062 10.2
      vertex 48.4667 18.7441 10.2
    endloop
  endfacet
  facet normal -0.514296 0.857613 0
    outer loop
      vertex 48.4035 18.7062 10.2
      vertex 48.4667 18.7441 8
      vertex 48.4035 18.7062 8
    endloop
  endfacet
  facet normal -0.740247 0.672335 0
    outer loop
      vertex 48.5803 18.8374 8
      vertex 48.6298 18.8919 10.2
      vertex 48.6298 18.8919 8
    endloop
  endfacet
  facet normal -0.740247 0.672335 0
    outer loop
      vertex 48.6298 18.8919 10.2
      vertex 48.5803 18.8374 8
      vertex 48.5803 18.8374 10.2
    endloop
  endfacet
  facet normal -0.803413 0.595423 0
    outer loop
      vertex 48.6298 18.8919 8
      vertex 48.6736 18.951 10.2
      vertex 48.6736 18.951 8
    endloop
  endfacet
  facet normal -0.803413 0.595423 0
    outer loop
      vertex 48.6736 18.951 10.2
      vertex 48.6298 18.8919 8
      vertex 48.6298 18.8919 10.2
    endloop
  endfacet
  facet normal 0.672335 0.740247 -0
    outer loop
      vertex 47.5742 18.7879 8
      vertex 47.5197 18.8374 10.2
      vertex 47.5742 18.7879 10.2
    endloop
  endfacet
  facet normal 0.672335 0.740247 0
    outer loop
      vertex 47.5197 18.8374 10.2
      vertex 47.5742 18.7879 8
      vertex 47.5197 18.8374 8
    endloop
  endfacet
  facet normal 0.595423 0.803413 -0
    outer loop
      vertex 47.6333 18.7441 8
      vertex 47.5742 18.7879 10.2
      vertex 47.6333 18.7441 10.2
    endloop
  endfacet
  facet normal 0.595423 0.803413 0
    outer loop
      vertex 47.5742 18.7879 10.2
      vertex 47.6333 18.7441 8
      vertex 47.5742 18.7879 8
    endloop
  endfacet
  facet normal 0.514296 0.857613 -0
    outer loop
      vertex 47.6965 18.7062 8
      vertex 47.6333 18.7441 10.2
      vertex 47.6965 18.7062 10.2
    endloop
  endfacet
  facet normal 0.514296 0.857613 0
    outer loop
      vertex 47.6333 18.7441 10.2
      vertex 47.6965 18.7062 8
      vertex 47.6333 18.7441 8
    endloop
  endfacet
  facet normal 0.146746 0.989174 -0
    outer loop
      vertex 47.9765 18.6213 8
      vertex 47.9037 18.6321 10.2
      vertex 47.9765 18.6213 10.2
    endloop
  endfacet
  facet normal 0.146746 0.989174 0
    outer loop
      vertex 47.9037 18.6321 10.2
      vertex 47.9765 18.6213 8
      vertex 47.9037 18.6321 8
    endloop
  endfacet
  facet normal 0.903986 0.427561 0
    outer loop
      vertex 47.3886 19.0141 10.2
      vertex 47.3571 19.0807 8
      vertex 47.3571 19.0807 10.2
    endloop
  endfacet
  facet normal 0.903986 0.427561 0
    outer loop
      vertex 47.3571 19.0807 8
      vertex 47.3886 19.0141 10.2
      vertex 47.3886 19.0141 8
    endloop
  endfacet
  facet normal 0.998803 0.0489209 0
    outer loop
      vertex 47.3036 19.2942 10.2
      vertex 47.3 19.3677 8
      vertex 47.3 19.3677 10.2
    endloop
  endfacet
  facet normal 0.998803 0.0489209 0
    outer loop
      vertex 47.3 19.3677 8
      vertex 47.3036 19.2942 10.2
      vertex 47.3036 19.2942 8
    endloop
  endfacet
  facet normal -0.336939 -0.941527 0
    outer loop
      vertex 48.2677 20.0854 8
      vertex 48.337 20.0606 10.2
      vertex 48.2677 20.0854 10.2
    endloop
  endfacet
  facet normal -0.336939 -0.941527 -0
    outer loop
      vertex 48.337 20.0606 10.2
      vertex 48.2677 20.0854 8
      vertex 48.337 20.0606 8
    endloop
  endfacet
  facet normal -0.513297 -0.858211 0
    outer loop
      vertex 48.4035 20.0291 8
      vertex 48.4667 19.9913 10.2
      vertex 48.4035 20.0291 10.2
    endloop
  endfacet
  facet normal -0.513297 -0.858211 -0
    outer loop
      vertex 48.4667 19.9913 10.2
      vertex 48.4035 20.0291 8
      vertex 48.4667 19.9913 8
    endloop
  endfacet
  facet normal -0.146746 0.989174 0
    outer loop
      vertex 48.1963 18.6321 8
      vertex 48.1235 18.6213 10.2
      vertex 48.1963 18.6321 10.2
    endloop
  endfacet
  facet normal -0.146746 0.989174 0
    outer loop
      vertex 48.1235 18.6213 10.2
      vertex 48.1963 18.6321 8
      vertex 48.1235 18.6213 8
    endloop
  endfacet
  facet normal -0.336939 0.941527 0
    outer loop
      vertex 48.337 18.6748 8
      vertex 48.2677 18.65 10.2
      vertex 48.337 18.6748 10.2
    endloop
  endfacet
  facet normal -0.336939 0.941527 0
    outer loop
      vertex 48.2677 18.65 10.2
      vertex 48.337 18.6748 8
      vertex 48.2677 18.65 8
    endloop
  endfacet
  facet normal -0.903986 0.427561 0
    outer loop
      vertex 48.7114 19.0141 8
      vertex 48.7429 19.0807 10.2
      vertex 48.7429 19.0807 8
    endloop
  endfacet
  facet normal -0.903986 0.427561 0
    outer loop
      vertex 48.7429 19.0807 10.2
      vertex 48.7114 19.0141 8
      vertex 48.7114 19.0141 10.2
    endloop
  endfacet
  facet normal -0.969982 0.243175 0
    outer loop
      vertex 48.7677 19.15 8
      vertex 48.7856 19.2214 10.2
      vertex 48.7856 19.2214 8
    endloop
  endfacet
  facet normal -0.969982 0.243175 0
    outer loop
      vertex 48.7856 19.2214 10.2
      vertex 48.7677 19.15 8
      vertex 48.7677 19.15 10.2
    endloop
  endfacet
  facet normal -0.998803 0.0489209 0
    outer loop
      vertex 48.7964 19.2942 8
      vertex 48.8 19.3677 10.2
      vertex 48.8 19.3677 8
    endloop
  endfacet
  facet normal -0.998803 0.0489209 0
    outer loop
      vertex 48.8 19.3677 10.2
      vertex 48.7964 19.2942 8
      vertex 48.7964 19.2942 10.2
    endloop
  endfacet
  facet normal 0.426975 0.904263 -0
    outer loop
      vertex 47.763 18.6748 8
      vertex 47.6965 18.7062 10.2
      vertex 47.763 18.6748 10.2
    endloop
  endfacet
  facet normal 0.426975 0.904263 0
    outer loop
      vertex 47.6965 18.7062 10.2
      vertex 47.763 18.6748 8
      vertex 47.6965 18.7062 8
    endloop
  endfacet
  facet normal 0.243175 0.969982 -0
    outer loop
      vertex 47.9037 18.6321 8
      vertex 47.8323 18.65 10.2
      vertex 47.9037 18.6321 10.2
    endloop
  endfacet
  facet normal 0.243175 0.969982 0
    outer loop
      vertex 47.8323 18.65 10.2
      vertex 47.9037 18.6321 8
      vertex 47.8323 18.65 8
    endloop
  endfacet
  facet normal 0.857853 0.513896 0
    outer loop
      vertex 47.4264 18.951 10.2
      vertex 47.3886 19.0141 8
      vertex 47.3886 19.0141 10.2
    endloop
  endfacet
  facet normal 0.857853 0.513896 0
    outer loop
      vertex 47.3886 19.0141 8
      vertex 47.4264 18.951 10.2
      vertex 47.4264 18.951 8
    endloop
  endfacet
  facet normal 0.941527 0.336939 0
    outer loop
      vertex 47.3571 19.0807 10.2
      vertex 47.3323 19.15 8
      vertex 47.3323 19.15 10.2
    endloop
  endfacet
  facet normal 0.941527 0.336939 0
    outer loop
      vertex 47.3323 19.15 8
      vertex 47.3571 19.0807 10.2
      vertex 47.3571 19.0807 8
    endloop
  endfacet
  facet normal 0.989174 0.146746 0
    outer loop
      vertex 47.3144 19.2214 10.2
      vertex 47.3036 19.2942 8
      vertex 47.3036 19.2942 10.2
    endloop
  endfacet
  facet normal 0.989174 0.146746 0
    outer loop
      vertex 47.3036 19.2942 8
      vertex 47.3144 19.2214 10.2
      vertex 47.3144 19.2214 8
    endloop
  endfacet
  facet normal -0.989174 0.146746 0
    outer loop
      vertex 48.7856 19.2214 8
      vertex 48.7964 19.2942 10.2
      vertex 48.7964 19.2942 8
    endloop
  endfacet
  facet normal -0.989174 0.146746 0
    outer loop
      vertex 48.7964 19.2942 10.2
      vertex 48.7856 19.2214 8
      vertex 48.7856 19.2214 10.2
    endloop
  endfacet
  facet normal -0.998803 -0.0489209 0
    outer loop
      vertex 45.2 19.3677 8
      vertex 45.1964 19.4412 10.2
      vertex 45.1964 19.4412 8
    endloop
  endfacet
  facet normal -0.998803 -0.0489209 0
    outer loop
      vertex 45.1964 19.4412 10.2
      vertex 45.2 19.3677 8
      vertex 45.2 19.3677 10.2
    endloop
  endfacet
  facet normal 0.998803 -0.0489209 0
    outer loop
      vertex 43.7 19.3677 10.2
      vertex 43.7036 19.4412 8
      vertex 43.7036 19.4412 10.2
    endloop
  endfacet
  facet normal 0.998803 -0.0489209 0
    outer loop
      vertex 43.7036 19.4412 8
      vertex 43.7 19.3677 10.2
      vertex 43.7 19.3677 8
    endloop
  endfacet
  facet normal -0.0489209 -0.998803 0
    outer loop
      vertex 44.45 20.1177 8
      vertex 44.5235 20.1141 10.2
      vertex 44.45 20.1177 10.2
    endloop
  endfacet
  facet normal -0.0489209 -0.998803 -0
    outer loop
      vertex 44.5235 20.1141 10.2
      vertex 44.45 20.1177 8
      vertex 44.5235 20.1141 8
    endloop
  endfacet
  facet normal -0.671589 -0.740924 0
    outer loop
      vertex 44.9258 19.9474 8
      vertex 44.9803 19.898 10.2
      vertex 44.9258 19.9474 10.2
    endloop
  endfacet
  facet normal -0.671589 -0.740924 -0
    outer loop
      vertex 44.9803 19.898 10.2
      vertex 44.9258 19.9474 8
      vertex 44.9803 19.898 8
    endloop
  endfacet
  facet normal 0.671589 -0.740924 0
    outer loop
      vertex 43.9197 19.898 8
      vertex 43.9742 19.9474 10.2
      vertex 43.9197 19.898 10.2
    endloop
  endfacet
  facet normal 0.671589 -0.740924 0
    outer loop
      vertex 43.9742 19.9474 10.2
      vertex 43.9197 19.898 8
      vertex 43.9742 19.9474 8
    endloop
  endfacet
  facet normal 0.336939 -0.941527 0
    outer loop
      vertex 44.163 20.0606 8
      vertex 44.2323 20.0854 10.2
      vertex 44.163 20.0606 10.2
    endloop
  endfacet
  facet normal 0.336939 -0.941527 0
    outer loop
      vertex 44.2323 20.0854 10.2
      vertex 44.163 20.0606 8
      vertex 44.2323 20.0854 8
    endloop
  endfacet
  facet normal -0.903738 -0.428086 0
    outer loop
      vertex 45.1429 19.6547 8
      vertex 45.1114 19.7212 10.2
      vertex 45.1114 19.7212 8
    endloop
  endfacet
  facet normal -0.903738 -0.428086 0
    outer loop
      vertex 45.1114 19.7212 10.2
      vertex 45.1429 19.6547 8
      vertex 45.1429 19.6547 10.2
    endloop
  endfacet
  facet normal -0.336939 -0.941527 0
    outer loop
      vertex 44.6677 20.0854 8
      vertex 44.737 20.0606 10.2
      vertex 44.6677 20.0854 10.2
    endloop
  endfacet
  facet normal -0.336939 -0.941527 -0
    outer loop
      vertex 44.737 20.0606 10.2
      vertex 44.6677 20.0854 8
      vertex 44.737 20.0606 8
    endloop
  endfacet
  facet normal -0.243175 -0.969982 0
    outer loop
      vertex 44.5963 20.1033 8
      vertex 44.6677 20.0854 10.2
      vertex 44.5963 20.1033 10.2
    endloop
  endfacet
  facet normal -0.243175 -0.969982 -0
    outer loop
      vertex 44.6677 20.0854 10.2
      vertex 44.5963 20.1033 8
      vertex 44.6677 20.0854 8
    endloop
  endfacet
  facet normal -0.513297 -0.858211 0
    outer loop
      vertex 44.8035 20.0291 8
      vertex 44.8667 19.9913 10.2
      vertex 44.8035 20.0291 10.2
    endloop
  endfacet
  facet normal -0.513297 -0.858211 -0
    outer loop
      vertex 44.8667 19.9913 10.2
      vertex 44.8035 20.0291 8
      vertex 44.8667 19.9913 8
    endloop
  endfacet
  facet normal 0.903738 -0.428086 0
    outer loop
      vertex 43.7571 19.6547 10.2
      vertex 43.7886 19.7212 8
      vertex 43.7886 19.7212 10.2
    endloop
  endfacet
  facet normal 0.903738 -0.428086 0
    outer loop
      vertex 43.7886 19.7212 8
      vertex 43.7571 19.6547 10.2
      vertex 43.7571 19.6547 8
    endloop
  endfacet
  facet normal 0.146746 -0.989174 0
    outer loop
      vertex 44.3037 20.1033 8
      vertex 44.3765 20.1141 10.2
      vertex 44.3037 20.1033 10.2
    endloop
  endfacet
  facet normal 0.146746 -0.989174 0
    outer loop
      vertex 44.3765 20.1141 10.2
      vertex 44.3037 20.1033 8
      vertex 44.3765 20.1141 8
    endloop
  endfacet
  facet normal -0.969982 0.243175 0
    outer loop
      vertex 45.1677 19.15 8
      vertex 45.1856 19.2214 10.2
      vertex 45.1856 19.2214 8
    endloop
  endfacet
  facet normal -0.969982 0.243175 0
    outer loop
      vertex 45.1856 19.2214 10.2
      vertex 45.1677 19.15 8
      vertex 45.1677 19.15 10.2
    endloop
  endfacet
  facet normal 0.941527 0.336939 0
    outer loop
      vertex 43.7571 19.0807 10.2
      vertex 43.7323 19.15 8
      vertex 43.7323 19.15 10.2
    endloop
  endfacet
  facet normal 0.941527 0.336939 0
    outer loop
      vertex 43.7323 19.15 8
      vertex 43.7571 19.0807 10.2
      vertex 43.7571 19.0807 8
    endloop
  endfacet
  facet normal -0.969982 -0.243175 0
    outer loop
      vertex 45.1856 19.514 8
      vertex 45.1677 19.5854 10.2
      vertex 45.1677 19.5854 8
    endloop
  endfacet
  facet normal -0.969982 -0.243175 0
    outer loop
      vertex 45.1677 19.5854 10.2
      vertex 45.1856 19.514 8
      vertex 45.1856 19.514 10.2
    endloop
  endfacet
  facet normal -0.989174 -0.146746 0
    outer loop
      vertex 45.1964 19.4412 8
      vertex 45.1856 19.514 10.2
      vertex 45.1856 19.514 8
    endloop
  endfacet
  facet normal -0.989174 -0.146746 0
    outer loop
      vertex 45.1856 19.514 10.2
      vertex 45.1964 19.4412 8
      vertex 45.1964 19.4412 10.2
    endloop
  endfacet
  facet normal -0.941527 -0.336939 0
    outer loop
      vertex 45.1677 19.5854 8
      vertex 45.1429 19.6547 10.2
      vertex 45.1429 19.6547 8
    endloop
  endfacet
  facet normal -0.941527 -0.336939 0
    outer loop
      vertex 45.1429 19.6547 10.2
      vertex 45.1677 19.5854 8
      vertex 45.1677 19.5854 10.2
    endloop
  endfacet
  facet normal -0.803413 -0.595423 0
    outer loop
      vertex 45.0736 19.7844 8
      vertex 45.0298 19.8435 10.2
      vertex 45.0298 19.8435 8
    endloop
  endfacet
  facet normal -0.803413 -0.595423 0
    outer loop
      vertex 45.0298 19.8435 10.2
      vertex 45.0736 19.7844 8
      vertex 45.0736 19.7844 10.2
    endloop
  endfacet
  facet normal -0.740247 -0.672335 0
    outer loop
      vertex 45.0298 19.8435 8
      vertex 44.9803 19.898 10.2
      vertex 44.9803 19.898 8
    endloop
  endfacet
  facet normal -0.740247 -0.672335 0
    outer loop
      vertex 44.9803 19.898 10.2
      vertex 45.0298 19.8435 8
      vertex 45.0298 19.8435 10.2
    endloop
  endfacet
  facet normal -0.858211 -0.513297 0
    outer loop
      vertex 45.1114 19.7212 8
      vertex 45.0736 19.7844 10.2
      vertex 45.0736 19.7844 8
    endloop
  endfacet
  facet normal -0.858211 -0.513297 0
    outer loop
      vertex 45.0736 19.7844 10.2
      vertex 45.1114 19.7212 8
      vertex 45.1114 19.7212 10.2
    endloop
  endfacet
  facet normal -0.146746 -0.989174 0
    outer loop
      vertex 44.5235 20.1141 8
      vertex 44.5963 20.1033 10.2
      vertex 44.5235 20.1141 10.2
    endloop
  endfacet
  facet normal -0.146746 -0.989174 -0
    outer loop
      vertex 44.5963 20.1033 10.2
      vertex 44.5235 20.1141 8
      vertex 44.5963 20.1033 8
    endloop
  endfacet
  facet normal -0.428086 -0.903738 0
    outer loop
      vertex 44.737 20.0606 8
      vertex 44.8035 20.0291 10.2
      vertex 44.737 20.0606 10.2
    endloop
  endfacet
  facet normal -0.428086 -0.903738 -0
    outer loop
      vertex 44.8035 20.0291 10.2
      vertex 44.737 20.0606 8
      vertex 44.8035 20.0291 8
    endloop
  endfacet
  facet normal -0.596299 -0.802762 0
    outer loop
      vertex 44.8667 19.9913 8
      vertex 44.9258 19.9474 10.2
      vertex 44.8667 19.9913 10.2
    endloop
  endfacet
  facet normal -0.596299 -0.802762 -0
    outer loop
      vertex 44.9258 19.9474 10.2
      vertex 44.8667 19.9913 8
      vertex 44.9258 19.9474 8
    endloop
  endfacet
  facet normal 0.969982 -0.243175 0
    outer loop
      vertex 43.7144 19.514 10.2
      vertex 43.7323 19.5854 8
      vertex 43.7323 19.5854 10.2
    endloop
  endfacet
  facet normal 0.969982 -0.243175 0
    outer loop
      vertex 43.7323 19.5854 8
      vertex 43.7144 19.514 10.2
      vertex 43.7144 19.514 8
    endloop
  endfacet
  facet normal 0.803413 -0.595423 0
    outer loop
      vertex 43.8264 19.7844 10.2
      vertex 43.8702 19.8435 8
      vertex 43.8702 19.8435 10.2
    endloop
  endfacet
  facet normal 0.803413 -0.595423 0
    outer loop
      vertex 43.8702 19.8435 8
      vertex 43.8264 19.7844 10.2
      vertex 43.8264 19.7844 8
    endloop
  endfacet
  facet normal 0.740247 -0.672335 0
    outer loop
      vertex 43.8702 19.8435 10.2
      vertex 43.9197 19.898 8
      vertex 43.9197 19.898 10.2
    endloop
  endfacet
  facet normal 0.740247 -0.672335 0
    outer loop
      vertex 43.9197 19.898 8
      vertex 43.8702 19.8435 10.2
      vertex 43.8702 19.8435 8
    endloop
  endfacet
  facet normal 0.858211 -0.513297 0
    outer loop
      vertex 43.7886 19.7212 10.2
      vertex 43.8264 19.7844 8
      vertex 43.8264 19.7844 10.2
    endloop
  endfacet
  facet normal 0.858211 -0.513297 0
    outer loop
      vertex 43.8264 19.7844 8
      vertex 43.7886 19.7212 10.2
      vertex 43.7886 19.7212 8
    endloop
  endfacet
  facet normal 0.941527 -0.336939 0
    outer loop
      vertex 43.7323 19.5854 10.2
      vertex 43.7571 19.6547 8
      vertex 43.7571 19.6547 10.2
    endloop
  endfacet
  facet normal 0.941527 -0.336939 0
    outer loop
      vertex 43.7571 19.6547 8
      vertex 43.7323 19.5854 10.2
      vertex 43.7323 19.5854 8
    endloop
  endfacet
  facet normal 0.989174 -0.146746 0
    outer loop
      vertex 43.7036 19.4412 10.2
      vertex 43.7144 19.514 8
      vertex 43.7144 19.514 10.2
    endloop
  endfacet
  facet normal 0.989174 -0.146746 0
    outer loop
      vertex 43.7144 19.514 8
      vertex 43.7036 19.4412 10.2
      vertex 43.7036 19.4412 8
    endloop
  endfacet
  facet normal 0.513297 -0.858211 0
    outer loop
      vertex 44.0333 19.9913 8
      vertex 44.0965 20.0291 10.2
      vertex 44.0333 19.9913 10.2
    endloop
  endfacet
  facet normal 0.513297 -0.858211 0
    outer loop
      vertex 44.0965 20.0291 10.2
      vertex 44.0333 19.9913 8
      vertex 44.0965 20.0291 8
    endloop
  endfacet
  facet normal 0.428086 -0.903738 0
    outer loop
      vertex 44.0965 20.0291 8
      vertex 44.163 20.0606 10.2
      vertex 44.0965 20.0291 10.2
    endloop
  endfacet
  facet normal 0.428086 -0.903738 0
    outer loop
      vertex 44.163 20.0606 10.2
      vertex 44.0965 20.0291 8
      vertex 44.163 20.0606 8
    endloop
  endfacet
  facet normal 0.596299 -0.802762 0
    outer loop
      vertex 43.9742 19.9474 8
      vertex 44.0333 19.9913 10.2
      vertex 43.9742 19.9474 10.2
    endloop
  endfacet
  facet normal 0.596299 -0.802762 0
    outer loop
      vertex 44.0333 19.9913 10.2
      vertex 43.9742 19.9474 8
      vertex 44.0333 19.9913 8
    endloop
  endfacet
  facet normal 0.243175 -0.969982 0
    outer loop
      vertex 44.2323 20.0854 8
      vertex 44.3037 20.1033 10.2
      vertex 44.2323 20.0854 10.2
    endloop
  endfacet
  facet normal 0.243175 -0.969982 0
    outer loop
      vertex 44.3037 20.1033 10.2
      vertex 44.2323 20.0854 8
      vertex 44.3037 20.1033 8
    endloop
  endfacet
  facet normal 0.0489209 -0.998803 0
    outer loop
      vertex 44.3765 20.1141 8
      vertex 44.45 20.1177 10.2
      vertex 44.3765 20.1141 10.2
    endloop
  endfacet
  facet normal 0.0489209 -0.998803 0
    outer loop
      vertex 44.45 20.1177 10.2
      vertex 44.3765 20.1141 8
      vertex 44.45 20.1177 8
    endloop
  endfacet
  facet normal -0.146746 0.989174 0
    outer loop
      vertex 44.5963 18.6321 8
      vertex 44.5235 18.6213 10.2
      vertex 44.5963 18.6321 10.2
    endloop
  endfacet
  facet normal -0.146746 0.989174 0
    outer loop
      vertex 44.5235 18.6213 10.2
      vertex 44.5963 18.6321 8
      vertex 44.5235 18.6213 8
    endloop
  endfacet
  facet normal -0.0489209 0.998803 0
    outer loop
      vertex 44.5235 18.6213 8
      vertex 44.45 18.6177 10.2
      vertex 44.5235 18.6213 10.2
    endloop
  endfacet
  facet normal -0.0489209 0.998803 0
    outer loop
      vertex 44.45 18.6177 10.2
      vertex 44.5235 18.6213 8
      vertex 44.45 18.6177 8
    endloop
  endfacet
  facet normal -0.336939 0.941527 0
    outer loop
      vertex 44.737 18.6748 8
      vertex 44.6677 18.65 10.2
      vertex 44.737 18.6748 10.2
    endloop
  endfacet
  facet normal -0.336939 0.941527 0
    outer loop
      vertex 44.6677 18.65 10.2
      vertex 44.737 18.6748 8
      vertex 44.6677 18.65 8
    endloop
  endfacet
  facet normal -0.672335 0.740247 0
    outer loop
      vertex 44.9803 18.8374 8
      vertex 44.9258 18.7879 10.2
      vertex 44.9803 18.8374 10.2
    endloop
  endfacet
  facet normal -0.672335 0.740247 0
    outer loop
      vertex 44.9258 18.7879 10.2
      vertex 44.9803 18.8374 8
      vertex 44.9258 18.7879 8
    endloop
  endfacet
  facet normal -0.514296 0.857613 0
    outer loop
      vertex 44.8667 18.7441 8
      vertex 44.8035 18.7062 10.2
      vertex 44.8667 18.7441 10.2
    endloop
  endfacet
  facet normal -0.514296 0.857613 0
    outer loop
      vertex 44.8035 18.7062 10.2
      vertex 44.8667 18.7441 8
      vertex 44.8035 18.7062 8
    endloop
  endfacet
  facet normal -0.803413 0.595423 0
    outer loop
      vertex 45.0298 18.8919 8
      vertex 45.0736 18.951 10.2
      vertex 45.0736 18.951 8
    endloop
  endfacet
  facet normal -0.803413 0.595423 0
    outer loop
      vertex 45.0736 18.951 10.2
      vertex 45.0298 18.8919 8
      vertex 45.0298 18.8919 10.2
    endloop
  endfacet
  facet normal -0.903986 0.427561 0
    outer loop
      vertex 45.1114 19.0141 8
      vertex 45.1429 19.0807 10.2
      vertex 45.1429 19.0807 8
    endloop
  endfacet
  facet normal -0.903986 0.427561 0
    outer loop
      vertex 45.1429 19.0807 10.2
      vertex 45.1114 19.0141 8
      vertex 45.1114 19.0141 10.2
    endloop
  endfacet
  facet normal 0.672335 0.740247 -0
    outer loop
      vertex 43.9742 18.7879 8
      vertex 43.9197 18.8374 10.2
      vertex 43.9742 18.7879 10.2
    endloop
  endfacet
  facet normal 0.672335 0.740247 0
    outer loop
      vertex 43.9197 18.8374 10.2
      vertex 43.9742 18.7879 8
      vertex 43.9197 18.8374 8
    endloop
  endfacet
  facet normal 0.514296 0.857613 -0
    outer loop
      vertex 44.0965 18.7062 8
      vertex 44.0333 18.7441 10.2
      vertex 44.0965 18.7062 10.2
    endloop
  endfacet
  facet normal 0.514296 0.857613 0
    outer loop
      vertex 44.0333 18.7441 10.2
      vertex 44.0965 18.7062 8
      vertex 44.0333 18.7441 8
    endloop
  endfacet
  facet normal 0.336939 0.941527 -0
    outer loop
      vertex 44.2323 18.65 8
      vertex 44.163 18.6748 10.2
      vertex 44.2323 18.65 10.2
    endloop
  endfacet
  facet normal 0.336939 0.941527 0
    outer loop
      vertex 44.163 18.6748 10.2
      vertex 44.2323 18.65 8
      vertex 44.163 18.6748 8
    endloop
  endfacet
  facet normal 0.146746 0.989174 -0
    outer loop
      vertex 44.3765 18.6213 8
      vertex 44.3037 18.6321 10.2
      vertex 44.3765 18.6213 10.2
    endloop
  endfacet
  facet normal 0.146746 0.989174 0
    outer loop
      vertex 44.3037 18.6321 10.2
      vertex 44.3765 18.6213 8
      vertex 44.3037 18.6321 8
    endloop
  endfacet
  facet normal 0.803413 0.595423 0
    outer loop
      vertex 43.8702 18.8919 10.2
      vertex 43.8264 18.951 8
      vertex 43.8264 18.951 10.2
    endloop
  endfacet
  facet normal 0.803413 0.595423 0
    outer loop
      vertex 43.8264 18.951 8
      vertex 43.8702 18.8919 10.2
      vertex 43.8702 18.8919 8
    endloop
  endfacet
  facet normal 0.903986 0.427561 0
    outer loop
      vertex 43.7886 19.0141 10.2
      vertex 43.7571 19.0807 8
      vertex 43.7571 19.0807 10.2
    endloop
  endfacet
  facet normal 0.903986 0.427561 0
    outer loop
      vertex 43.7571 19.0807 8
      vertex 43.7886 19.0141 10.2
      vertex 43.7886 19.0141 8
    endloop
  endfacet
  facet normal 0.857853 0.513896 0
    outer loop
      vertex 43.8264 18.951 10.2
      vertex 43.7886 19.0141 8
      vertex 43.7886 19.0141 10.2
    endloop
  endfacet
  facet normal 0.857853 0.513896 0
    outer loop
      vertex 43.7886 19.0141 8
      vertex 43.8264 18.951 10.2
      vertex 43.8264 18.951 8
    endloop
  endfacet
  facet normal 0.998803 0.0489209 0
    outer loop
      vertex 43.7036 19.2942 10.2
      vertex 43.7 19.3677 8
      vertex 43.7 19.3677 10.2
    endloop
  endfacet
  facet normal 0.998803 0.0489209 0
    outer loop
      vertex 43.7 19.3677 8
      vertex 43.7036 19.2942 10.2
      vertex 43.7036 19.2942 8
    endloop
  endfacet
  facet normal 0.969982 0.243175 0
    outer loop
      vertex 43.7323 19.15 10.2
      vertex 43.7144 19.2214 8
      vertex 43.7144 19.2214 10.2
    endloop
  endfacet
  facet normal 0.969982 0.243175 0
    outer loop
      vertex 43.7144 19.2214 8
      vertex 43.7323 19.15 10.2
      vertex 43.7323 19.15 8
    endloop
  endfacet
  facet normal -0.426975 0.904263 0
    outer loop
      vertex 44.8035 18.7062 8
      vertex 44.737 18.6748 10.2
      vertex 44.8035 18.7062 10.2
    endloop
  endfacet
  facet normal -0.426975 0.904263 0
    outer loop
      vertex 44.737 18.6748 10.2
      vertex 44.8035 18.7062 8
      vertex 44.737 18.6748 8
    endloop
  endfacet
  facet normal -0.740247 0.672335 0
    outer loop
      vertex 44.9803 18.8374 8
      vertex 45.0298 18.8919 10.2
      vertex 45.0298 18.8919 8
    endloop
  endfacet
  facet normal -0.740247 0.672335 0
    outer loop
      vertex 45.0298 18.8919 10.2
      vertex 44.9803 18.8374 8
      vertex 44.9803 18.8374 10.2
    endloop
  endfacet
  facet normal -0.595423 0.803413 0
    outer loop
      vertex 44.9258 18.7879 8
      vertex 44.8667 18.7441 10.2
      vertex 44.9258 18.7879 10.2
    endloop
  endfacet
  facet normal -0.595423 0.803413 0
    outer loop
      vertex 44.8667 18.7441 10.2
      vertex 44.9258 18.7879 8
      vertex 44.8667 18.7441 8
    endloop
  endfacet
  facet normal -0.857853 0.513896 0
    outer loop
      vertex 45.0736 18.951 8
      vertex 45.1114 19.0141 10.2
      vertex 45.1114 19.0141 8
    endloop
  endfacet
  facet normal -0.857853 0.513896 0
    outer loop
      vertex 45.1114 19.0141 10.2
      vertex 45.0736 18.951 8
      vertex 45.0736 18.951 10.2
    endloop
  endfacet
  facet normal -0.941527 0.336939 0
    outer loop
      vertex 45.1429 19.0807 8
      vertex 45.1677 19.15 10.2
      vertex 45.1677 19.15 8
    endloop
  endfacet
  facet normal -0.941527 0.336939 0
    outer loop
      vertex 45.1677 19.15 10.2
      vertex 45.1429 19.0807 8
      vertex 45.1429 19.0807 10.2
    endloop
  endfacet
  facet normal -0.989174 0.146746 0
    outer loop
      vertex 45.1856 19.2214 8
      vertex 45.1964 19.2942 10.2
      vertex 45.1964 19.2942 8
    endloop
  endfacet
  facet normal -0.989174 0.146746 0
    outer loop
      vertex 45.1964 19.2942 10.2
      vertex 45.1856 19.2214 8
      vertex 45.1856 19.2214 10.2
    endloop
  endfacet
  facet normal 0.595423 0.803413 -0
    outer loop
      vertex 44.0333 18.7441 8
      vertex 43.9742 18.7879 10.2
      vertex 44.0333 18.7441 10.2
    endloop
  endfacet
  facet normal 0.595423 0.803413 0
    outer loop
      vertex 43.9742 18.7879 10.2
      vertex 44.0333 18.7441 8
      vertex 43.9742 18.7879 8
    endloop
  endfacet
  facet normal 0.426975 0.904263 -0
    outer loop
      vertex 44.163 18.6748 8
      vertex 44.0965 18.7062 10.2
      vertex 44.163 18.6748 10.2
    endloop
  endfacet
  facet normal 0.426975 0.904263 0
    outer loop
      vertex 44.0965 18.7062 10.2
      vertex 44.163 18.6748 8
      vertex 44.0965 18.7062 8
    endloop
  endfacet
  facet normal 0.243175 0.969982 -0
    outer loop
      vertex 44.3037 18.6321 8
      vertex 44.2323 18.65 10.2
      vertex 44.3037 18.6321 10.2
    endloop
  endfacet
  facet normal 0.243175 0.969982 0
    outer loop
      vertex 44.2323 18.65 10.2
      vertex 44.3037 18.6321 8
      vertex 44.2323 18.65 8
    endloop
  endfacet
  facet normal 0.0489209 0.998803 -0
    outer loop
      vertex 44.45 18.6177 8
      vertex 44.3765 18.6213 10.2
      vertex 44.45 18.6177 10.2
    endloop
  endfacet
  facet normal 0.0489209 0.998803 0
    outer loop
      vertex 44.3765 18.6213 10.2
      vertex 44.45 18.6177 8
      vertex 44.3765 18.6213 8
    endloop
  endfacet
  facet normal 0.740247 0.672335 0
    outer loop
      vertex 43.9197 18.8374 10.2
      vertex 43.8702 18.8919 8
      vertex 43.8702 18.8919 10.2
    endloop
  endfacet
  facet normal 0.740247 0.672335 0
    outer loop
      vertex 43.8702 18.8919 8
      vertex 43.9197 18.8374 10.2
      vertex 43.9197 18.8374 8
    endloop
  endfacet
  facet normal 0.989174 0.146746 0
    outer loop
      vertex 43.7144 19.2214 10.2
      vertex 43.7036 19.2942 8
      vertex 43.7036 19.2942 10.2
    endloop
  endfacet
  facet normal 0.989174 0.146746 0
    outer loop
      vertex 43.7036 19.2942 8
      vertex 43.7144 19.2214 10.2
      vertex 43.7144 19.2214 8
    endloop
  endfacet
  facet normal -0.243175 0.969982 0
    outer loop
      vertex 44.6677 18.65 8
      vertex 44.5963 18.6321 10.2
      vertex 44.6677 18.65 10.2
    endloop
  endfacet
  facet normal -0.243175 0.969982 0
    outer loop
      vertex 44.5963 18.6321 10.2
      vertex 44.6677 18.65 8
      vertex 44.5963 18.6321 8
    endloop
  endfacet
  facet normal -0.998803 0.0489209 0
    outer loop
      vertex 45.1964 19.2942 8
      vertex 45.2 19.3677 10.2
      vertex 45.2 19.3677 8
    endloop
  endfacet
  facet normal -0.998803 0.0489209 0
    outer loop
      vertex 45.2 19.3677 10.2
      vertex 45.1964 19.2942 8
      vertex 45.1964 19.2942 10.2
    endloop
  endfacet
  facet normal -0.998803 -0.0489209 0
    outer loop
      vertex 43.4 16.25 8
      vertex 43.3964 16.3235 10.2
      vertex 43.3964 16.3235 8
    endloop
  endfacet
  facet normal -0.998803 -0.0489209 0
    outer loop
      vertex 43.3964 16.3235 10.2
      vertex 43.4 16.25 8
      vertex 43.4 16.25 10.2
    endloop
  endfacet
  facet normal 0.0489209 -0.998803 0
    outer loop
      vertex 42.5765 16.9964 8
      vertex 42.65 17 10.2
      vertex 42.5765 16.9964 10.2
    endloop
  endfacet
  facet normal 0.0489209 -0.998803 0
    outer loop
      vertex 42.65 17 10.2
      vertex 42.5765 16.9964 8
      vertex 42.65 17 8
    endloop
  endfacet
  facet normal -0.672335 -0.740247 0
    outer loop
      vertex 43.1258 16.8298 8
      vertex 43.1803 16.7803 10.2
      vertex 43.1258 16.8298 10.2
    endloop
  endfacet
  facet normal -0.672335 -0.740247 -0
    outer loop
      vertex 43.1803 16.7803 10.2
      vertex 43.1258 16.8298 8
      vertex 43.1803 16.7803 8
    endloop
  endfacet
  facet normal 0.740247 -0.672335 0
    outer loop
      vertex 42.0702 16.7258 10.2
      vertex 42.1197 16.7803 8
      vertex 42.1197 16.7803 10.2
    endloop
  endfacet
  facet normal 0.740247 -0.672335 0
    outer loop
      vertex 42.1197 16.7803 8
      vertex 42.0702 16.7258 10.2
      vertex 42.0702 16.7258 8
    endloop
  endfacet
  facet normal 0.428086 -0.903738 0
    outer loop
      vertex 42.2965 16.9114 8
      vertex 42.363 16.9429 10.2
      vertex 42.2965 16.9114 10.2
    endloop
  endfacet
  facet normal 0.428086 -0.903738 0
    outer loop
      vertex 42.363 16.9429 10.2
      vertex 42.2965 16.9114 8
      vertex 42.363 16.9429 8
    endloop
  endfacet
  facet normal -0.903738 -0.428086 0
    outer loop
      vertex 43.3429 16.537 8
      vertex 43.3114 16.6035 10.2
      vertex 43.3114 16.6035 8
    endloop
  endfacet
  facet normal -0.903738 -0.428086 0
    outer loop
      vertex 43.3114 16.6035 10.2
      vertex 43.3429 16.537 8
      vertex 43.3429 16.537 10.2
    endloop
  endfacet
  facet normal -0.336939 -0.941527 0
    outer loop
      vertex 42.8677 16.9677 8
      vertex 42.937 16.9429 10.2
      vertex 42.8677 16.9677 10.2
    endloop
  endfacet
  facet normal -0.336939 -0.941527 -0
    outer loop
      vertex 42.937 16.9429 10.2
      vertex 42.8677 16.9677 8
      vertex 42.937 16.9429 8
    endloop
  endfacet
  facet normal -0.513297 -0.858211 0
    outer loop
      vertex 43.0035 16.9114 8
      vertex 43.0667 16.8736 10.2
      vertex 43.0035 16.9114 10.2
    endloop
  endfacet
  facet normal -0.513297 -0.858211 -0
    outer loop
      vertex 43.0667 16.8736 10.2
      vertex 43.0035 16.9114 8
      vertex 43.0667 16.8736 8
    endloop
  endfacet
  facet normal 0.941527 -0.336939 0
    outer loop
      vertex 41.9323 16.4677 9.4
      vertex 41.9571 16.537 8
      vertex 41.9571 16.537 9.4
    endloop
  endfacet
  facet normal 0.941527 -0.336939 0
    outer loop
      vertex 41.9571 16.537 8
      vertex 41.9323 16.4677 9.4
      vertex 41.9323 16.4677 8
    endloop
  endfacet
  facet normal 0.243175 -0.969982 0
    outer loop
      vertex 42.4323 16.9677 8
      vertex 42.5037 16.9856 10.2
      vertex 42.4323 16.9677 10.2
    endloop
  endfacet
  facet normal 0.243175 -0.969982 0
    outer loop
      vertex 42.5037 16.9856 10.2
      vertex 42.4323 16.9677 8
      vertex 42.5037 16.9856 8
    endloop
  endfacet
  facet normal -0.941527 0.336939 0
    outer loop
      vertex 43.3429 15.963 8
      vertex 43.3677 16.0323 10.2
      vertex 43.3677 16.0323 8
    endloop
  endfacet
  facet normal -0.941527 0.336939 0
    outer loop
      vertex 43.3677 16.0323 10.2
      vertex 43.3429 15.963 8
      vertex 43.3429 15.963 10.2
    endloop
  endfacet
  facet normal -0.969982 0.243175 0
    outer loop
      vertex 43.3677 16.0323 8
      vertex 43.3856 16.1037 10.2
      vertex 43.3856 16.1037 8
    endloop
  endfacet
  facet normal -0.969982 0.243175 0
    outer loop
      vertex 43.3856 16.1037 10.2
      vertex 43.3677 16.0323 8
      vertex 43.3677 16.0323 10.2
    endloop
  endfacet
  facet normal 0.672335 0.740247 -0
    outer loop
      vertex 42.1742 15.6702 8
      vertex 42.1197 15.7197 10.2
      vertex 42.1742 15.6702 10.2
    endloop
  endfacet
  facet normal 0.672335 0.740247 0
    outer loop
      vertex 42.1197 15.7197 10.2
      vertex 42.1742 15.6702 8
      vertex 42.1197 15.7197 8
    endloop
  endfacet
  facet normal 0.903738 0.428086 0
    outer loop
      vertex 41.9886 15.8965 9.4
      vertex 41.9571 15.963 8
      vertex 41.9571 15.963 9.4
    endloop
  endfacet
  facet normal 0.903738 0.428086 0
    outer loop
      vertex 41.9571 15.963 8
      vertex 41.9886 15.8965 9.4
      vertex 41.9886 15.8965 8
    endloop
  endfacet
  facet normal -0.969982 -0.243175 0
    outer loop
      vertex 43.3856 16.3963 8
      vertex 43.3677 16.4677 10.2
      vertex 43.3677 16.4677 8
    endloop
  endfacet
  facet normal -0.969982 -0.243175 0
    outer loop
      vertex 43.3677 16.4677 10.2
      vertex 43.3856 16.3963 8
      vertex 43.3856 16.3963 10.2
    endloop
  endfacet
  facet normal -0.989174 -0.146746 0
    outer loop
      vertex 43.3964 16.3235 8
      vertex 43.3856 16.3963 10.2
      vertex 43.3856 16.3963 8
    endloop
  endfacet
  facet normal -0.989174 -0.146746 0
    outer loop
      vertex 43.3856 16.3963 10.2
      vertex 43.3964 16.3235 8
      vertex 43.3964 16.3235 10.2
    endloop
  endfacet
  facet normal -0.941527 -0.336939 0
    outer loop
      vertex 43.3677 16.4677 8
      vertex 43.3429 16.537 10.2
      vertex 43.3429 16.537 8
    endloop
  endfacet
  facet normal -0.941527 -0.336939 0
    outer loop
      vertex 43.3429 16.537 10.2
      vertex 43.3677 16.4677 8
      vertex 43.3677 16.4677 10.2
    endloop
  endfacet
  facet normal -0.803413 -0.595423 0
    outer loop
      vertex 43.2736 16.6667 8
      vertex 43.2298 16.7258 10.2
      vertex 43.2298 16.7258 8
    endloop
  endfacet
  facet normal -0.803413 -0.595423 0
    outer loop
      vertex 43.2298 16.7258 10.2
      vertex 43.2736 16.6667 8
      vertex 43.2736 16.6667 10.2
    endloop
  endfacet
  facet normal -0.740247 -0.672335 0
    outer loop
      vertex 43.2298 16.7258 8
      vertex 43.1803 16.7803 10.2
      vertex 43.1803 16.7803 8
    endloop
  endfacet
  facet normal -0.740247 -0.672335 0
    outer loop
      vertex 43.1803 16.7803 10.2
      vertex 43.2298 16.7258 8
      vertex 43.2298 16.7258 10.2
    endloop
  endfacet
  facet normal -0.858211 -0.513297 0
    outer loop
      vertex 43.3114 16.6035 8
      vertex 43.2736 16.6667 10.2
      vertex 43.2736 16.6667 8
    endloop
  endfacet
  facet normal -0.858211 -0.513297 0
    outer loop
      vertex 43.2736 16.6667 10.2
      vertex 43.3114 16.6035 8
      vertex 43.3114 16.6035 10.2
    endloop
  endfacet
  facet normal -0.146746 -0.989174 0
    outer loop
      vertex 42.7235 16.9964 8
      vertex 42.7963 16.9856 10.2
      vertex 42.7235 16.9964 10.2
    endloop
  endfacet
  facet normal -0.146746 -0.989174 -0
    outer loop
      vertex 42.7963 16.9856 10.2
      vertex 42.7235 16.9964 8
      vertex 42.7963 16.9856 8
    endloop
  endfacet
  facet normal -0.243175 -0.969982 0
    outer loop
      vertex 42.7963 16.9856 8
      vertex 42.8677 16.9677 10.2
      vertex 42.7963 16.9856 10.2
    endloop
  endfacet
  facet normal -0.243175 -0.969982 -0
    outer loop
      vertex 42.8677 16.9677 10.2
      vertex 42.7963 16.9856 8
      vertex 42.8677 16.9677 8
    endloop
  endfacet
  facet normal -0.0489209 -0.998803 0
    outer loop
      vertex 42.65 17 8
      vertex 42.7235 16.9964 10.2
      vertex 42.65 17 10.2
    endloop
  endfacet
  facet normal -0.0489209 -0.998803 -0
    outer loop
      vertex 42.7235 16.9964 10.2
      vertex 42.65 17 8
      vertex 42.7235 16.9964 8
    endloop
  endfacet
  facet normal -0.428086 -0.903738 0
    outer loop
      vertex 42.937 16.9429 8
      vertex 43.0035 16.9114 10.2
      vertex 42.937 16.9429 10.2
    endloop
  endfacet
  facet normal -0.428086 -0.903738 -0
    outer loop
      vertex 43.0035 16.9114 10.2
      vertex 42.937 16.9429 8
      vertex 43.0035 16.9114 8
    endloop
  endfacet
  facet normal -0.595423 -0.803413 0
    outer loop
      vertex 43.0667 16.8736 8
      vertex 43.1258 16.8298 10.2
      vertex 43.0667 16.8736 10.2
    endloop
  endfacet
  facet normal -0.595423 -0.803413 -0
    outer loop
      vertex 43.1258 16.8298 10.2
      vertex 43.0667 16.8736 8
      vertex 43.1258 16.8298 8
    endloop
  endfacet
  facet normal 0.989174 -0.146746 0
    outer loop
      vertex 41.9036 16.3235 9.4
      vertex 41.9144 16.3963 8
      vertex 41.9144 16.3963 9.4
    endloop
  endfacet
  facet normal 0.989174 -0.146746 0
    outer loop
      vertex 41.9144 16.3963 8
      vertex 41.9036 16.3235 9.4
      vertex 41.9036 16.3235 8
    endloop
  endfacet
  facet normal 0.858008 -0.513637 0
    outer loop
      vertex 42 16.6226 9.4
      vertex 42.0264 16.6667 10.2
      vertex 42 16.6226 10.2
    endloop
  endfacet
  facet normal 0.858008 -0.513637 0
    outer loop
      vertex 42.0264 16.6667 10.2
      vertex 42 16.6226 9.4
      vertex 42.0264 16.6667 8
    endloop
  endfacet
  facet normal 0.858681 -0.512511 0
    outer loop
      vertex 41.9886 16.6035 8
      vertex 42 16.6226 9.4
      vertex 41.9886 16.6035 9.4
    endloop
  endfacet
  facet normal 0.858211 -0.513297 1.45492e-05
    outer loop
      vertex 42 16.6226 9.4
      vertex 41.9886 16.6035 8
      vertex 42.0264 16.6667 8
    endloop
  endfacet
  facet normal 0.803413 -0.595423 0
    outer loop
      vertex 42.0264 16.6667 10.2
      vertex 42.0702 16.7258 8
      vertex 42.0702 16.7258 10.2
    endloop
  endfacet
  facet normal 0.803413 -0.595423 0
    outer loop
      vertex 42.0702 16.7258 8
      vertex 42.0264 16.6667 10.2
      vertex 42.0264 16.6667 8
    endloop
  endfacet
  facet normal 0.903738 -0.428086 0
    outer loop
      vertex 41.9571 16.537 9.4
      vertex 41.9886 16.6035 8
      vertex 41.9886 16.6035 9.4
    endloop
  endfacet
  facet normal 0.903738 -0.428086 0
    outer loop
      vertex 41.9886 16.6035 8
      vertex 41.9571 16.537 9.4
      vertex 41.9571 16.537 8
    endloop
  endfacet
  facet normal 0.969982 -0.243175 0
    outer loop
      vertex 41.9144 16.3963 9.4
      vertex 41.9323 16.4677 8
      vertex 41.9323 16.4677 9.4
    endloop
  endfacet
  facet normal 0.969982 -0.243175 0
    outer loop
      vertex 41.9323 16.4677 8
      vertex 41.9144 16.3963 9.4
      vertex 41.9144 16.3963 8
    endloop
  endfacet
  facet normal 0.998803 -0.0489209 0
    outer loop
      vertex 41.9 16.25 9.4
      vertex 41.9036 16.3235 8
      vertex 41.9036 16.3235 9.4
    endloop
  endfacet
  facet normal 0.998803 -0.0489209 0
    outer loop
      vertex 41.9036 16.3235 8
      vertex 41.9 16.25 9.4
      vertex 41.9 16.25 8
    endloop
  endfacet
  facet normal 0.595423 -0.803413 0
    outer loop
      vertex 42.1742 16.8298 8
      vertex 42.2333 16.8736 10.2
      vertex 42.1742 16.8298 10.2
    endloop
  endfacet
  facet normal 0.595423 -0.803413 0
    outer loop
      vertex 42.2333 16.8736 10.2
      vertex 42.1742 16.8298 8
      vertex 42.2333 16.8736 8
    endloop
  endfacet
  facet normal 0.513297 -0.858211 0
    outer loop
      vertex 42.2333 16.8736 8
      vertex 42.2965 16.9114 10.2
      vertex 42.2333 16.8736 10.2
    endloop
  endfacet
  facet normal 0.513297 -0.858211 0
    outer loop
      vertex 42.2965 16.9114 10.2
      vertex 42.2333 16.8736 8
      vertex 42.2965 16.9114 8
    endloop
  endfacet
  facet normal 0.672335 -0.740247 0
    outer loop
      vertex 42.1197 16.7803 8
      vertex 42.1742 16.8298 10.2
      vertex 42.1197 16.7803 10.2
    endloop
  endfacet
  facet normal 0.672335 -0.740247 0
    outer loop
      vertex 42.1742 16.8298 10.2
      vertex 42.1197 16.7803 8
      vertex 42.1742 16.8298 8
    endloop
  endfacet
  facet normal 0.336939 -0.941527 0
    outer loop
      vertex 42.363 16.9429 8
      vertex 42.4323 16.9677 10.2
      vertex 42.363 16.9429 10.2
    endloop
  endfacet
  facet normal 0.336939 -0.941527 0
    outer loop
      vertex 42.4323 16.9677 10.2
      vertex 42.363 16.9429 8
      vertex 42.4323 16.9677 8
    endloop
  endfacet
  facet normal 0.146746 -0.989174 0
    outer loop
      vertex 42.5037 16.9856 8
      vertex 42.5765 16.9964 10.2
      vertex 42.5037 16.9856 10.2
    endloop
  endfacet
  facet normal 0.146746 -0.989174 0
    outer loop
      vertex 42.5765 16.9964 10.2
      vertex 42.5037 16.9856 8
      vertex 42.5765 16.9964 8
    endloop
  endfacet
  facet normal -0.146746 0.989174 0
    outer loop
      vertex 42.7963 15.5144 8
      vertex 42.7235 15.5036 10.2
      vertex 42.7963 15.5144 10.2
    endloop
  endfacet
  facet normal -0.146746 0.989174 0
    outer loop
      vertex 42.7235 15.5036 10.2
      vertex 42.7963 15.5144 8
      vertex 42.7235 15.5036 8
    endloop
  endfacet
  facet normal -0.336939 0.941527 0
    outer loop
      vertex 42.937 15.5571 8
      vertex 42.8677 15.5323 10.2
      vertex 42.937 15.5571 10.2
    endloop
  endfacet
  facet normal -0.336939 0.941527 0
    outer loop
      vertex 42.8677 15.5323 10.2
      vertex 42.937 15.5571 8
      vertex 42.8677 15.5323 8
    endloop
  endfacet
  facet normal -0.672335 0.740247 0
    outer loop
      vertex 43.1803 15.7197 8
      vertex 43.1258 15.6702 10.2
      vertex 43.1803 15.7197 10.2
    endloop
  endfacet
  facet normal -0.672335 0.740247 0
    outer loop
      vertex 43.1258 15.6702 10.2
      vertex 43.1803 15.7197 8
      vertex 43.1258 15.6702 8
    endloop
  endfacet
  facet normal -0.513297 0.858211 0
    outer loop
      vertex 43.0667 15.6264 8
      vertex 43.0035 15.5886 10.2
      vertex 43.0667 15.6264 10.2
    endloop
  endfacet
  facet normal -0.513297 0.858211 0
    outer loop
      vertex 43.0035 15.5886 10.2
      vertex 43.0667 15.6264 8
      vertex 43.0035 15.5886 8
    endloop
  endfacet
  facet normal -0.803413 0.595423 0
    outer loop
      vertex 43.2298 15.7742 8
      vertex 43.2736 15.8333 10.2
      vertex 43.2736 15.8333 8
    endloop
  endfacet
  facet normal -0.803413 0.595423 0
    outer loop
      vertex 43.2736 15.8333 10.2
      vertex 43.2298 15.7742 8
      vertex 43.2298 15.7742 10.2
    endloop
  endfacet
  facet normal -0.903738 0.428086 0
    outer loop
      vertex 43.3114 15.8965 8
      vertex 43.3429 15.963 10.2
      vertex 43.3429 15.963 8
    endloop
  endfacet
  facet normal -0.903738 0.428086 0
    outer loop
      vertex 43.3429 15.963 10.2
      vertex 43.3114 15.8965 8
      vertex 43.3114 15.8965 10.2
    endloop
  endfacet
  facet normal 0.595423 0.803413 -0
    outer loop
      vertex 42.2333 15.6264 8
      vertex 42.1742 15.6702 10.2
      vertex 42.2333 15.6264 10.2
    endloop
  endfacet
  facet normal 0.595423 0.803413 0
    outer loop
      vertex 42.1742 15.6702 10.2
      vertex 42.2333 15.6264 8
      vertex 42.1742 15.6702 8
    endloop
  endfacet
  facet normal 0.428086 0.903738 -0
    outer loop
      vertex 42.363 15.5571 8
      vertex 42.2965 15.5886 10.2
      vertex 42.363 15.5571 10.2
    endloop
  endfacet
  facet normal 0.428086 0.903738 0
    outer loop
      vertex 42.2965 15.5886 10.2
      vertex 42.363 15.5571 8
      vertex 42.2965 15.5886 8
    endloop
  endfacet
  facet normal 0.243175 0.969982 -0
    outer loop
      vertex 42.5037 15.5144 8
      vertex 42.4323 15.5323 10.2
      vertex 42.5037 15.5144 10.2
    endloop
  endfacet
  facet normal 0.243175 0.969982 0
    outer loop
      vertex 42.4323 15.5323 10.2
      vertex 42.5037 15.5144 8
      vertex 42.4323 15.5323 8
    endloop
  endfacet
  facet normal 0.0489209 0.998803 -0
    outer loop
      vertex 42.65 15.5 8
      vertex 42.5765 15.5036 10.2
      vertex 42.65 15.5 10.2
    endloop
  endfacet
  facet normal 0.0489209 0.998803 0
    outer loop
      vertex 42.5765 15.5036 10.2
      vertex 42.65 15.5 8
      vertex 42.5765 15.5036 8
    endloop
  endfacet
  facet normal 0.803413 0.595423 0
    outer loop
      vertex 42.0702 15.7742 10.2
      vertex 42.0264 15.8333 8
      vertex 42.0264 15.8333 10.2
    endloop
  endfacet
  facet normal 0.803413 0.595423 0
    outer loop
      vertex 42.0264 15.8333 8
      vertex 42.0702 15.7742 10.2
      vertex 42.0702 15.7742 8
    endloop
  endfacet
  facet normal 0.858008 0.513637 0
    outer loop
      vertex 42 15.8774 10.2
      vertex 42.0264 15.8333 10.2
      vertex 42 15.8774 9.4
    endloop
  endfacet
  facet normal 0.858681 0.512511 0
    outer loop
      vertex 42 15.8774 9.4
      vertex 41.9886 15.8965 8
      vertex 41.9886 15.8965 9.4
    endloop
  endfacet
  facet normal 0.858008 0.513637 -0
    outer loop
      vertex 42.0264 15.8333 8
      vertex 42 15.8774 9.4
      vertex 42.0264 15.8333 10.2
    endloop
  endfacet
  facet normal 0.858211 0.513297 1.45492e-05
    outer loop
      vertex 42 15.8774 9.4
      vertex 42.0264 15.8333 8
      vertex 41.9886 15.8965 8
    endloop
  endfacet
  facet normal 0.740247 0.672335 0
    outer loop
      vertex 42.1197 15.7197 10.2
      vertex 42.0702 15.7742 8
      vertex 42.0702 15.7742 10.2
    endloop
  endfacet
  facet normal 0.740247 0.672335 0
    outer loop
      vertex 42.0702 15.7742 8
      vertex 42.1197 15.7197 10.2
      vertex 42.1197 15.7197 8
    endloop
  endfacet
  facet normal 0.989174 0.146746 0
    outer loop
      vertex 41.9144 16.1037 9.4
      vertex 41.9036 16.1765 8
      vertex 41.9036 16.1765 9.4
    endloop
  endfacet
  facet normal 0.989174 0.146746 0
    outer loop
      vertex 41.9036 16.1765 8
      vertex 41.9144 16.1037 9.4
      vertex 41.9144 16.1037 8
    endloop
  endfacet
  facet normal 0.941527 0.336939 0
    outer loop
      vertex 41.9571 15.963 9.4
      vertex 41.9323 16.0323 8
      vertex 41.9323 16.0323 9.4
    endloop
  endfacet
  facet normal 0.941527 0.336939 0
    outer loop
      vertex 41.9323 16.0323 8
      vertex 41.9571 15.963 9.4
      vertex 41.9571 15.963 8
    endloop
  endfacet
  facet normal 0.969982 0.243175 0
    outer loop
      vertex 41.9323 16.0323 9.4
      vertex 41.9144 16.1037 8
      vertex 41.9144 16.1037 9.4
    endloop
  endfacet
  facet normal 0.969982 0.243175 0
    outer loop
      vertex 41.9144 16.1037 8
      vertex 41.9323 16.0323 9.4
      vertex 41.9323 16.0323 8
    endloop
  endfacet
  facet normal 0.998803 0.0489209 0
    outer loop
      vertex 41.9036 16.1765 9.4
      vertex 41.9 16.25 8
      vertex 41.9 16.25 9.4
    endloop
  endfacet
  facet normal 0.998803 0.0489209 0
    outer loop
      vertex 41.9 16.25 8
      vertex 41.9036 16.1765 9.4
      vertex 41.9036 16.1765 8
    endloop
  endfacet
  facet normal -0.243175 0.969982 0
    outer loop
      vertex 42.8677 15.5323 8
      vertex 42.7963 15.5144 10.2
      vertex 42.8677 15.5323 10.2
    endloop
  endfacet
  facet normal -0.243175 0.969982 0
    outer loop
      vertex 42.7963 15.5144 10.2
      vertex 42.8677 15.5323 8
      vertex 42.7963 15.5144 8
    endloop
  endfacet
  facet normal -0.428086 0.903738 0
    outer loop
      vertex 43.0035 15.5886 8
      vertex 42.937 15.5571 10.2
      vertex 43.0035 15.5886 10.2
    endloop
  endfacet
  facet normal -0.428086 0.903738 0
    outer loop
      vertex 42.937 15.5571 10.2
      vertex 43.0035 15.5886 8
      vertex 42.937 15.5571 8
    endloop
  endfacet
  facet normal -0.740247 0.672335 0
    outer loop
      vertex 43.1803 15.7197 8
      vertex 43.2298 15.7742 10.2
      vertex 43.2298 15.7742 8
    endloop
  endfacet
  facet normal -0.740247 0.672335 0
    outer loop
      vertex 43.2298 15.7742 10.2
      vertex 43.1803 15.7197 8
      vertex 43.1803 15.7197 10.2
    endloop
  endfacet
  facet normal -0.595423 0.803413 0
    outer loop
      vertex 43.1258 15.6702 8
      vertex 43.0667 15.6264 10.2
      vertex 43.1258 15.6702 10.2
    endloop
  endfacet
  facet normal -0.595423 0.803413 0
    outer loop
      vertex 43.0667 15.6264 10.2
      vertex 43.1258 15.6702 8
      vertex 43.0667 15.6264 8
    endloop
  endfacet
  facet normal -0.858211 0.513297 0
    outer loop
      vertex 43.2736 15.8333 8
      vertex 43.3114 15.8965 10.2
      vertex 43.3114 15.8965 8
    endloop
  endfacet
  facet normal -0.858211 0.513297 0
    outer loop
      vertex 43.3114 15.8965 10.2
      vertex 43.2736 15.8333 8
      vertex 43.2736 15.8333 10.2
    endloop
  endfacet
  facet normal -0.989174 0.146746 0
    outer loop
      vertex 43.3856 16.1037 8
      vertex 43.3964 16.1765 10.2
      vertex 43.3964 16.1765 8
    endloop
  endfacet
  facet normal -0.989174 0.146746 0
    outer loop
      vertex 43.3964 16.1765 10.2
      vertex 43.3856 16.1037 8
      vertex 43.3856 16.1037 10.2
    endloop
  endfacet
  facet normal 0.513297 0.858211 -0
    outer loop
      vertex 42.2965 15.5886 8
      vertex 42.2333 15.6264 10.2
      vertex 42.2965 15.5886 10.2
    endloop
  endfacet
  facet normal 0.513297 0.858211 0
    outer loop
      vertex 42.2333 15.6264 10.2
      vertex 42.2965 15.5886 8
      vertex 42.2333 15.6264 8
    endloop
  endfacet
  facet normal 0.336939 0.941527 -0
    outer loop
      vertex 42.4323 15.5323 8
      vertex 42.363 15.5571 10.2
      vertex 42.4323 15.5323 10.2
    endloop
  endfacet
  facet normal 0.336939 0.941527 0
    outer loop
      vertex 42.363 15.5571 10.2
      vertex 42.4323 15.5323 8
      vertex 42.363 15.5571 8
    endloop
  endfacet
  facet normal 0.146746 0.989174 -0
    outer loop
      vertex 42.5765 15.5036 8
      vertex 42.5037 15.5144 10.2
      vertex 42.5765 15.5036 10.2
    endloop
  endfacet
  facet normal 0.146746 0.989174 0
    outer loop
      vertex 42.5037 15.5144 10.2
      vertex 42.5765 15.5036 8
      vertex 42.5037 15.5144 8
    endloop
  endfacet
  facet normal -0.0489209 0.998803 0
    outer loop
      vertex 42.7235 15.5036 8
      vertex 42.65 15.5 10.2
      vertex 42.7235 15.5036 10.2
    endloop
  endfacet
  facet normal -0.0489209 0.998803 0
    outer loop
      vertex 42.65 15.5 10.2
      vertex 42.7235 15.5036 8
      vertex 42.65 15.5 8
    endloop
  endfacet
  facet normal -0.998803 0.0489209 0
    outer loop
      vertex 43.3964 16.1765 8
      vertex 43.4 16.25 10.2
      vertex 43.4 16.25 8
    endloop
  endfacet
  facet normal -0.998803 0.0489209 0
    outer loop
      vertex 43.4 16.25 10.2
      vertex 43.3964 16.1765 8
      vertex 43.3964 16.1765 10.2
    endloop
  endfacet
  facet normal -0.998803 -0.0489209 0
    outer loop
      vertex 45.2 13.1323 8
      vertex 45.1964 13.2058 10.2
      vertex 45.1964 13.2058 8
    endloop
  endfacet
  facet normal -0.998803 -0.0489209 0
    outer loop
      vertex 45.1964 13.2058 10.2
      vertex 45.2 13.1323 8
      vertex 45.2 13.1323 10.2
    endloop
  endfacet
  facet normal 0.998803 -0.0489209 0
    outer loop
      vertex 43.7 13.1323 10.2
      vertex 43.7036 13.2058 8
      vertex 43.7036 13.2058 10.2
    endloop
  endfacet
  facet normal 0.998803 -0.0489209 0
    outer loop
      vertex 43.7036 13.2058 8
      vertex 43.7 13.1323 10.2
      vertex 43.7 13.1323 8
    endloop
  endfacet
  facet normal -0.0489209 -0.998803 0
    outer loop
      vertex 44.45 13.8823 8
      vertex 44.5235 13.8787 10.2
      vertex 44.45 13.8823 10.2
    endloop
  endfacet
  facet normal -0.0489209 -0.998803 -0
    outer loop
      vertex 44.5235 13.8787 10.2
      vertex 44.45 13.8823 8
      vertex 44.5235 13.8787 8
    endloop
  endfacet
  facet normal -0.672335 -0.740247 0
    outer loop
      vertex 44.9258 13.7121 8
      vertex 44.9803 13.6626 10.2
      vertex 44.9258 13.7121 10.2
    endloop
  endfacet
  facet normal -0.672335 -0.740247 -0
    outer loop
      vertex 44.9803 13.6626 10.2
      vertex 44.9258 13.7121 8
      vertex 44.9803 13.6626 8
    endloop
  endfacet
  facet normal 0.672335 -0.740247 0
    outer loop
      vertex 43.9197 13.6626 8
      vertex 43.9742 13.7121 10.2
      vertex 43.9197 13.6626 10.2
    endloop
  endfacet
  facet normal 0.672335 -0.740247 0
    outer loop
      vertex 43.9742 13.7121 10.2
      vertex 43.9197 13.6626 8
      vertex 43.9742 13.7121 8
    endloop
  endfacet
  facet normal 0.336939 -0.941527 0
    outer loop
      vertex 44.163 13.8252 8
      vertex 44.2323 13.85 10.2
      vertex 44.163 13.8252 10.2
    endloop
  endfacet
  facet normal 0.336939 -0.941527 0
    outer loop
      vertex 44.2323 13.85 10.2
      vertex 44.163 13.8252 8
      vertex 44.2323 13.85 8
    endloop
  endfacet
  facet normal -0.903986 -0.427561 0
    outer loop
      vertex 45.1429 13.4193 8
      vertex 45.1114 13.4859 10.2
      vertex 45.1114 13.4859 8
    endloop
  endfacet
  facet normal -0.903986 -0.427561 0
    outer loop
      vertex 45.1114 13.4859 10.2
      vertex 45.1429 13.4193 8
      vertex 45.1429 13.4193 10.2
    endloop
  endfacet
  facet normal -0.336939 -0.941527 0
    outer loop
      vertex 44.6677 13.85 8
      vertex 44.737 13.8252 10.2
      vertex 44.6677 13.85 10.2
    endloop
  endfacet
  facet normal -0.336939 -0.941527 -0
    outer loop
      vertex 44.737 13.8252 10.2
      vertex 44.6677 13.85 8
      vertex 44.737 13.8252 8
    endloop
  endfacet
  facet normal 0.857853 -0.513896 0
    outer loop
      vertex 43.7886 13.4859 10.2
      vertex 43.8264 13.549 8
      vertex 43.8264 13.549 10.2
    endloop
  endfacet
  facet normal 0.857853 -0.513896 0
    outer loop
      vertex 43.8264 13.549 8
      vertex 43.7886 13.4859 10.2
      vertex 43.7886 13.4859 8
    endloop
  endfacet
  facet normal 0.803413 -0.595423 0
    outer loop
      vertex 43.8264 13.549 10.2
      vertex 43.8702 13.6081 8
      vertex 43.8702 13.6081 10.2
    endloop
  endfacet
  facet normal 0.803413 -0.595423 0
    outer loop
      vertex 43.8702 13.6081 8
      vertex 43.8264 13.549 10.2
      vertex 43.8264 13.549 8
    endloop
  endfacet
  facet normal 0.146746 -0.989174 0
    outer loop
      vertex 44.3037 13.8679 8
      vertex 44.3765 13.8787 10.2
      vertex 44.3037 13.8679 10.2
    endloop
  endfacet
  facet normal 0.146746 -0.989174 0
    outer loop
      vertex 44.3765 13.8787 10.2
      vertex 44.3037 13.8679 8
      vertex 44.3765 13.8787 8
    endloop
  endfacet
  facet normal -0.903738 0.428086 0
    outer loop
      vertex 45.1114 12.7788 8
      vertex 45.1429 12.8453 10.2
      vertex 45.1429 12.8453 8
    endloop
  endfacet
  facet normal -0.903738 0.428086 0
    outer loop
      vertex 45.1429 12.8453 10.2
      vertex 45.1114 12.7788 8
      vertex 45.1114 12.7788 10.2
    endloop
  endfacet
  facet normal -0.243175 0.969982 0
    outer loop
      vertex 44.6677 12.4146 8
      vertex 44.5963 12.3967 10.2
      vertex 44.6677 12.4146 10.2
    endloop
  endfacet
  facet normal -0.243175 0.969982 0
    outer loop
      vertex 44.5963 12.3967 10.2
      vertex 44.6677 12.4146 8
      vertex 44.5963 12.3967 8
    endloop
  endfacet
  facet normal -0.740247 0.672335 0
    outer loop
      vertex 44.9803 12.602 8
      vertex 45.0298 12.6565 10.2
      vertex 45.0298 12.6565 8
    endloop
  endfacet
  facet normal -0.740247 0.672335 0
    outer loop
      vertex 45.0298 12.6565 10.2
      vertex 44.9803 12.602 8
      vertex 44.9803 12.602 10.2
    endloop
  endfacet
  facet normal -0.969982 0.243175 0
    outer loop
      vertex 45.1677 12.9146 8
      vertex 45.1856 12.986 10.2
      vertex 45.1856 12.986 8
    endloop
  endfacet
  facet normal -0.969982 0.243175 0
    outer loop
      vertex 45.1856 12.986 10.2
      vertex 45.1677 12.9146 8
      vertex 45.1677 12.9146 10.2
    endloop
  endfacet
  facet normal 0.336939 0.941527 -0
    outer loop
      vertex 44.2323 12.4146 8
      vertex 44.163 12.4394 10.2
      vertex 44.2323 12.4146 10.2
    endloop
  endfacet
  facet normal 0.336939 0.941527 0
    outer loop
      vertex 44.163 12.4394 10.2
      vertex 44.2323 12.4146 8
      vertex 44.163 12.4394 8
    endloop
  endfacet
  facet normal 0.803413 0.595423 0
    outer loop
      vertex 43.8702 12.6565 10.2
      vertex 43.8264 12.7156 8
      vertex 43.8264 12.7156 10.2
    endloop
  endfacet
  facet normal 0.803413 0.595423 0
    outer loop
      vertex 43.8264 12.7156 8
      vertex 43.8702 12.6565 10.2
      vertex 43.8702 12.6565 8
    endloop
  endfacet
  facet normal 0.941527 0.336939 0
    outer loop
      vertex 43.7571 12.8453 10.2
      vertex 43.7323 12.9146 8
      vertex 43.7323 12.9146 10.2
    endloop
  endfacet
  facet normal 0.941527 0.336939 0
    outer loop
      vertex 43.7323 12.9146 8
      vertex 43.7571 12.8453 10.2
      vertex 43.7571 12.8453 8
    endloop
  endfacet
  facet normal -0.969982 -0.243175 0
    outer loop
      vertex 45.1856 13.2786 8
      vertex 45.1677 13.35 10.2
      vertex 45.1677 13.35 8
    endloop
  endfacet
  facet normal -0.969982 -0.243175 0
    outer loop
      vertex 45.1677 13.35 10.2
      vertex 45.1856 13.2786 8
      vertex 45.1856 13.2786 10.2
    endloop
  endfacet
  facet normal -0.989174 -0.146746 0
    outer loop
      vertex 45.1964 13.2058 8
      vertex 45.1856 13.2786 10.2
      vertex 45.1856 13.2786 8
    endloop
  endfacet
  facet normal -0.989174 -0.146746 0
    outer loop
      vertex 45.1856 13.2786 10.2
      vertex 45.1964 13.2058 8
      vertex 45.1964 13.2058 10.2
    endloop
  endfacet
  facet normal -0.941527 -0.336939 0
    outer loop
      vertex 45.1677 13.35 8
      vertex 45.1429 13.4193 10.2
      vertex 45.1429 13.4193 8
    endloop
  endfacet
  facet normal -0.941527 -0.336939 0
    outer loop
      vertex 45.1429 13.4193 10.2
      vertex 45.1677 13.35 8
      vertex 45.1677 13.35 10.2
    endloop
  endfacet
  facet normal -0.803413 -0.595423 0
    outer loop
      vertex 45.0736 13.549 8
      vertex 45.0298 13.6081 10.2
      vertex 45.0298 13.6081 8
    endloop
  endfacet
  facet normal -0.803413 -0.595423 0
    outer loop
      vertex 45.0298 13.6081 10.2
      vertex 45.0736 13.549 8
      vertex 45.0736 13.549 10.2
    endloop
  endfacet
  facet normal -0.740247 -0.672335 0
    outer loop
      vertex 45.0298 13.6081 8
      vertex 44.9803 13.6626 10.2
      vertex 44.9803 13.6626 8
    endloop
  endfacet
  facet normal -0.740247 -0.672335 0
    outer loop
      vertex 44.9803 13.6626 10.2
      vertex 45.0298 13.6081 8
      vertex 45.0298 13.6081 10.2
    endloop
  endfacet
  facet normal -0.857853 -0.513896 0
    outer loop
      vertex 45.1114 13.4859 8
      vertex 45.0736 13.549 10.2
      vertex 45.0736 13.549 8
    endloop
  endfacet
  facet normal -0.857853 -0.513896 0
    outer loop
      vertex 45.0736 13.549 10.2
      vertex 45.1114 13.4859 8
      vertex 45.1114 13.4859 10.2
    endloop
  endfacet
  facet normal -0.243175 -0.969982 0
    outer loop
      vertex 44.5963 13.8679 8
      vertex 44.6677 13.85 10.2
      vertex 44.5963 13.8679 10.2
    endloop
  endfacet
  facet normal -0.243175 -0.969982 -0
    outer loop
      vertex 44.6677 13.85 10.2
      vertex 44.5963 13.8679 8
      vertex 44.6677 13.85 8
    endloop
  endfacet
  facet normal -0.146746 -0.989174 0
    outer loop
      vertex 44.5235 13.8787 8
      vertex 44.5963 13.8679 10.2
      vertex 44.5235 13.8787 10.2
    endloop
  endfacet
  facet normal -0.146746 -0.989174 -0
    outer loop
      vertex 44.5963 13.8679 10.2
      vertex 44.5235 13.8787 8
      vertex 44.5963 13.8679 8
    endloop
  endfacet
  facet normal -0.513297 -0.858211 0
    outer loop
      vertex 44.8035 13.7937 8
      vertex 44.8667 13.7559 10.2
      vertex 44.8035 13.7937 10.2
    endloop
  endfacet
  facet normal -0.513297 -0.858211 -0
    outer loop
      vertex 44.8667 13.7559 10.2
      vertex 44.8035 13.7937 8
      vertex 44.8667 13.7559 8
    endloop
  endfacet
  facet normal -0.428086 -0.903738 0
    outer loop
      vertex 44.737 13.8252 8
      vertex 44.8035 13.7937 10.2
      vertex 44.737 13.8252 10.2
    endloop
  endfacet
  facet normal -0.428086 -0.903738 -0
    outer loop
      vertex 44.8035 13.7937 10.2
      vertex 44.737 13.8252 8
      vertex 44.8035 13.7937 8
    endloop
  endfacet
  facet normal -0.595423 -0.803413 0
    outer loop
      vertex 44.8667 13.7559 8
      vertex 44.9258 13.7121 10.2
      vertex 44.8667 13.7559 10.2
    endloop
  endfacet
  facet normal -0.595423 -0.803413 -0
    outer loop
      vertex 44.9258 13.7121 10.2
      vertex 44.8667 13.7559 8
      vertex 44.9258 13.7121 8
    endloop
  endfacet
  facet normal 0.969982 -0.243175 0
    outer loop
      vertex 43.7144 13.2786 10.2
      vertex 43.7323 13.35 8
      vertex 43.7323 13.35 10.2
    endloop
  endfacet
  facet normal 0.969982 -0.243175 0
    outer loop
      vertex 43.7323 13.35 8
      vertex 43.7144 13.2786 10.2
      vertex 43.7144 13.2786 8
    endloop
  endfacet
  facet normal 0.740247 -0.672335 0
    outer loop
      vertex 43.8702 13.6081 10.2
      vertex 43.9197 13.6626 8
      vertex 43.9197 13.6626 10.2
    endloop
  endfacet
  facet normal 0.740247 -0.672335 0
    outer loop
      vertex 43.9197 13.6626 8
      vertex 43.8702 13.6081 10.2
      vertex 43.8702 13.6081 8
    endloop
  endfacet
  facet normal 0.903986 -0.427561 0
    outer loop
      vertex 43.7571 13.4193 10.2
      vertex 43.7886 13.4859 8
      vertex 43.7886 13.4859 10.2
    endloop
  endfacet
  facet normal 0.903986 -0.427561 0
    outer loop
      vertex 43.7886 13.4859 8
      vertex 43.7571 13.4193 10.2
      vertex 43.7571 13.4193 8
    endloop
  endfacet
  facet normal 0.941527 -0.336939 0
    outer loop
      vertex 43.7323 13.35 10.2
      vertex 43.7571 13.4193 8
      vertex 43.7571 13.4193 10.2
    endloop
  endfacet
  facet normal 0.941527 -0.336939 0
    outer loop
      vertex 43.7571 13.4193 8
      vertex 43.7323 13.35 10.2
      vertex 43.7323 13.35 8
    endloop
  endfacet
  facet normal 0.989174 -0.146746 0
    outer loop
      vertex 43.7036 13.2058 10.2
      vertex 43.7144 13.2786 8
      vertex 43.7144 13.2786 10.2
    endloop
  endfacet
  facet normal 0.989174 -0.146746 0
    outer loop
      vertex 43.7144 13.2786 8
      vertex 43.7036 13.2058 10.2
      vertex 43.7036 13.2058 8
    endloop
  endfacet
  facet normal 0.428086 -0.903738 0
    outer loop
      vertex 44.0965 13.7937 8
      vertex 44.163 13.8252 10.2
      vertex 44.0965 13.7937 10.2
    endloop
  endfacet
  facet normal 0.428086 -0.903738 0
    outer loop
      vertex 44.163 13.8252 10.2
      vertex 44.0965 13.7937 8
      vertex 44.163 13.8252 8
    endloop
  endfacet
  facet normal 0.513297 -0.858211 0
    outer loop
      vertex 44.0333 13.7559 8
      vertex 44.0965 13.7937 10.2
      vertex 44.0333 13.7559 10.2
    endloop
  endfacet
  facet normal 0.513297 -0.858211 0
    outer loop
      vertex 44.0965 13.7937 10.2
      vertex 44.0333 13.7559 8
      vertex 44.0965 13.7937 8
    endloop
  endfacet
  facet normal 0.595423 -0.803413 0
    outer loop
      vertex 43.9742 13.7121 8
      vertex 44.0333 13.7559 10.2
      vertex 43.9742 13.7121 10.2
    endloop
  endfacet
  facet normal 0.595423 -0.803413 0
    outer loop
      vertex 44.0333 13.7559 10.2
      vertex 43.9742 13.7121 8
      vertex 44.0333 13.7559 8
    endloop
  endfacet
  facet normal 0.243175 -0.969982 0
    outer loop
      vertex 44.2323 13.85 8
      vertex 44.3037 13.8679 10.2
      vertex 44.2323 13.85 10.2
    endloop
  endfacet
  facet normal 0.243175 -0.969982 0
    outer loop
      vertex 44.3037 13.8679 10.2
      vertex 44.2323 13.85 8
      vertex 44.3037 13.8679 8
    endloop
  endfacet
  facet normal 0.0489209 -0.998803 0
    outer loop
      vertex 44.3765 13.8787 8
      vertex 44.45 13.8823 10.2
      vertex 44.3765 13.8787 10.2
    endloop
  endfacet
  facet normal 0.0489209 -0.998803 0
    outer loop
      vertex 44.45 13.8823 10.2
      vertex 44.3765 13.8787 8
      vertex 44.45 13.8823 8
    endloop
  endfacet
  facet normal -0.0489209 0.998803 0
    outer loop
      vertex 44.5235 12.3859 8
      vertex 44.45 12.3823 10.2
      vertex 44.5235 12.3859 10.2
    endloop
  endfacet
  facet normal -0.0489209 0.998803 0
    outer loop
      vertex 44.45 12.3823 10.2
      vertex 44.5235 12.3859 8
      vertex 44.45 12.3823 8
    endloop
  endfacet
  facet normal -0.513297 0.858211 0
    outer loop
      vertex 44.8667 12.5087 8
      vertex 44.8035 12.4709 10.2
      vertex 44.8667 12.5087 10.2
    endloop
  endfacet
  facet normal -0.513297 0.858211 0
    outer loop
      vertex 44.8035 12.4709 10.2
      vertex 44.8667 12.5087 8
      vertex 44.8035 12.4709 8
    endloop
  endfacet
  facet normal -0.671589 0.740924 0
    outer loop
      vertex 44.9803 12.602 8
      vertex 44.9258 12.5526 10.2
      vertex 44.9803 12.602 10.2
    endloop
  endfacet
  facet normal -0.671589 0.740924 0
    outer loop
      vertex 44.9258 12.5526 10.2
      vertex 44.9803 12.602 8
      vertex 44.9258 12.5526 8
    endloop
  endfacet
  facet normal -0.803413 0.595423 0
    outer loop
      vertex 45.0298 12.6565 8
      vertex 45.0736 12.7156 10.2
      vertex 45.0736 12.7156 8
    endloop
  endfacet
  facet normal -0.803413 0.595423 0
    outer loop
      vertex 45.0736 12.7156 10.2
      vertex 45.0298 12.6565 8
      vertex 45.0298 12.6565 10.2
    endloop
  endfacet
  facet normal -0.858211 0.513297 0
    outer loop
      vertex 45.0736 12.7156 8
      vertex 45.1114 12.7788 10.2
      vertex 45.1114 12.7788 8
    endloop
  endfacet
  facet normal -0.858211 0.513297 0
    outer loop
      vertex 45.1114 12.7788 10.2
      vertex 45.0736 12.7156 8
      vertex 45.0736 12.7156 10.2
    endloop
  endfacet
  facet normal 0.671589 0.740924 -0
    outer loop
      vertex 43.9742 12.5526 8
      vertex 43.9197 12.602 10.2
      vertex 43.9742 12.5526 10.2
    endloop
  endfacet
  facet normal 0.671589 0.740924 0
    outer loop
      vertex 43.9197 12.602 10.2
      vertex 43.9742 12.5526 8
      vertex 43.9197 12.602 8
    endloop
  endfacet
  facet normal 0.596299 0.802762 -0
    outer loop
      vertex 44.0333 12.5087 8
      vertex 43.9742 12.5526 10.2
      vertex 44.0333 12.5087 10.2
    endloop
  endfacet
  facet normal 0.596299 0.802762 0
    outer loop
      vertex 43.9742 12.5526 10.2
      vertex 44.0333 12.5087 8
      vertex 43.9742 12.5526 8
    endloop
  endfacet
  facet normal 0.513297 0.858211 -0
    outer loop
      vertex 44.0965 12.4709 8
      vertex 44.0333 12.5087 10.2
      vertex 44.0965 12.4709 10.2
    endloop
  endfacet
  facet normal 0.513297 0.858211 0
    outer loop
      vertex 44.0333 12.5087 10.2
      vertex 44.0965 12.4709 8
      vertex 44.0333 12.5087 8
    endloop
  endfacet
  facet normal 0.146746 0.989174 -0
    outer loop
      vertex 44.3765 12.3859 8
      vertex 44.3037 12.3967 10.2
      vertex 44.3765 12.3859 10.2
    endloop
  endfacet
  facet normal 0.146746 0.989174 0
    outer loop
      vertex 44.3037 12.3967 10.2
      vertex 44.3765 12.3859 8
      vertex 44.3037 12.3967 8
    endloop
  endfacet
  facet normal 0.903738 0.428086 0
    outer loop
      vertex 43.7886 12.7788 10.2
      vertex 43.7571 12.8453 8
      vertex 43.7571 12.8453 10.2
    endloop
  endfacet
  facet normal 0.903738 0.428086 0
    outer loop
      vertex 43.7571 12.8453 8
      vertex 43.7886 12.7788 10.2
      vertex 43.7886 12.7788 8
    endloop
  endfacet
  facet normal 0.858211 0.513297 0
    outer loop
      vertex 43.8264 12.7156 10.2
      vertex 43.7886 12.7788 8
      vertex 43.7886 12.7788 10.2
    endloop
  endfacet
  facet normal 0.858211 0.513297 0
    outer loop
      vertex 43.7886 12.7788 8
      vertex 43.8264 12.7156 10.2
      vertex 43.8264 12.7156 8
    endloop
  endfacet
  facet normal 0.998803 0.0489209 0
    outer loop
      vertex 43.7036 13.0588 10.2
      vertex 43.7 13.1323 8
      vertex 43.7 13.1323 10.2
    endloop
  endfacet
  facet normal 0.998803 0.0489209 0
    outer loop
      vertex 43.7 13.1323 8
      vertex 43.7036 13.0588 10.2
      vertex 43.7036 13.0588 8
    endloop
  endfacet
  facet normal 0.969982 0.243175 0
    outer loop
      vertex 43.7323 12.9146 10.2
      vertex 43.7144 12.986 8
      vertex 43.7144 12.986 10.2
    endloop
  endfacet
  facet normal 0.969982 0.243175 0
    outer loop
      vertex 43.7144 12.986 8
      vertex 43.7323 12.9146 10.2
      vertex 43.7323 12.9146 8
    endloop
  endfacet
  facet normal -0.146746 0.989174 0
    outer loop
      vertex 44.5963 12.3967 8
      vertex 44.5235 12.3859 10.2
      vertex 44.5963 12.3967 10.2
    endloop
  endfacet
  facet normal -0.146746 0.989174 0
    outer loop
      vertex 44.5235 12.3859 10.2
      vertex 44.5963 12.3967 8
      vertex 44.5235 12.3859 8
    endloop
  endfacet
  facet normal -0.428086 0.903738 0
    outer loop
      vertex 44.8035 12.4709 8
      vertex 44.737 12.4394 10.2
      vertex 44.8035 12.4709 10.2
    endloop
  endfacet
  facet normal -0.428086 0.903738 0
    outer loop
      vertex 44.737 12.4394 10.2
      vertex 44.8035 12.4709 8
      vertex 44.737 12.4394 8
    endloop
  endfacet
  facet normal -0.336939 0.941527 0
    outer loop
      vertex 44.737 12.4394 8
      vertex 44.6677 12.4146 10.2
      vertex 44.737 12.4394 10.2
    endloop
  endfacet
  facet normal -0.336939 0.941527 0
    outer loop
      vertex 44.6677 12.4146 10.2
      vertex 44.737 12.4394 8
      vertex 44.6677 12.4146 8
    endloop
  endfacet
  facet normal -0.596299 0.802762 0
    outer loop
      vertex 44.9258 12.5526 8
      vertex 44.8667 12.5087 10.2
      vertex 44.9258 12.5526 10.2
    endloop
  endfacet
  facet normal -0.596299 0.802762 0
    outer loop
      vertex 44.8667 12.5087 10.2
      vertex 44.9258 12.5526 8
      vertex 44.8667 12.5087 8
    endloop
  endfacet
  facet normal -0.941527 0.336939 0
    outer loop
      vertex 45.1429 12.8453 8
      vertex 45.1677 12.9146 10.2
      vertex 45.1677 12.9146 8
    endloop
  endfacet
  facet normal -0.941527 0.336939 0
    outer loop
      vertex 45.1677 12.9146 10.2
      vertex 45.1429 12.8453 8
      vertex 45.1429 12.8453 10.2
    endloop
  endfacet
  facet normal -0.989174 0.146746 0
    outer loop
      vertex 45.1856 12.986 8
      vertex 45.1964 13.0588 10.2
      vertex 45.1964 13.0588 8
    endloop
  endfacet
  facet normal -0.989174 0.146746 0
    outer loop
      vertex 45.1964 13.0588 10.2
      vertex 45.1856 12.986 8
      vertex 45.1856 12.986 10.2
    endloop
  endfacet
  facet normal 0.428086 0.903738 -0
    outer loop
      vertex 44.163 12.4394 8
      vertex 44.0965 12.4709 10.2
      vertex 44.163 12.4394 10.2
    endloop
  endfacet
  facet normal 0.428086 0.903738 0
    outer loop
      vertex 44.0965 12.4709 10.2
      vertex 44.163 12.4394 8
      vertex 44.0965 12.4709 8
    endloop
  endfacet
  facet normal 0.243175 0.969982 -0
    outer loop
      vertex 44.3037 12.3967 8
      vertex 44.2323 12.4146 10.2
      vertex 44.3037 12.3967 10.2
    endloop
  endfacet
  facet normal 0.243175 0.969982 0
    outer loop
      vertex 44.2323 12.4146 10.2
      vertex 44.3037 12.3967 8
      vertex 44.2323 12.4146 8
    endloop
  endfacet
  facet normal 0.0489209 0.998803 -0
    outer loop
      vertex 44.45 12.3823 8
      vertex 44.3765 12.3859 10.2
      vertex 44.45 12.3823 10.2
    endloop
  endfacet
  facet normal 0.0489209 0.998803 0
    outer loop
      vertex 44.3765 12.3859 10.2
      vertex 44.45 12.3823 8
      vertex 44.3765 12.3859 8
    endloop
  endfacet
  facet normal 0.740247 0.672335 0
    outer loop
      vertex 43.9197 12.602 10.2
      vertex 43.8702 12.6565 8
      vertex 43.8702 12.6565 10.2
    endloop
  endfacet
  facet normal 0.740247 0.672335 0
    outer loop
      vertex 43.8702 12.6565 8
      vertex 43.9197 12.602 10.2
      vertex 43.9197 12.602 8
    endloop
  endfacet
  facet normal 0.989174 0.146746 0
    outer loop
      vertex 43.7144 12.986 10.2
      vertex 43.7036 13.0588 8
      vertex 43.7036 13.0588 10.2
    endloop
  endfacet
  facet normal 0.989174 0.146746 0
    outer loop
      vertex 43.7036 13.0588 8
      vertex 43.7144 12.986 10.2
      vertex 43.7144 12.986 8
    endloop
  endfacet
  facet normal -0.998803 0.0489209 0
    outer loop
      vertex 45.1964 13.0588 8
      vertex 45.2 13.1323 10.2
      vertex 45.2 13.1323 8
    endloop
  endfacet
  facet normal -0.998803 0.0489209 0
    outer loop
      vertex 45.2 13.1323 10.2
      vertex 45.1964 13.0588 8
      vertex 45.1964 13.0588 10.2
    endloop
  endfacet
  facet normal -0.998803 -0.0489209 0
    outer loop
      vertex 48.8 13.1323 8
      vertex 48.7964 13.2058 10.2
      vertex 48.7964 13.2058 8
    endloop
  endfacet
  facet normal -0.998803 -0.0489209 0
    outer loop
      vertex 48.7964 13.2058 10.2
      vertex 48.8 13.1323 8
      vertex 48.8 13.1323 10.2
    endloop
  endfacet
  facet normal 0.998803 -0.0489209 0
    outer loop
      vertex 47.3 13.1323 10.2
      vertex 47.3036 13.2058 8
      vertex 47.3036 13.2058 10.2
    endloop
  endfacet
  facet normal 0.998803 -0.0489209 0
    outer loop
      vertex 47.3036 13.2058 8
      vertex 47.3 13.1323 10.2
      vertex 47.3 13.1323 8
    endloop
  endfacet
  facet normal -0.0489209 -0.998803 0
    outer loop
      vertex 48.05 13.8823 8
      vertex 48.1235 13.8787 10.2
      vertex 48.05 13.8823 10.2
    endloop
  endfacet
  facet normal -0.0489209 -0.998803 -0
    outer loop
      vertex 48.1235 13.8787 10.2
      vertex 48.05 13.8823 8
      vertex 48.1235 13.8787 8
    endloop
  endfacet
  facet normal -0.740247 -0.672335 0
    outer loop
      vertex 48.6298 13.6081 8
      vertex 48.5803 13.6626 10.2
      vertex 48.5803 13.6626 8
    endloop
  endfacet
  facet normal -0.740247 -0.672335 0
    outer loop
      vertex 48.5803 13.6626 10.2
      vertex 48.6298 13.6081 8
      vertex 48.6298 13.6081 10.2
    endloop
  endfacet
  facet normal 0.672335 -0.740247 0
    outer loop
      vertex 47.5197 13.6626 8
      vertex 47.5742 13.7121 10.2
      vertex 47.5197 13.6626 10.2
    endloop
  endfacet
  facet normal 0.672335 -0.740247 0
    outer loop
      vertex 47.5742 13.7121 10.2
      vertex 47.5197 13.6626 8
      vertex 47.5742 13.7121 8
    endloop
  endfacet
  facet normal 0.336939 -0.941527 0
    outer loop
      vertex 47.763 13.8252 8
      vertex 47.8323 13.85 10.2
      vertex 47.763 13.8252 10.2
    endloop
  endfacet
  facet normal 0.336939 -0.941527 0
    outer loop
      vertex 47.8323 13.85 10.2
      vertex 47.763 13.8252 8
      vertex 47.8323 13.85 8
    endloop
  endfacet
  facet normal 0.969982 0.243175 0
    outer loop
      vertex 47.3323 12.9146 10.2
      vertex 47.3144 12.986 8
      vertex 47.3144 12.986 10.2
    endloop
  endfacet
  facet normal 0.969982 0.243175 0
    outer loop
      vertex 47.3144 12.986 8
      vertex 47.3323 12.9146 10.2
      vertex 47.3323 12.9146 8
    endloop
  endfacet
  facet normal -0.941527 -0.336939 0
    outer loop
      vertex 48.7677 13.35 8
      vertex 48.7429 13.4193 10.2
      vertex 48.7429 13.4193 8
    endloop
  endfacet
  facet normal -0.941527 -0.336939 0
    outer loop
      vertex 48.7429 13.4193 10.2
      vertex 48.7677 13.35 8
      vertex 48.7677 13.35 10.2
    endloop
  endfacet
  facet normal -0.428086 -0.903738 0
    outer loop
      vertex 48.337 13.8252 8
      vertex 48.4035 13.7937 10.2
      vertex 48.337 13.8252 10.2
    endloop
  endfacet
  facet normal -0.428086 -0.903738 -0
    outer loop
      vertex 48.4035 13.7937 10.2
      vertex 48.337 13.8252 8
      vertex 48.4035 13.7937 8
    endloop
  endfacet
  facet normal 0.857853 -0.513896 0
    outer loop
      vertex 47.3886 13.4859 10.2
      vertex 47.4264 13.549 8
      vertex 47.4264 13.549 10.2
    endloop
  endfacet
  facet normal 0.857853 -0.513896 0
    outer loop
      vertex 47.4264 13.549 8
      vertex 47.3886 13.4859 10.2
      vertex 47.3886 13.4859 8
    endloop
  endfacet
  facet normal 0.803413 -0.595423 0
    outer loop
      vertex 47.4264 13.549 10.2
      vertex 47.4702 13.6081 8
      vertex 47.4702 13.6081 10.2
    endloop
  endfacet
  facet normal 0.803413 -0.595423 0
    outer loop
      vertex 47.4702 13.6081 8
      vertex 47.4264 13.549 10.2
      vertex 47.4264 13.549 8
    endloop
  endfacet
  facet normal 0.146746 -0.989174 0
    outer loop
      vertex 47.9037 13.8679 8
      vertex 47.9765 13.8787 10.2
      vertex 47.9037 13.8679 10.2
    endloop
  endfacet
  facet normal 0.146746 -0.989174 0
    outer loop
      vertex 47.9765 13.8787 10.2
      vertex 47.9037 13.8679 8
      vertex 47.9765 13.8787 8
    endloop
  endfacet
  facet normal -0.858211 0.513297 0
    outer loop
      vertex 48.6736 12.7156 8
      vertex 48.7114 12.7788 10.2
      vertex 48.7114 12.7788 8
    endloop
  endfacet
  facet normal -0.858211 0.513297 0
    outer loop
      vertex 48.7114 12.7788 10.2
      vertex 48.6736 12.7156 8
      vertex 48.6736 12.7156 10.2
    endloop
  endfacet
  facet normal -0.243175 0.969982 0
    outer loop
      vertex 48.2677 12.4146 8
      vertex 48.1963 12.3967 10.2
      vertex 48.2677 12.4146 10.2
    endloop
  endfacet
  facet normal -0.243175 0.969982 0
    outer loop
      vertex 48.1963 12.3967 10.2
      vertex 48.2677 12.4146 8
      vertex 48.1963 12.3967 8
    endloop
  endfacet
  facet normal -0.671589 0.740924 0
    outer loop
      vertex 48.5803 12.602 8
      vertex 48.5258 12.5526 10.2
      vertex 48.5803 12.602 10.2
    endloop
  endfacet
  facet normal -0.671589 0.740924 0
    outer loop
      vertex 48.5258 12.5526 10.2
      vertex 48.5803 12.602 8
      vertex 48.5258 12.5526 8
    endloop
  endfacet
  facet normal -0.969982 0.243175 0
    outer loop
      vertex 48.7677 12.9146 8
      vertex 48.7856 12.986 10.2
      vertex 48.7856 12.986 8
    endloop
  endfacet
  facet normal -0.969982 0.243175 0
    outer loop
      vertex 48.7856 12.986 10.2
      vertex 48.7677 12.9146 8
      vertex 48.7677 12.9146 10.2
    endloop
  endfacet
  facet normal 0.336939 0.941527 -0
    outer loop
      vertex 47.8323 12.4146 8
      vertex 47.763 12.4394 10.2
      vertex 47.8323 12.4146 10.2
    endloop
  endfacet
  facet normal 0.336939 0.941527 0
    outer loop
      vertex 47.763 12.4394 10.2
      vertex 47.8323 12.4146 8
      vertex 47.763 12.4394 8
    endloop
  endfacet
  facet normal 0.803413 0.595423 0
    outer loop
      vertex 47.4702 12.6565 10.2
      vertex 47.4264 12.7156 8
      vertex 47.4264 12.7156 10.2
    endloop
  endfacet
  facet normal 0.803413 0.595423 0
    outer loop
      vertex 47.4264 12.7156 8
      vertex 47.4702 12.6565 10.2
      vertex 47.4702 12.6565 8
    endloop
  endfacet
  facet normal -0.969982 -0.243175 0
    outer loop
      vertex 48.7856 13.2786 8
      vertex 48.7677 13.35 10.2
      vertex 48.7677 13.35 8
    endloop
  endfacet
  facet normal -0.969982 -0.243175 0
    outer loop
      vertex 48.7677 13.35 10.2
      vertex 48.7856 13.2786 8
      vertex 48.7856 13.2786 10.2
    endloop
  endfacet
  facet normal -0.989174 -0.146746 0
    outer loop
      vertex 48.7964 13.2058 8
      vertex 48.7856 13.2786 10.2
      vertex 48.7856 13.2786 8
    endloop
  endfacet
  facet normal -0.989174 -0.146746 0
    outer loop
      vertex 48.7856 13.2786 10.2
      vertex 48.7964 13.2058 8
      vertex 48.7964 13.2058 10.2
    endloop
  endfacet
  facet normal -0.857853 -0.513896 0
    outer loop
      vertex 48.7114 13.4859 8
      vertex 48.6736 13.549 10.2
      vertex 48.6736 13.549 8
    endloop
  endfacet
  facet normal -0.857853 -0.513896 0
    outer loop
      vertex 48.6736 13.549 10.2
      vertex 48.7114 13.4859 8
      vertex 48.7114 13.4859 10.2
    endloop
  endfacet
  facet normal -0.803413 -0.595423 0
    outer loop
      vertex 48.6736 13.549 8
      vertex 48.6298 13.6081 10.2
      vertex 48.6298 13.6081 8
    endloop
  endfacet
  facet normal -0.803413 -0.595423 0
    outer loop
      vertex 48.6298 13.6081 10.2
      vertex 48.6736 13.549 8
      vertex 48.6736 13.549 10.2
    endloop
  endfacet
  facet normal -0.903986 -0.427561 0
    outer loop
      vertex 48.7429 13.4193 8
      vertex 48.7114 13.4859 10.2
      vertex 48.7114 13.4859 8
    endloop
  endfacet
  facet normal -0.903986 -0.427561 0
    outer loop
      vertex 48.7114 13.4859 10.2
      vertex 48.7429 13.4193 8
      vertex 48.7429 13.4193 10.2
    endloop
  endfacet
  facet normal -0.243175 -0.969982 0
    outer loop
      vertex 48.1963 13.8679 8
      vertex 48.2677 13.85 10.2
      vertex 48.1963 13.8679 10.2
    endloop
  endfacet
  facet normal -0.243175 -0.969982 -0
    outer loop
      vertex 48.2677 13.85 10.2
      vertex 48.1963 13.8679 8
      vertex 48.2677 13.85 8
    endloop
  endfacet
  facet normal -0.336939 -0.941527 0
    outer loop
      vertex 48.2677 13.85 8
      vertex 48.337 13.8252 10.2
      vertex 48.2677 13.85 10.2
    endloop
  endfacet
  facet normal -0.336939 -0.941527 -0
    outer loop
      vertex 48.337 13.8252 10.2
      vertex 48.2677 13.85 8
      vertex 48.337 13.8252 8
    endloop
  endfacet
  facet normal -0.146746 -0.989174 0
    outer loop
      vertex 48.1235 13.8787 8
      vertex 48.1963 13.8679 10.2
      vertex 48.1235 13.8787 10.2
    endloop
  endfacet
  facet normal -0.146746 -0.989174 -0
    outer loop
      vertex 48.1963 13.8679 10.2
      vertex 48.1235 13.8787 8
      vertex 48.1963 13.8679 8
    endloop
  endfacet
  facet normal -0.595423 -0.803413 0
    outer loop
      vertex 48.4667 13.7559 8
      vertex 48.5258 13.7121 10.2
      vertex 48.4667 13.7559 10.2
    endloop
  endfacet
  facet normal -0.595423 -0.803413 -0
    outer loop
      vertex 48.5258 13.7121 10.2
      vertex 48.4667 13.7559 8
      vertex 48.5258 13.7121 8
    endloop
  endfacet
  facet normal -0.513297 -0.858211 0
    outer loop
      vertex 48.4035 13.7937 8
      vertex 48.4667 13.7559 10.2
      vertex 48.4035 13.7937 10.2
    endloop
  endfacet
  facet normal -0.513297 -0.858211 -0
    outer loop
      vertex 48.4667 13.7559 10.2
      vertex 48.4035 13.7937 8
      vertex 48.4667 13.7559 8
    endloop
  endfacet
  facet normal -0.672335 -0.740247 0
    outer loop
      vertex 48.5258 13.7121 8
      vertex 48.5803 13.6626 10.2
      vertex 48.5258 13.7121 10.2
    endloop
  endfacet
  facet normal -0.672335 -0.740247 -0
    outer loop
      vertex 48.5803 13.6626 10.2
      vertex 48.5258 13.7121 8
      vertex 48.5803 13.6626 8
    endloop
  endfacet
  facet normal 0.969982 -0.243175 0
    outer loop
      vertex 47.3144 13.2786 10.2
      vertex 47.3323 13.35 8
      vertex 47.3323 13.35 10.2
    endloop
  endfacet
  facet normal 0.969982 -0.243175 0
    outer loop
      vertex 47.3323 13.35 8
      vertex 47.3144 13.2786 10.2
      vertex 47.3144 13.2786 8
    endloop
  endfacet
  facet normal 0.903986 -0.427561 0
    outer loop
      vertex 47.3571 13.4193 10.2
      vertex 47.3886 13.4859 8
      vertex 47.3886 13.4859 10.2
    endloop
  endfacet
  facet normal 0.903986 -0.427561 0
    outer loop
      vertex 47.3886 13.4859 8
      vertex 47.3571 13.4193 10.2
      vertex 47.3571 13.4193 8
    endloop
  endfacet
  facet normal 0.989174 -0.146746 0
    outer loop
      vertex 47.3036 13.2058 10.2
      vertex 47.3144 13.2786 8
      vertex 47.3144 13.2786 10.2
    endloop
  endfacet
  facet normal 0.989174 -0.146746 0
    outer loop
      vertex 47.3144 13.2786 8
      vertex 47.3036 13.2058 10.2
      vertex 47.3036 13.2058 8
    endloop
  endfacet
  facet normal 0.513297 -0.858211 0
    outer loop
      vertex 47.6333 13.7559 8
      vertex 47.6965 13.7937 10.2
      vertex 47.6333 13.7559 10.2
    endloop
  endfacet
  facet normal 0.513297 -0.858211 0
    outer loop
      vertex 47.6965 13.7937 10.2
      vertex 47.6333 13.7559 8
      vertex 47.6965 13.7937 8
    endloop
  endfacet
  facet normal 0.595423 -0.803413 0
    outer loop
      vertex 47.5742 13.7121 8
      vertex 47.6333 13.7559 10.2
      vertex 47.5742 13.7121 10.2
    endloop
  endfacet
  facet normal 0.595423 -0.803413 0
    outer loop
      vertex 47.6333 13.7559 10.2
      vertex 47.5742 13.7121 8
      vertex 47.6333 13.7559 8
    endloop
  endfacet
  facet normal 0.0489209 -0.998803 0
    outer loop
      vertex 47.9765 13.8787 8
      vertex 48.05 13.8823 10.2
      vertex 47.9765 13.8787 10.2
    endloop
  endfacet
  facet normal 0.0489209 -0.998803 0
    outer loop
      vertex 48.05 13.8823 10.2
      vertex 47.9765 13.8787 8
      vertex 48.05 13.8823 8
    endloop
  endfacet
  facet normal -0.0489209 0.998803 0
    outer loop
      vertex 48.1235 12.3859 8
      vertex 48.05 12.3823 10.2
      vertex 48.1235 12.3859 10.2
    endloop
  endfacet
  facet normal -0.0489209 0.998803 0
    outer loop
      vertex 48.05 12.3823 10.2
      vertex 48.1235 12.3859 8
      vertex 48.05 12.3823 8
    endloop
  endfacet
  facet normal -0.428086 0.903738 0
    outer loop
      vertex 48.4035 12.4709 8
      vertex 48.337 12.4394 10.2
      vertex 48.4035 12.4709 10.2
    endloop
  endfacet
  facet normal -0.428086 0.903738 0
    outer loop
      vertex 48.337 12.4394 10.2
      vertex 48.4035 12.4709 8
      vertex 48.337 12.4394 8
    endloop
  endfacet
  facet normal -0.596299 0.802762 0
    outer loop
      vertex 48.5258 12.5526 8
      vertex 48.4667 12.5087 10.2
      vertex 48.5258 12.5526 10.2
    endloop
  endfacet
  facet normal -0.596299 0.802762 0
    outer loop
      vertex 48.4667 12.5087 10.2
      vertex 48.5258 12.5526 8
      vertex 48.4667 12.5087 8
    endloop
  endfacet
  facet normal -0.740247 0.672335 0
    outer loop
      vertex 48.5803 12.602 8
      vertex 48.6298 12.6565 10.2
      vertex 48.6298 12.6565 8
    endloop
  endfacet
  facet normal -0.740247 0.672335 0
    outer loop
      vertex 48.6298 12.6565 10.2
      vertex 48.5803 12.602 8
      vertex 48.5803 12.602 10.2
    endloop
  endfacet
  facet normal -0.803413 0.595423 0
    outer loop
      vertex 48.6298 12.6565 8
      vertex 48.6736 12.7156 10.2
      vertex 48.6736 12.7156 8
    endloop
  endfacet
  facet normal -0.803413 0.595423 0
    outer loop
      vertex 48.6736 12.7156 10.2
      vertex 48.6298 12.6565 8
      vertex 48.6298 12.6565 10.2
    endloop
  endfacet
  facet normal 0.671589 0.740924 -0
    outer loop
      vertex 47.5742 12.5526 8
      vertex 47.5197 12.602 10.2
      vertex 47.5742 12.5526 10.2
    endloop
  endfacet
  facet normal 0.671589 0.740924 0
    outer loop
      vertex 47.5197 12.602 10.2
      vertex 47.5742 12.5526 8
      vertex 47.5197 12.602 8
    endloop
  endfacet
  facet normal 0.596299 0.802762 -0
    outer loop
      vertex 47.6333 12.5087 8
      vertex 47.5742 12.5526 10.2
      vertex 47.6333 12.5087 10.2
    endloop
  endfacet
  facet normal 0.596299 0.802762 0
    outer loop
      vertex 47.5742 12.5526 10.2
      vertex 47.6333 12.5087 8
      vertex 47.5742 12.5526 8
    endloop
  endfacet
  facet normal 0.513297 0.858211 -0
    outer loop
      vertex 47.6965 12.4709 8
      vertex 47.6333 12.5087 10.2
      vertex 47.6965 12.4709 10.2
    endloop
  endfacet
  facet normal 0.513297 0.858211 0
    outer loop
      vertex 47.6333 12.5087 10.2
      vertex 47.6965 12.4709 8
      vertex 47.6333 12.5087 8
    endloop
  endfacet
  facet normal 0.146746 0.989174 -0
    outer loop
      vertex 47.9765 12.3859 8
      vertex 47.9037 12.3967 10.2
      vertex 47.9765 12.3859 10.2
    endloop
  endfacet
  facet normal 0.146746 0.989174 0
    outer loop
      vertex 47.9037 12.3967 10.2
      vertex 47.9765 12.3859 8
      vertex 47.9037 12.3967 8
    endloop
  endfacet
  facet normal 0.903738 0.428086 0
    outer loop
      vertex 47.3886 12.7788 10.2
      vertex 47.3571 12.8453 8
      vertex 47.3571 12.8453 10.2
    endloop
  endfacet
  facet normal 0.903738 0.428086 0
    outer loop
      vertex 47.3571 12.8453 8
      vertex 47.3886 12.7788 10.2
      vertex 47.3886 12.7788 8
    endloop
  endfacet
  facet normal 0.858211 0.513297 0
    outer loop
      vertex 47.4264 12.7156 10.2
      vertex 47.3886 12.7788 8
      vertex 47.3886 12.7788 10.2
    endloop
  endfacet
  facet normal 0.858211 0.513297 0
    outer loop
      vertex 47.3886 12.7788 8
      vertex 47.4264 12.7156 10.2
      vertex 47.4264 12.7156 8
    endloop
  endfacet
  facet normal 0.941527 0.336939 0
    outer loop
      vertex 47.3571 12.8453 10.2
      vertex 47.3323 12.9146 8
      vertex 47.3323 12.9146 10.2
    endloop
  endfacet
  facet normal 0.941527 0.336939 0
    outer loop
      vertex 47.3323 12.9146 8
      vertex 47.3571 12.8453 10.2
      vertex 47.3571 12.8453 8
    endloop
  endfacet
  facet normal 0.998803 0.0489209 0
    outer loop
      vertex 47.3036 13.0588 10.2
      vertex 47.3 13.1323 8
      vertex 47.3 13.1323 10.2
    endloop
  endfacet
  facet normal 0.998803 0.0489209 0
    outer loop
      vertex 47.3 13.1323 8
      vertex 47.3036 13.0588 10.2
      vertex 47.3036 13.0588 8
    endloop
  endfacet
  facet normal 0.740247 -0.672335 0
    outer loop
      vertex 47.4702 13.6081 10.2
      vertex 47.5197 13.6626 8
      vertex 47.5197 13.6626 10.2
    endloop
  endfacet
  facet normal 0.740247 -0.672335 0
    outer loop
      vertex 47.5197 13.6626 8
      vertex 47.4702 13.6081 10.2
      vertex 47.4702 13.6081 8
    endloop
  endfacet
  facet normal 0.941527 -0.336939 0
    outer loop
      vertex 47.3323 13.35 10.2
      vertex 47.3571 13.4193 8
      vertex 47.3571 13.4193 10.2
    endloop
  endfacet
  facet normal 0.941527 -0.336939 0
    outer loop
      vertex 47.3571 13.4193 8
      vertex 47.3323 13.35 10.2
      vertex 47.3323 13.35 8
    endloop
  endfacet
  facet normal 0.428086 -0.903738 0
    outer loop
      vertex 47.6965 13.7937 8
      vertex 47.763 13.8252 10.2
      vertex 47.6965 13.7937 10.2
    endloop
  endfacet
  facet normal 0.428086 -0.903738 0
    outer loop
      vertex 47.763 13.8252 10.2
      vertex 47.6965 13.7937 8
      vertex 47.763 13.8252 8
    endloop
  endfacet
  facet normal 0.243175 -0.969982 0
    outer loop
      vertex 47.8323 13.85 8
      vertex 47.9037 13.8679 10.2
      vertex 47.8323 13.85 10.2
    endloop
  endfacet
  facet normal 0.243175 -0.969982 0
    outer loop
      vertex 47.9037 13.8679 10.2
      vertex 47.8323 13.85 8
      vertex 47.9037 13.8679 8
    endloop
  endfacet
  facet normal -0.146746 0.989174 0
    outer loop
      vertex 48.1963 12.3967 8
      vertex 48.1235 12.3859 10.2
      vertex 48.1963 12.3967 10.2
    endloop
  endfacet
  facet normal -0.146746 0.989174 0
    outer loop
      vertex 48.1235 12.3859 10.2
      vertex 48.1963 12.3967 8
      vertex 48.1235 12.3859 8
    endloop
  endfacet
  facet normal -0.336939 0.941527 0
    outer loop
      vertex 48.337 12.4394 8
      vertex 48.2677 12.4146 10.2
      vertex 48.337 12.4394 10.2
    endloop
  endfacet
  facet normal -0.336939 0.941527 0
    outer loop
      vertex 48.2677 12.4146 10.2
      vertex 48.337 12.4394 8
      vertex 48.2677 12.4146 8
    endloop
  endfacet
  facet normal -0.513297 0.858211 0
    outer loop
      vertex 48.4667 12.5087 8
      vertex 48.4035 12.4709 10.2
      vertex 48.4667 12.5087 10.2
    endloop
  endfacet
  facet normal -0.513297 0.858211 0
    outer loop
      vertex 48.4035 12.4709 10.2
      vertex 48.4667 12.5087 8
      vertex 48.4035 12.4709 8
    endloop
  endfacet
  facet normal -0.941527 0.336939 0
    outer loop
      vertex 48.7429 12.8453 8
      vertex 48.7677 12.9146 10.2
      vertex 48.7677 12.9146 8
    endloop
  endfacet
  facet normal -0.941527 0.336939 0
    outer loop
      vertex 48.7677 12.9146 10.2
      vertex 48.7429 12.8453 8
      vertex 48.7429 12.8453 10.2
    endloop
  endfacet
  facet normal -0.903738 0.428086 0
    outer loop
      vertex 48.7114 12.7788 8
      vertex 48.7429 12.8453 10.2
      vertex 48.7429 12.8453 8
    endloop
  endfacet
  facet normal -0.903738 0.428086 0
    outer loop
      vertex 48.7429 12.8453 10.2
      vertex 48.7114 12.7788 8
      vertex 48.7114 12.7788 10.2
    endloop
  endfacet
  facet normal -0.989174 0.146746 0
    outer loop
      vertex 48.7856 12.986 8
      vertex 48.7964 13.0588 10.2
      vertex 48.7964 13.0588 8
    endloop
  endfacet
  facet normal -0.989174 0.146746 0
    outer loop
      vertex 48.7964 13.0588 10.2
      vertex 48.7856 12.986 8
      vertex 48.7856 12.986 10.2
    endloop
  endfacet
  facet normal -0.998803 0.0489209 0
    outer loop
      vertex 48.7964 13.0588 8
      vertex 48.8 13.1323 10.2
      vertex 48.8 13.1323 8
    endloop
  endfacet
  facet normal -0.998803 0.0489209 0
    outer loop
      vertex 48.8 13.1323 10.2
      vertex 48.7964 13.0588 8
      vertex 48.7964 13.0588 10.2
    endloop
  endfacet
  facet normal 0.428086 0.903738 -0
    outer loop
      vertex 47.763 12.4394 8
      vertex 47.6965 12.4709 10.2
      vertex 47.763 12.4394 10.2
    endloop
  endfacet
  facet normal 0.428086 0.903738 0
    outer loop
      vertex 47.6965 12.4709 10.2
      vertex 47.763 12.4394 8
      vertex 47.6965 12.4709 8
    endloop
  endfacet
  facet normal 0.243175 0.969982 -0
    outer loop
      vertex 47.9037 12.3967 8
      vertex 47.8323 12.4146 10.2
      vertex 47.9037 12.3967 10.2
    endloop
  endfacet
  facet normal 0.243175 0.969982 0
    outer loop
      vertex 47.8323 12.4146 10.2
      vertex 47.9037 12.3967 8
      vertex 47.8323 12.4146 8
    endloop
  endfacet
  facet normal 0.0489209 0.998803 -0
    outer loop
      vertex 48.05 12.3823 8
      vertex 47.9765 12.3859 10.2
      vertex 48.05 12.3823 10.2
    endloop
  endfacet
  facet normal 0.0489209 0.998803 0
    outer loop
      vertex 47.9765 12.3859 10.2
      vertex 48.05 12.3823 8
      vertex 47.9765 12.3859 8
    endloop
  endfacet
  facet normal 0.740247 0.672335 0
    outer loop
      vertex 47.5197 12.602 10.2
      vertex 47.4702 12.6565 8
      vertex 47.4702 12.6565 10.2
    endloop
  endfacet
  facet normal 0.740247 0.672335 0
    outer loop
      vertex 47.4702 12.6565 8
      vertex 47.5197 12.602 10.2
      vertex 47.5197 12.602 8
    endloop
  endfacet
  facet normal 0.989174 0.146746 0
    outer loop
      vertex 47.3144 12.986 10.2
      vertex 47.3036 13.0588 8
      vertex 47.3036 13.0588 10.2
    endloop
  endfacet
  facet normal 0.989174 0.146746 0
    outer loop
      vertex 47.3036 13.0588 8
      vertex 47.3144 12.986 10.2
      vertex 47.3144 12.986 8
    endloop
  endfacet
  facet normal -0.595684 -0.803219 0
    outer loop
      vertex 6.41668 6.74776 8
      vertex 6.51127 6.67761 8.4
      vertex 6.41668 6.74776 8.4
    endloop
  endfacet
  facet normal -0.595684 -0.803219 -0
    outer loop
      vertex 6.51127 6.67761 8.4
      vertex 6.41668 6.74776 8
      vertex 6.51127 6.67761 8
    endloop
  endfacet
  facet normal 0.427542 -0.903995 0
    outer loop
      vertex 5.18432 6.8083 8
      vertex 5.29078 6.85865 8.4
      vertex 5.18432 6.8083 8.4
    endloop
  endfacet
  facet normal 0.427542 -0.903995 0
    outer loop
      vertex 5.29078 6.85865 8.4
      vertex 5.18432 6.8083 8
      vertex 5.29078 6.85865 8
    endloop
  endfacet
  facet normal 0.941553 -0.336864 0
    outer loop
      vertex 4.60167 6.09834 8.4
      vertex 4.64134 6.20922 8
      vertex 4.64134 6.20922 8.4
    endloop
  endfacet
  facet normal 0.941553 -0.336864 0
    outer loop
      vertex 4.64134 6.20922 8
      vertex 4.60167 6.09834 8.4
      vertex 4.60167 6.09834 8
    endloop
  endfacet
  facet normal -0.998795 0.0490821 0
    outer loop
      vertex 6.94422 5.63238 8
      vertex 6.95 5.75 8.4
      vertex 6.95 5.75 8
    endloop
  endfacet
  facet normal -0.998795 0.0490821 0
    outer loop
      vertex 6.95 5.75 8.4
      vertex 6.94422 5.63238 8
      vertex 6.94422 5.63238 8.4
    endloop
  endfacet
  facet normal -0.903995 -0.427542 0
    outer loop
      vertex 6.85865 6.20922 8
      vertex 6.8083 6.31568 8.4
      vertex 6.8083 6.31568 8
    endloop
  endfacet
  facet normal -0.903995 -0.427542 0
    outer loop
      vertex 6.8083 6.31568 8.4
      vertex 6.85865 6.20922 8
      vertex 6.85865 6.20922 8.4
    endloop
  endfacet
  facet normal -0.857718 -0.514121 0
    outer loop
      vertex 6.8083 6.31568 8
      vertex 6.74776 6.41668 8.4
      vertex 6.74776 6.41668 8
    endloop
  endfacet
  facet normal -0.857718 -0.514121 0
    outer loop
      vertex 6.74776 6.41668 8.4
      vertex 6.8083 6.31568 8
      vertex 6.8083 6.31568 8.4
    endloop
  endfacet
  facet normal -0.336939 -0.941527 0
    outer loop
      vertex 6.09834 6.89833 8
      vertex 6.20922 6.85865 8.4
      vertex 6.09834 6.89833 8.4
    endloop
  endfacet
  facet normal -0.336939 -0.941527 -0
    outer loop
      vertex 6.20922 6.85865 8.4
      vertex 6.09834 6.89833 8
      vertex 6.20922 6.85865 8
    endloop
  endfacet
  facet normal 0.803219 -0.595684 0
    outer loop
      vertex 4.75224 6.41668 8.4
      vertex 4.82239 6.51127 8
      vertex 4.82239 6.51127 8.4
    endloop
  endfacet
  facet normal 0.803219 -0.595684 0
    outer loop
      vertex 4.82239 6.51127 8
      vertex 4.75224 6.41668 8.4
      vertex 4.75224 6.41668 8
    endloop
  endfacet
  facet normal 0.242955 -0.970038 0
    outer loop
      vertex 5.40166 6.89833 8
      vertex 5.51589 6.92694 8.4
      vertex 5.40166 6.89833 8.4
    endloop
  endfacet
  facet normal 0.242955 -0.970038 0
    outer loop
      vertex 5.51589 6.92694 8.4
      vertex 5.40166 6.89833 8
      vertex 5.51589 6.92694 8
    endloop
  endfacet
  facet normal -0.941527 0.336939 0
    outer loop
      vertex 6.85865 5.29078 8
      vertex 6.89833 5.40166 8.4
      vertex 6.89833 5.40166 8
    endloop
  endfacet
  facet normal -0.941527 0.336939 0
    outer loop
      vertex 6.89833 5.40166 8.4
      vertex 6.85865 5.29078 8
      vertex 6.85865 5.29078 8.4
    endloop
  endfacet
  facet normal 0.0490821 0.998795 -0
    outer loop
      vertex 5.75 4.55 8
      vertex 5.63238 4.55578 8.4
      vertex 5.75 4.55 8.4
    endloop
  endfacet
  facet normal 0.0490821 0.998795 0
    outer loop
      vertex 5.63238 4.55578 8.4
      vertex 5.75 4.55 8
      vertex 5.63238 4.55578 8
    endloop
  endfacet
  facet normal 0.595725 0.803188 -0
    outer loop
      vertex 5.08331 4.75224 8
      vertex 4.98873 4.82239 8.4
      vertex 5.08331 4.75224 8.4
    endloop
  endfacet
  facet normal 0.595725 0.803188 0
    outer loop
      vertex 4.98873 4.82239 8.4
      vertex 5.08331 4.75224 8
      vertex 4.98873 4.82239 8
    endloop
  endfacet
  facet normal 0.970038 0.242955 0
    outer loop
      vertex 4.60167 5.40166 8.4
      vertex 4.57306 5.51589 8
      vertex 4.57306 5.51589 8.4
    endloop
  endfacet
  facet normal 0.970038 0.242955 0
    outer loop
      vertex 4.57306 5.51589 8
      vertex 4.60167 5.40166 8.4
      vertex 4.60167 5.40166 8
    endloop
  endfacet
  facet normal -0.970038 -0.242955 0
    outer loop
      vertex 6.92694 5.98411 8
      vertex 6.89833 6.09834 8.4
      vertex 6.89833 6.09834 8
    endloop
  endfacet
  facet normal -0.970038 -0.242955 0
    outer loop
      vertex 6.89833 6.09834 8.4
      vertex 6.92694 5.98411 8
      vertex 6.92694 5.98411 8.4
    endloop
  endfacet
  facet normal -0.941527 -0.336939 0
    outer loop
      vertex 6.89833 6.09834 8
      vertex 6.85865 6.20922 8.4
      vertex 6.85865 6.20922 8
    endloop
  endfacet
  facet normal -0.941527 -0.336939 0
    outer loop
      vertex 6.85865 6.20922 8.4
      vertex 6.89833 6.09834 8
      vertex 6.89833 6.09834 8.4
    endloop
  endfacet
  facet normal -0.740984 -0.671522 0
    outer loop
      vertex 6.67761 6.51127 8
      vertex 6.59853 6.59853 8.4
      vertex 6.59853 6.59853 8
    endloop
  endfacet
  facet normal -0.740984 -0.671522 0
    outer loop
      vertex 6.59853 6.59853 8.4
      vertex 6.67761 6.51127 8
      vertex 6.67761 6.51127 8.4
    endloop
  endfacet
  facet normal -0.803219 -0.595684 0
    outer loop
      vertex 6.74776 6.41668 8
      vertex 6.67761 6.51127 8.4
      vertex 6.67761 6.51127 8
    endloop
  endfacet
  facet normal -0.803219 -0.595684 0
    outer loop
      vertex 6.67761 6.51127 8.4
      vertex 6.74776 6.41668 8
      vertex 6.74776 6.41668 8.4
    endloop
  endfacet
  facet normal -0.671522 -0.740984 0
    outer loop
      vertex 6.51127 6.67761 8
      vertex 6.59853 6.59853 8.4
      vertex 6.51127 6.67761 8.4
    endloop
  endfacet
  facet normal -0.671522 -0.740984 -0
    outer loop
      vertex 6.59853 6.59853 8.4
      vertex 6.51127 6.67761 8
      vertex 6.59853 6.59853 8
    endloop
  endfacet
  facet normal -0.514121 -0.857718 0
    outer loop
      vertex 6.31568 6.8083 8
      vertex 6.41668 6.74776 8.4
      vertex 6.31568 6.8083 8.4
    endloop
  endfacet
  facet normal -0.514121 -0.857718 -0
    outer loop
      vertex 6.41668 6.74776 8.4
      vertex 6.31568 6.8083 8
      vertex 6.41668 6.74776 8
    endloop
  endfacet
  facet normal 0.0490821 -0.998795 0
    outer loop
      vertex 5.63238 6.94422 8
      vertex 5.75 6.95 8.4
      vertex 5.63238 6.94422 8.4
    endloop
  endfacet
  facet normal 0.0490821 -0.998795 0
    outer loop
      vertex 5.75 6.95 8.4
      vertex 5.63238 6.94422 8
      vertex 5.75 6.95 8
    endloop
  endfacet
  facet normal -0.427542 -0.903995 0
    outer loop
      vertex 6.20922 6.85865 8
      vertex 6.31568 6.8083 8.4
      vertex 6.20922 6.85865 8.4
    endloop
  endfacet
  facet normal -0.427542 -0.903995 -0
    outer loop
      vertex 6.31568 6.8083 8.4
      vertex 6.20922 6.85865 8
      vertex 6.31568 6.8083 8
    endloop
  endfacet
  facet normal -0.242955 -0.970038 0
    outer loop
      vertex 5.98411 6.92694 8
      vertex 6.09834 6.89833 8.4
      vertex 5.98411 6.92694 8.4
    endloop
  endfacet
  facet normal -0.242955 -0.970038 -0
    outer loop
      vertex 6.09834 6.89833 8.4
      vertex 5.98411 6.92694 8
      vertex 6.09834 6.89833 8
    endloop
  endfacet
  facet normal -0.146733 -0.989176 0
    outer loop
      vertex 5.86762 6.94422 8
      vertex 5.98411 6.92694 8.4
      vertex 5.86762 6.94422 8.4
    endloop
  endfacet
  facet normal -0.146733 -0.989176 -0
    outer loop
      vertex 5.98411 6.92694 8.4
      vertex 5.86762 6.94422 8
      vertex 5.98411 6.92694 8
    endloop
  endfacet
  facet normal 0.998795 0.0490821 0
    outer loop
      vertex 4.55578 5.63238 8.4
      vertex 4.55 5.75 8
      vertex 4.55 5.75 8.4
    endloop
  endfacet
  facet normal 0.998795 0.0490821 0
    outer loop
      vertex 4.55 5.75 8
      vertex 4.55578 5.63238 8.4
      vertex 4.55578 5.63238 8
    endloop
  endfacet
  facet normal 0.970038 -0.242955 0
    outer loop
      vertex 4.57306 5.98411 8.4
      vertex 4.60167 6.09834 8
      vertex 4.60167 6.09834 8.4
    endloop
  endfacet
  facet normal 0.970038 -0.242955 0
    outer loop
      vertex 4.60167 6.09834 8
      vertex 4.57306 5.98411 8.4
      vertex 4.57306 5.98411 8
    endloop
  endfacet
  facet normal 0.989176 -0.146733 0
    outer loop
      vertex 4.55578 5.86762 8.4
      vertex 4.57306 5.98411 8
      vertex 4.57306 5.98411 8.4
    endloop
  endfacet
  facet normal 0.989176 -0.146733 0
    outer loop
      vertex 4.57306 5.98411 8
      vertex 4.55578 5.86762 8.4
      vertex 4.55578 5.86762 8
    endloop
  endfacet
  facet normal 0.903995 -0.427542 0
    outer loop
      vertex 4.64134 6.20922 8.4
      vertex 4.69169 6.31568 8
      vertex 4.69169 6.31568 8.4
    endloop
  endfacet
  facet normal 0.903995 -0.427542 0
    outer loop
      vertex 4.69169 6.31568 8
      vertex 4.64134 6.20922 8.4
      vertex 4.64134 6.20922 8
    endloop
  endfacet
  facet normal 0.85768 -0.514184 0
    outer loop
      vertex 4.69169 6.31568 8.4
      vertex 4.75224 6.41668 8
      vertex 4.75224 6.41668 8.4
    endloop
  endfacet
  facet normal 0.85768 -0.514184 0
    outer loop
      vertex 4.75224 6.41668 8
      vertex 4.69169 6.31568 8.4
      vertex 4.69169 6.31568 8
    endloop
  endfacet
  facet normal 0.336939 -0.941527 0
    outer loop
      vertex 5.29078 6.85865 8
      vertex 5.40166 6.89833 8.4
      vertex 5.29078 6.85865 8.4
    endloop
  endfacet
  facet normal 0.336939 -0.941527 0
    outer loop
      vertex 5.40166 6.89833 8.4
      vertex 5.29078 6.85865 8
      vertex 5.40166 6.89833 8
    endloop
  endfacet
  facet normal 0.146733 -0.989176 0
    outer loop
      vertex 5.51589 6.92694 8
      vertex 5.63238 6.94422 8.4
      vertex 5.51589 6.92694 8.4
    endloop
  endfacet
  facet normal 0.146733 -0.989176 0
    outer loop
      vertex 5.63238 6.94422 8.4
      vertex 5.51589 6.92694 8
      vertex 5.63238 6.94422 8
    endloop
  endfacet
  facet normal 0.595725 -0.803188 0
    outer loop
      vertex 4.98873 6.67761 8
      vertex 5.08331 6.74776 8.4
      vertex 4.98873 6.67761 8.4
    endloop
  endfacet
  facet normal 0.595725 -0.803188 0
    outer loop
      vertex 5.08331 6.74776 8.4
      vertex 4.98873 6.67761 8
      vertex 5.08331 6.74776 8
    endloop
  endfacet
  facet normal 0.671522 -0.740984 0
    outer loop
      vertex 4.90147 6.59853 8
      vertex 4.98873 6.67761 8.4
      vertex 4.90147 6.59853 8.4
    endloop
  endfacet
  facet normal 0.671522 -0.740984 0
    outer loop
      vertex 4.98873 6.67761 8.4
      vertex 4.90147 6.59853 8
      vertex 4.98873 6.67761 8
    endloop
  endfacet
  facet normal 0.514084 -0.85774 0
    outer loop
      vertex 5.08331 6.74776 8
      vertex 5.18432 6.8083 8.4
      vertex 5.08331 6.74776 8.4
    endloop
  endfacet
  facet normal 0.514084 -0.85774 0
    outer loop
      vertex 5.18432 6.8083 8.4
      vertex 5.08331 6.74776 8
      vertex 5.18432 6.8083 8
    endloop
  endfacet
  facet normal 0.740984 -0.671522 0
    outer loop
      vertex 4.82239 6.51127 8.4
      vertex 4.90147 6.59853 8
      vertex 4.90147 6.59853 8.4
    endloop
  endfacet
  facet normal 0.740984 -0.671522 0
    outer loop
      vertex 4.90147 6.59853 8
      vertex 4.82239 6.51127 8.4
      vertex 4.82239 6.51127 8
    endloop
  endfacet
  facet normal -0.998795 -0.0490821 0
    outer loop
      vertex 6.95 5.75 8
      vertex 6.94422 5.86762 8.4
      vertex 6.94422 5.86762 8
    endloop
  endfacet
  facet normal -0.998795 -0.0490821 0
    outer loop
      vertex 6.94422 5.86762 8.4
      vertex 6.95 5.75 8
      vertex 6.95 5.75 8.4
    endloop
  endfacet
  facet normal -0.146733 0.989176 0
    outer loop
      vertex 5.98411 4.57306 8
      vertex 5.86762 4.55578 8.4
      vertex 5.98411 4.57306 8.4
    endloop
  endfacet
  facet normal -0.146733 0.989176 0
    outer loop
      vertex 5.86762 4.55578 8.4
      vertex 5.98411 4.57306 8
      vertex 5.86762 4.55578 8
    endloop
  endfacet
  facet normal -0.970038 0.242955 0
    outer loop
      vertex 6.89833 5.40166 8
      vertex 6.92694 5.51589 8.4
      vertex 6.92694 5.51589 8
    endloop
  endfacet
  facet normal -0.970038 0.242955 0
    outer loop
      vertex 6.92694 5.51589 8.4
      vertex 6.89833 5.40166 8
      vertex 6.89833 5.40166 8.4
    endloop
  endfacet
  facet normal -0.903995 0.427542 0
    outer loop
      vertex 6.8083 5.18432 8
      vertex 6.85865 5.29078 8.4
      vertex 6.85865 5.29078 8
    endloop
  endfacet
  facet normal -0.903995 0.427542 0
    outer loop
      vertex 6.85865 5.29078 8.4
      vertex 6.8083 5.18432 8
      vertex 6.8083 5.18432 8.4
    endloop
  endfacet
  facet normal -0.242955 0.970038 0
    outer loop
      vertex 6.09834 4.60167 8
      vertex 5.98411 4.57306 8.4
      vertex 6.09834 4.60167 8.4
    endloop
  endfacet
  facet normal -0.242955 0.970038 0
    outer loop
      vertex 5.98411 4.57306 8.4
      vertex 6.09834 4.60167 8
      vertex 5.98411 4.57306 8
    endloop
  endfacet
  facet normal -0.336864 0.941553 0
    outer loop
      vertex 6.20922 4.64134 8
      vertex 6.09834 4.60167 8.4
      vertex 6.20922 4.64134 8.4
    endloop
  endfacet
  facet normal -0.336864 0.941553 0
    outer loop
      vertex 6.09834 4.60167 8.4
      vertex 6.20922 4.64134 8
      vertex 6.09834 4.60167 8
    endloop
  endfacet
  facet normal -0.740984 0.671522 0
    outer loop
      vertex 6.59853 4.90147 8
      vertex 6.67761 4.98873 8.4
      vertex 6.67761 4.98873 8
    endloop
  endfacet
  facet normal -0.740984 0.671522 0
    outer loop
      vertex 6.67761 4.98873 8.4
      vertex 6.59853 4.90147 8
      vertex 6.59853 4.90147 8.4
    endloop
  endfacet
  facet normal -0.671522 0.740984 0
    outer loop
      vertex 6.59853 4.90147 8
      vertex 6.51127 4.82239 8.4
      vertex 6.59853 4.90147 8.4
    endloop
  endfacet
  facet normal -0.671522 0.740984 0
    outer loop
      vertex 6.51127 4.82239 8.4
      vertex 6.59853 4.90147 8
      vertex 6.51127 4.82239 8
    endloop
  endfacet
  facet normal -0.514184 0.85768 0
    outer loop
      vertex 6.41668 4.75224 8
      vertex 6.31568 4.69169 8.4
      vertex 6.41668 4.75224 8.4
    endloop
  endfacet
  facet normal -0.514184 0.85768 0
    outer loop
      vertex 6.31568 4.69169 8.4
      vertex 6.41668 4.75224 8
      vertex 6.31568 4.69169 8
    endloop
  endfacet
  facet normal -0.0490821 0.998795 0
    outer loop
      vertex 5.86762 4.55578 8
      vertex 5.75 4.55 8.4
      vertex 5.86762 4.55578 8.4
    endloop
  endfacet
  facet normal -0.0490821 0.998795 0
    outer loop
      vertex 5.75 4.55 8.4
      vertex 5.86762 4.55578 8
      vertex 5.75 4.55 8
    endloop
  endfacet
  facet normal 0.242955 0.970038 -0
    outer loop
      vertex 5.51589 4.57306 8
      vertex 5.40166 4.60167 8.4
      vertex 5.51589 4.57306 8.4
    endloop
  endfacet
  facet normal 0.242955 0.970038 0
    outer loop
      vertex 5.40166 4.60167 8.4
      vertex 5.51589 4.57306 8
      vertex 5.40166 4.60167 8
    endloop
  endfacet
  facet normal 0.427542 0.903995 -0
    outer loop
      vertex 5.29078 4.64134 8
      vertex 5.18432 4.69169 8.4
      vertex 5.29078 4.64134 8.4
    endloop
  endfacet
  facet normal 0.427542 0.903995 0
    outer loop
      vertex 5.18432 4.69169 8.4
      vertex 5.29078 4.64134 8
      vertex 5.18432 4.69169 8
    endloop
  endfacet
  facet normal 0.941553 0.336864 0
    outer loop
      vertex 4.64134 5.29078 8.4
      vertex 4.60167 5.40166 8
      vertex 4.60167 5.40166 8.4
    endloop
  endfacet
  facet normal 0.941553 0.336864 0
    outer loop
      vertex 4.60167 5.40166 8
      vertex 4.64134 5.29078 8.4
      vertex 4.64134 5.29078 8
    endloop
  endfacet
  facet normal 0.989176 0.146733 0
    outer loop
      vertex 4.57306 5.51589 8.4
      vertex 4.55578 5.63238 8
      vertex 4.55578 5.63238 8.4
    endloop
  endfacet
  facet normal 0.989176 0.146733 0
    outer loop
      vertex 4.55578 5.63238 8
      vertex 4.57306 5.51589 8.4
      vertex 4.57306 5.51589 8
    endloop
  endfacet
  facet normal 0.740984 0.671522 0
    outer loop
      vertex 4.90147 4.90147 8.4
      vertex 4.82239 4.98873 8
      vertex 4.82239 4.98873 8.4
    endloop
  endfacet
  facet normal 0.740984 0.671522 0
    outer loop
      vertex 4.82239 4.98873 8
      vertex 4.90147 4.90147 8.4
      vertex 4.90147 4.90147 8
    endloop
  endfacet
  facet normal 0.857703 0.514146 0
    outer loop
      vertex 4.75224 5.08331 8.4
      vertex 4.69169 5.18432 8
      vertex 4.69169 5.18432 8.4
    endloop
  endfacet
  facet normal 0.857703 0.514146 0
    outer loop
      vertex 4.69169 5.18432 8
      vertex 4.75224 5.08331 8.4
      vertex 4.75224 5.08331 8
    endloop
  endfacet
  facet normal 0.671522 0.740984 -0
    outer loop
      vertex 4.98873 4.82239 8
      vertex 4.90147 4.90147 8.4
      vertex 4.98873 4.82239 8.4
    endloop
  endfacet
  facet normal 0.671522 0.740984 0
    outer loop
      vertex 4.90147 4.90147 8.4
      vertex 4.98873 4.82239 8
      vertex 4.90147 4.90147 8
    endloop
  endfacet
  facet normal -0.989176 -0.146733 0
    outer loop
      vertex 6.94422 5.86762 8
      vertex 6.92694 5.98411 8.4
      vertex 6.92694 5.98411 8
    endloop
  endfacet
  facet normal -0.989176 -0.146733 0
    outer loop
      vertex 6.92694 5.98411 8.4
      vertex 6.94422 5.86762 8
      vertex 6.94422 5.86762 8.4
    endloop
  endfacet
  facet normal -0.0490821 -0.998795 0
    outer loop
      vertex 5.75 6.95 8
      vertex 5.86762 6.94422 8.4
      vertex 5.75 6.95 8.4
    endloop
  endfacet
  facet normal -0.0490821 -0.998795 -0
    outer loop
      vertex 5.86762 6.94422 8.4
      vertex 5.75 6.95 8
      vertex 5.86762 6.94422 8
    endloop
  endfacet
  facet normal 0.998795 -0.0490821 0
    outer loop
      vertex 4.55 5.75 8.4
      vertex 4.55578 5.86762 8
      vertex 4.55578 5.86762 8.4
    endloop
  endfacet
  facet normal 0.998795 -0.0490821 0
    outer loop
      vertex 4.55578 5.86762 8
      vertex 4.55 5.75 8.4
      vertex 4.55 5.75 8
    endloop
  endfacet
  facet normal -0.989176 0.146733 0
    outer loop
      vertex 6.92694 5.51589 8
      vertex 6.94422 5.63238 8.4
      vertex 6.94422 5.63238 8
    endloop
  endfacet
  facet normal -0.989176 0.146733 0
    outer loop
      vertex 6.94422 5.63238 8.4
      vertex 6.92694 5.51589 8
      vertex 6.92694 5.51589 8.4
    endloop
  endfacet
  facet normal -0.427542 0.903995 0
    outer loop
      vertex 6.31568 4.69169 8
      vertex 6.20922 4.64134 8.4
      vertex 6.31568 4.69169 8.4
    endloop
  endfacet
  facet normal -0.427542 0.903995 0
    outer loop
      vertex 6.20922 4.64134 8.4
      vertex 6.31568 4.69169 8
      vertex 6.20922 4.64134 8
    endloop
  endfacet
  facet normal -0.595684 0.803219 0
    outer loop
      vertex 6.51127 4.82239 8
      vertex 6.41668 4.75224 8.4
      vertex 6.51127 4.82239 8.4
    endloop
  endfacet
  facet normal -0.595684 0.803219 0
    outer loop
      vertex 6.41668 4.75224 8.4
      vertex 6.51127 4.82239 8
      vertex 6.41668 4.75224 8
    endloop
  endfacet
  facet normal 0.146733 0.989176 -0
    outer loop
      vertex 5.63238 4.55578 8
      vertex 5.51589 4.57306 8.4
      vertex 5.63238 4.55578 8.4
    endloop
  endfacet
  facet normal 0.146733 0.989176 0
    outer loop
      vertex 5.51589 4.57306 8.4
      vertex 5.63238 4.55578 8
      vertex 5.51589 4.57306 8
    endloop
  endfacet
  facet normal 0.336864 0.941553 -0
    outer loop
      vertex 5.40166 4.60167 8
      vertex 5.29078 4.64134 8.4
      vertex 5.40166 4.60167 8.4
    endloop
  endfacet
  facet normal 0.336864 0.941553 0
    outer loop
      vertex 5.29078 4.64134 8.4
      vertex 5.40166 4.60167 8
      vertex 5.29078 4.64134 8
    endloop
  endfacet
  facet normal 0.514146 0.857703 -0
    outer loop
      vertex 5.18432 4.69169 8
      vertex 5.08331 4.75224 8.4
      vertex 5.18432 4.69169 8.4
    endloop
  endfacet
  facet normal 0.514146 0.857703 0
    outer loop
      vertex 5.08331 4.75224 8.4
      vertex 5.18432 4.69169 8
      vertex 5.08331 4.75224 8
    endloop
  endfacet
  facet normal 0.903995 0.427542 0
    outer loop
      vertex 4.69169 5.18432 8.4
      vertex 4.64134 5.29078 8
      vertex 4.64134 5.29078 8.4
    endloop
  endfacet
  facet normal 0.903995 0.427542 0
    outer loop
      vertex 4.64134 5.29078 8
      vertex 4.69169 5.18432 8.4
      vertex 4.69169 5.18432 8
    endloop
  endfacet
  facet normal 0.803188 0.595725 0
    outer loop
      vertex 4.82239 4.98873 8.4
      vertex 4.75224 5.08331 8
      vertex 4.75224 5.08331 8.4
    endloop
  endfacet
  facet normal 0.803188 0.595725 0
    outer loop
      vertex 4.75224 5.08331 8
      vertex 4.82239 4.98873 8.4
      vertex 4.82239 4.98873 8
    endloop
  endfacet
  facet normal -0.85774 0.514084 0
    outer loop
      vertex 6.74776 5.08331 8
      vertex 6.8083 5.18432 8.4
      vertex 6.8083 5.18432 8
    endloop
  endfacet
  facet normal -0.85774 0.514084 0
    outer loop
      vertex 6.8083 5.18432 8.4
      vertex 6.74776 5.08331 8
      vertex 6.74776 5.08331 8.4
    endloop
  endfacet
  facet normal -0.803188 0.595725 0
    outer loop
      vertex 6.67761 4.98873 8
      vertex 6.74776 5.08331 8.4
      vertex 6.74776 5.08331 8
    endloop
  endfacet
  facet normal -0.803188 0.595725 0
    outer loop
      vertex 6.74776 5.08331 8.4
      vertex 6.67761 4.98873 8
      vertex 6.67761 4.98873 8.4
    endloop
  endfacet
  facet normal -0.998796 -0.0490567 0
    outer loop
      vertex 7.85 5.75 8.4
      vertex 7.83989 5.95584 10.2
      vertex 7.83989 5.95584 8.4
    endloop
  endfacet
  facet normal -0.998796 -0.0490567 0
    outer loop
      vertex 7.83989 5.95584 10.2
      vertex 7.85 5.75 8.4
      vertex 7.85 5.75 10.2
    endloop
  endfacet
  facet normal 0.0490567 -0.998796 0
    outer loop
      vertex 5.54416 7.83989 8.4
      vertex 5.75 7.85 10.2
      vertex 5.54416 7.83989 10.2
    endloop
  endfacet
  facet normal 0.0490567 -0.998796 0
    outer loop
      vertex 5.75 7.85 10.2
      vertex 5.54416 7.83989 8.4
      vertex 5.75 7.85 8.4
    endloop
  endfacet
  facet normal -0.671585 -0.740927 0
    outer loop
      vertex 7.08223 7.37332 8.4
      vertex 7.23492 7.23492 10.2
      vertex 7.08223 7.37332 10.2
    endloop
  endfacet
  facet normal -0.671585 -0.740927 -0
    outer loop
      vertex 7.23492 7.23492 10.2
      vertex 7.08223 7.37332 8.4
      vertex 7.23492 7.23492 8.4
    endloop
  endfacet
  facet normal 0.740927 -0.671585 0
    outer loop
      vertex 4.12668 7.08223 10.2
      vertex 4.26508 7.23492 8.4
      vertex 4.26508 7.23492 10.2
    endloop
  endfacet
  facet normal 0.740927 -0.671585 0
    outer loop
      vertex 4.26508 7.23492 8.4
      vertex 4.12668 7.08223 10.2
      vertex 4.12668 7.08223 8.4
    endloop
  endfacet
  facet normal 0.4276 -0.903968 0
    outer loop
      vertex 4.76007 7.60203 8.4
      vertex 4.94636 7.69015 10.2
      vertex 4.76007 7.60203 10.2
    endloop
  endfacet
  facet normal 0.4276 -0.903968 0
    outer loop
      vertex 4.94636 7.69015 10.2
      vertex 4.76007 7.60203 8.4
      vertex 4.94636 7.69015 8.4
    endloop
  endfacet
  facet normal -0.903977 -0.427582 0
    outer loop
      vertex 7.69015 6.55363 8.4
      vertex 7.60203 6.73993 10.2
      vertex 7.60203 6.73993 8.4
    endloop
  endfacet
  facet normal -0.903977 -0.427582 0
    outer loop
      vertex 7.60203 6.73993 10.2
      vertex 7.69015 6.55363 8.4
      vertex 7.69015 6.55363 10.2
    endloop
  endfacet
  facet normal -0.336868 -0.941552 0
    outer loop
      vertex 6.3596 7.75957 8.4
      vertex 6.55363 7.69015 10.2
      vertex 6.3596 7.75957 10.2
    endloop
  endfacet
  facet normal -0.336868 -0.941552 -0
    outer loop
      vertex 6.55363 7.69015 10.2
      vertex 6.3596 7.75957 8.4
      vertex 6.55363 7.69015 8.4
    endloop
  endfacet
  facet normal -0.51406 -0.857754 0
    outer loop
      vertex 6.73993 7.60203 8.4
      vertex 6.9167 7.49609 10.2
      vertex 6.73993 7.60203 10.2
    endloop
  endfacet
  facet normal -0.51406 -0.857754 -0
    outer loop
      vertex 6.9167 7.49609 10.2
      vertex 6.73993 7.60203 8.4
      vertex 6.9167 7.49609 8.4
    endloop
  endfacet
  facet normal 0.941552 -0.336868 0
    outer loop
      vertex 3.74043 6.3596 10.2
      vertex 3.80985 6.55363 8.4
      vertex 3.80985 6.55363 10.2
    endloop
  endfacet
  facet normal 0.941552 -0.336868 0
    outer loop
      vertex 3.80985 6.55363 8.4
      vertex 3.74043 6.3596 10.2
      vertex 3.74043 6.3596 8.4
    endloop
  endfacet
  facet normal 0.243004 -0.970025 0
    outer loop
      vertex 5.1404 7.75957 8.4
      vertex 5.34031 7.80965 10.2
      vertex 5.1404 7.75957 10.2
    endloop
  endfacet
  facet normal 0.243004 -0.970025 0
    outer loop
      vertex 5.34031 7.80965 10.2
      vertex 5.1404 7.75957 8.4
      vertex 5.34031 7.80965 8.4
    endloop
  endfacet
  facet normal 0.671585 0.740927 -0
    outer loop
      vertex 4.41777 4.12668 8.4
      vertex 4.26508 4.26508 10.2
      vertex 4.41777 4.12668 10.2
    endloop
  endfacet
  facet normal 0.671585 0.740927 0
    outer loop
      vertex 4.26508 4.26508 10.2
      vertex 4.41777 4.12668 8.4
      vertex 4.26508 4.26508 8.4
    endloop
  endfacet
  facet normal 0.903987 0.427561 0
    outer loop
      vertex 3.89796 4.76007 10.2
      vertex 3.80985 4.94636 8.4
      vertex 3.80985 4.94636 10.2
    endloop
  endfacet
  facet normal 0.903987 0.427561 0
    outer loop
      vertex 3.80985 4.94636 8.4
      vertex 3.89796 4.76007 10.2
      vertex 3.89796 4.76007 8.4
    endloop
  endfacet
  facet normal -0.970025 -0.243004 0
    outer loop
      vertex 7.80965 6.15969 8.4
      vertex 7.75957 6.3596 10.2
      vertex 7.75957 6.3596 8.4
    endloop
  endfacet
  facet normal -0.970025 -0.243004 0
    outer loop
      vertex 7.75957 6.3596 10.2
      vertex 7.80965 6.15969 8.4
      vertex 7.80965 6.15969 10.2
    endloop
  endfacet
  facet normal -0.989175 -0.146739 0
    outer loop
      vertex 7.83989 5.95584 8.4
      vertex 7.80965 6.15969 10.2
      vertex 7.80965 6.15969 8.4
    endloop
  endfacet
  facet normal -0.989175 -0.146739 0
    outer loop
      vertex 7.80965 6.15969 10.2
      vertex 7.83989 5.95584 8.4
      vertex 7.83989 5.95584 10.2
    endloop
  endfacet
  facet normal -0.941552 -0.336868 0
    outer loop
      vertex 7.75957 6.3596 8.4
      vertex 7.69015 6.55363 10.2
      vertex 7.69015 6.55363 8.4
    endloop
  endfacet
  facet normal -0.941552 -0.336868 0
    outer loop
      vertex 7.69015 6.55363 10.2
      vertex 7.75957 6.3596 8.4
      vertex 7.75957 6.3596 10.2
    endloop
  endfacet
  facet normal -0.803197 -0.595714 0
    outer loop
      vertex 7.49609 6.9167 8.4
      vertex 7.37332 7.08223 10.2
      vertex 7.37332 7.08223 8.4
    endloop
  endfacet
  facet normal -0.803197 -0.595714 0
    outer loop
      vertex 7.37332 7.08223 10.2
      vertex 7.49609 6.9167 8.4
      vertex 7.49609 6.9167 10.2
    endloop
  endfacet
  facet normal -0.740927 -0.671585 0
    outer loop
      vertex 7.37332 7.08223 8.4
      vertex 7.23492 7.23492 10.2
      vertex 7.23492 7.23492 8.4
    endloop
  endfacet
  facet normal -0.740927 -0.671585 0
    outer loop
      vertex 7.23492 7.23492 10.2
      vertex 7.37332 7.08223 8.4
      vertex 7.37332 7.08223 10.2
    endloop
  endfacet
  facet normal -0.857754 -0.51406 0
    outer loop
      vertex 7.60203 6.73993 8.4
      vertex 7.49609 6.9167 10.2
      vertex 7.49609 6.9167 8.4
    endloop
  endfacet
  facet normal -0.857754 -0.51406 0
    outer loop
      vertex 7.49609 6.9167 10.2
      vertex 7.60203 6.73993 8.4
      vertex 7.60203 6.73993 10.2
    endloop
  endfacet
  facet normal -0.146739 -0.989175 0
    outer loop
      vertex 5.95584 7.83989 8.4
      vertex 6.15969 7.80965 10.2
      vertex 5.95584 7.83989 10.2
    endloop
  endfacet
  facet normal -0.146739 -0.989175 -0
    outer loop
      vertex 6.15969 7.80965 10.2
      vertex 5.95584 7.83989 8.4
      vertex 6.15969 7.80965 8.4
    endloop
  endfacet
  facet normal -0.243004 -0.970025 0
    outer loop
      vertex 6.15969 7.80965 8.4
      vertex 6.3596 7.75957 10.2
      vertex 6.15969 7.80965 10.2
    endloop
  endfacet
  facet normal -0.243004 -0.970025 -0
    outer loop
      vertex 6.3596 7.75957 10.2
      vertex 6.15969 7.80965 8.4
      vertex 6.3596 7.75957 8.4
    endloop
  endfacet
  facet normal -0.0490567 -0.998796 0
    outer loop
      vertex 5.75 7.85 8.4
      vertex 5.95584 7.83989 10.2
      vertex 5.75 7.85 10.2
    endloop
  endfacet
  facet normal -0.0490567 -0.998796 -0
    outer loop
      vertex 5.95584 7.83989 10.2
      vertex 5.75 7.85 8.4
      vertex 5.95584 7.83989 8.4
    endloop
  endfacet
  facet normal -0.427582 -0.903977 0
    outer loop
      vertex 6.55363 7.69015 8.4
      vertex 6.73993 7.60203 10.2
      vertex 6.55363 7.69015 10.2
    endloop
  endfacet
  facet normal -0.427582 -0.903977 -0
    outer loop
      vertex 6.73993 7.60203 10.2
      vertex 6.55363 7.69015 8.4
      vertex 6.73993 7.60203 8.4
    endloop
  endfacet
  facet normal -0.595714 -0.803197 0
    outer loop
      vertex 6.9167 7.49609 8.4
      vertex 7.08223 7.37332 10.2
      vertex 6.9167 7.49609 10.2
    endloop
  endfacet
  facet normal -0.595714 -0.803197 -0
    outer loop
      vertex 7.08223 7.37332 10.2
      vertex 6.9167 7.49609 8.4
      vertex 7.08223 7.37332 8.4
    endloop
  endfacet
  facet normal 0.989175 -0.146739 0
    outer loop
      vertex 3.66011 5.95584 10.2
      vertex 3.69035 6.15969 8.4
      vertex 3.69035 6.15969 10.2
    endloop
  endfacet
  facet normal 0.989175 -0.146739 0
    outer loop
      vertex 3.69035 6.15969 8.4
      vertex 3.66011 5.95584 10.2
      vertex 3.66011 5.95584 8.4
    endloop
  endfacet
  facet normal 0 0 1
    outer loop
      vertex 6.95 5.75 8.4
      vertex 7.85 5.75 8.4
      vertex 7.83989 5.95584 8.4
    endloop
  endfacet
  facet normal 0 0 1
    outer loop
      vertex 6.94422 5.86762 8.4
      vertex 7.83989 5.95584 8.4
      vertex 7.80965 6.15969 8.4
    endloop
  endfacet
  facet normal 0 0 1
    outer loop
      vertex 7.85 5.75 8.4
      vertex 6.95 5.75 8.4
      vertex 7.83989 5.54416 8.4
    endloop
  endfacet
  facet normal 0 0 1
    outer loop
      vertex 6.92694 5.98411 8.4
      vertex 7.80965 6.15969 8.4
      vertex 7.75957 6.3596 8.4
    endloop
  endfacet
  facet normal -0 0 1
    outer loop
      vertex 6.94422 5.63238 8.4
      vertex 7.83989 5.54416 8.4
      vertex 6.95 5.75 8.4
    endloop
  endfacet
  facet normal 0 0 1
    outer loop
      vertex 6.89833 6.09834 8.4
      vertex 7.75957 6.3596 8.4
      vertex 7.69015 6.55363 8.4
    endloop
  endfacet
  facet normal 0 0 1
    outer loop
      vertex 7.83989 5.54416 8.4
      vertex 6.94422 5.63238 8.4
      vertex 7.80965 5.34031 8.4
    endloop
  endfacet
  facet normal 0 0 1
    outer loop
      vertex 6.85865 6.20922 8.4
      vertex 7.69015 6.55363 8.4
      vertex 7.60203 6.73993 8.4
    endloop
  endfacet
  facet normal -0 0 1
    outer loop
      vertex 6.92694 5.51589 8.4
      vertex 7.80965 5.34031 8.4
      vertex 6.94422 5.63238 8.4
    endloop
  endfacet
  facet normal 0 0 1
    outer loop
      vertex 6.8083 6.31568 8.4
      vertex 7.60203 6.73993 8.4
      vertex 7.49609 6.9167 8.4
    endloop
  endfacet
  facet normal 0 0 1
    outer loop
      vertex 7.80965 5.34031 8.4
      vertex 6.92694 5.51589 8.4
      vertex 7.75957 5.1404 8.4
    endloop
  endfacet
  facet normal 0 0 1
    outer loop
      vertex 6.74776 6.41668 8.4
      vertex 7.49609 6.9167 8.4
      vertex 7.37332 7.08223 8.4
    endloop
  endfacet
  facet normal -0 0 1
    outer loop
      vertex 6.89833 5.40166 8.4
      vertex 7.75957 5.1404 8.4
      vertex 6.92694 5.51589 8.4
    endloop
  endfacet
  facet normal 0 0 1
    outer loop
      vertex 6.67761 6.51127 8.4
      vertex 7.37332 7.08223 8.4
      vertex 7.23492 7.23492 8.4
    endloop
  endfacet
  facet normal 0 0 1
    outer loop
      vertex 7.75957 5.1404 8.4
      vertex 6.89833 5.40166 8.4
      vertex 7.69015 4.94636 8.4
    endloop
  endfacet
  facet normal 0 0 1
    outer loop
      vertex 6.59853 6.59853 8.4
      vertex 7.23492 7.23492 8.4
      vertex 7.08223 7.37332 8.4
    endloop
  endfacet
  facet normal -0 0 1
    outer loop
      vertex 6.85865 5.29078 8.4
      vertex 7.69015 4.94636 8.4
      vertex 6.89833 5.40166 8.4
    endloop
  endfacet
  facet normal 0 0 1
    outer loop
      vertex 7.69015 4.94636 8.4
      vertex 6.85865 5.29078 8.4
      vertex 7.60203 4.76007 8.4
    endloop
  endfacet
  facet normal 0 0 1
    outer loop
      vertex 7.83989 5.95584 8.4
      vertex 6.94422 5.86762 8.4
      vertex 6.95 5.75 8.4
    endloop
  endfacet
  facet normal 0 0 1
    outer loop
      vertex 7.80965 6.15969 8.4
      vertex 6.92694 5.98411 8.4
      vertex 6.94422 5.86762 8.4
    endloop
  endfacet
  facet normal 0 0 1
    outer loop
      vertex 6.51127 6.67761 8.4
      vertex 7.08223 7.37332 8.4
      vertex 6.9167 7.49609 8.4
    endloop
  endfacet
  facet normal 0 0 1
    outer loop
      vertex 7.75957 6.3596 8.4
      vertex 6.89833 6.09834 8.4
      vertex 6.92694 5.98411 8.4
    endloop
  endfacet
  facet normal 0 0 1
    outer loop
      vertex 7.69015 6.55363 8.4
      vertex 6.85865 6.20922 8.4
      vertex 6.89833 6.09834 8.4
    endloop
  endfacet
  facet normal 0 0 1
    outer loop
      vertex 7.60203 6.73993 8.4
      vertex 6.8083 6.31568 8.4
      vertex 6.85865 6.20922 8.4
    endloop
  endfacet
  facet normal 0 0 1
    outer loop
      vertex 7.49609 6.9167 8.4
      vertex 6.74776 6.41668 8.4
      vertex 6.8083 6.31568 8.4
    endloop
  endfacet
  facet normal 0 0 1
    outer loop
      vertex 6.41668 6.74776 8.4
      vertex 6.9167 7.49609 8.4
      vertex 6.73993 7.60203 8.4
    endloop
  endfacet
  facet normal 0 0 1
    outer loop
      vertex 7.37332 7.08223 8.4
      vertex 6.67761 6.51127 8.4
      vertex 6.74776 6.41668 8.4
    endloop
  endfacet
  facet normal 0 0 1
    outer loop
      vertex 7.23492 7.23492 8.4
      vertex 6.59853 6.59853 8.4
      vertex 6.67761 6.51127 8.4
    endloop
  endfacet
  facet normal 0 0 1
    outer loop
      vertex 6.31568 6.8083 8.4
      vertex 6.73993 7.60203 8.4
      vertex 6.55363 7.69015 8.4
    endloop
  endfacet
  facet normal 0 0 1
    outer loop
      vertex 7.08223 7.37332 8.4
      vertex 6.51127 6.67761 8.4
      vertex 6.59853 6.59853 8.4
    endloop
  endfacet
  facet normal 0 0 1
    outer loop
      vertex 6.9167 7.49609 8.4
      vertex 6.41668 6.74776 8.4
      vertex 6.51127 6.67761 8.4
    endloop
  endfacet
  facet normal 0 0 1
    outer loop
      vertex 6.20922 6.85865 8.4
      vertex 6.55363 7.69015 8.4
      vertex 6.3596 7.75957 8.4
    endloop
  endfacet
  facet normal 0 0 1
    outer loop
      vertex 6.73993 7.60203 8.4
      vertex 6.31568 6.8083 8.4
      vertex 6.41668 6.74776 8.4
    endloop
  endfacet
  facet normal 0 0 1
    outer loop
      vertex 6.55363 7.69015 8.4
      vertex 6.20922 6.85865 8.4
      vertex 6.31568 6.8083 8.4
    endloop
  endfacet
  facet normal 0 0 1
    outer loop
      vertex 6.09834 6.89833 8.4
      vertex 6.3596 7.75957 8.4
      vertex 6.15969 7.80965 8.4
    endloop
  endfacet
  facet normal 0 0 1
    outer loop
      vertex 6.3596 7.75957 8.4
      vertex 6.09834 6.89833 8.4
      vertex 6.20922 6.85865 8.4
    endloop
  endfacet
  facet normal 0 0 1
    outer loop
      vertex 6.15969 7.80965 8.4
      vertex 5.98411 6.92694 8.4
      vertex 6.09834 6.89833 8.4
    endloop
  endfacet
  facet normal 0 0 1
    outer loop
      vertex 5.95584 7.83989 8.4
      vertex 5.98411 6.92694 8.4
      vertex 6.15969 7.80965 8.4
    endloop
  endfacet
  facet normal 0 0 1
    outer loop
      vertex 5.95584 7.83989 8.4
      vertex 5.86762 6.94422 8.4
      vertex 5.98411 6.92694 8.4
    endloop
  endfacet
  facet normal 0 0 1
    outer loop
      vertex 5.75 7.85 8.4
      vertex 5.86762 6.94422 8.4
      vertex 5.95584 7.83989 8.4
    endloop
  endfacet
  facet normal 0 0 1
    outer loop
      vertex 5.75 7.85 8.4
      vertex 5.75 6.95 8.4
      vertex 5.86762 6.94422 8.4
    endloop
  endfacet
  facet normal 0 0 1
    outer loop
      vertex 5.75 7.85 8.4
      vertex 5.63238 6.94422 8.4
      vertex 5.75 6.95 8.4
    endloop
  endfacet
  facet normal -0 0 1
    outer loop
      vertex 5.54416 7.83989 8.4
      vertex 5.63238 6.94422 8.4
      vertex 5.75 7.85 8.4
    endloop
  endfacet
  facet normal 0 0 1
    outer loop
      vertex 5.54416 7.83989 8.4
      vertex 5.51589 6.92694 8.4
      vertex 5.63238 6.94422 8.4
    endloop
  endfacet
  facet normal -0 0 1
    outer loop
      vertex 5.34031 7.80965 8.4
      vertex 5.51589 6.92694 8.4
      vertex 5.54416 7.83989 8.4
    endloop
  endfacet
  facet normal 0 0 1
    outer loop
      vertex 5.51589 6.92694 8.4
      vertex 5.34031 7.80965 8.4
      vertex 5.40166 6.89833 8.4
    endloop
  endfacet
  facet normal -0 0 1
    outer loop
      vertex 5.1404 7.75957 8.4
      vertex 5.40166 6.89833 8.4
      vertex 5.34031 7.80965 8.4
    endloop
  endfacet
  facet normal 0 0 1
    outer loop
      vertex 5.40166 6.89833 8.4
      vertex 5.1404 7.75957 8.4
      vertex 5.29078 6.85865 8.4
    endloop
  endfacet
  facet normal -0 0 1
    outer loop
      vertex 4.94636 7.69015 8.4
      vertex 5.29078 6.85865 8.4
      vertex 5.1404 7.75957 8.4
    endloop
  endfacet
  facet normal 0 0 1
    outer loop
      vertex 5.29078 6.85865 8.4
      vertex 4.94636 7.69015 8.4
      vertex 5.18432 6.8083 8.4
    endloop
  endfacet
  facet normal -0 0 1
    outer loop
      vertex 4.76007 7.60203 8.4
      vertex 5.18432 6.8083 8.4
      vertex 4.94636 7.69015 8.4
    endloop
  endfacet
  facet normal 0 0 1
    outer loop
      vertex 5.18432 6.8083 8.4
      vertex 4.76007 7.60203 8.4
      vertex 5.08331 6.74776 8.4
    endloop
  endfacet
  facet normal -0 0 1
    outer loop
      vertex 4.5833 7.49609 8.4
      vertex 5.08331 6.74776 8.4
      vertex 4.76007 7.60203 8.4
    endloop
  endfacet
  facet normal 0 0 1
    outer loop
      vertex 5.08331 6.74776 8.4
      vertex 4.5833 7.49609 8.4
      vertex 4.98873 6.67761 8.4
    endloop
  endfacet
  facet normal -0 0 1
    outer loop
      vertex 4.41777 7.37332 8.4
      vertex 4.98873 6.67761 8.4
      vertex 4.5833 7.49609 8.4
    endloop
  endfacet
  facet normal 0 0 1
    outer loop
      vertex 4.98873 6.67761 8.4
      vertex 4.41777 7.37332 8.4
      vertex 4.90147 6.59853 8.4
    endloop
  endfacet
  facet normal -0 0 1
    outer loop
      vertex 4.26508 7.23492 8.4
      vertex 4.90147 6.59853 8.4
      vertex 4.41777 7.37332 8.4
    endloop
  endfacet
  facet normal 0 0 1
    outer loop
      vertex 4.90147 6.59853 8.4
      vertex 4.26508 7.23492 8.4
      vertex 4.82239 6.51127 8.4
    endloop
  endfacet
  facet normal -0 0 1
    outer loop
      vertex 4.12668 7.08223 8.4
      vertex 4.82239 6.51127 8.4
      vertex 4.26508 7.23492 8.4
    endloop
  endfacet
  facet normal 0 0 1
    outer loop
      vertex 4.82239 6.51127 8.4
      vertex 4.12668 7.08223 8.4
      vertex 4.75224 6.41668 8.4
    endloop
  endfacet
  facet normal -0 0 1
    outer loop
      vertex 4.00391 6.9167 8.4
      vertex 4.75224 6.41668 8.4
      vertex 4.12668 7.08223 8.4
    endloop
  endfacet
  facet normal 0 0 1
    outer loop
      vertex 4.75224 6.41668 8.4
      vertex 4.00391 6.9167 8.4
      vertex 4.69169 6.31568 8.4
    endloop
  endfacet
  facet normal -0 0 1
    outer loop
      vertex 3.89796 6.73993 8.4
      vertex 4.69169 6.31568 8.4
      vertex 4.00391 6.9167 8.4
    endloop
  endfacet
  facet normal 0 0 1
    outer loop
      vertex 4.69169 6.31568 8.4
      vertex 3.89796 6.73993 8.4
      vertex 4.64134 6.20922 8.4
    endloop
  endfacet
  facet normal -0 0 1
    outer loop
      vertex 6.8083 5.18432 8.4
      vertex 7.60203 4.76007 8.4
      vertex 6.85865 5.29078 8.4
    endloop
  endfacet
  facet normal 0 0 1
    outer loop
      vertex 7.60203 4.76007 8.4
      vertex 6.8083 5.18432 8.4
      vertex 7.49609 4.5833 8.4
    endloop
  endfacet
  facet normal -0 0 1
    outer loop
      vertex 6.74776 5.08331 8.4
      vertex 7.49609 4.5833 8.4
      vertex 6.8083 5.18432 8.4
    endloop
  endfacet
  facet normal 0 0 1
    outer loop
      vertex 7.49609 4.5833 8.4
      vertex 6.74776 5.08331 8.4
      vertex 7.37332 4.41777 8.4
    endloop
  endfacet
  facet normal -0 0 1
    outer loop
      vertex 6.67761 4.98873 8.4
      vertex 7.37332 4.41777 8.4
      vertex 6.74776 5.08331 8.4
    endloop
  endfacet
  facet normal 0 0 1
    outer loop
      vertex 7.37332 4.41777 8.4
      vertex 6.67761 4.98873 8.4
      vertex 7.23492 4.26508 8.4
    endloop
  endfacet
  facet normal -0 0 1
    outer loop
      vertex 6.59853 4.90147 8.4
      vertex 7.23492 4.26508 8.4
      vertex 6.67761 4.98873 8.4
    endloop
  endfacet
  facet normal 0 0 1
    outer loop
      vertex 7.23492 4.26508 8.4
      vertex 6.59853 4.90147 8.4
      vertex 7.08223 4.12668 8.4
    endloop
  endfacet
  facet normal -0 0 1
    outer loop
      vertex 6.51127 4.82239 8.4
      vertex 7.08223 4.12668 8.4
      vertex 6.59853 4.90147 8.4
    endloop
  endfacet
  facet normal 0 0 1
    outer loop
      vertex 7.08223 4.12668 8.4
      vertex 6.51127 4.82239 8.4
      vertex 6.9167 4.00391 8.4
    endloop
  endfacet
  facet normal -0 0 1
    outer loop
      vertex 6.41668 4.75224 8.4
      vertex 6.9167 4.00391 8.4
      vertex 6.51127 4.82239 8.4
    endloop
  endfacet
  facet normal 0 0 1
    outer loop
      vertex 6.9167 4.00391 8.4
      vertex 6.41668 4.75224 8.4
      vertex 6.73993 3.89796 8.4
    endloop
  endfacet
  facet normal -0 0 1
    outer loop
      vertex 6.31568 4.69169 8.4
      vertex 6.73993 3.89796 8.4
      vertex 6.41668 4.75224 8.4
    endloop
  endfacet
  facet normal 0 0 1
    outer loop
      vertex 6.73993 3.89796 8.4
      vertex 6.31568 4.69169 8.4
      vertex 6.55363 3.80985 8.4
    endloop
  endfacet
  facet normal -0 0 1
    outer loop
      vertex 6.20922 4.64134 8.4
      vertex 6.55363 3.80985 8.4
      vertex 6.31568 4.69169 8.4
    endloop
  endfacet
  facet normal 0 0 1
    outer loop
      vertex 6.55363 3.80985 8.4
      vertex 6.20922 4.64134 8.4
      vertex 6.3596 3.74043 8.4
    endloop
  endfacet
  facet normal -0 0 1
    outer loop
      vertex 6.09834 4.60167 8.4
      vertex 6.3596 3.74043 8.4
      vertex 6.20922 4.64134 8.4
    endloop
  endfacet
  facet normal 0 0 1
    outer loop
      vertex 6.3596 3.74043 8.4
      vertex 6.09834 4.60167 8.4
      vertex 6.15969 3.69035 8.4
    endloop
  endfacet
  facet normal -0 0 1
    outer loop
      vertex 5.98411 4.57306 8.4
      vertex 6.15969 3.69035 8.4
      vertex 6.09834 4.60167 8.4
    endloop
  endfacet
  facet normal 0 0 1
    outer loop
      vertex 5.98411 4.57306 8.4
      vertex 5.95584 3.66011 8.4
      vertex 6.15969 3.69035 8.4
    endloop
  endfacet
  facet normal -0 0 1
    outer loop
      vertex 5.86762 4.55578 8.4
      vertex 5.95584 3.66011 8.4
      vertex 5.98411 4.57306 8.4
    endloop
  endfacet
  facet normal -0 0 1
    outer loop
      vertex 5.75 4.55 8.4
      vertex 5.95584 3.66011 8.4
      vertex 5.86762 4.55578 8.4
    endloop
  endfacet
  facet normal 0 0 1
    outer loop
      vertex 5.75 4.55 8.4
      vertex 5.75 3.65 8.4
      vertex 5.95584 3.66011 8.4
    endloop
  endfacet
  facet normal 0 0 1
    outer loop
      vertex 5.63238 4.55578 8.4
      vertex 5.75 3.65 8.4
      vertex 5.75 4.55 8.4
    endloop
  endfacet
  facet normal 0 0 1
    outer loop
      vertex 5.63238 4.55578 8.4
      vertex 5.54416 3.66011 8.4
      vertex 5.75 3.65 8.4
    endloop
  endfacet
  facet normal 0 0 1
    outer loop
      vertex 5.51589 4.57306 8.4
      vertex 5.54416 3.66011 8.4
      vertex 5.63238 4.55578 8.4
    endloop
  endfacet
  facet normal 0 0 1
    outer loop
      vertex 5.34031 3.69035 8.4
      vertex 5.51589 4.57306 8.4
      vertex 5.40166 4.60167 8.4
    endloop
  endfacet
  facet normal 0 0 1
    outer loop
      vertex 5.51589 4.57306 8.4
      vertex 5.34031 3.69035 8.4
      vertex 5.54416 3.66011 8.4
    endloop
  endfacet
  facet normal 0 0 1
    outer loop
      vertex 5.1404 3.74043 8.4
      vertex 5.40166 4.60167 8.4
      vertex 5.29078 4.64134 8.4
    endloop
  endfacet
  facet normal 0 0 1
    outer loop
      vertex 4.94636 3.80985 8.4
      vertex 5.29078 4.64134 8.4
      vertex 5.18432 4.69169 8.4
    endloop
  endfacet
  facet normal 0 0 1
    outer loop
      vertex 5.40166 4.60167 8.4
      vertex 5.1404 3.74043 8.4
      vertex 5.34031 3.69035 8.4
    endloop
  endfacet
  facet normal 0 0 1
    outer loop
      vertex 4.76007 3.89796 8.4
      vertex 5.18432 4.69169 8.4
      vertex 5.08331 4.75224 8.4
    endloop
  endfacet
  facet normal 0 0 1
    outer loop
      vertex 4.5833 4.00391 8.4
      vertex 5.08331 4.75224 8.4
      vertex 4.98873 4.82239 8.4
    endloop
  endfacet
  facet normal 0 0 1
    outer loop
      vertex 5.29078 4.64134 8.4
      vertex 4.94636 3.80985 8.4
      vertex 5.1404 3.74043 8.4
    endloop
  endfacet
  facet normal 0 0 1
    outer loop
      vertex 4.41777 4.12668 8.4
      vertex 4.98873 4.82239 8.4
      vertex 4.90147 4.90147 8.4
    endloop
  endfacet
  facet normal 0 0 1
    outer loop
      vertex 4.26508 4.26508 8.4
      vertex 4.90147 4.90147 8.4
      vertex 4.82239 4.98873 8.4
    endloop
  endfacet
  facet normal 0 0 1
    outer loop
      vertex 5.18432 4.69169 8.4
      vertex 4.76007 3.89796 8.4
      vertex 4.94636 3.80985 8.4
    endloop
  endfacet
  facet normal 0 0 1
    outer loop
      vertex 4.12668 4.41777 8.4
      vertex 4.82239 4.98873 8.4
      vertex 4.75224 5.08331 8.4
    endloop
  endfacet
  facet normal 0 0 1
    outer loop
      vertex 4.00391 4.5833 8.4
      vertex 4.75224 5.08331 8.4
      vertex 4.69169 5.18432 8.4
    endloop
  endfacet
  facet normal 0 0 1
    outer loop
      vertex 3.89796 4.76007 8.4
      vertex 4.69169 5.18432 8.4
      vertex 4.64134 5.29078 8.4
    endloop
  endfacet
  facet normal 0 0 1
    outer loop
      vertex 3.80985 4.94636 8.4
      vertex 4.64134 5.29078 8.4
      vertex 4.60167 5.40166 8.4
    endloop
  endfacet
  facet normal 0 0 1
    outer loop
      vertex 5.08331 4.75224 8.4
      vertex 4.5833 4.00391 8.4
      vertex 4.76007 3.89796 8.4
    endloop
  endfacet
  facet normal 0 0 1
    outer loop
      vertex 3.74043 5.1404 8.4
      vertex 4.60167 5.40166 8.4
      vertex 4.57306 5.51589 8.4
    endloop
  endfacet
  facet normal 0 0 1
    outer loop
      vertex 3.69035 5.34031 8.4
      vertex 4.57306 5.51589 8.4
      vertex 4.55578 5.63238 8.4
    endloop
  endfacet
  facet normal 0 0 1
    outer loop
      vertex 3.66011 5.54416 8.4
      vertex 4.55578 5.63238 8.4
      vertex 4.55 5.75 8.4
    endloop
  endfacet
  facet normal -0 0 1
    outer loop
      vertex 3.80985 6.55363 8.4
      vertex 4.64134 6.20922 8.4
      vertex 3.89796 6.73993 8.4
    endloop
  endfacet
  facet normal 0 0 1
    outer loop
      vertex 4.98873 4.82239 8.4
      vertex 4.41777 4.12668 8.4
      vertex 4.5833 4.00391 8.4
    endloop
  endfacet
  facet normal 0 0 1
    outer loop
      vertex 4.64134 6.20922 8.4
      vertex 3.80985 6.55363 8.4
      vertex 4.60167 6.09834 8.4
    endloop
  endfacet
  facet normal 0 0 1
    outer loop
      vertex 4.90147 4.90147 8.4
      vertex 4.26508 4.26508 8.4
      vertex 4.41777 4.12668 8.4
    endloop
  endfacet
  facet normal -0 0 1
    outer loop
      vertex 3.74043 6.3596 8.4
      vertex 4.60167 6.09834 8.4
      vertex 3.80985 6.55363 8.4
    endloop
  endfacet
  facet normal 0 0 1
    outer loop
      vertex 4.82239 4.98873 8.4
      vertex 4.12668 4.41777 8.4
      vertex 4.26508 4.26508 8.4
    endloop
  endfacet
  facet normal 0 0 1
    outer loop
      vertex 4.60167 6.09834 8.4
      vertex 3.74043 6.3596 8.4
      vertex 4.57306 5.98411 8.4
    endloop
  endfacet
  facet normal 0 0 1
    outer loop
      vertex 4.75224 5.08331 8.4
      vertex 4.00391 4.5833 8.4
      vertex 4.12668 4.41777 8.4
    endloop
  endfacet
  facet normal -0 0 1
    outer loop
      vertex 3.69035 6.15969 8.4
      vertex 4.57306 5.98411 8.4
      vertex 3.74043 6.3596 8.4
    endloop
  endfacet
  facet normal 0 0 1
    outer loop
      vertex 4.69169 5.18432 8.4
      vertex 3.89796 4.76007 8.4
      vertex 4.00391 4.5833 8.4
    endloop
  endfacet
  facet normal 0 0 1
    outer loop
      vertex 4.57306 5.98411 8.4
      vertex 3.69035 6.15969 8.4
      vertex 4.55578 5.86762 8.4
    endloop
  endfacet
  facet normal 0 0 1
    outer loop
      vertex 4.64134 5.29078 8.4
      vertex 3.80985 4.94636 8.4
      vertex 3.89796 4.76007 8.4
    endloop
  endfacet
  facet normal -0 0 1
    outer loop
      vertex 3.66011 5.95584 8.4
      vertex 4.55578 5.86762 8.4
      vertex 3.69035 6.15969 8.4
    endloop
  endfacet
  facet normal 0 0 1
    outer loop
      vertex 4.60167 5.40166 8.4
      vertex 3.74043 5.1404 8.4
      vertex 3.80985 4.94636 8.4
    endloop
  endfacet
  facet normal 0 0 1
    outer loop
      vertex 4.55578 5.86762 8.4
      vertex 3.66011 5.95584 8.4
      vertex 4.55 5.75 8.4
    endloop
  endfacet
  facet normal 0 0 1
    outer loop
      vertex 4.57306 5.51589 8.4
      vertex 3.69035 5.34031 8.4
      vertex 3.74043 5.1404 8.4
    endloop
  endfacet
  facet normal 0 0 1
    outer loop
      vertex 3.65 5.75 8.4
      vertex 4.55 5.75 8.4
      vertex 3.66011 5.95584 8.4
    endloop
  endfacet
  facet normal 0 0 1
    outer loop
      vertex 4.55578 5.63238 8.4
      vertex 3.66011 5.54416 8.4
      vertex 3.69035 5.34031 8.4
    endloop
  endfacet
  facet normal 0 0 1
    outer loop
      vertex 4.55 5.75 8.4
      vertex 3.65 5.75 8.4
      vertex 3.66011 5.54416 8.4
    endloop
  endfacet
  facet normal 0.857733 -0.514096 0
    outer loop
      vertex 3.89796 6.73993 10.2
      vertex 4.00391 6.9167 8.4
      vertex 4.00391 6.9167 10.2
    endloop
  endfacet
  facet normal 0.857733 -0.514096 0
    outer loop
      vertex 4.00391 6.9167 8.4
      vertex 3.89796 6.73993 10.2
      vertex 3.89796 6.73993 8.4
    endloop
  endfacet
  facet normal 0.803197 -0.595714 0
    outer loop
      vertex 4.00391 6.9167 10.2
      vertex 4.12668 7.08223 8.4
      vertex 4.12668 7.08223 10.2
    endloop
  endfacet
  facet normal 0.803197 -0.595714 0
    outer loop
      vertex 4.12668 7.08223 8.4
      vertex 4.00391 6.9167 10.2
      vertex 4.00391 6.9167 8.4
    endloop
  endfacet
  facet normal 0.903996 -0.427542 0
    outer loop
      vertex 3.80985 6.55363 10.2
      vertex 3.89796 6.73993 8.4
      vertex 3.89796 6.73993 10.2
    endloop
  endfacet
  facet normal 0.903996 -0.427542 0
    outer loop
      vertex 3.89796 6.73993 8.4
      vertex 3.80985 6.55363 10.2
      vertex 3.80985 6.55363 8.4
    endloop
  endfacet
  facet normal 0.970025 -0.243004 0
    outer loop
      vertex 3.69035 6.15969 10.2
      vertex 3.74043 6.3596 8.4
      vertex 3.74043 6.3596 10.2
    endloop
  endfacet
  facet normal 0.970025 -0.243004 0
    outer loop
      vertex 3.74043 6.3596 8.4
      vertex 3.69035 6.15969 10.2
      vertex 3.69035 6.15969 8.4
    endloop
  endfacet
  facet normal 0.998796 -0.0490567 0
    outer loop
      vertex 3.65 5.75 10.2
      vertex 3.66011 5.95584 8.4
      vertex 3.66011 5.95584 10.2
    endloop
  endfacet
  facet normal 0.998796 -0.0490567 0
    outer loop
      vertex 3.66011 5.95584 8.4
      vertex 3.65 5.75 10.2
      vertex 3.65 5.75 8.4
    endloop
  endfacet
  facet normal 0.595714 -0.803197 0
    outer loop
      vertex 4.41777 7.37332 8.4
      vertex 4.5833 7.49609 10.2
      vertex 4.41777 7.37332 10.2
    endloop
  endfacet
  facet normal 0.595714 -0.803197 0
    outer loop
      vertex 4.5833 7.49609 10.2
      vertex 4.41777 7.37332 8.4
      vertex 4.5833 7.49609 8.4
    endloop
  endfacet
  facet normal 0.51406 -0.857754 0
    outer loop
      vertex 4.5833 7.49609 8.4
      vertex 4.76007 7.60203 10.2
      vertex 4.5833 7.49609 10.2
    endloop
  endfacet
  facet normal 0.51406 -0.857754 0
    outer loop
      vertex 4.76007 7.60203 10.2
      vertex 4.5833 7.49609 8.4
      vertex 4.76007 7.60203 8.4
    endloop
  endfacet
  facet normal 0.671585 -0.740927 0
    outer loop
      vertex 4.26508 7.23492 8.4
      vertex 4.41777 7.37332 10.2
      vertex 4.26508 7.23492 10.2
    endloop
  endfacet
  facet normal 0.671585 -0.740927 0
    outer loop
      vertex 4.41777 7.37332 10.2
      vertex 4.26508 7.23492 8.4
      vertex 4.41777 7.37332 8.4
    endloop
  endfacet
  facet normal 0.336853 -0.941557 0
    outer loop
      vertex 4.94636 7.69015 8.4
      vertex 5.1404 7.75957 10.2
      vertex 4.94636 7.69015 10.2
    endloop
  endfacet
  facet normal 0.336853 -0.941557 0
    outer loop
      vertex 5.1404 7.75957 10.2
      vertex 4.94636 7.69015 8.4
      vertex 5.1404 7.75957 8.4
    endloop
  endfacet
  facet normal 0.146739 -0.989175 0
    outer loop
      vertex 5.34031 7.80965 8.4
      vertex 5.54416 7.83989 10.2
      vertex 5.34031 7.80965 10.2
    endloop
  endfacet
  facet normal 0.146739 -0.989175 0
    outer loop
      vertex 5.54416 7.83989 10.2
      vertex 5.34031 7.80965 8.4
      vertex 5.54416 7.83989 8.4
    endloop
  endfacet
  facet normal -0.998796 0.0490567 0
    outer loop
      vertex 7.83989 5.54416 8.4
      vertex 7.85 5.75 10.2
      vertex 7.85 5.75 8.4
    endloop
  endfacet
  facet normal -0.998796 0.0490567 0
    outer loop
      vertex 7.85 5.75 10.2
      vertex 7.83989 5.54416 8.4
      vertex 7.83989 5.54416 10.2
    endloop
  endfacet
  facet normal -0.146739 0.989175 0
    outer loop
      vertex 6.15969 3.69035 8.4
      vertex 5.95584 3.66011 10.2
      vertex 6.15969 3.69035 10.2
    endloop
  endfacet
  facet normal -0.146739 0.989175 0
    outer loop
      vertex 5.95584 3.66011 10.2
      vertex 6.15969 3.69035 8.4
      vertex 5.95584 3.66011 8.4
    endloop
  endfacet
  facet normal -0.336868 0.941552 0
    outer loop
      vertex 6.55363 3.80985 8.4
      vertex 6.3596 3.74043 10.2
      vertex 6.55363 3.80985 10.2
    endloop
  endfacet
  facet normal -0.336868 0.941552 0
    outer loop
      vertex 6.3596 3.74043 10.2
      vertex 6.55363 3.80985 8.4
      vertex 6.3596 3.74043 8.4
    endloop
  endfacet
  facet normal -0.671585 0.740927 0
    outer loop
      vertex 7.23492 4.26508 8.4
      vertex 7.08223 4.12668 10.2
      vertex 7.23492 4.26508 10.2
    endloop
  endfacet
  facet normal -0.671585 0.740927 0
    outer loop
      vertex 7.08223 4.12668 10.2
      vertex 7.23492 4.26508 8.4
      vertex 7.08223 4.12668 8.4
    endloop
  endfacet
  facet normal -0.514096 0.857733 0
    outer loop
      vertex 6.9167 4.00391 8.4
      vertex 6.73993 3.89796 10.2
      vertex 6.9167 4.00391 10.2
    endloop
  endfacet
  facet normal -0.514096 0.857733 0
    outer loop
      vertex 6.73993 3.89796 10.2
      vertex 6.9167 4.00391 8.4
      vertex 6.73993 3.89796 8.4
    endloop
  endfacet
  facet normal -0.803197 0.595714 0
    outer loop
      vertex 7.37332 4.41777 8.4
      vertex 7.49609 4.5833 10.2
      vertex 7.49609 4.5833 8.4
    endloop
  endfacet
  facet normal -0.803197 0.595714 0
    outer loop
      vertex 7.49609 4.5833 10.2
      vertex 7.37332 4.41777 8.4
      vertex 7.37332 4.41777 10.2
    endloop
  endfacet
  facet normal -0.903968 0.4276 0
    outer loop
      vertex 7.60203 4.76007 8.4
      vertex 7.69015 4.94636 10.2
      vertex 7.69015 4.94636 8.4
    endloop
  endfacet
  facet normal -0.903968 0.4276 0
    outer loop
      vertex 7.69015 4.94636 10.2
      vertex 7.60203 4.76007 8.4
      vertex 7.60203 4.76007 10.2
    endloop
  endfacet
  facet normal -0.970025 0.243004 0
    outer loop
      vertex 7.75957 5.1404 8.4
      vertex 7.80965 5.34031 10.2
      vertex 7.80965 5.34031 8.4
    endloop
  endfacet
  facet normal -0.970025 0.243004 0
    outer loop
      vertex 7.80965 5.34031 10.2
      vertex 7.75957 5.1404 8.4
      vertex 7.75957 5.1404 10.2
    endloop
  endfacet
  facet normal 0.595714 0.803197 -0
    outer loop
      vertex 4.5833 4.00391 8.4
      vertex 4.41777 4.12668 10.2
      vertex 4.5833 4.00391 10.2
    endloop
  endfacet
  facet normal 0.595714 0.803197 0
    outer loop
      vertex 4.41777 4.12668 10.2
      vertex 4.5833 4.00391 8.4
      vertex 4.41777 4.12668 8.4
    endloop
  endfacet
  facet normal 0.427561 0.903987 -0
    outer loop
      vertex 4.94636 3.80985 8.4
      vertex 4.76007 3.89796 10.2
      vertex 4.94636 3.80985 10.2
    endloop
  endfacet
  facet normal 0.427561 0.903987 0
    outer loop
      vertex 4.76007 3.89796 10.2
      vertex 4.94636 3.80985 8.4
      vertex 4.76007 3.89796 8.4
    endloop
  endfacet
  facet normal 0.243004 0.970025 -0
    outer loop
      vertex 5.34031 3.69035 8.4
      vertex 5.1404 3.74043 10.2
      vertex 5.34031 3.69035 10.2
    endloop
  endfacet
  facet normal 0.243004 0.970025 0
    outer loop
      vertex 5.1404 3.74043 10.2
      vertex 5.34031 3.69035 8.4
      vertex 5.1404 3.74043 8.4
    endloop
  endfacet
  facet normal 0.0490567 0.998796 -0
    outer loop
      vertex 5.75 3.65 8.4
      vertex 5.54416 3.66011 10.2
      vertex 5.75 3.65 10.2
    endloop
  endfacet
  facet normal 0.0490567 0.998796 0
    outer loop
      vertex 5.54416 3.66011 10.2
      vertex 5.75 3.65 8.4
      vertex 5.54416 3.66011 8.4
    endloop
  endfacet
  facet normal 0.803197 0.595714 0
    outer loop
      vertex 4.12668 4.41777 10.2
      vertex 4.00391 4.5833 8.4
      vertex 4.00391 4.5833 10.2
    endloop
  endfacet
  facet normal 0.803197 0.595714 0
    outer loop
      vertex 4.00391 4.5833 8.4
      vertex 4.12668 4.41777 10.2
      vertex 4.12668 4.41777 8.4
    endloop
  endfacet
  facet normal 0.857733 0.514096 0
    outer loop
      vertex 4.00391 4.5833 10.2
      vertex 3.89796 4.76007 8.4
      vertex 3.89796 4.76007 10.2
    endloop
  endfacet
  facet normal 0.857733 0.514096 0
    outer loop
      vertex 3.89796 4.76007 8.4
      vertex 4.00391 4.5833 10.2
      vertex 4.00391 4.5833 8.4
    endloop
  endfacet
  facet normal 0.740927 0.671585 0
    outer loop
      vertex 4.26508 4.26508 10.2
      vertex 4.12668 4.41777 8.4
      vertex 4.12668 4.41777 10.2
    endloop
  endfacet
  facet normal 0.740927 0.671585 0
    outer loop
      vertex 4.12668 4.41777 8.4
      vertex 4.26508 4.26508 10.2
      vertex 4.26508 4.26508 8.4
    endloop
  endfacet
  facet normal 0.989175 0.146739 0
    outer loop
      vertex 3.69035 5.34031 10.2
      vertex 3.66011 5.54416 8.4
      vertex 3.66011 5.54416 10.2
    endloop
  endfacet
  facet normal 0.989175 0.146739 0
    outer loop
      vertex 3.66011 5.54416 8.4
      vertex 3.69035 5.34031 10.2
      vertex 3.69035 5.34031 8.4
    endloop
  endfacet
  facet normal 0.941557 0.336853 0
    outer loop
      vertex 3.80985 4.94636 10.2
      vertex 3.74043 5.1404 8.4
      vertex 3.74043 5.1404 10.2
    endloop
  endfacet
  facet normal 0.941557 0.336853 0
    outer loop
      vertex 3.74043 5.1404 8.4
      vertex 3.80985 4.94636 10.2
      vertex 3.80985 4.94636 8.4
    endloop
  endfacet
  facet normal 0.970025 0.243004 0
    outer loop
      vertex 3.74043 5.1404 10.2
      vertex 3.69035 5.34031 8.4
      vertex 3.69035 5.34031 10.2
    endloop
  endfacet
  facet normal 0.970025 0.243004 0
    outer loop
      vertex 3.69035 5.34031 8.4
      vertex 3.74043 5.1404 10.2
      vertex 3.74043 5.1404 8.4
    endloop
  endfacet
  facet normal 0.998796 0.0490567 0
    outer loop
      vertex 3.66011 5.54416 10.2
      vertex 3.65 5.75 8.4
      vertex 3.65 5.75 10.2
    endloop
  endfacet
  facet normal 0.998796 0.0490567 0
    outer loop
      vertex 3.65 5.75 8.4
      vertex 3.66011 5.54416 10.2
      vertex 3.66011 5.54416 8.4
    endloop
  endfacet
  facet normal -0.243004 0.970025 0
    outer loop
      vertex 6.3596 3.74043 8.4
      vertex 6.15969 3.69035 10.2
      vertex 6.3596 3.74043 10.2
    endloop
  endfacet
  facet normal -0.243004 0.970025 0
    outer loop
      vertex 6.15969 3.69035 10.2
      vertex 6.3596 3.74043 8.4
      vertex 6.15969 3.69035 8.4
    endloop
  endfacet
  facet normal -0.427542 0.903996 0
    outer loop
      vertex 6.73993 3.89796 8.4
      vertex 6.55363 3.80985 10.2
      vertex 6.73993 3.89796 10.2
    endloop
  endfacet
  facet normal -0.427542 0.903996 0
    outer loop
      vertex 6.55363 3.80985 10.2
      vertex 6.73993 3.89796 8.4
      vertex 6.55363 3.80985 8.4
    endloop
  endfacet
  facet normal -0.740927 0.671585 0
    outer loop
      vertex 7.23492 4.26508 8.4
      vertex 7.37332 4.41777 10.2
      vertex 7.37332 4.41777 8.4
    endloop
  endfacet
  facet normal -0.740927 0.671585 0
    outer loop
      vertex 7.37332 4.41777 10.2
      vertex 7.23492 4.26508 8.4
      vertex 7.23492 4.26508 10.2
    endloop
  endfacet
  facet normal -0.595714 0.803197 0
    outer loop
      vertex 7.08223 4.12668 8.4
      vertex 6.9167 4.00391 10.2
      vertex 7.08223 4.12668 10.2
    endloop
  endfacet
  facet normal -0.595714 0.803197 0
    outer loop
      vertex 6.9167 4.00391 10.2
      vertex 7.08223 4.12668 8.4
      vertex 6.9167 4.00391 8.4
    endloop
  endfacet
  facet normal -0.857754 0.51406 0
    outer loop
      vertex 7.49609 4.5833 8.4
      vertex 7.60203 4.76007 10.2
      vertex 7.60203 4.76007 8.4
    endloop
  endfacet
  facet normal -0.857754 0.51406 0
    outer loop
      vertex 7.60203 4.76007 10.2
      vertex 7.49609 4.5833 8.4
      vertex 7.49609 4.5833 10.2
    endloop
  endfacet
  facet normal -0.941557 0.336853 0
    outer loop
      vertex 7.69015 4.94636 8.4
      vertex 7.75957 5.1404 10.2
      vertex 7.75957 5.1404 8.4
    endloop
  endfacet
  facet normal -0.941557 0.336853 0
    outer loop
      vertex 7.75957 5.1404 10.2
      vertex 7.69015 4.94636 8.4
      vertex 7.69015 4.94636 10.2
    endloop
  endfacet
  facet normal -0.989175 0.146739 0
    outer loop
      vertex 7.80965 5.34031 8.4
      vertex 7.83989 5.54416 10.2
      vertex 7.83989 5.54416 8.4
    endloop
  endfacet
  facet normal -0.989175 0.146739 0
    outer loop
      vertex 7.83989 5.54416 10.2
      vertex 7.80965 5.34031 8.4
      vertex 7.80965 5.34031 10.2
    endloop
  endfacet
  facet normal 0.514096 0.857733 -0
    outer loop
      vertex 4.76007 3.89796 8.4
      vertex 4.5833 4.00391 10.2
      vertex 4.76007 3.89796 10.2
    endloop
  endfacet
  facet normal 0.514096 0.857733 0
    outer loop
      vertex 4.5833 4.00391 10.2
      vertex 4.76007 3.89796 8.4
      vertex 4.5833 4.00391 8.4
    endloop
  endfacet
  facet normal 0.336853 0.941557 -0
    outer loop
      vertex 5.1404 3.74043 8.4
      vertex 4.94636 3.80985 10.2
      vertex 5.1404 3.74043 10.2
    endloop
  endfacet
  facet normal 0.336853 0.941557 0
    outer loop
      vertex 4.94636 3.80985 10.2
      vertex 5.1404 3.74043 8.4
      vertex 4.94636 3.80985 8.4
    endloop
  endfacet
  facet normal 0.146739 0.989175 -0
    outer loop
      vertex 5.54416 3.66011 8.4
      vertex 5.34031 3.69035 10.2
      vertex 5.54416 3.66011 10.2
    endloop
  endfacet
  facet normal 0.146739 0.989175 0
    outer loop
      vertex 5.34031 3.69035 10.2
      vertex 5.54416 3.66011 8.4
      vertex 5.34031 3.69035 8.4
    endloop
  endfacet
  facet normal -0.0490567 0.998796 0
    outer loop
      vertex 5.95584 3.66011 8.4
      vertex 5.75 3.65 10.2
      vertex 5.95584 3.66011 10.2
    endloop
  endfacet
  facet normal -0.0490567 0.998796 0
    outer loop
      vertex 5.75 3.65 10.2
      vertex 5.95584 3.66011 8.4
      vertex 5.75 3.65 8.4
    endloop
  endfacet
  facet normal -0.998786 -0.0492515 0
    outer loop
      vertex 51.95 5.75 8
      vertex 51.9442 5.86762 8.4
      vertex 51.9442 5.86762 8
    endloop
  endfacet
  facet normal -0.998786 -0.0492515 0
    outer loop
      vertex 51.9442 5.86762 8.4
      vertex 51.95 5.75 8
      vertex 51.95 5.75 8.4
    endloop
  endfacet
  facet normal 0.0490904 -0.998794 0
    outer loop
      vertex 50.6324 6.94422 8
      vertex 50.75 6.95 8.4
      vertex 50.6324 6.94422 8.4
    endloop
  endfacet
  facet normal 0.0490904 -0.998794 0
    outer loop
      vertex 50.75 6.95 8.4
      vertex 50.6324 6.94422 8
      vertex 50.75 6.95 8
    endloop
  endfacet
  facet normal -0.671776 -0.740754 0
    outer loop
      vertex 51.5113 6.67761 8
      vertex 51.5985 6.59853 8.4
      vertex 51.5113 6.67761 8.4
    endloop
  endfacet
  facet normal -0.671776 -0.740754 -0
    outer loop
      vertex 51.5985 6.59853 8.4
      vertex 51.5113 6.67761 8
      vertex 51.5985 6.59853 8
    endloop
  endfacet
  facet normal 0.7409 -0.671616 0
    outer loop
      vertex 49.8224 6.51127 8.4
      vertex 49.9015 6.59853 8
      vertex 49.9015 6.59853 8.4
    endloop
  endfacet
  facet normal 0.7409 -0.671616 0
    outer loop
      vertex 49.9015 6.59853 8
      vertex 49.8224 6.51127 8.4
      vertex 49.8224 6.51127 8
    endloop
  endfacet
  facet normal 0.427411 -0.904057 0
    outer loop
      vertex 50.1843 6.8083 8
      vertex 50.2908 6.85865 8.4
      vertex 50.1843 6.8083 8.4
    endloop
  endfacet
  facet normal 0.427411 -0.904057 0
    outer loop
      vertex 50.2908 6.85865 8.4
      vertex 50.1843 6.8083 8
      vertex 50.2908 6.85865 8
    endloop
  endfacet
  facet normal -0.903831 -0.427889 0
    outer loop
      vertex 51.8587 6.20922 8
      vertex 51.8083 6.31568 8.4
      vertex 51.8083 6.31568 8
    endloop
  endfacet
  facet normal -0.903831 -0.427889 0
    outer loop
      vertex 51.8083 6.31568 8.4
      vertex 51.8587 6.20922 8
      vertex 51.8587 6.20922 8.4
    endloop
  endfacet
  facet normal -0.336885 -0.941546 0
    outer loop
      vertex 51.0983 6.89833 8
      vertex 51.2092 6.85865 8.4
      vertex 51.0983 6.89833 8.4
    endloop
  endfacet
  facet normal -0.336885 -0.941546 -0
    outer loop
      vertex 51.2092 6.85865 8.4
      vertex 51.0983 6.89833 8
      vertex 51.2092 6.85865 8
    endloop
  endfacet
  facet normal -0.514121 -0.857718 0
    outer loop
      vertex 51.3157 6.8083 8
      vertex 51.4167 6.74776 8.4
      vertex 51.3157 6.8083 8.4
    endloop
  endfacet
  facet normal -0.514121 -0.857718 -0
    outer loop
      vertex 51.4167 6.74776 8.4
      vertex 51.3157 6.8083 8
      vertex 51.4167 6.74776 8
    endloop
  endfacet
  facet normal 0.941742 -0.336336 0
    outer loop
      vertex 49.6017 6.09834 8.4
      vertex 49.6413 6.20922 8
      vertex 49.6413 6.20922 8.4
    endloop
  endfacet
  facet normal 0.941742 -0.336336 0
    outer loop
      vertex 49.6413 6.20922 8
      vertex 49.6017 6.09834 8.4
      vertex 49.6017 6.09834 8
    endloop
  endfacet
  facet normal 0.243015 -0.970022 0
    outer loop
      vertex 50.4017 6.89833 8
      vertex 50.5159 6.92694 8.4
      vertex 50.4017 6.89833 8.4
    endloop
  endfacet
  facet normal 0.243015 -0.970022 0
    outer loop
      vertex 50.5159 6.92694 8.4
      vertex 50.4017 6.89833 8
      vertex 50.5159 6.92694 8
    endloop
  endfacet
  facet normal -0.941742 0.336336 0
    outer loop
      vertex 51.8587 5.29078 8
      vertex 51.8983 5.40166 8.4
      vertex 51.8983 5.40166 8
    endloop
  endfacet
  facet normal -0.941742 0.336336 0
    outer loop
      vertex 51.8983 5.40166 8.4
      vertex 51.8587 5.29078 8
      vertex 51.8587 5.29078 8.4
    endloop
  endfacet
  facet normal 0.671776 0.740754 -0
    outer loop
      vertex 49.9887 4.82239 8
      vertex 49.9015 4.90147 8.4
      vertex 49.9887 4.82239 8.4
    endloop
  endfacet
  facet normal 0.671776 0.740754 0
    outer loop
      vertex 49.9015 4.90147 8.4
      vertex 49.9887 4.82239 8
      vertex 49.9015 4.90147 8
    endloop
  endfacet
  facet normal 0.903831 0.427889 0
    outer loop
      vertex 49.6917 5.18432 8.4
      vertex 49.6413 5.29078 8
      vertex 49.6413 5.29078 8.4
    endloop
  endfacet
  facet normal 0.903831 0.427889 0
    outer loop
      vertex 49.6413 5.29078 8
      vertex 49.6917 5.18432 8.4
      vertex 49.6917 5.18432 8
    endloop
  endfacet
  facet normal -0.970058 -0.242875 0
    outer loop
      vertex 51.9269 5.98411 8
      vertex 51.8983 6.09834 8.4
      vertex 51.8983 6.09834 8
    endloop
  endfacet
  facet normal -0.970058 -0.242875 0
    outer loop
      vertex 51.8983 6.09834 8.4
      vertex 51.9269 5.98411 8
      vertex 51.9269 5.98411 8.4
    endloop
  endfacet
  facet normal -0.989151 -0.146899 0
    outer loop
      vertex 51.9442 5.86762 8
      vertex 51.9269 5.98411 8.4
      vertex 51.9269 5.98411 8
    endloop
  endfacet
  facet normal -0.989151 -0.146899 0
    outer loop
      vertex 51.9269 5.98411 8.4
      vertex 51.9442 5.86762 8
      vertex 51.9442 5.86762 8.4
    endloop
  endfacet
  facet normal -0.941742 -0.336336 0
    outer loop
      vertex 51.8983 6.09834 8
      vertex 51.8587 6.20922 8.4
      vertex 51.8587 6.20922 8
    endloop
  endfacet
  facet normal -0.941742 -0.336336 0
    outer loop
      vertex 51.8587 6.20922 8.4
      vertex 51.8983 6.09834 8
      vertex 51.8983 6.09834 8.4
    endloop
  endfacet
  facet normal -0.803015 -0.595958 0
    outer loop
      vertex 51.7478 6.41668 8
      vertex 51.6776 6.51127 8.4
      vertex 51.6776 6.51127 8
    endloop
  endfacet
  facet normal -0.803015 -0.595958 0
    outer loop
      vertex 51.6776 6.51127 8.4
      vertex 51.7478 6.41668 8
      vertex 51.7478 6.41668 8.4
    endloop
  endfacet
  facet normal -0.7409 -0.671616 0
    outer loop
      vertex 51.6776 6.51127 8
      vertex 51.5985 6.59853 8.4
      vertex 51.5985 6.59853 8
    endloop
  endfacet
  facet normal -0.7409 -0.671616 0
    outer loop
      vertex 51.5985 6.59853 8.4
      vertex 51.6776 6.51127 8
      vertex 51.6776 6.51127 8.4
    endloop
  endfacet
  facet normal -0.857867 -0.513871 0
    outer loop
      vertex 51.8083 6.31568 8
      vertex 51.7478 6.41668 8.4
      vertex 51.7478 6.41668 8
    endloop
  endfacet
  facet normal -0.857867 -0.513871 0
    outer loop
      vertex 51.7478 6.41668 8.4
      vertex 51.8083 6.31568 8
      vertex 51.8083 6.31568 8.4
    endloop
  endfacet
  facet normal -0.146721 -0.989178 0
    outer loop
      vertex 50.8676 6.94422 8
      vertex 50.9841 6.92694 8.4
      vertex 50.8676 6.94422 8.4
    endloop
  endfacet
  facet normal -0.146721 -0.989178 -0
    outer loop
      vertex 50.9841 6.92694 8.4
      vertex 50.8676 6.94422 8
      vertex 50.9841 6.92694 8
    endloop
  endfacet
  facet normal -0.243015 -0.970022 0
    outer loop
      vertex 50.9841 6.92694 8
      vertex 51.0983 6.89833 8.4
      vertex 50.9841 6.92694 8.4
    endloop
  endfacet
  facet normal -0.243015 -0.970022 -0
    outer loop
      vertex 51.0983 6.89833 8.4
      vertex 50.9841 6.92694 8
      vertex 51.0983 6.89833 8
    endloop
  endfacet
  facet normal -0.0490904 -0.998794 0
    outer loop
      vertex 50.75 6.95 8
      vertex 50.8676 6.94422 8.4
      vertex 50.75 6.95 8.4
    endloop
  endfacet
  facet normal -0.0490904 -0.998794 -0
    outer loop
      vertex 50.8676 6.94422 8.4
      vertex 50.75 6.95 8
      vertex 50.8676 6.94422 8
    endloop
  endfacet
  facet normal -0.427411 -0.904057 0
    outer loop
      vertex 51.2092 6.85865 8
      vertex 51.3157 6.8083 8.4
      vertex 51.2092 6.85865 8.4
    endloop
  endfacet
  facet normal -0.427411 -0.904057 -0
    outer loop
      vertex 51.3157 6.8083 8.4
      vertex 51.2092 6.85865 8
      vertex 51.3157 6.8083 8
    endloop
  endfacet
  facet normal -0.595644 -0.803249 0
    outer loop
      vertex 51.4167 6.74776 8
      vertex 51.5113 6.67761 8.4
      vertex 51.4167 6.74776 8.4
    endloop
  endfacet
  facet normal -0.595644 -0.803249 -0
    outer loop
      vertex 51.5113 6.67761 8.4
      vertex 51.4167 6.74776 8
      vertex 51.5113 6.67761 8
    endloop
  endfacet
  facet normal 0.989151 -0.146899 0
    outer loop
      vertex 49.5558 5.86762 8.4
      vertex 49.5731 5.98411 8
      vertex 49.5731 5.98411 8.4
    endloop
  endfacet
  facet normal 0.989151 -0.146899 0
    outer loop
      vertex 49.5731 5.98411 8
      vertex 49.5558 5.86762 8.4
      vertex 49.5558 5.86762 8
    endloop
  endfacet
  facet normal 0.857867 -0.513871 0
    outer loop
      vertex 49.6917 6.31568 8.4
      vertex 49.7522 6.41668 8
      vertex 49.7522 6.41668 8.4
    endloop
  endfacet
  facet normal 0.857867 -0.513871 0
    outer loop
      vertex 49.7522 6.41668 8
      vertex 49.6917 6.31568 8.4
      vertex 49.6917 6.31568 8
    endloop
  endfacet
  facet normal 0.803015 -0.595958 0
    outer loop
      vertex 49.7522 6.41668 8.4
      vertex 49.8224 6.51127 8
      vertex 49.8224 6.51127 8.4
    endloop
  endfacet
  facet normal 0.803015 -0.595958 0
    outer loop
      vertex 49.8224 6.51127 8
      vertex 49.7522 6.41668 8.4
      vertex 49.7522 6.41668 8
    endloop
  endfacet
  facet normal 0.903831 -0.427889 0
    outer loop
      vertex 49.6413 6.20922 8.4
      vertex 49.6917 6.31568 8
      vertex 49.6917 6.31568 8.4
    endloop
  endfacet
  facet normal 0.903831 -0.427889 0
    outer loop
      vertex 49.6917 6.31568 8
      vertex 49.6413 6.20922 8.4
      vertex 49.6413 6.20922 8
    endloop
  endfacet
  facet normal 0.970058 -0.242875 0
    outer loop
      vertex 49.5731 5.98411 8.4
      vertex 49.6017 6.09834 8
      vertex 49.6017 6.09834 8.4
    endloop
  endfacet
  facet normal 0.970058 -0.242875 0
    outer loop
      vertex 49.6017 6.09834 8
      vertex 49.5731 5.98411 8.4
      vertex 49.5731 5.98411 8
    endloop
  endfacet
  facet normal 0.998786 -0.0492515 0
    outer loop
      vertex 49.55 5.75 8.4
      vertex 49.5558 5.86762 8
      vertex 49.5558 5.86762 8.4
    endloop
  endfacet
  facet normal 0.998786 -0.0492515 0
    outer loop
      vertex 49.5558 5.86762 8
      vertex 49.55 5.75 8.4
      vertex 49.55 5.75 8
    endloop
  endfacet
  facet normal 0.595644 -0.803249 0
    outer loop
      vertex 49.9887 6.67761 8
      vertex 50.0833 6.74776 8.4
      vertex 49.9887 6.67761 8.4
    endloop
  endfacet
  facet normal 0.595644 -0.803249 0
    outer loop
      vertex 50.0833 6.74776 8.4
      vertex 49.9887 6.67761 8
      vertex 50.0833 6.74776 8
    endloop
  endfacet
  facet normal 0.514121 -0.857718 0
    outer loop
      vertex 50.0833 6.74776 8
      vertex 50.1843 6.8083 8.4
      vertex 50.0833 6.74776 8.4
    endloop
  endfacet
  facet normal 0.514121 -0.857718 0
    outer loop
      vertex 50.1843 6.8083 8.4
      vertex 50.0833 6.74776 8
      vertex 50.1843 6.8083 8
    endloop
  endfacet
  facet normal 0.671776 -0.740754 0
    outer loop
      vertex 49.9015 6.59853 8
      vertex 49.9887 6.67761 8.4
      vertex 49.9015 6.59853 8.4
    endloop
  endfacet
  facet normal 0.671776 -0.740754 0
    outer loop
      vertex 49.9887 6.67761 8.4
      vertex 49.9015 6.59853 8
      vertex 49.9887 6.67761 8
    endloop
  endfacet
  facet normal 0.336885 -0.941546 0
    outer loop
      vertex 50.2908 6.85865 8
      vertex 50.4017 6.89833 8.4
      vertex 50.2908 6.85865 8.4
    endloop
  endfacet
  facet normal 0.336885 -0.941546 0
    outer loop
      vertex 50.4017 6.89833 8.4
      vertex 50.2908 6.85865 8
      vertex 50.4017 6.89833 8
    endloop
  endfacet
  facet normal 0.146721 -0.989178 0
    outer loop
      vertex 50.5159 6.92694 8
      vertex 50.6324 6.94422 8.4
      vertex 50.5159 6.92694 8.4
    endloop
  endfacet
  facet normal 0.146721 -0.989178 0
    outer loop
      vertex 50.6324 6.94422 8.4
      vertex 50.5159 6.92694 8
      vertex 50.6324 6.94422 8
    endloop
  endfacet
  facet normal -0.998786 0.0492515 0
    outer loop
      vertex 51.9442 5.63238 8
      vertex 51.95 5.75 8.4
      vertex 51.95 5.75 8
    endloop
  endfacet
  facet normal -0.998786 0.0492515 0
    outer loop
      vertex 51.95 5.75 8.4
      vertex 51.9442 5.63238 8
      vertex 51.9442 5.63238 8.4
    endloop
  endfacet
  facet normal -0.146721 0.989178 0
    outer loop
      vertex 50.9841 4.57306 8
      vertex 50.8676 4.55578 8.4
      vertex 50.9841 4.57306 8.4
    endloop
  endfacet
  facet normal -0.146721 0.989178 0
    outer loop
      vertex 50.8676 4.55578 8.4
      vertex 50.9841 4.57306 8
      vertex 50.8676 4.55578 8
    endloop
  endfacet
  facet normal -0.33681 0.941573 0
    outer loop
      vertex 51.2092 4.64134 8
      vertex 51.0983 4.60167 8.4
      vertex 51.2092 4.64134 8.4
    endloop
  endfacet
  facet normal -0.33681 0.941573 0
    outer loop
      vertex 51.0983 4.60167 8.4
      vertex 51.2092 4.64134 8
      vertex 51.0983 4.60167 8
    endloop
  endfacet
  facet normal -0.671776 0.740754 0
    outer loop
      vertex 51.5985 4.90147 8
      vertex 51.5113 4.82239 8.4
      vertex 51.5985 4.90147 8.4
    endloop
  endfacet
  facet normal -0.671776 0.740754 0
    outer loop
      vertex 51.5113 4.82239 8.4
      vertex 51.5985 4.90147 8
      vertex 51.5113 4.82239 8
    endloop
  endfacet
  facet normal -0.514184 0.85768 0
    outer loop
      vertex 51.4167 4.75224 8
      vertex 51.3157 4.69169 8.4
      vertex 51.4167 4.75224 8.4
    endloop
  endfacet
  facet normal -0.514184 0.85768 0
    outer loop
      vertex 51.3157 4.69169 8.4
      vertex 51.4167 4.75224 8
      vertex 51.3157 4.69169 8
    endloop
  endfacet
  facet normal -0.802985 0.595999 0
    outer loop
      vertex 51.6776 4.98873 8
      vertex 51.7478 5.08331 8.4
      vertex 51.7478 5.08331 8
    endloop
  endfacet
  facet normal -0.802985 0.595999 0
    outer loop
      vertex 51.7478 5.08331 8.4
      vertex 51.6776 4.98873 8
      vertex 51.6776 4.98873 8.4
    endloop
  endfacet
  facet normal -0.903831 0.427889 0
    outer loop
      vertex 51.8083 5.18432 8
      vertex 51.8587 5.29078 8.4
      vertex 51.8587 5.29078 8
    endloop
  endfacet
  facet normal -0.903831 0.427889 0
    outer loop
      vertex 51.8587 5.29078 8.4
      vertex 51.8083 5.18432 8
      vertex 51.8083 5.18432 8.4
    endloop
  endfacet
  facet normal 0.595644 0.803249 -0
    outer loop
      vertex 50.0833 4.75224 8
      vertex 49.9887 4.82239 8.4
      vertex 50.0833 4.75224 8.4
    endloop
  endfacet
  facet normal 0.595644 0.803249 0
    outer loop
      vertex 49.9887 4.82239 8.4
      vertex 50.0833 4.75224 8
      vertex 49.9887 4.82239 8
    endloop
  endfacet
  facet normal 0.427411 0.904057 -0
    outer loop
      vertex 50.2908 4.64134 8
      vertex 50.1843 4.69169 8.4
      vertex 50.2908 4.64134 8.4
    endloop
  endfacet
  facet normal 0.427411 0.904057 0
    outer loop
      vertex 50.1843 4.69169 8.4
      vertex 50.2908 4.64134 8
      vertex 50.1843 4.69169 8
    endloop
  endfacet
  facet normal 0.243015 0.970022 -0
    outer loop
      vertex 50.5159 4.57306 8
      vertex 50.4017 4.60167 8.4
      vertex 50.5159 4.57306 8.4
    endloop
  endfacet
  facet normal 0.243015 0.970022 0
    outer loop
      vertex 50.4017 4.60167 8.4
      vertex 50.5159 4.57306 8
      vertex 50.4017 4.60167 8
    endloop
  endfacet
  facet normal 0.0490904 0.998794 -0
    outer loop
      vertex 50.75 4.55 8
      vertex 50.6324 4.55578 8.4
      vertex 50.75 4.55 8.4
    endloop
  endfacet
  facet normal 0.0490904 0.998794 0
    outer loop
      vertex 50.6324 4.55578 8.4
      vertex 50.75 4.55 8
      vertex 50.6324 4.55578 8
    endloop
  endfacet
  facet normal 0.802985 0.595999 0
    outer loop
      vertex 49.8224 4.98873 8.4
      vertex 49.7522 5.08331 8
      vertex 49.7522 5.08331 8.4
    endloop
  endfacet
  facet normal 0.802985 0.595999 0
    outer loop
      vertex 49.7522 5.08331 8
      vertex 49.8224 4.98873 8.4
      vertex 49.8224 4.98873 8
    endloop
  endfacet
  facet normal 0.85789 0.513834 0
    outer loop
      vertex 49.7522 5.08331 8.4
      vertex 49.6917 5.18432 8
      vertex 49.6917 5.18432 8.4
    endloop
  endfacet
  facet normal 0.85789 0.513834 0
    outer loop
      vertex 49.6917 5.18432 8
      vertex 49.7522 5.08331 8.4
      vertex 49.7522 5.08331 8
    endloop
  endfacet
  facet normal 0.7409 0.671616 0
    outer loop
      vertex 49.9015 4.90147 8.4
      vertex 49.8224 4.98873 8
      vertex 49.8224 4.98873 8.4
    endloop
  endfacet
  facet normal 0.7409 0.671616 0
    outer loop
      vertex 49.8224 4.98873 8
      vertex 49.9015 4.90147 8.4
      vertex 49.9015 4.90147 8
    endloop
  endfacet
  facet normal 0.989151 0.146899 0
    outer loop
      vertex 49.5731 5.51589 8.4
      vertex 49.5558 5.63238 8
      vertex 49.5558 5.63238 8.4
    endloop
  endfacet
  facet normal 0.989151 0.146899 0
    outer loop
      vertex 49.5558 5.63238 8
      vertex 49.5731 5.51589 8.4
      vertex 49.5731 5.51589 8
    endloop
  endfacet
  facet normal 0.941742 0.336336 0
    outer loop
      vertex 49.6413 5.29078 8.4
      vertex 49.6017 5.40166 8
      vertex 49.6017 5.40166 8.4
    endloop
  endfacet
  facet normal 0.941742 0.336336 0
    outer loop
      vertex 49.6017 5.40166 8
      vertex 49.6413 5.29078 8.4
      vertex 49.6413 5.29078 8
    endloop
  endfacet
  facet normal 0.998786 0.0492515 0
    outer loop
      vertex 49.5558 5.63238 8.4
      vertex 49.55 5.75 8
      vertex 49.55 5.75 8.4
    endloop
  endfacet
  facet normal 0.998786 0.0492515 0
    outer loop
      vertex 49.55 5.75 8
      vertex 49.5558 5.63238 8.4
      vertex 49.5558 5.63238 8
    endloop
  endfacet
  facet normal -0.243015 0.970022 0
    outer loop
      vertex 51.0983 4.60167 8
      vertex 50.9841 4.57306 8.4
      vertex 51.0983 4.60167 8.4
    endloop
  endfacet
  facet normal -0.243015 0.970022 0
    outer loop
      vertex 50.9841 4.57306 8.4
      vertex 51.0983 4.60167 8
      vertex 50.9841 4.57306 8
    endloop
  endfacet
  facet normal -0.427411 0.904057 0
    outer loop
      vertex 51.3157 4.69169 8
      vertex 51.2092 4.64134 8.4
      vertex 51.3157 4.69169 8.4
    endloop
  endfacet
  facet normal -0.427411 0.904057 0
    outer loop
      vertex 51.2092 4.64134 8.4
      vertex 51.3157 4.69169 8
      vertex 51.2092 4.64134 8
    endloop
  endfacet
  facet normal -0.7409 0.671616 0
    outer loop
      vertex 51.5985 4.90147 8
      vertex 51.6776 4.98873 8.4
      vertex 51.6776 4.98873 8
    endloop
  endfacet
  facet normal -0.7409 0.671616 0
    outer loop
      vertex 51.6776 4.98873 8.4
      vertex 51.5985 4.90147 8
      vertex 51.5985 4.90147 8.4
    endloop
  endfacet
  facet normal -0.595644 0.803249 0
    outer loop
      vertex 51.5113 4.82239 8
      vertex 51.4167 4.75224 8.4
      vertex 51.5113 4.82239 8.4
    endloop
  endfacet
  facet normal -0.595644 0.803249 0
    outer loop
      vertex 51.4167 4.75224 8.4
      vertex 51.5113 4.82239 8
      vertex 51.4167 4.75224 8
    endloop
  endfacet
  facet normal -0.85789 0.513834 0
    outer loop
      vertex 51.7478 5.08331 8
      vertex 51.8083 5.18432 8.4
      vertex 51.8083 5.18432 8
    endloop
  endfacet
  facet normal -0.85789 0.513834 0
    outer loop
      vertex 51.8083 5.18432 8.4
      vertex 51.7478 5.08331 8
      vertex 51.7478 5.08331 8.4
    endloop
  endfacet
  facet normal -0.989151 0.146899 0
    outer loop
      vertex 51.9269 5.51589 8
      vertex 51.9442 5.63238 8.4
      vertex 51.9442 5.63238 8
    endloop
  endfacet
  facet normal -0.989151 0.146899 0
    outer loop
      vertex 51.9442 5.63238 8.4
      vertex 51.9269 5.51589 8
      vertex 51.9269 5.51589 8.4
    endloop
  endfacet
  facet normal -0.970058 0.242875 0
    outer loop
      vertex 51.8983 5.40166 8
      vertex 51.9269 5.51589 8.4
      vertex 51.9269 5.51589 8
    endloop
  endfacet
  facet normal -0.970058 0.242875 0
    outer loop
      vertex 51.9269 5.51589 8.4
      vertex 51.8983 5.40166 8
      vertex 51.8983 5.40166 8.4
    endloop
  endfacet
  facet normal 0.514184 0.85768 -0
    outer loop
      vertex 50.1843 4.69169 8
      vertex 50.0833 4.75224 8.4
      vertex 50.1843 4.69169 8.4
    endloop
  endfacet
  facet normal 0.514184 0.85768 0
    outer loop
      vertex 50.0833 4.75224 8.4
      vertex 50.1843 4.69169 8
      vertex 50.0833 4.75224 8
    endloop
  endfacet
  facet normal 0.33681 0.941573 -0
    outer loop
      vertex 50.4017 4.60167 8
      vertex 50.2908 4.64134 8.4
      vertex 50.4017 4.60167 8.4
    endloop
  endfacet
  facet normal 0.33681 0.941573 0
    outer loop
      vertex 50.2908 4.64134 8.4
      vertex 50.4017 4.60167 8
      vertex 50.2908 4.64134 8
    endloop
  endfacet
  facet normal 0.146721 0.989178 -0
    outer loop
      vertex 50.6324 4.55578 8
      vertex 50.5159 4.57306 8.4
      vertex 50.6324 4.55578 8.4
    endloop
  endfacet
  facet normal 0.146721 0.989178 0
    outer loop
      vertex 50.5159 4.57306 8.4
      vertex 50.6324 4.55578 8
      vertex 50.5159 4.57306 8
    endloop
  endfacet
  facet normal -0.0490904 0.998794 0
    outer loop
      vertex 50.8676 4.55578 8
      vertex 50.75 4.55 8.4
      vertex 50.8676 4.55578 8.4
    endloop
  endfacet
  facet normal -0.0490904 0.998794 0
    outer loop
      vertex 50.75 4.55 8.4
      vertex 50.8676 4.55578 8
      vertex 50.75 4.55 8
    endloop
  endfacet
  facet normal 0.970058 0.242875 0
    outer loop
      vertex 49.6017 5.40166 8.4
      vertex 49.5731 5.51589 8
      vertex 49.5731 5.51589 8.4
    endloop
  endfacet
  facet normal 0.970058 0.242875 0
    outer loop
      vertex 49.5731 5.51589 8
      vertex 49.6017 5.40166 8.4
      vertex 49.6017 5.40166 8
    endloop
  endfacet
  facet normal -0.998798 -0.0490083 0
    outer loop
      vertex 52.85 5.75 8.4
      vertex 52.8399 5.95584 10.2
      vertex 52.8399 5.95584 8.4
    endloop
  endfacet
  facet normal -0.998798 -0.0490083 0
    outer loop
      vertex 52.8399 5.95584 10.2
      vertex 52.85 5.75 8.4
      vertex 52.85 5.75 10.2
    endloop
  endfacet
  facet normal 0.0490662 -0.998796 0
    outer loop
      vertex 50.5442 7.83989 8.4
      vertex 50.75 7.85 10.2
      vertex 50.5442 7.83989 10.2
    endloop
  endfacet
  facet normal 0.0490662 -0.998796 0
    outer loop
      vertex 50.75 7.85 10.2
      vertex 50.5442 7.83989 8.4
      vertex 50.75 7.85 8.4
    endloop
  endfacet
  facet normal -0.671561 -0.740949 0
    outer loop
      vertex 52.0822 7.37332 8.4
      vertex 52.2349 7.23492 10.2
      vertex 52.0822 7.37332 10.2
    endloop
  endfacet
  facet normal -0.671561 -0.740949 -0
    outer loop
      vertex 52.2349 7.23492 10.2
      vertex 52.0822 7.37332 8.4
      vertex 52.2349 7.23492 8.4
    endloop
  endfacet
  facet normal 0.740927 -0.671585 0
    outer loop
      vertex 49.1267 7.08223 10.2
      vertex 49.2651 7.23492 8.4
      vertex 49.2651 7.23492 10.2
    endloop
  endfacet
  facet normal 0.740927 -0.671585 0
    outer loop
      vertex 49.2651 7.23492 8.4
      vertex 49.1267 7.08223 10.2
      vertex 49.1267 7.08223 8.4
    endloop
  endfacet
  facet normal 0.427582 -0.903977 0
    outer loop
      vertex 49.7601 7.60203 8.4
      vertex 49.9464 7.69015 10.2
      vertex 49.7601 7.60203 10.2
    endloop
  endfacet
  facet normal 0.427582 -0.903977 0
    outer loop
      vertex 49.9464 7.69015 10.2
      vertex 49.7601 7.60203 8.4
      vertex 49.9464 7.69015 8.4
    endloop
  endfacet
  facet normal -0.904014 -0.427502 0
    outer loop
      vertex 52.6901 6.55363 8.4
      vertex 52.602 6.73993 10.2
      vertex 52.602 6.73993 8.4
    endloop
  endfacet
  facet normal -0.904014 -0.427502 0
    outer loop
      vertex 52.602 6.73993 10.2
      vertex 52.6901 6.55363 8.4
      vertex 52.6901 6.55363 10.2
    endloop
  endfacet
  facet normal -0.336914 -0.941535 0
    outer loop
      vertex 51.3596 7.75957 8.4
      vertex 51.5536 7.69015 10.2
      vertex 51.3596 7.75957 10.2
    endloop
  endfacet
  facet normal -0.336914 -0.941535 -0
    outer loop
      vertex 51.5536 7.69015 10.2
      vertex 51.3596 7.75957 8.4
      vertex 51.5536 7.69015 8.4
    endloop
  endfacet
  facet normal -0.513996 -0.857792 0
    outer loop
      vertex 51.7399 7.60203 8.4
      vertex 51.9167 7.49609 10.2
      vertex 51.7399 7.60203 10.2
    endloop
  endfacet
  facet normal -0.513996 -0.857792 -0
    outer loop
      vertex 51.9167 7.49609 10.2
      vertex 51.7399 7.60203 8.4
      vertex 51.9167 7.49609 8.4
    endloop
  endfacet
  facet normal 0.941429 -0.337212 0
    outer loop
      vertex 48.7404 6.3596 10.2
      vertex 48.8099 6.55363 8.4
      vertex 48.8099 6.55363 10.2
    endloop
  endfacet
  facet normal 0.941429 -0.337212 0
    outer loop
      vertex 48.8099 6.55363 8.4
      vertex 48.7404 6.3596 10.2
      vertex 48.7404 6.3596 8.4
    endloop
  endfacet
  facet normal 0.243015 -0.970022 0
    outer loop
      vertex 50.1404 7.75957 8.4
      vertex 50.3403 7.80965 10.2
      vertex 50.1404 7.75957 10.2
    endloop
  endfacet
  facet normal 0.243015 -0.970022 0
    outer loop
      vertex 50.3403 7.80965 10.2
      vertex 50.1404 7.75957 8.4
      vertex 50.3403 7.80965 8.4
    endloop
  endfacet
  facet normal 0.671561 0.740949 -0
    outer loop
      vertex 49.4178 4.12668 8.4
      vertex 49.2651 4.26508 10.2
      vertex 49.4178 4.12668 10.2
    endloop
  endfacet
  facet normal 0.671561 0.740949 0
    outer loop
      vertex 49.2651 4.26508 10.2
      vertex 49.4178 4.12668 8.4
      vertex 49.2651 4.26508 8.4
    endloop
  endfacet
  facet normal 0.904005 0.427521 0
    outer loop
      vertex 48.898 4.76007 10.2
      vertex 48.8099 4.94636 8.4
      vertex 48.8099 4.94636 10.2
    endloop
  endfacet
  facet normal 0.904005 0.427521 0
    outer loop
      vertex 48.8099 4.94636 8.4
      vertex 48.898 4.76007 10.2
      vertex 48.898 4.76007 8.4
    endloop
  endfacet
  facet normal -0.970117 -0.242638 0
    outer loop
      vertex 52.8096 6.15969 8.4
      vertex 52.7596 6.3596 10.2
      vertex 52.7596 6.3596 8.4
    endloop
  endfacet
  facet normal -0.970117 -0.242638 0
    outer loop
      vertex 52.7596 6.3596 10.2
      vertex 52.8096 6.15969 8.4
      vertex 52.8096 6.15969 10.2
    endloop
  endfacet
  facet normal -0.989133 -0.147023 0
    outer loop
      vertex 52.8399 5.95584 8.4
      vertex 52.8096 6.15969 10.2
      vertex 52.8096 6.15969 8.4
    endloop
  endfacet
  facet normal -0.989133 -0.147023 0
    outer loop
      vertex 52.8096 6.15969 10.2
      vertex 52.8399 5.95584 8.4
      vertex 52.8399 5.95584 10.2
    endloop
  endfacet
  facet normal -0.941429 -0.337212 0
    outer loop
      vertex 52.7596 6.3596 8.4
      vertex 52.6901 6.55363 10.2
      vertex 52.6901 6.55363 8.4
    endloop
  endfacet
  facet normal -0.941429 -0.337212 0
    outer loop
      vertex 52.6901 6.55363 10.2
      vertex 52.7596 6.3596 8.4
      vertex 52.7596 6.3596 10.2
    endloop
  endfacet
  facet normal -0.803127 -0.595808 0
    outer loop
      vertex 52.4961 6.9167 8.4
      vertex 52.3733 7.08223 10.2
      vertex 52.3733 7.08223 8.4
    endloop
  endfacet
  facet normal -0.803127 -0.595808 0
    outer loop
      vertex 52.3733 7.08223 10.2
      vertex 52.4961 6.9167 8.4
      vertex 52.4961 6.9167 10.2
    endloop
  endfacet
  facet normal -0.740927 -0.671585 0
    outer loop
      vertex 52.3733 7.08223 8.4
      vertex 52.2349 7.23492 10.2
      vertex 52.2349 7.23492 8.4
    endloop
  endfacet
  facet normal -0.740927 -0.671585 0
    outer loop
      vertex 52.2349 7.23492 10.2
      vertex 52.3733 7.08223 8.4
      vertex 52.3733 7.08223 10.2
    endloop
  endfacet
  facet normal -0.85784 -0.513918 0
    outer loop
      vertex 52.602 6.73993 8.4
      vertex 52.4961 6.9167 10.2
      vertex 52.4961 6.9167 8.4
    endloop
  endfacet
  facet normal -0.85784 -0.513918 0
    outer loop
      vertex 52.4961 6.9167 10.2
      vertex 52.602 6.73993 8.4
      vertex 52.602 6.73993 10.2
    endloop
  endfacet
  facet normal -0.146703 -0.989181 0
    outer loop
      vertex 50.9558 7.83989 8.4
      vertex 51.1597 7.80965 10.2
      vertex 50.9558 7.83989 10.2
    endloop
  endfacet
  facet normal -0.146703 -0.989181 -0
    outer loop
      vertex 51.1597 7.80965 10.2
      vertex 50.9558 7.83989 8.4
      vertex 51.1597 7.80965 8.4
    endloop
  endfacet
  facet normal -0.243015 -0.970022 0
    outer loop
      vertex 51.1597 7.80965 8.4
      vertex 51.3596 7.75957 10.2
      vertex 51.1597 7.80965 10.2
    endloop
  endfacet
  facet normal -0.243015 -0.970022 -0
    outer loop
      vertex 51.3596 7.75957 10.2
      vertex 51.1597 7.80965 8.4
      vertex 51.3596 7.75957 8.4
    endloop
  endfacet
  facet normal -0.0490662 -0.998796 0
    outer loop
      vertex 50.75 7.85 8.4
      vertex 50.9558 7.83989 10.2
      vertex 50.75 7.85 10.2
    endloop
  endfacet
  facet normal -0.0490662 -0.998796 -0
    outer loop
      vertex 50.9558 7.83989 10.2
      vertex 50.75 7.85 8.4
      vertex 50.9558 7.83989 8.4
    endloop
  endfacet
  facet normal -0.427582 -0.903977 0
    outer loop
      vertex 51.5536 7.69015 8.4
      vertex 51.7399 7.60203 10.2
      vertex 51.5536 7.69015 10.2
    endloop
  endfacet
  facet normal -0.427582 -0.903977 -0
    outer loop
      vertex 51.7399 7.60203 10.2
      vertex 51.5536 7.69015 8.4
      vertex 51.7399 7.60203 8.4
    endloop
  endfacet
  facet normal -0.595783 -0.803145 0
    outer loop
      vertex 51.9167 7.49609 8.4
      vertex 52.0822 7.37332 10.2
      vertex 51.9167 7.49609 10.2
    endloop
  endfacet
  facet normal -0.595783 -0.803145 -0
    outer loop
      vertex 52.0822 7.37332 10.2
      vertex 51.9167 7.49609 8.4
      vertex 52.0822 7.37332 8.4
    endloop
  endfacet
  facet normal 0.989203 -0.146549 0
    outer loop
      vertex 48.6601 5.95584 10.2
      vertex 48.6903 6.15969 8.4
      vertex 48.6903 6.15969 10.2
    endloop
  endfacet
  facet normal 0.989203 -0.146549 0
    outer loop
      vertex 48.6903 6.15969 8.4
      vertex 48.6601 5.95584 10.2
      vertex 48.6601 5.95584 8.4
    endloop
  endfacet
  facet normal 0 0 1
    outer loop
      vertex 51.95 5.75 8.4
      vertex 52.85 5.75 8.4
      vertex 52.8399 5.95584 8.4
    endloop
  endfacet
  facet normal 0 0 1
    outer loop
      vertex 51.9442 5.86762 8.4
      vertex 52.8399 5.95584 8.4
      vertex 52.8096 6.15969 8.4
    endloop
  endfacet
  facet normal 0 0 1
    outer loop
      vertex 52.85 5.75 8.4
      vertex 51.95 5.75 8.4
      vertex 52.8399 5.54416 8.4
    endloop
  endfacet
  facet normal 0 0 1
    outer loop
      vertex 51.9269 5.98411 8.4
      vertex 52.8096 6.15969 8.4
      vertex 52.7596 6.3596 8.4
    endloop
  endfacet
  facet normal -0 0 1
    outer loop
      vertex 51.9442 5.63238 8.4
      vertex 52.8399 5.54416 8.4
      vertex 51.95 5.75 8.4
    endloop
  endfacet
  facet normal 0 0 1
    outer loop
      vertex 51.8983 6.09834 8.4
      vertex 52.7596 6.3596 8.4
      vertex 52.6901 6.55363 8.4
    endloop
  endfacet
  facet normal 0 0 1
    outer loop
      vertex 52.8399 5.54416 8.4
      vertex 51.9442 5.63238 8.4
      vertex 52.8096 5.34031 8.4
    endloop
  endfacet
  facet normal 0 0 1
    outer loop
      vertex 51.8587 6.20922 8.4
      vertex 52.6901 6.55363 8.4
      vertex 52.602 6.73993 8.4
    endloop
  endfacet
  facet normal -0 0 1
    outer loop
      vertex 51.9269 5.51589 8.4
      vertex 52.8096 5.34031 8.4
      vertex 51.9442 5.63238 8.4
    endloop
  endfacet
  facet normal 0 0 1
    outer loop
      vertex 51.8083 6.31568 8.4
      vertex 52.602 6.73993 8.4
      vertex 52.4961 6.9167 8.4
    endloop
  endfacet
  facet normal 0 0 1
    outer loop
      vertex 52.8096 5.34031 8.4
      vertex 51.9269 5.51589 8.4
      vertex 52.7596 5.1404 8.4
    endloop
  endfacet
  facet normal 0 0 1
    outer loop
      vertex 51.7478 6.41668 8.4
      vertex 52.4961 6.9167 8.4
      vertex 52.3733 7.08223 8.4
    endloop
  endfacet
  facet normal -0 0 1
    outer loop
      vertex 51.8983 5.40166 8.4
      vertex 52.7596 5.1404 8.4
      vertex 51.9269 5.51589 8.4
    endloop
  endfacet
  facet normal 0 0 1
    outer loop
      vertex 51.6776 6.51127 8.4
      vertex 52.3733 7.08223 8.4
      vertex 52.2349 7.23492 8.4
    endloop
  endfacet
  facet normal 0 0 1
    outer loop
      vertex 52.7596 5.1404 8.4
      vertex 51.8983 5.40166 8.4
      vertex 52.6901 4.94636 8.4
    endloop
  endfacet
  facet normal 0 0 1
    outer loop
      vertex 51.5985 6.59853 8.4
      vertex 52.2349 7.23492 8.4
      vertex 52.0822 7.37332 8.4
    endloop
  endfacet
  facet normal -0 0 1
    outer loop
      vertex 51.8587 5.29078 8.4
      vertex 52.6901 4.94636 8.4
      vertex 51.8983 5.40166 8.4
    endloop
  endfacet
  facet normal 0 0 1
    outer loop
      vertex 52.6901 4.94636 8.4
      vertex 51.8587 5.29078 8.4
      vertex 52.602 4.76007 8.4
    endloop
  endfacet
  facet normal 0 0 1
    outer loop
      vertex 52.8399 5.95584 8.4
      vertex 51.9442 5.86762 8.4
      vertex 51.95 5.75 8.4
    endloop
  endfacet
  facet normal 0 0 1
    outer loop
      vertex 52.8096 6.15969 8.4
      vertex 51.9269 5.98411 8.4
      vertex 51.9442 5.86762 8.4
    endloop
  endfacet
  facet normal 0 0 1
    outer loop
      vertex 51.5113 6.67761 8.4
      vertex 52.0822 7.37332 8.4
      vertex 51.9167 7.49609 8.4
    endloop
  endfacet
  facet normal 0 0 1
    outer loop
      vertex 52.7596 6.3596 8.4
      vertex 51.8983 6.09834 8.4
      vertex 51.9269 5.98411 8.4
    endloop
  endfacet
  facet normal 0 0 1
    outer loop
      vertex 52.6901 6.55363 8.4
      vertex 51.8587 6.20922 8.4
      vertex 51.8983 6.09834 8.4
    endloop
  endfacet
  facet normal 0 0 1
    outer loop
      vertex 52.602 6.73993 8.4
      vertex 51.8083 6.31568 8.4
      vertex 51.8587 6.20922 8.4
    endloop
  endfacet
  facet normal 0 0 1
    outer loop
      vertex 52.4961 6.9167 8.4
      vertex 51.7478 6.41668 8.4
      vertex 51.8083 6.31568 8.4
    endloop
  endfacet
  facet normal 0 0 1
    outer loop
      vertex 51.4167 6.74776 8.4
      vertex 51.9167 7.49609 8.4
      vertex 51.7399 7.60203 8.4
    endloop
  endfacet
  facet normal 0 0 1
    outer loop
      vertex 52.3733 7.08223 8.4
      vertex 51.6776 6.51127 8.4
      vertex 51.7478 6.41668 8.4
    endloop
  endfacet
  facet normal 0 0 1
    outer loop
      vertex 52.2349 7.23492 8.4
      vertex 51.5985 6.59853 8.4
      vertex 51.6776 6.51127 8.4
    endloop
  endfacet
  facet normal 0 0 1
    outer loop
      vertex 51.3157 6.8083 8.4
      vertex 51.7399 7.60203 8.4
      vertex 51.5536 7.69015 8.4
    endloop
  endfacet
  facet normal 0 0 1
    outer loop
      vertex 52.0822 7.37332 8.4
      vertex 51.5113 6.67761 8.4
      vertex 51.5985 6.59853 8.4
    endloop
  endfacet
  facet normal 0 0 1
    outer loop
      vertex 51.9167 7.49609 8.4
      vertex 51.4167 6.74776 8.4
      vertex 51.5113 6.67761 8.4
    endloop
  endfacet
  facet normal 0 0 1
    outer loop
      vertex 51.2092 6.85865 8.4
      vertex 51.5536 7.69015 8.4
      vertex 51.3596 7.75957 8.4
    endloop
  endfacet
  facet normal 0 0 1
    outer loop
      vertex 51.7399 7.60203 8.4
      vertex 51.3157 6.8083 8.4
      vertex 51.4167 6.74776 8.4
    endloop
  endfacet
  facet normal 0 0 1
    outer loop
      vertex 51.5536 7.69015 8.4
      vertex 51.2092 6.85865 8.4
      vertex 51.3157 6.8083 8.4
    endloop
  endfacet
  facet normal 0 0 1
    outer loop
      vertex 51.0983 6.89833 8.4
      vertex 51.3596 7.75957 8.4
      vertex 51.1597 7.80965 8.4
    endloop
  endfacet
  facet normal 0 0 1
    outer loop
      vertex 51.3596 7.75957 8.4
      vertex 51.0983 6.89833 8.4
      vertex 51.2092 6.85865 8.4
    endloop
  endfacet
  facet normal 0 0 1
    outer loop
      vertex 51.1597 7.80965 8.4
      vertex 50.9841 6.92694 8.4
      vertex 51.0983 6.89833 8.4
    endloop
  endfacet
  facet normal 0 0 1
    outer loop
      vertex 50.9558 7.83989 8.4
      vertex 50.9841 6.92694 8.4
      vertex 51.1597 7.80965 8.4
    endloop
  endfacet
  facet normal 0 0 1
    outer loop
      vertex 50.9558 7.83989 8.4
      vertex 50.8676 6.94422 8.4
      vertex 50.9841 6.92694 8.4
    endloop
  endfacet
  facet normal 0 0 1
    outer loop
      vertex 50.75 7.85 8.4
      vertex 50.8676 6.94422 8.4
      vertex 50.9558 7.83989 8.4
    endloop
  endfacet
  facet normal 0 0 1
    outer loop
      vertex 50.75 7.85 8.4
      vertex 50.75 6.95 8.4
      vertex 50.8676 6.94422 8.4
    endloop
  endfacet
  facet normal 0 0 1
    outer loop
      vertex 50.75 7.85 8.4
      vertex 50.6324 6.94422 8.4
      vertex 50.75 6.95 8.4
    endloop
  endfacet
  facet normal -0 0 1
    outer loop
      vertex 50.5442 7.83989 8.4
      vertex 50.6324 6.94422 8.4
      vertex 50.75 7.85 8.4
    endloop
  endfacet
  facet normal 0 0 1
    outer loop
      vertex 50.5442 7.83989 8.4
      vertex 50.5159 6.92694 8.4
      vertex 50.6324 6.94422 8.4
    endloop
  endfacet
  facet normal -0 0 1
    outer loop
      vertex 50.3403 7.80965 8.4
      vertex 50.5159 6.92694 8.4
      vertex 50.5442 7.83989 8.4
    endloop
  endfacet
  facet normal 0 0 1
    outer loop
      vertex 50.5159 6.92694 8.4
      vertex 50.3403 7.80965 8.4
      vertex 50.4017 6.89833 8.4
    endloop
  endfacet
  facet normal -0 0 1
    outer loop
      vertex 50.1404 7.75957 8.4
      vertex 50.4017 6.89833 8.4
      vertex 50.3403 7.80965 8.4
    endloop
  endfacet
  facet normal 0 0 1
    outer loop
      vertex 50.4017 6.89833 8.4
      vertex 50.1404 7.75957 8.4
      vertex 50.2908 6.85865 8.4
    endloop
  endfacet
  facet normal -0 0 1
    outer loop
      vertex 49.9464 7.69015 8.4
      vertex 50.2908 6.85865 8.4
      vertex 50.1404 7.75957 8.4
    endloop
  endfacet
  facet normal 0 0 1
    outer loop
      vertex 50.2908 6.85865 8.4
      vertex 49.9464 7.69015 8.4
      vertex 50.1843 6.8083 8.4
    endloop
  endfacet
  facet normal -0 0 1
    outer loop
      vertex 49.7601 7.60203 8.4
      vertex 50.1843 6.8083 8.4
      vertex 49.9464 7.69015 8.4
    endloop
  endfacet
  facet normal 0 0 1
    outer loop
      vertex 50.1843 6.8083 8.4
      vertex 49.7601 7.60203 8.4
      vertex 50.0833 6.74776 8.4
    endloop
  endfacet
  facet normal -0 0 1
    outer loop
      vertex 49.5833 7.49609 8.4
      vertex 50.0833 6.74776 8.4
      vertex 49.7601 7.60203 8.4
    endloop
  endfacet
  facet normal 0 0 1
    outer loop
      vertex 50.0833 6.74776 8.4
      vertex 49.5833 7.49609 8.4
      vertex 49.9887 6.67761 8.4
    endloop
  endfacet
  facet normal -0 0 1
    outer loop
      vertex 49.4178 7.37332 8.4
      vertex 49.9887 6.67761 8.4
      vertex 49.5833 7.49609 8.4
    endloop
  endfacet
  facet normal 0 0 1
    outer loop
      vertex 49.9887 6.67761 8.4
      vertex 49.4178 7.37332 8.4
      vertex 49.9015 6.59853 8.4
    endloop
  endfacet
  facet normal -0 0 1
    outer loop
      vertex 49.2651 7.23492 8.4
      vertex 49.9015 6.59853 8.4
      vertex 49.4178 7.37332 8.4
    endloop
  endfacet
  facet normal 0 0 1
    outer loop
      vertex 49.9015 6.59853 8.4
      vertex 49.2651 7.23492 8.4
      vertex 49.8224 6.51127 8.4
    endloop
  endfacet
  facet normal -0 0 1
    outer loop
      vertex 49.1267 7.08223 8.4
      vertex 49.8224 6.51127 8.4
      vertex 49.2651 7.23492 8.4
    endloop
  endfacet
  facet normal 0 0 1
    outer loop
      vertex 49.8224 6.51127 8.4
      vertex 49.1267 7.08223 8.4
      vertex 49.7522 6.41668 8.4
    endloop
  endfacet
  facet normal -0 0 1
    outer loop
      vertex 49.0039 6.9167 8.4
      vertex 49.7522 6.41668 8.4
      vertex 49.1267 7.08223 8.4
    endloop
  endfacet
  facet normal 0 0 1
    outer loop
      vertex 49.7522 6.41668 8.4
      vertex 49.0039 6.9167 8.4
      vertex 49.6917 6.31568 8.4
    endloop
  endfacet
  facet normal -0 0 1
    outer loop
      vertex 48.898 6.73993 8.4
      vertex 49.6917 6.31568 8.4
      vertex 49.0039 6.9167 8.4
    endloop
  endfacet
  facet normal 0 0 1
    outer loop
      vertex 49.6917 6.31568 8.4
      vertex 48.898 6.73993 8.4
      vertex 49.6413 6.20922 8.4
    endloop
  endfacet
  facet normal -0 0 1
    outer loop
      vertex 51.8083 5.18432 8.4
      vertex 52.602 4.76007 8.4
      vertex 51.8587 5.29078 8.4
    endloop
  endfacet
  facet normal 0 0 1
    outer loop
      vertex 52.602 4.76007 8.4
      vertex 51.8083 5.18432 8.4
      vertex 52.4961 4.5833 8.4
    endloop
  endfacet
  facet normal -0 0 1
    outer loop
      vertex 51.7478 5.08331 8.4
      vertex 52.4961 4.5833 8.4
      vertex 51.8083 5.18432 8.4
    endloop
  endfacet
  facet normal 0 0 1
    outer loop
      vertex 52.4961 4.5833 8.4
      vertex 51.7478 5.08331 8.4
      vertex 52.3733 4.41777 8.4
    endloop
  endfacet
  facet normal -0 0 1
    outer loop
      vertex 51.6776 4.98873 8.4
      vertex 52.3733 4.41777 8.4
      vertex 51.7478 5.08331 8.4
    endloop
  endfacet
  facet normal 0 0 1
    outer loop
      vertex 52.3733 4.41777 8.4
      vertex 51.6776 4.98873 8.4
      vertex 52.2349 4.26508 8.4
    endloop
  endfacet
  facet normal -0 0 1
    outer loop
      vertex 51.5985 4.90147 8.4
      vertex 52.2349 4.26508 8.4
      vertex 51.6776 4.98873 8.4
    endloop
  endfacet
  facet normal 0 0 1
    outer loop
      vertex 52.2349 4.26508 8.4
      vertex 51.5985 4.90147 8.4
      vertex 52.0822 4.12668 8.4
    endloop
  endfacet
  facet normal -0 0 1
    outer loop
      vertex 51.5113 4.82239 8.4
      vertex 52.0822 4.12668 8.4
      vertex 51.5985 4.90147 8.4
    endloop
  endfacet
  facet normal 0 0 1
    outer loop
      vertex 52.0822 4.12668 8.4
      vertex 51.5113 4.82239 8.4
      vertex 51.9167 4.00391 8.4
    endloop
  endfacet
  facet normal -0 0 1
    outer loop
      vertex 51.4167 4.75224 8.4
      vertex 51.9167 4.00391 8.4
      vertex 51.5113 4.82239 8.4
    endloop
  endfacet
  facet normal 0 0 1
    outer loop
      vertex 51.9167 4.00391 8.4
      vertex 51.4167 4.75224 8.4
      vertex 51.7399 3.89796 8.4
    endloop
  endfacet
  facet normal -0 0 1
    outer loop
      vertex 51.3157 4.69169 8.4
      vertex 51.7399 3.89796 8.4
      vertex 51.4167 4.75224 8.4
    endloop
  endfacet
  facet normal 0 0 1
    outer loop
      vertex 51.7399 3.89796 8.4
      vertex 51.3157 4.69169 8.4
      vertex 51.5536 3.80985 8.4
    endloop
  endfacet
  facet normal -0 0 1
    outer loop
      vertex 51.2092 4.64134 8.4
      vertex 51.5536 3.80985 8.4
      vertex 51.3157 4.69169 8.4
    endloop
  endfacet
  facet normal 0 0 1
    outer loop
      vertex 51.5536 3.80985 8.4
      vertex 51.2092 4.64134 8.4
      vertex 51.3596 3.74043 8.4
    endloop
  endfacet
  facet normal -0 0 1
    outer loop
      vertex 51.0983 4.60167 8.4
      vertex 51.3596 3.74043 8.4
      vertex 51.2092 4.64134 8.4
    endloop
  endfacet
  facet normal 0 0 1
    outer loop
      vertex 51.3596 3.74043 8.4
      vertex 51.0983 4.60167 8.4
      vertex 51.1597 3.69035 8.4
    endloop
  endfacet
  facet normal -0 0 1
    outer loop
      vertex 50.9841 4.57306 8.4
      vertex 51.1597 3.69035 8.4
      vertex 51.0983 4.60167 8.4
    endloop
  endfacet
  facet normal 0 0 1
    outer loop
      vertex 50.9841 4.57306 8.4
      vertex 50.9558 3.66011 8.4
      vertex 51.1597 3.69035 8.4
    endloop
  endfacet
  facet normal -0 0 1
    outer loop
      vertex 50.8676 4.55578 8.4
      vertex 50.9558 3.66011 8.4
      vertex 50.9841 4.57306 8.4
    endloop
  endfacet
  facet normal -0 0 1
    outer loop
      vertex 50.75 4.55 8.4
      vertex 50.9558 3.66011 8.4
      vertex 50.8676 4.55578 8.4
    endloop
  endfacet
  facet normal 0 0 1
    outer loop
      vertex 50.75 4.55 8.4
      vertex 50.75 3.65 8.4
      vertex 50.9558 3.66011 8.4
    endloop
  endfacet
  facet normal 0 0 1
    outer loop
      vertex 50.6324 4.55578 8.4
      vertex 50.75 3.65 8.4
      vertex 50.75 4.55 8.4
    endloop
  endfacet
  facet normal 0 0 1
    outer loop
      vertex 50.6324 4.55578 8.4
      vertex 50.5442 3.66011 8.4
      vertex 50.75 3.65 8.4
    endloop
  endfacet
  facet normal 0 0 1
    outer loop
      vertex 50.5159 4.57306 8.4
      vertex 50.5442 3.66011 8.4
      vertex 50.6324 4.55578 8.4
    endloop
  endfacet
  facet normal 0 0 1
    outer loop
      vertex 50.3403 3.69035 8.4
      vertex 50.5159 4.57306 8.4
      vertex 50.4017 4.60167 8.4
    endloop
  endfacet
  facet normal 0 0 1
    outer loop
      vertex 50.5159 4.57306 8.4
      vertex 50.3403 3.69035 8.4
      vertex 50.5442 3.66011 8.4
    endloop
  endfacet
  facet normal 0 0 1
    outer loop
      vertex 50.1404 3.74043 8.4
      vertex 50.4017 4.60167 8.4
      vertex 50.2908 4.64134 8.4
    endloop
  endfacet
  facet normal 0 0 1
    outer loop
      vertex 49.9464 3.80985 8.4
      vertex 50.2908 4.64134 8.4
      vertex 50.1843 4.69169 8.4
    endloop
  endfacet
  facet normal 0 0 1
    outer loop
      vertex 50.4017 4.60167 8.4
      vertex 50.1404 3.74043 8.4
      vertex 50.3403 3.69035 8.4
    endloop
  endfacet
  facet normal 0 0 1
    outer loop
      vertex 49.7601 3.89796 8.4
      vertex 50.1843 4.69169 8.4
      vertex 50.0833 4.75224 8.4
    endloop
  endfacet
  facet normal 0 0 1
    outer loop
      vertex 49.5833 4.00391 8.4
      vertex 50.0833 4.75224 8.4
      vertex 49.9887 4.82239 8.4
    endloop
  endfacet
  facet normal 0 0 1
    outer loop
      vertex 50.2908 4.64134 8.4
      vertex 49.9464 3.80985 8.4
      vertex 50.1404 3.74043 8.4
    endloop
  endfacet
  facet normal 0 0 1
    outer loop
      vertex 49.4178 4.12668 8.4
      vertex 49.9887 4.82239 8.4
      vertex 49.9015 4.90147 8.4
    endloop
  endfacet
  facet normal 0 0 1
    outer loop
      vertex 49.2651 4.26508 8.4
      vertex 49.9015 4.90147 8.4
      vertex 49.8224 4.98873 8.4
    endloop
  endfacet
  facet normal 0 0 1
    outer loop
      vertex 50.1843 4.69169 8.4
      vertex 49.7601 3.89796 8.4
      vertex 49.9464 3.80985 8.4
    endloop
  endfacet
  facet normal 0 0 1
    outer loop
      vertex 49.1267 4.41777 8.4
      vertex 49.8224 4.98873 8.4
      vertex 49.7522 5.08331 8.4
    endloop
  endfacet
  facet normal 0 0 1
    outer loop
      vertex 49.0039 4.5833 8.4
      vertex 49.7522 5.08331 8.4
      vertex 49.6917 5.18432 8.4
    endloop
  endfacet
  facet normal 0 0 1
    outer loop
      vertex 48.898 4.76007 8.4
      vertex 49.6917 5.18432 8.4
      vertex 49.6413 5.29078 8.4
    endloop
  endfacet
  facet normal 0 0 1
    outer loop
      vertex 48.8099 4.94636 8.4
      vertex 49.6413 5.29078 8.4
      vertex 49.6017 5.40166 8.4
    endloop
  endfacet
  facet normal 0 0 1
    outer loop
      vertex 50.0833 4.75224 8.4
      vertex 49.5833 4.00391 8.4
      vertex 49.7601 3.89796 8.4
    endloop
  endfacet
  facet normal 0 0 1
    outer loop
      vertex 48.7404 5.1404 8.4
      vertex 49.6017 5.40166 8.4
      vertex 49.5731 5.51589 8.4
    endloop
  endfacet
  facet normal 0 0 1
    outer loop
      vertex 48.6903 5.34031 8.4
      vertex 49.5731 5.51589 8.4
      vertex 49.5558 5.63238 8.4
    endloop
  endfacet
  facet normal 0 0 1
    outer loop
      vertex 48.6601 5.54416 8.4
      vertex 49.5558 5.63238 8.4
      vertex 49.55 5.75 8.4
    endloop
  endfacet
  facet normal -0 0 1
    outer loop
      vertex 48.8099 6.55363 8.4
      vertex 49.6413 6.20922 8.4
      vertex 48.898 6.73993 8.4
    endloop
  endfacet
  facet normal 0 0 1
    outer loop
      vertex 49.9887 4.82239 8.4
      vertex 49.4178 4.12668 8.4
      vertex 49.5833 4.00391 8.4
    endloop
  endfacet
  facet normal 0 0 1
    outer loop
      vertex 49.6413 6.20922 8.4
      vertex 48.8099 6.55363 8.4
      vertex 49.6017 6.09834 8.4
    endloop
  endfacet
  facet normal 0 0 1
    outer loop
      vertex 49.9015 4.90147 8.4
      vertex 49.2651 4.26508 8.4
      vertex 49.4178 4.12668 8.4
    endloop
  endfacet
  facet normal -0 0 1
    outer loop
      vertex 48.7404 6.3596 8.4
      vertex 49.6017 6.09834 8.4
      vertex 48.8099 6.55363 8.4
    endloop
  endfacet
  facet normal 0 0 1
    outer loop
      vertex 49.8224 4.98873 8.4
      vertex 49.1267 4.41777 8.4
      vertex 49.2651 4.26508 8.4
    endloop
  endfacet
  facet normal 0 0 1
    outer loop
      vertex 49.6017 6.09834 8.4
      vertex 48.7404 6.3596 8.4
      vertex 49.5731 5.98411 8.4
    endloop
  endfacet
  facet normal 0 0 1
    outer loop
      vertex 49.7522 5.08331 8.4
      vertex 49.0039 4.5833 8.4
      vertex 49.1267 4.41777 8.4
    endloop
  endfacet
  facet normal -0 0 1
    outer loop
      vertex 48.6903 6.15969 8.4
      vertex 49.5731 5.98411 8.4
      vertex 48.7404 6.3596 8.4
    endloop
  endfacet
  facet normal 0 0 1
    outer loop
      vertex 49.6917 5.18432 8.4
      vertex 48.898 4.76007 8.4
      vertex 49.0039 4.5833 8.4
    endloop
  endfacet
  facet normal 0 0 1
    outer loop
      vertex 49.5731 5.98411 8.4
      vertex 48.6903 6.15969 8.4
      vertex 49.5558 5.86762 8.4
    endloop
  endfacet
  facet normal 0 0 1
    outer loop
      vertex 49.6413 5.29078 8.4
      vertex 48.8099 4.94636 8.4
      vertex 48.898 4.76007 8.4
    endloop
  endfacet
  facet normal -0 0 1
    outer loop
      vertex 48.6601 5.95584 8.4
      vertex 49.5558 5.86762 8.4
      vertex 48.6903 6.15969 8.4
    endloop
  endfacet
  facet normal 0 0 1
    outer loop
      vertex 49.6017 5.40166 8.4
      vertex 48.7404 5.1404 8.4
      vertex 48.8099 4.94636 8.4
    endloop
  endfacet
  facet normal 0 0 1
    outer loop
      vertex 49.5558 5.86762 8.4
      vertex 48.6601 5.95584 8.4
      vertex 49.55 5.75 8.4
    endloop
  endfacet
  facet normal 0 0 1
    outer loop
      vertex 49.5731 5.51589 8.4
      vertex 48.6903 5.34031 8.4
      vertex 48.7404 5.1404 8.4
    endloop
  endfacet
  facet normal 0 0 1
    outer loop
      vertex 48.65 5.75 8.4
      vertex 49.55 5.75 8.4
      vertex 48.6601 5.95584 8.4
    endloop
  endfacet
  facet normal 0 0 1
    outer loop
      vertex 49.5558 5.63238 8.4
      vertex 48.6601 5.54416 8.4
      vertex 48.6903 5.34031 8.4
    endloop
  endfacet
  facet normal 0 0 1
    outer loop
      vertex 49.55 5.75 8.4
      vertex 48.65 5.75 8.4
      vertex 48.6601 5.54416 8.4
    endloop
  endfacet
  facet normal 0.85784 -0.513918 0
    outer loop
      vertex 48.898 6.73993 10.2
      vertex 49.0039 6.9167 8.4
      vertex 49.0039 6.9167 10.2
    endloop
  endfacet
  facet normal 0.85784 -0.513918 0
    outer loop
      vertex 49.0039 6.9167 8.4
      vertex 48.898 6.73993 10.2
      vertex 48.898 6.73993 8.4
    endloop
  endfacet
  facet normal 0.803127 -0.595808 0
    outer loop
      vertex 49.0039 6.9167 10.2
      vertex 49.1267 7.08223 8.4
      vertex 49.1267 7.08223 10.2
    endloop
  endfacet
  facet normal 0.803127 -0.595808 0
    outer loop
      vertex 49.1267 7.08223 8.4
      vertex 49.0039 6.9167 10.2
      vertex 49.0039 6.9167 8.4
    endloop
  endfacet
  facet normal 0.904014 -0.427502 0
    outer loop
      vertex 48.8099 6.55363 10.2
      vertex 48.898 6.73993 8.4
      vertex 48.898 6.73993 10.2
    endloop
  endfacet
  facet normal 0.904014 -0.427502 0
    outer loop
      vertex 48.898 6.73993 8.4
      vertex 48.8099 6.55363 10.2
      vertex 48.8099 6.55363 8.4
    endloop
  endfacet
  facet normal 0.970002 -0.243095 0
    outer loop
      vertex 48.6903 6.15969 10.2
      vertex 48.7404 6.3596 8.4
      vertex 48.7404 6.3596 10.2
    endloop
  endfacet
  facet normal 0.970002 -0.243095 0
    outer loop
      vertex 48.7404 6.3596 8.4
      vertex 48.6903 6.15969 10.2
      vertex 48.6903 6.15969 8.4
    endloop
  endfacet
  facet normal 0.998798 -0.0490083 0
    outer loop
      vertex 48.65 5.75 10.2
      vertex 48.6601 5.95584 8.4
      vertex 48.6601 5.95584 10.2
    endloop
  endfacet
  facet normal 0.998798 -0.0490083 0
    outer loop
      vertex 48.6601 5.95584 8.4
      vertex 48.65 5.75 10.2
      vertex 48.65 5.75 8.4
    endloop
  endfacet
  facet normal 0.595783 -0.803145 0
    outer loop
      vertex 49.4178 7.37332 8.4
      vertex 49.5833 7.49609 10.2
      vertex 49.4178 7.37332 10.2
    endloop
  endfacet
  facet normal 0.595783 -0.803145 0
    outer loop
      vertex 49.5833 7.49609 10.2
      vertex 49.4178 7.37332 8.4
      vertex 49.5833 7.49609 8.4
    endloop
  endfacet
  facet normal 0.513996 -0.857792 0
    outer loop
      vertex 49.5833 7.49609 8.4
      vertex 49.7601 7.60203 10.2
      vertex 49.5833 7.49609 10.2
    endloop
  endfacet
  facet normal 0.513996 -0.857792 0
    outer loop
      vertex 49.7601 7.60203 10.2
      vertex 49.5833 7.49609 8.4
      vertex 49.7601 7.60203 8.4
    endloop
  endfacet
  facet normal 0.671561 -0.740949 0
    outer loop
      vertex 49.2651 7.23492 8.4
      vertex 49.4178 7.37332 10.2
      vertex 49.2651 7.23492 10.2
    endloop
  endfacet
  facet normal 0.671561 -0.740949 0
    outer loop
      vertex 49.4178 7.37332 10.2
      vertex 49.2651 7.23492 8.4
      vertex 49.4178 7.37332 8.4
    endloop
  endfacet
  facet normal 0.336914 -0.941535 0
    outer loop
      vertex 49.9464 7.69015 8.4
      vertex 50.1404 7.75957 10.2
      vertex 49.9464 7.69015 10.2
    endloop
  endfacet
  facet normal 0.336914 -0.941535 0
    outer loop
      vertex 50.1404 7.75957 10.2
      vertex 49.9464 7.69015 8.4
      vertex 50.1404 7.75957 8.4
    endloop
  endfacet
  facet normal 0.146703 -0.989181 0
    outer loop
      vertex 50.3403 7.80965 8.4
      vertex 50.5442 7.83989 10.2
      vertex 50.3403 7.80965 10.2
    endloop
  endfacet
  facet normal 0.146703 -0.989181 0
    outer loop
      vertex 50.5442 7.83989 10.2
      vertex 50.3403 7.80965 8.4
      vertex 50.5442 7.83989 8.4
    endloop
  endfacet
  facet normal -0.998798 0.0490083 0
    outer loop
      vertex 52.8399 5.54416 8.4
      vertex 52.85 5.75 10.2
      vertex 52.85 5.75 8.4
    endloop
  endfacet
  facet normal -0.998798 0.0490083 0
    outer loop
      vertex 52.85 5.75 10.2
      vertex 52.8399 5.54416 8.4
      vertex 52.8399 5.54416 10.2
    endloop
  endfacet
  facet normal -0.146703 0.989181 0
    outer loop
      vertex 51.1597 3.69035 8.4
      vertex 50.9558 3.66011 10.2
      vertex 51.1597 3.69035 10.2
    endloop
  endfacet
  facet normal -0.146703 0.989181 0
    outer loop
      vertex 50.9558 3.66011 10.2
      vertex 51.1597 3.69035 8.4
      vertex 50.9558 3.66011 8.4
    endloop
  endfacet
  facet normal -0.336914 0.941535 0
    outer loop
      vertex 51.5536 3.80985 8.4
      vertex 51.3596 3.74043 10.2
      vertex 51.5536 3.80985 10.2
    endloop
  endfacet
  facet normal -0.336914 0.941535 0
    outer loop
      vertex 51.3596 3.74043 10.2
      vertex 51.5536 3.80985 8.4
      vertex 51.3596 3.74043 8.4
    endloop
  endfacet
  facet normal -0.671561 0.740949 0
    outer loop
      vertex 52.2349 4.26508 8.4
      vertex 52.0822 4.12668 10.2
      vertex 52.2349 4.26508 10.2
    endloop
  endfacet
  facet normal -0.671561 0.740949 0
    outer loop
      vertex 52.0822 4.12668 10.2
      vertex 52.2349 4.26508 8.4
      vertex 52.0822 4.12668 8.4
    endloop
  endfacet
  facet normal -0.514032 0.857771 0
    outer loop
      vertex 51.9167 4.00391 8.4
      vertex 51.7399 3.89796 10.2
      vertex 51.9167 4.00391 10.2
    endloop
  endfacet
  facet normal -0.514032 0.857771 0
    outer loop
      vertex 51.7399 3.89796 10.2
      vertex 51.9167 4.00391 8.4
      vertex 51.7399 3.89796 8.4
    endloop
  endfacet
  facet normal -0.803127 0.595808 0
    outer loop
      vertex 52.3733 4.41777 8.4
      vertex 52.4961 4.5833 10.2
      vertex 52.4961 4.5833 8.4
    endloop
  endfacet
  facet normal -0.803127 0.595808 0
    outer loop
      vertex 52.4961 4.5833 10.2
      vertex 52.3733 4.41777 8.4
      vertex 52.3733 4.41777 10.2
    endloop
  endfacet
  facet normal -0.904005 0.427521 0
    outer loop
      vertex 52.602 4.76007 8.4
      vertex 52.6901 4.94636 10.2
      vertex 52.6901 4.94636 8.4
    endloop
  endfacet
  facet normal -0.904005 0.427521 0
    outer loop
      vertex 52.6901 4.94636 10.2
      vertex 52.602 4.76007 8.4
      vertex 52.602 4.76007 10.2
    endloop
  endfacet
  facet normal -0.970117 0.242638 0
    outer loop
      vertex 52.7596 5.1404 8.4
      vertex 52.8096 5.34031 10.2
      vertex 52.8096 5.34031 8.4
    endloop
  endfacet
  facet normal -0.970117 0.242638 0
    outer loop
      vertex 52.8096 5.34031 10.2
      vertex 52.7596 5.1404 8.4
      vertex 52.7596 5.1404 10.2
    endloop
  endfacet
  facet normal 0.595783 0.803145 -0
    outer loop
      vertex 49.5833 4.00391 8.4
      vertex 49.4178 4.12668 10.2
      vertex 49.5833 4.00391 10.2
    endloop
  endfacet
  facet normal 0.595783 0.803145 0
    outer loop
      vertex 49.4178 4.12668 10.2
      vertex 49.5833 4.00391 8.4
      vertex 49.4178 4.12668 8.4
    endloop
  endfacet
  facet normal 0.427542 0.903996 -0
    outer loop
      vertex 49.9464 3.80985 8.4
      vertex 49.7601 3.89796 10.2
      vertex 49.9464 3.80985 10.2
    endloop
  endfacet
  facet normal 0.427542 0.903996 0
    outer loop
      vertex 49.7601 3.89796 10.2
      vertex 49.9464 3.80985 8.4
      vertex 49.7601 3.89796 8.4
    endloop
  endfacet
  facet normal 0.243015 0.970022 -0
    outer loop
      vertex 50.3403 3.69035 8.4
      vertex 50.1404 3.74043 10.2
      vertex 50.3403 3.69035 10.2
    endloop
  endfacet
  facet normal 0.243015 0.970022 0
    outer loop
      vertex 50.1404 3.74043 10.2
      vertex 50.3403 3.69035 8.4
      vertex 50.1404 3.74043 8.4
    endloop
  endfacet
  facet normal 0.0490662 0.998796 -0
    outer loop
      vertex 50.75 3.65 8.4
      vertex 50.5442 3.66011 10.2
      vertex 50.75 3.65 10.2
    endloop
  endfacet
  facet normal 0.0490662 0.998796 0
    outer loop
      vertex 50.5442 3.66011 10.2
      vertex 50.75 3.65 8.4
      vertex 50.5442 3.66011 8.4
    endloop
  endfacet
  facet normal 0.803127 0.595808 0
    outer loop
      vertex 49.1267 4.41777 10.2
      vertex 49.0039 4.5833 8.4
      vertex 49.0039 4.5833 10.2
    endloop
  endfacet
  facet normal 0.803127 0.595808 0
    outer loop
      vertex 49.0039 4.5833 8.4
      vertex 49.1267 4.41777 10.2
      vertex 49.1267 4.41777 8.4
    endloop
  endfacet
  facet normal 0.85784 0.513918 0
    outer loop
      vertex 49.0039 4.5833 10.2
      vertex 48.898 4.76007 8.4
      vertex 48.898 4.76007 10.2
    endloop
  endfacet
  facet normal 0.85784 0.513918 0
    outer loop
      vertex 48.898 4.76007 8.4
      vertex 49.0039 4.5833 10.2
      vertex 49.0039 4.5833 8.4
    endloop
  endfacet
  facet normal 0.740927 0.671585 0
    outer loop
      vertex 49.2651 4.26508 10.2
      vertex 49.1267 4.41777 8.4
      vertex 49.1267 4.41777 10.2
    endloop
  endfacet
  facet normal 0.740927 0.671585 0
    outer loop
      vertex 49.1267 4.41777 8.4
      vertex 49.2651 4.26508 10.2
      vertex 49.2651 4.26508 8.4
    endloop
  endfacet
  facet normal 0.989203 0.146549 0
    outer loop
      vertex 48.6903 5.34031 10.2
      vertex 48.6601 5.54416 8.4
      vertex 48.6601 5.54416 10.2
    endloop
  endfacet
  facet normal 0.989203 0.146549 0
    outer loop
      vertex 48.6601 5.54416 8.4
      vertex 48.6903 5.34031 10.2
      vertex 48.6903 5.34031 8.4
    endloop
  endfacet
  facet normal 0.941434 0.337197 0
    outer loop
      vertex 48.8099 4.94636 10.2
      vertex 48.7404 5.1404 8.4
      vertex 48.7404 5.1404 10.2
    endloop
  endfacet
  facet normal 0.941434 0.337197 0
    outer loop
      vertex 48.7404 5.1404 8.4
      vertex 48.8099 4.94636 10.2
      vertex 48.8099 4.94636 8.4
    endloop
  endfacet
  facet normal 0.998798 0.0490083 0
    outer loop
      vertex 48.6601 5.54416 10.2
      vertex 48.65 5.75 8.4
      vertex 48.65 5.75 10.2
    endloop
  endfacet
  facet normal 0.998798 0.0490083 0
    outer loop
      vertex 48.65 5.75 8.4
      vertex 48.6601 5.54416 10.2
      vertex 48.6601 5.54416 8.4
    endloop
  endfacet
  facet normal -0.243015 0.970022 0
    outer loop
      vertex 51.3596 3.74043 8.4
      vertex 51.1597 3.69035 10.2
      vertex 51.3596 3.74043 10.2
    endloop
  endfacet
  facet normal -0.243015 0.970022 0
    outer loop
      vertex 51.1597 3.69035 10.2
      vertex 51.3596 3.74043 8.4
      vertex 51.1597 3.69035 8.4
    endloop
  endfacet
  facet normal -0.427542 0.903996 0
    outer loop
      vertex 51.7399 3.89796 8.4
      vertex 51.5536 3.80985 10.2
      vertex 51.7399 3.89796 10.2
    endloop
  endfacet
  facet normal -0.427542 0.903996 0
    outer loop
      vertex 51.5536 3.80985 10.2
      vertex 51.7399 3.89796 8.4
      vertex 51.5536 3.80985 8.4
    endloop
  endfacet
  facet normal -0.740927 0.671585 0
    outer loop
      vertex 52.2349 4.26508 8.4
      vertex 52.3733 4.41777 10.2
      vertex 52.3733 4.41777 8.4
    endloop
  endfacet
  facet normal -0.740927 0.671585 0
    outer loop
      vertex 52.3733 4.41777 10.2
      vertex 52.2349 4.26508 8.4
      vertex 52.2349 4.26508 10.2
    endloop
  endfacet
  facet normal -0.595783 0.803145 0
    outer loop
      vertex 52.0822 4.12668 8.4
      vertex 51.9167 4.00391 10.2
      vertex 52.0822 4.12668 10.2
    endloop
  endfacet
  facet normal -0.595783 0.803145 0
    outer loop
      vertex 51.9167 4.00391 10.2
      vertex 52.0822 4.12668 8.4
      vertex 51.9167 4.00391 8.4
    endloop
  endfacet
  facet normal -0.85784 0.513918 0
    outer loop
      vertex 52.4961 4.5833 8.4
      vertex 52.602 4.76007 10.2
      vertex 52.602 4.76007 8.4
    endloop
  endfacet
  facet normal -0.85784 0.513918 0
    outer loop
      vertex 52.602 4.76007 10.2
      vertex 52.4961 4.5833 8.4
      vertex 52.4961 4.5833 10.2
    endloop
  endfacet
  facet normal -0.941434 0.337197 0
    outer loop
      vertex 52.6901 4.94636 8.4
      vertex 52.7596 5.1404 10.2
      vertex 52.7596 5.1404 8.4
    endloop
  endfacet
  facet normal -0.941434 0.337197 0
    outer loop
      vertex 52.7596 5.1404 10.2
      vertex 52.6901 4.94636 8.4
      vertex 52.6901 4.94636 10.2
    endloop
  endfacet
  facet normal -0.989133 0.147023 0
    outer loop
      vertex 52.8096 5.34031 8.4
      vertex 52.8399 5.54416 10.2
      vertex 52.8399 5.54416 8.4
    endloop
  endfacet
  facet normal -0.989133 0.147023 0
    outer loop
      vertex 52.8399 5.54416 10.2
      vertex 52.8096 5.34031 8.4
      vertex 52.8096 5.34031 10.2
    endloop
  endfacet
  facet normal 0.514032 0.857771 -0
    outer loop
      vertex 49.7601 3.89796 8.4
      vertex 49.5833 4.00391 10.2
      vertex 49.7601 3.89796 10.2
    endloop
  endfacet
  facet normal 0.514032 0.857771 0
    outer loop
      vertex 49.5833 4.00391 10.2
      vertex 49.7601 3.89796 8.4
      vertex 49.5833 4.00391 8.4
    endloop
  endfacet
  facet normal 0.336914 0.941535 -0
    outer loop
      vertex 50.1404 3.74043 8.4
      vertex 49.9464 3.80985 10.2
      vertex 50.1404 3.74043 10.2
    endloop
  endfacet
  facet normal 0.336914 0.941535 0
    outer loop
      vertex 49.9464 3.80985 10.2
      vertex 50.1404 3.74043 8.4
      vertex 49.9464 3.80985 8.4
    endloop
  endfacet
  facet normal 0.146703 0.989181 -0
    outer loop
      vertex 50.5442 3.66011 8.4
      vertex 50.3403 3.69035 10.2
      vertex 50.5442 3.66011 10.2
    endloop
  endfacet
  facet normal 0.146703 0.989181 0
    outer loop
      vertex 50.3403 3.69035 10.2
      vertex 50.5442 3.66011 8.4
      vertex 50.3403 3.69035 8.4
    endloop
  endfacet
  facet normal -0.0490662 0.998796 0
    outer loop
      vertex 50.9558 3.66011 8.4
      vertex 50.75 3.65 10.2
      vertex 50.9558 3.66011 10.2
    endloop
  endfacet
  facet normal -0.0490662 0.998796 0
    outer loop
      vertex 50.75 3.65 10.2
      vertex 50.9558 3.66011 8.4
      vertex 50.75 3.65 8.4
    endloop
  endfacet
  facet normal 0.970002 0.243095 0
    outer loop
      vertex 48.7404 5.1404 10.2
      vertex 48.6903 5.34031 8.4
      vertex 48.6903 5.34031 10.2
    endloop
  endfacet
  facet normal 0.970002 0.243095 0
    outer loop
      vertex 48.6903 5.34031 8.4
      vertex 48.7404 5.1404 10.2
      vertex 48.7404 5.1404 8.4
    endloop
  endfacet
  facet normal -0.998794 -0.0490904 0
    outer loop
      vertex 6.95 36.75 8
      vertex 6.94422 36.8676 8.4
      vertex 6.94422 36.8676 8
    endloop
  endfacet
  facet normal -0.998794 -0.0490904 0
    outer loop
      vertex 6.94422 36.8676 8.4
      vertex 6.95 36.75 8
      vertex 6.95 36.75 8.4
    endloop
  endfacet
  facet normal 0.0492515 -0.998786 0
    outer loop
      vertex 5.63238 37.9442 8
      vertex 5.75 37.95 8.4
      vertex 5.63238 37.9442 8.4
    endloop
  endfacet
  facet normal 0.0492515 -0.998786 0
    outer loop
      vertex 5.75 37.95 8.4
      vertex 5.63238 37.9442 8
      vertex 5.75 37.95 8
    endloop
  endfacet
  facet normal -0.0492515 0.998786 0
    outer loop
      vertex 5.86762 35.5558 8
      vertex 5.75 35.55 8.4
      vertex 5.86762 35.5558 8.4
    endloop
  endfacet
  facet normal -0.0492515 0.998786 0
    outer loop
      vertex 5.75 35.55 8.4
      vertex 5.86762 35.5558 8
      vertex 5.75 35.55 8
    endloop
  endfacet
  facet normal -0.671616 -0.7409 0
    outer loop
      vertex 6.51127 37.6776 8
      vertex 6.59853 37.5985 8.4
      vertex 6.51127 37.6776 8.4
    endloop
  endfacet
  facet normal -0.671616 -0.7409 -0
    outer loop
      vertex 6.59853 37.5985 8.4
      vertex 6.51127 37.6776 8
      vertex 6.59853 37.5985 8
    endloop
  endfacet
  facet normal 0.740754 -0.671776 0
    outer loop
      vertex 4.82239 37.5113 8.4
      vertex 4.90147 37.5985 8
      vertex 4.90147 37.5985 8.4
    endloop
  endfacet
  facet normal 0.740754 -0.671776 0
    outer loop
      vertex 4.90147 37.5985 8
      vertex 4.82239 37.5113 8.4
      vertex 4.82239 37.5113 8
    endloop
  endfacet
  facet normal 0.427889 -0.903831 0
    outer loop
      vertex 5.18432 37.8083 8
      vertex 5.29078 37.8587 8.4
      vertex 5.18432 37.8083 8.4
    endloop
  endfacet
  facet normal 0.427889 -0.903831 0
    outer loop
      vertex 5.29078 37.8587 8.4
      vertex 5.18432 37.8083 8
      vertex 5.29078 37.8587 8
    endloop
  endfacet
  facet normal -0.904057 -0.427411 0
    outer loop
      vertex 6.85865 37.2092 8
      vertex 6.8083 37.3157 8.4
      vertex 6.8083 37.3157 8
    endloop
  endfacet
  facet normal -0.904057 -0.427411 0
    outer loop
      vertex 6.8083 37.3157 8.4
      vertex 6.85865 37.2092 8
      vertex 6.85865 37.2092 8.4
    endloop
  endfacet
  facet normal -0.336336 -0.941742 0
    outer loop
      vertex 6.09834 37.8983 8
      vertex 6.20922 37.8587 8.4
      vertex 6.09834 37.8983 8.4
    endloop
  endfacet
  facet normal -0.336336 -0.941742 -0
    outer loop
      vertex 6.20922 37.8587 8.4
      vertex 6.09834 37.8983 8
      vertex 6.20922 37.8587 8
    endloop
  endfacet
  facet normal -0.513871 -0.857867 0
    outer loop
      vertex 6.31568 37.8083 8
      vertex 6.41668 37.7478 8.4
      vertex 6.31568 37.8083 8.4
    endloop
  endfacet
  facet normal -0.513871 -0.857867 -0
    outer loop
      vertex 6.41668 37.7478 8.4
      vertex 6.31568 37.8083 8
      vertex 6.41668 37.7478 8
    endloop
  endfacet
  facet normal 0.941573 -0.33681 0
    outer loop
      vertex 4.60167 37.0983 8.4
      vertex 4.64134 37.2092 8
      vertex 4.64134 37.2092 8.4
    endloop
  endfacet
  facet normal 0.941573 -0.33681 0
    outer loop
      vertex 4.64134 37.2092 8
      vertex 4.60167 37.0983 8.4
      vertex 4.60167 37.0983 8
    endloop
  endfacet
  facet normal 0.242875 -0.970058 0
    outer loop
      vertex 5.40166 37.8983 8
      vertex 5.51589 37.9269 8.4
      vertex 5.40166 37.8983 8.4
    endloop
  endfacet
  facet normal 0.242875 -0.970058 0
    outer loop
      vertex 5.51589 37.9269 8.4
      vertex 5.40166 37.8983 8
      vertex 5.51589 37.9269 8
    endloop
  endfacet
  facet normal -0.970022 0.243015 0
    outer loop
      vertex 6.89833 36.4017 8
      vertex 6.92694 36.5159 8.4
      vertex 6.92694 36.5159 8
    endloop
  endfacet
  facet normal -0.970022 0.243015 0
    outer loop
      vertex 6.92694 36.5159 8.4
      vertex 6.89833 36.4017 8
      vertex 6.89833 36.4017 8.4
    endloop
  endfacet
  facet normal 0.671616 0.7409 -0
    outer loop
      vertex 4.98873 35.8224 8
      vertex 4.90147 35.9015 8.4
      vertex 4.98873 35.8224 8.4
    endloop
  endfacet
  facet normal 0.671616 0.7409 0
    outer loop
      vertex 4.90147 35.9015 8.4
      vertex 4.98873 35.8224 8
      vertex 4.90147 35.9015 8
    endloop
  endfacet
  facet normal 0.904057 0.427411 0
    outer loop
      vertex 4.69169 36.1843 8.4
      vertex 4.64134 36.2908 8
      vertex 4.64134 36.2908 8.4
    endloop
  endfacet
  facet normal 0.904057 0.427411 0
    outer loop
      vertex 4.64134 36.2908 8
      vertex 4.69169 36.1843 8.4
      vertex 4.69169 36.1843 8
    endloop
  endfacet
  facet normal -0.970022 -0.243015 0
    outer loop
      vertex 6.92694 36.9841 8
      vertex 6.89833 37.0983 8.4
      vertex 6.89833 37.0983 8
    endloop
  endfacet
  facet normal -0.970022 -0.243015 0
    outer loop
      vertex 6.89833 37.0983 8.4
      vertex 6.92694 36.9841 8
      vertex 6.92694 36.9841 8.4
    endloop
  endfacet
  facet normal -0.989178 -0.146721 0
    outer loop
      vertex 6.94422 36.8676 8
      vertex 6.92694 36.9841 8.4
      vertex 6.92694 36.9841 8
    endloop
  endfacet
  facet normal -0.989178 -0.146721 0
    outer loop
      vertex 6.92694 36.9841 8.4
      vertex 6.94422 36.8676 8
      vertex 6.94422 36.8676 8.4
    endloop
  endfacet
  facet normal -0.941546 -0.336885 0
    outer loop
      vertex 6.89833 37.0983 8
      vertex 6.85865 37.2092 8.4
      vertex 6.85865 37.2092 8
    endloop
  endfacet
  facet normal -0.941546 -0.336885 0
    outer loop
      vertex 6.85865 37.2092 8.4
      vertex 6.89833 37.0983 8
      vertex 6.89833 37.0983 8.4
    endloop
  endfacet
  facet normal -0.803249 -0.595644 0
    outer loop
      vertex 6.74776 37.4167 8
      vertex 6.67761 37.5113 8.4
      vertex 6.67761 37.5113 8
    endloop
  endfacet
  facet normal -0.803249 -0.595644 0
    outer loop
      vertex 6.67761 37.5113 8.4
      vertex 6.74776 37.4167 8
      vertex 6.74776 37.4167 8.4
    endloop
  endfacet
  facet normal -0.740754 -0.671776 0
    outer loop
      vertex 6.67761 37.5113 8
      vertex 6.59853 37.5985 8.4
      vertex 6.59853 37.5985 8
    endloop
  endfacet
  facet normal -0.740754 -0.671776 0
    outer loop
      vertex 6.59853 37.5985 8.4
      vertex 6.67761 37.5113 8
      vertex 6.67761 37.5113 8.4
    endloop
  endfacet
  facet normal -0.857718 -0.514121 0
    outer loop
      vertex 6.8083 37.3157 8
      vertex 6.74776 37.4167 8.4
      vertex 6.74776 37.4167 8
    endloop
  endfacet
  facet normal -0.857718 -0.514121 0
    outer loop
      vertex 6.74776 37.4167 8.4
      vertex 6.8083 37.3157 8
      vertex 6.8083 37.3157 8.4
    endloop
  endfacet
  facet normal -0.146899 -0.989151 0
    outer loop
      vertex 5.86762 37.9442 8
      vertex 5.98411 37.9269 8.4
      vertex 5.86762 37.9442 8.4
    endloop
  endfacet
  facet normal -0.146899 -0.989151 -0
    outer loop
      vertex 5.98411 37.9269 8.4
      vertex 5.86762 37.9442 8
      vertex 5.98411 37.9269 8
    endloop
  endfacet
  facet normal -0.242875 -0.970058 0
    outer loop
      vertex 5.98411 37.9269 8
      vertex 6.09834 37.8983 8.4
      vertex 5.98411 37.9269 8.4
    endloop
  endfacet
  facet normal -0.242875 -0.970058 -0
    outer loop
      vertex 6.09834 37.8983 8.4
      vertex 5.98411 37.9269 8
      vertex 6.09834 37.8983 8
    endloop
  endfacet
  facet normal -0.0492515 -0.998786 0
    outer loop
      vertex 5.75 37.95 8
      vertex 5.86762 37.9442 8.4
      vertex 5.75 37.95 8.4
    endloop
  endfacet
  facet normal -0.0492515 -0.998786 -0
    outer loop
      vertex 5.86762 37.9442 8.4
      vertex 5.75 37.95 8
      vertex 5.86762 37.9442 8
    endloop
  endfacet
  facet normal -0.427889 -0.903831 0
    outer loop
      vertex 6.20922 37.8587 8
      vertex 6.31568 37.8083 8.4
      vertex 6.20922 37.8587 8.4
    endloop
  endfacet
  facet normal -0.427889 -0.903831 -0
    outer loop
      vertex 6.31568 37.8083 8.4
      vertex 6.20922 37.8587 8
      vertex 6.31568 37.8083 8
    endloop
  endfacet
  facet normal -0.595958 -0.803015 0
    outer loop
      vertex 6.41668 37.7478 8
      vertex 6.51127 37.6776 8.4
      vertex 6.41668 37.7478 8.4
    endloop
  endfacet
  facet normal -0.595958 -0.803015 -0
    outer loop
      vertex 6.51127 37.6776 8.4
      vertex 6.41668 37.7478 8
      vertex 6.51127 37.6776 8
    endloop
  endfacet
  facet normal 0.989178 -0.146721 0
    outer loop
      vertex 4.55578 36.8676 8.4
      vertex 4.57306 36.9841 8
      vertex 4.57306 36.9841 8.4
    endloop
  endfacet
  facet normal 0.989178 -0.146721 0
    outer loop
      vertex 4.57306 36.9841 8
      vertex 4.55578 36.8676 8.4
      vertex 4.55578 36.8676 8
    endloop
  endfacet
  facet normal 0.85768 -0.514184 0
    outer loop
      vertex 4.69169 37.3157 8.4
      vertex 4.75224 37.4167 8
      vertex 4.75224 37.4167 8.4
    endloop
  endfacet
  facet normal 0.85768 -0.514184 0
    outer loop
      vertex 4.75224 37.4167 8
      vertex 4.69169 37.3157 8.4
      vertex 4.69169 37.3157 8
    endloop
  endfacet
  facet normal 0.803249 -0.595644 0
    outer loop
      vertex 4.75224 37.4167 8.4
      vertex 4.82239 37.5113 8
      vertex 4.82239 37.5113 8.4
    endloop
  endfacet
  facet normal 0.803249 -0.595644 0
    outer loop
      vertex 4.82239 37.5113 8
      vertex 4.75224 37.4167 8.4
      vertex 4.75224 37.4167 8
    endloop
  endfacet
  facet normal 0.904057 -0.427411 0
    outer loop
      vertex 4.64134 37.2092 8.4
      vertex 4.69169 37.3157 8
      vertex 4.69169 37.3157 8.4
    endloop
  endfacet
  facet normal 0.904057 -0.427411 0
    outer loop
      vertex 4.69169 37.3157 8
      vertex 4.64134 37.2092 8.4
      vertex 4.64134 37.2092 8
    endloop
  endfacet
  facet normal 0.970022 -0.243015 0
    outer loop
      vertex 4.57306 36.9841 8.4
      vertex 4.60167 37.0983 8
      vertex 4.60167 37.0983 8.4
    endloop
  endfacet
  facet normal 0.970022 -0.243015 0
    outer loop
      vertex 4.60167 37.0983 8
      vertex 4.57306 36.9841 8.4
      vertex 4.57306 36.9841 8
    endloop
  endfacet
  facet normal 0.998794 -0.0490904 0
    outer loop
      vertex 4.55 36.75 8.4
      vertex 4.55578 36.8676 8
      vertex 4.55578 36.8676 8.4
    endloop
  endfacet
  facet normal 0.998794 -0.0490904 0
    outer loop
      vertex 4.55578 36.8676 8
      vertex 4.55 36.75 8.4
      vertex 4.55 36.75 8
    endloop
  endfacet
  facet normal 0.595999 -0.802985 0
    outer loop
      vertex 4.98873 37.6776 8
      vertex 5.08331 37.7478 8.4
      vertex 4.98873 37.6776 8.4
    endloop
  endfacet
  facet normal 0.595999 -0.802985 0
    outer loop
      vertex 5.08331 37.7478 8.4
      vertex 4.98873 37.6776 8
      vertex 5.08331 37.7478 8
    endloop
  endfacet
  facet normal 0.513834 -0.85789 0
    outer loop
      vertex 5.08331 37.7478 8
      vertex 5.18432 37.8083 8.4
      vertex 5.08331 37.7478 8.4
    endloop
  endfacet
  facet normal 0.513834 -0.85789 0
    outer loop
      vertex 5.18432 37.8083 8.4
      vertex 5.08331 37.7478 8
      vertex 5.18432 37.8083 8
    endloop
  endfacet
  facet normal 0.671616 -0.7409 0
    outer loop
      vertex 4.90147 37.5985 8
      vertex 4.98873 37.6776 8.4
      vertex 4.90147 37.5985 8.4
    endloop
  endfacet
  facet normal 0.671616 -0.7409 0
    outer loop
      vertex 4.98873 37.6776 8.4
      vertex 4.90147 37.5985 8
      vertex 4.98873 37.6776 8
    endloop
  endfacet
  facet normal 0.336336 -0.941742 0
    outer loop
      vertex 5.29078 37.8587 8
      vertex 5.40166 37.8983 8.4
      vertex 5.29078 37.8587 8.4
    endloop
  endfacet
  facet normal 0.336336 -0.941742 0
    outer loop
      vertex 5.40166 37.8983 8.4
      vertex 5.29078 37.8587 8
      vertex 5.40166 37.8983 8
    endloop
  endfacet
  facet normal 0.146899 -0.989151 0
    outer loop
      vertex 5.51589 37.9269 8
      vertex 5.63238 37.9442 8.4
      vertex 5.51589 37.9269 8.4
    endloop
  endfacet
  facet normal 0.146899 -0.989151 0
    outer loop
      vertex 5.63238 37.9442 8.4
      vertex 5.51589 37.9269 8
      vertex 5.63238 37.9442 8
    endloop
  endfacet
  facet normal -0.998794 0.0490904 0
    outer loop
      vertex 6.94422 36.6324 8
      vertex 6.95 36.75 8.4
      vertex 6.95 36.75 8
    endloop
  endfacet
  facet normal -0.998794 0.0490904 0
    outer loop
      vertex 6.95 36.75 8.4
      vertex 6.94422 36.6324 8
      vertex 6.94422 36.6324 8.4
    endloop
  endfacet
  facet normal -0.146899 0.989151 0
    outer loop
      vertex 5.98411 35.5731 8
      vertex 5.86762 35.5558 8.4
      vertex 5.98411 35.5731 8.4
    endloop
  endfacet
  facet normal -0.146899 0.989151 0
    outer loop
      vertex 5.86762 35.5558 8.4
      vertex 5.98411 35.5731 8
      vertex 5.86762 35.5558 8
    endloop
  endfacet
  facet normal -0.336336 0.941742 0
    outer loop
      vertex 6.20922 35.6413 8
      vertex 6.09834 35.6017 8.4
      vertex 6.20922 35.6413 8.4
    endloop
  endfacet
  facet normal -0.336336 0.941742 0
    outer loop
      vertex 6.09834 35.6017 8.4
      vertex 6.20922 35.6413 8
      vertex 6.09834 35.6017 8
    endloop
  endfacet
  facet normal -0.671616 0.7409 0
    outer loop
      vertex 6.59853 35.9015 8
      vertex 6.51127 35.8224 8.4
      vertex 6.59853 35.9015 8.4
    endloop
  endfacet
  facet normal -0.671616 0.7409 0
    outer loop
      vertex 6.51127 35.8224 8.4
      vertex 6.59853 35.9015 8
      vertex 6.51127 35.8224 8
    endloop
  endfacet
  facet normal -0.513871 0.857867 0
    outer loop
      vertex 6.41668 35.7522 8
      vertex 6.31568 35.6917 8.4
      vertex 6.41668 35.7522 8.4
    endloop
  endfacet
  facet normal -0.513871 0.857867 0
    outer loop
      vertex 6.31568 35.6917 8.4
      vertex 6.41668 35.7522 8
      vertex 6.31568 35.6917 8
    endloop
  endfacet
  facet normal -0.803249 0.595644 0
    outer loop
      vertex 6.67761 35.9887 8
      vertex 6.74776 36.0833 8.4
      vertex 6.74776 36.0833 8
    endloop
  endfacet
  facet normal -0.803249 0.595644 0
    outer loop
      vertex 6.74776 36.0833 8.4
      vertex 6.67761 35.9887 8
      vertex 6.67761 35.9887 8.4
    endloop
  endfacet
  facet normal -0.904057 0.427411 0
    outer loop
      vertex 6.8083 36.1843 8
      vertex 6.85865 36.2908 8.4
      vertex 6.85865 36.2908 8
    endloop
  endfacet
  facet normal -0.904057 0.427411 0
    outer loop
      vertex 6.85865 36.2908 8.4
      vertex 6.8083 36.1843 8
      vertex 6.8083 36.1843 8.4
    endloop
  endfacet
  facet normal 0.595999 0.802985 -0
    outer loop
      vertex 5.08331 35.7522 8
      vertex 4.98873 35.8224 8.4
      vertex 5.08331 35.7522 8.4
    endloop
  endfacet
  facet normal 0.595999 0.802985 0
    outer loop
      vertex 4.98873 35.8224 8.4
      vertex 5.08331 35.7522 8
      vertex 4.98873 35.8224 8
    endloop
  endfacet
  facet normal 0.427889 0.903831 -0
    outer loop
      vertex 5.29078 35.6413 8
      vertex 5.18432 35.6917 8.4
      vertex 5.29078 35.6413 8.4
    endloop
  endfacet
  facet normal 0.427889 0.903831 0
    outer loop
      vertex 5.18432 35.6917 8.4
      vertex 5.29078 35.6413 8
      vertex 5.18432 35.6917 8
    endloop
  endfacet
  facet normal 0.242875 0.970058 -0
    outer loop
      vertex 5.51589 35.5731 8
      vertex 5.40166 35.6017 8.4
      vertex 5.51589 35.5731 8.4
    endloop
  endfacet
  facet normal 0.242875 0.970058 0
    outer loop
      vertex 5.40166 35.6017 8.4
      vertex 5.51589 35.5731 8
      vertex 5.40166 35.6017 8
    endloop
  endfacet
  facet normal 0.0492515 0.998786 -0
    outer loop
      vertex 5.75 35.55 8
      vertex 5.63238 35.5558 8.4
      vertex 5.75 35.55 8.4
    endloop
  endfacet
  facet normal 0.0492515 0.998786 0
    outer loop
      vertex 5.63238 35.5558 8.4
      vertex 5.75 35.55 8
      vertex 5.63238 35.5558 8
    endloop
  endfacet
  facet normal 0.803249 0.595644 0
    outer loop
      vertex 4.82239 35.9887 8.4
      vertex 4.75224 36.0833 8
      vertex 4.75224 36.0833 8.4
    endloop
  endfacet
  facet normal 0.803249 0.595644 0
    outer loop
      vertex 4.75224 36.0833 8
      vertex 4.82239 35.9887 8.4
      vertex 4.82239 35.9887 8
    endloop
  endfacet
  facet normal 0.85768 0.514184 0
    outer loop
      vertex 4.75224 36.0833 8.4
      vertex 4.69169 36.1843 8
      vertex 4.69169 36.1843 8.4
    endloop
  endfacet
  facet normal 0.85768 0.514184 0
    outer loop
      vertex 4.69169 36.1843 8
      vertex 4.75224 36.0833 8.4
      vertex 4.75224 36.0833 8
    endloop
  endfacet
  facet normal 0.740754 0.671776 0
    outer loop
      vertex 4.90147 35.9015 8.4
      vertex 4.82239 35.9887 8
      vertex 4.82239 35.9887 8.4
    endloop
  endfacet
  facet normal 0.740754 0.671776 0
    outer loop
      vertex 4.82239 35.9887 8
      vertex 4.90147 35.9015 8.4
      vertex 4.90147 35.9015 8
    endloop
  endfacet
  facet normal 0.989178 0.146721 0
    outer loop
      vertex 4.57306 36.5159 8.4
      vertex 4.55578 36.6324 8
      vertex 4.55578 36.6324 8.4
    endloop
  endfacet
  facet normal 0.989178 0.146721 0
    outer loop
      vertex 4.55578 36.6324 8
      vertex 4.57306 36.5159 8.4
      vertex 4.57306 36.5159 8
    endloop
  endfacet
  facet normal 0.941573 0.33681 0
    outer loop
      vertex 4.64134 36.2908 8.4
      vertex 4.60167 36.4017 8
      vertex 4.60167 36.4017 8.4
    endloop
  endfacet
  facet normal 0.941573 0.33681 0
    outer loop
      vertex 4.60167 36.4017 8
      vertex 4.64134 36.2908 8.4
      vertex 4.64134 36.2908 8
    endloop
  endfacet
  facet normal 0.970022 0.243015 0
    outer loop
      vertex 4.60167 36.4017 8.4
      vertex 4.57306 36.5159 8
      vertex 4.57306 36.5159 8.4
    endloop
  endfacet
  facet normal 0.970022 0.243015 0
    outer loop
      vertex 4.57306 36.5159 8
      vertex 4.60167 36.4017 8.4
      vertex 4.60167 36.4017 8
    endloop
  endfacet
  facet normal 0.998794 0.0490904 0
    outer loop
      vertex 4.55578 36.6324 8.4
      vertex 4.55 36.75 8
      vertex 4.55 36.75 8.4
    endloop
  endfacet
  facet normal 0.998794 0.0490904 0
    outer loop
      vertex 4.55 36.75 8
      vertex 4.55578 36.6324 8.4
      vertex 4.55578 36.6324 8
    endloop
  endfacet
  facet normal -0.242875 0.970058 0
    outer loop
      vertex 6.09834 35.6017 8
      vertex 5.98411 35.5731 8.4
      vertex 6.09834 35.6017 8.4
    endloop
  endfacet
  facet normal -0.242875 0.970058 0
    outer loop
      vertex 5.98411 35.5731 8.4
      vertex 6.09834 35.6017 8
      vertex 5.98411 35.5731 8
    endloop
  endfacet
  facet normal -0.427889 0.903831 0
    outer loop
      vertex 6.31568 35.6917 8
      vertex 6.20922 35.6413 8.4
      vertex 6.31568 35.6917 8.4
    endloop
  endfacet
  facet normal -0.427889 0.903831 0
    outer loop
      vertex 6.20922 35.6413 8.4
      vertex 6.31568 35.6917 8
      vertex 6.20922 35.6413 8
    endloop
  endfacet
  facet normal -0.740754 0.671776 0
    outer loop
      vertex 6.59853 35.9015 8
      vertex 6.67761 35.9887 8.4
      vertex 6.67761 35.9887 8
    endloop
  endfacet
  facet normal -0.740754 0.671776 0
    outer loop
      vertex 6.67761 35.9887 8.4
      vertex 6.59853 35.9015 8
      vertex 6.59853 35.9015 8.4
    endloop
  endfacet
  facet normal -0.595958 0.803015 0
    outer loop
      vertex 6.51127 35.8224 8
      vertex 6.41668 35.7522 8.4
      vertex 6.51127 35.8224 8.4
    endloop
  endfacet
  facet normal -0.595958 0.803015 0
    outer loop
      vertex 6.41668 35.7522 8.4
      vertex 6.51127 35.8224 8
      vertex 6.41668 35.7522 8
    endloop
  endfacet
  facet normal -0.857718 0.514121 0
    outer loop
      vertex 6.74776 36.0833 8
      vertex 6.8083 36.1843 8.4
      vertex 6.8083 36.1843 8
    endloop
  endfacet
  facet normal -0.857718 0.514121 0
    outer loop
      vertex 6.8083 36.1843 8.4
      vertex 6.74776 36.0833 8
      vertex 6.74776 36.0833 8.4
    endloop
  endfacet
  facet normal -0.941546 0.336885 0
    outer loop
      vertex 6.85865 36.2908 8
      vertex 6.89833 36.4017 8.4
      vertex 6.89833 36.4017 8
    endloop
  endfacet
  facet normal -0.941546 0.336885 0
    outer loop
      vertex 6.89833 36.4017 8.4
      vertex 6.85865 36.2908 8
      vertex 6.85865 36.2908 8.4
    endloop
  endfacet
  facet normal -0.989178 0.146721 0
    outer loop
      vertex 6.92694 36.5159 8
      vertex 6.94422 36.6324 8.4
      vertex 6.94422 36.6324 8
    endloop
  endfacet
  facet normal -0.989178 0.146721 0
    outer loop
      vertex 6.94422 36.6324 8.4
      vertex 6.92694 36.5159 8
      vertex 6.92694 36.5159 8.4
    endloop
  endfacet
  facet normal 0.513834 0.85789 -0
    outer loop
      vertex 5.18432 35.6917 8
      vertex 5.08331 35.7522 8.4
      vertex 5.18432 35.6917 8.4
    endloop
  endfacet
  facet normal 0.513834 0.85789 0
    outer loop
      vertex 5.08331 35.7522 8.4
      vertex 5.18432 35.6917 8
      vertex 5.08331 35.7522 8
    endloop
  endfacet
  facet normal 0.336336 0.941742 -0
    outer loop
      vertex 5.40166 35.6017 8
      vertex 5.29078 35.6413 8.4
      vertex 5.40166 35.6017 8.4
    endloop
  endfacet
  facet normal 0.336336 0.941742 0
    outer loop
      vertex 5.29078 35.6413 8.4
      vertex 5.40166 35.6017 8
      vertex 5.29078 35.6413 8
    endloop
  endfacet
  facet normal 0.146899 0.989151 -0
    outer loop
      vertex 5.63238 35.5558 8
      vertex 5.51589 35.5731 8.4
      vertex 5.63238 35.5558 8.4
    endloop
  endfacet
  facet normal 0.146899 0.989151 0
    outer loop
      vertex 5.51589 35.5731 8.4
      vertex 5.63238 35.5558 8
      vertex 5.51589 35.5731 8
    endloop
  endfacet
  facet normal -0.998796 -0.0490662 0
    outer loop
      vertex 7.85 36.75 8.4
      vertex 7.83989 36.9558 10.2
      vertex 7.83989 36.9558 8.4
    endloop
  endfacet
  facet normal -0.998796 -0.0490662 0
    outer loop
      vertex 7.83989 36.9558 10.2
      vertex 7.85 36.75 8.4
      vertex 7.85 36.75 10.2
    endloop
  endfacet
  facet normal 0.0490083 -0.998798 0
    outer loop
      vertex 5.54416 38.8399 8.4
      vertex 5.75 38.85 10.2
      vertex 5.54416 38.8399 10.2
    endloop
  endfacet
  facet normal 0.0490083 -0.998798 0
    outer loop
      vertex 5.75 38.85 10.2
      vertex 5.54416 38.8399 8.4
      vertex 5.75 38.85 8.4
    endloop
  endfacet
  facet normal -0.0490083 0.998798 0
    outer loop
      vertex 5.95584 34.6601 8.4
      vertex 5.75 34.65 10.2
      vertex 5.95584 34.6601 10.2
    endloop
  endfacet
  facet normal -0.0490083 0.998798 0
    outer loop
      vertex 5.75 34.65 10.2
      vertex 5.95584 34.6601 8.4
      vertex 5.75 34.65 8.4
    endloop
  endfacet
  facet normal 0.671585 0.740927 -0
    outer loop
      vertex 4.41777 35.1267 8.4
      vertex 4.26508 35.2651 10.2
      vertex 4.41777 35.1267 10.2
    endloop
  endfacet
  facet normal 0.671585 0.740927 0
    outer loop
      vertex 4.26508 35.2651 10.2
      vertex 4.41777 35.1267 8.4
      vertex 4.26508 35.2651 8.4
    endloop
  endfacet
  facet normal -0.671585 -0.740927 0
    outer loop
      vertex 7.08223 38.3733 8.4
      vertex 7.23492 38.2349 10.2
      vertex 7.08223 38.3733 10.2
    endloop
  endfacet
  facet normal -0.671585 -0.740927 -0
    outer loop
      vertex 7.23492 38.2349 10.2
      vertex 7.08223 38.3733 8.4
      vertex 7.23492 38.2349 8.4
    endloop
  endfacet
  facet normal 0.740949 -0.671561 0
    outer loop
      vertex 4.12668 38.0822 10.2
      vertex 4.26508 38.2349 8.4
      vertex 4.26508 38.2349 10.2
    endloop
  endfacet
  facet normal 0.740949 -0.671561 0
    outer loop
      vertex 4.26508 38.2349 8.4
      vertex 4.12668 38.0822 10.2
      vertex 4.12668 38.0822 8.4
    endloop
  endfacet
  facet normal 0.427521 -0.904005 0
    outer loop
      vertex 4.76007 38.602 8.4
      vertex 4.94636 38.6901 10.2
      vertex 4.76007 38.602 10.2
    endloop
  endfacet
  facet normal 0.427521 -0.904005 0
    outer loop
      vertex 4.94636 38.6901 10.2
      vertex 4.76007 38.602 8.4
      vertex 4.94636 38.6901 8.4
    endloop
  endfacet
  facet normal 0.903996 0.427542 0
    outer loop
      vertex 3.89796 35.7601 10.2
      vertex 3.80985 35.9464 8.4
      vertex 3.80985 35.9464 10.2
    endloop
  endfacet
  facet normal 0.903996 0.427542 0
    outer loop
      vertex 3.80985 35.9464 8.4
      vertex 3.89796 35.7601 10.2
      vertex 3.89796 35.7601 8.4
    endloop
  endfacet
  facet normal -0.903977 -0.427582 0
    outer loop
      vertex 7.69015 37.5536 8.4
      vertex 7.60203 37.7399 10.2
      vertex 7.60203 37.7399 8.4
    endloop
  endfacet
  facet normal -0.903977 -0.427582 0
    outer loop
      vertex 7.60203 37.7399 10.2
      vertex 7.69015 37.5536 8.4
      vertex 7.69015 37.5536 10.2
    endloop
  endfacet
  facet normal -0.337212 -0.941429 0
    outer loop
      vertex 6.3596 38.7596 8.4
      vertex 6.55363 38.6901 10.2
      vertex 6.3596 38.7596 10.2
    endloop
  endfacet
  facet normal -0.337212 -0.941429 -0
    outer loop
      vertex 6.55363 38.6901 10.2
      vertex 6.3596 38.7596 8.4
      vertex 6.55363 38.6901 8.4
    endloop
  endfacet
  facet normal -0.513918 -0.85784 0
    outer loop
      vertex 6.73993 38.602 8.4
      vertex 6.9167 38.4961 10.2
      vertex 6.73993 38.602 10.2
    endloop
  endfacet
  facet normal -0.513918 -0.85784 -0
    outer loop
      vertex 6.9167 38.4961 10.2
      vertex 6.73993 38.602 8.4
      vertex 6.9167 38.4961 8.4
    endloop
  endfacet
  facet normal 0.941535 -0.336914 0
    outer loop
      vertex 3.74043 37.3596 10.2
      vertex 3.80985 37.5536 8.4
      vertex 3.80985 37.5536 10.2
    endloop
  endfacet
  facet normal 0.941535 -0.336914 0
    outer loop
      vertex 3.80985 37.5536 8.4
      vertex 3.74043 37.3596 10.2
      vertex 3.74043 37.3596 8.4
    endloop
  endfacet
  facet normal 0.242638 -0.970117 0
    outer loop
      vertex 5.1404 38.7596 8.4
      vertex 5.34031 38.8096 10.2
      vertex 5.1404 38.7596 10.2
    endloop
  endfacet
  facet normal 0.242638 -0.970117 0
    outer loop
      vertex 5.34031 38.8096 10.2
      vertex 5.1404 38.7596 8.4
      vertex 5.34031 38.8096 8.4
    endloop
  endfacet
  facet normal -0.970022 -0.243015 0
    outer loop
      vertex 7.80965 37.1597 8.4
      vertex 7.75957 37.3596 10.2
      vertex 7.75957 37.3596 8.4
    endloop
  endfacet
  facet normal -0.970022 -0.243015 0
    outer loop
      vertex 7.75957 37.3596 10.2
      vertex 7.80965 37.1597 8.4
      vertex 7.80965 37.1597 10.2
    endloop
  endfacet
  facet normal -0.989181 -0.146703 0
    outer loop
      vertex 7.83989 36.9558 8.4
      vertex 7.80965 37.1597 10.2
      vertex 7.80965 37.1597 8.4
    endloop
  endfacet
  facet normal -0.989181 -0.146703 0
    outer loop
      vertex 7.80965 37.1597 10.2
      vertex 7.83989 36.9558 8.4
      vertex 7.83989 36.9558 10.2
    endloop
  endfacet
  facet normal -0.941535 -0.336914 0
    outer loop
      vertex 7.75957 37.3596 8.4
      vertex 7.69015 37.5536 10.2
      vertex 7.69015 37.5536 8.4
    endloop
  endfacet
  facet normal -0.941535 -0.336914 0
    outer loop
      vertex 7.69015 37.5536 10.2
      vertex 7.75957 37.3596 8.4
      vertex 7.75957 37.3596 10.2
    endloop
  endfacet
  facet normal -0.803145 -0.595783 0
    outer loop
      vertex 7.49609 37.9167 8.4
      vertex 7.37332 38.0822 10.2
      vertex 7.37332 38.0822 8.4
    endloop
  endfacet
  facet normal -0.803145 -0.595783 0
    outer loop
      vertex 7.37332 38.0822 10.2
      vertex 7.49609 37.9167 8.4
      vertex 7.49609 37.9167 10.2
    endloop
  endfacet
  facet normal -0.740949 -0.671561 0
    outer loop
      vertex 7.37332 38.0822 8.4
      vertex 7.23492 38.2349 10.2
      vertex 7.23492 38.2349 8.4
    endloop
  endfacet
  facet normal -0.740949 -0.671561 0
    outer loop
      vertex 7.23492 38.2349 10.2
      vertex 7.37332 38.0822 8.4
      vertex 7.37332 38.0822 10.2
    endloop
  endfacet
  facet normal -0.857792 -0.513996 0
    outer loop
      vertex 7.60203 37.7399 8.4
      vertex 7.49609 37.9167 10.2
      vertex 7.49609 37.9167 8.4
    endloop
  endfacet
  facet normal -0.857792 -0.513996 0
    outer loop
      vertex 7.49609 37.9167 10.2
      vertex 7.60203 37.7399 8.4
      vertex 7.60203 37.7399 10.2
    endloop
  endfacet
  facet normal -0.147023 -0.989133 0
    outer loop
      vertex 5.95584 38.8399 8.4
      vertex 6.15969 38.8096 10.2
      vertex 5.95584 38.8399 10.2
    endloop
  endfacet
  facet normal -0.147023 -0.989133 -0
    outer loop
      vertex 6.15969 38.8096 10.2
      vertex 5.95584 38.8399 8.4
      vertex 6.15969 38.8096 8.4
    endloop
  endfacet
  facet normal -0.242638 -0.970117 0
    outer loop
      vertex 6.15969 38.8096 8.4
      vertex 6.3596 38.7596 10.2
      vertex 6.15969 38.8096 10.2
    endloop
  endfacet
  facet normal -0.242638 -0.970117 -0
    outer loop
      vertex 6.3596 38.7596 10.2
      vertex 6.15969 38.8096 8.4
      vertex 6.3596 38.7596 8.4
    endloop
  endfacet
  facet normal -0.0490083 -0.998798 0
    outer loop
      vertex 5.75 38.85 8.4
      vertex 5.95584 38.8399 10.2
      vertex 5.75 38.85 10.2
    endloop
  endfacet
  facet normal -0.0490083 -0.998798 -0
    outer loop
      vertex 5.95584 38.8399 10.2
      vertex 5.75 38.85 8.4
      vertex 5.95584 38.8399 8.4
    endloop
  endfacet
  facet normal -0.427502 -0.904014 0
    outer loop
      vertex 6.55363 38.6901 8.4
      vertex 6.73993 38.602 10.2
      vertex 6.55363 38.6901 10.2
    endloop
  endfacet
  facet normal -0.427502 -0.904014 -0
    outer loop
      vertex 6.73993 38.602 10.2
      vertex 6.55363 38.6901 8.4
      vertex 6.73993 38.602 8.4
    endloop
  endfacet
  facet normal -0.595808 -0.803127 0
    outer loop
      vertex 6.9167 38.4961 8.4
      vertex 7.08223 38.3733 10.2
      vertex 6.9167 38.4961 10.2
    endloop
  endfacet
  facet normal -0.595808 -0.803127 -0
    outer loop
      vertex 7.08223 38.3733 10.2
      vertex 6.9167 38.4961 8.4
      vertex 7.08223 38.3733 8.4
    endloop
  endfacet
  facet normal 0.989181 -0.146703 0
    outer loop
      vertex 3.66011 36.9558 10.2
      vertex 3.69035 37.1597 8.4
      vertex 3.69035 37.1597 10.2
    endloop
  endfacet
  facet normal 0.989181 -0.146703 0
    outer loop
      vertex 3.69035 37.1597 8.4
      vertex 3.66011 36.9558 10.2
      vertex 3.66011 36.9558 8.4
    endloop
  endfacet
  facet normal 0 0 1
    outer loop
      vertex 6.95 36.75 8.4
      vertex 7.85 36.75 8.4
      vertex 7.83989 36.9558 8.4
    endloop
  endfacet
  facet normal 0 0 1
    outer loop
      vertex 6.94422 36.8676 8.4
      vertex 7.83989 36.9558 8.4
      vertex 7.80965 37.1597 8.4
    endloop
  endfacet
  facet normal 0 0 1
    outer loop
      vertex 7.85 36.75 8.4
      vertex 6.95 36.75 8.4
      vertex 7.83989 36.5442 8.4
    endloop
  endfacet
  facet normal 0 0 1
    outer loop
      vertex 6.92694 36.9841 8.4
      vertex 7.80965 37.1597 8.4
      vertex 7.75957 37.3596 8.4
    endloop
  endfacet
  facet normal -0 0 1
    outer loop
      vertex 6.94422 36.6324 8.4
      vertex 7.83989 36.5442 8.4
      vertex 6.95 36.75 8.4
    endloop
  endfacet
  facet normal 0 0 1
    outer loop
      vertex 6.89833 37.0983 8.4
      vertex 7.75957 37.3596 8.4
      vertex 7.69015 37.5536 8.4
    endloop
  endfacet
  facet normal 0 0 1
    outer loop
      vertex 7.83989 36.5442 8.4
      vertex 6.94422 36.6324 8.4
      vertex 7.80965 36.3403 8.4
    endloop
  endfacet
  facet normal 0 0 1
    outer loop
      vertex 6.85865 37.2092 8.4
      vertex 7.69015 37.5536 8.4
      vertex 7.60203 37.7399 8.4
    endloop
  endfacet
  facet normal -0 0 1
    outer loop
      vertex 6.92694 36.5159 8.4
      vertex 7.80965 36.3403 8.4
      vertex 6.94422 36.6324 8.4
    endloop
  endfacet
  facet normal 0 0 1
    outer loop
      vertex 6.8083 37.3157 8.4
      vertex 7.60203 37.7399 8.4
      vertex 7.49609 37.9167 8.4
    endloop
  endfacet
  facet normal 0 0 1
    outer loop
      vertex 7.80965 36.3403 8.4
      vertex 6.92694 36.5159 8.4
      vertex 7.75957 36.1404 8.4
    endloop
  endfacet
  facet normal 0 0 1
    outer loop
      vertex 6.74776 37.4167 8.4
      vertex 7.49609 37.9167 8.4
      vertex 7.37332 38.0822 8.4
    endloop
  endfacet
  facet normal -0 0 1
    outer loop
      vertex 6.89833 36.4017 8.4
      vertex 7.75957 36.1404 8.4
      vertex 6.92694 36.5159 8.4
    endloop
  endfacet
  facet normal 0 0 1
    outer loop
      vertex 6.67761 37.5113 8.4
      vertex 7.37332 38.0822 8.4
      vertex 7.23492 38.2349 8.4
    endloop
  endfacet
  facet normal 0 0 1
    outer loop
      vertex 7.75957 36.1404 8.4
      vertex 6.89833 36.4017 8.4
      vertex 7.69015 35.9464 8.4
    endloop
  endfacet
  facet normal 0 0 1
    outer loop
      vertex 6.59853 37.5985 8.4
      vertex 7.23492 38.2349 8.4
      vertex 7.08223 38.3733 8.4
    endloop
  endfacet
  facet normal -0 0 1
    outer loop
      vertex 6.85865 36.2908 8.4
      vertex 7.69015 35.9464 8.4
      vertex 6.89833 36.4017 8.4
    endloop
  endfacet
  facet normal 0 0 1
    outer loop
      vertex 7.69015 35.9464 8.4
      vertex 6.85865 36.2908 8.4
      vertex 7.60203 35.7601 8.4
    endloop
  endfacet
  facet normal 0 0 1
    outer loop
      vertex 7.83989 36.9558 8.4
      vertex 6.94422 36.8676 8.4
      vertex 6.95 36.75 8.4
    endloop
  endfacet
  facet normal 0 0 1
    outer loop
      vertex 7.80965 37.1597 8.4
      vertex 6.92694 36.9841 8.4
      vertex 6.94422 36.8676 8.4
    endloop
  endfacet
  facet normal 0 0 1
    outer loop
      vertex 6.51127 37.6776 8.4
      vertex 7.08223 38.3733 8.4
      vertex 6.9167 38.4961 8.4
    endloop
  endfacet
  facet normal 0 0 1
    outer loop
      vertex 7.75957 37.3596 8.4
      vertex 6.89833 37.0983 8.4
      vertex 6.92694 36.9841 8.4
    endloop
  endfacet
  facet normal 0 0 1
    outer loop
      vertex 7.69015 37.5536 8.4
      vertex 6.85865 37.2092 8.4
      vertex 6.89833 37.0983 8.4
    endloop
  endfacet
  facet normal 0 0 1
    outer loop
      vertex 7.60203 37.7399 8.4
      vertex 6.8083 37.3157 8.4
      vertex 6.85865 37.2092 8.4
    endloop
  endfacet
  facet normal 0 0 1
    outer loop
      vertex 7.49609 37.9167 8.4
      vertex 6.74776 37.4167 8.4
      vertex 6.8083 37.3157 8.4
    endloop
  endfacet
  facet normal 0 0 1
    outer loop
      vertex 6.41668 37.7478 8.4
      vertex 6.9167 38.4961 8.4
      vertex 6.73993 38.602 8.4
    endloop
  endfacet
  facet normal 0 0 1
    outer loop
      vertex 7.37332 38.0822 8.4
      vertex 6.67761 37.5113 8.4
      vertex 6.74776 37.4167 8.4
    endloop
  endfacet
  facet normal 0 0 1
    outer loop
      vertex 7.23492 38.2349 8.4
      vertex 6.59853 37.5985 8.4
      vertex 6.67761 37.5113 8.4
    endloop
  endfacet
  facet normal 0 0 1
    outer loop
      vertex 6.31568 37.8083 8.4
      vertex 6.73993 38.602 8.4
      vertex 6.55363 38.6901 8.4
    endloop
  endfacet
  facet normal 0 0 1
    outer loop
      vertex 7.08223 38.3733 8.4
      vertex 6.51127 37.6776 8.4
      vertex 6.59853 37.5985 8.4
    endloop
  endfacet
  facet normal 0 0 1
    outer loop
      vertex 6.9167 38.4961 8.4
      vertex 6.41668 37.7478 8.4
      vertex 6.51127 37.6776 8.4
    endloop
  endfacet
  facet normal 0 0 1
    outer loop
      vertex 6.20922 37.8587 8.4
      vertex 6.55363 38.6901 8.4
      vertex 6.3596 38.7596 8.4
    endloop
  endfacet
  facet normal 0 0 1
    outer loop
      vertex 6.73993 38.602 8.4
      vertex 6.31568 37.8083 8.4
      vertex 6.41668 37.7478 8.4
    endloop
  endfacet
  facet normal 0 0 1
    outer loop
      vertex 6.55363 38.6901 8.4
      vertex 6.20922 37.8587 8.4
      vertex 6.31568 37.8083 8.4
    endloop
  endfacet
  facet normal 0 0 1
    outer loop
      vertex 6.09834 37.8983 8.4
      vertex 6.3596 38.7596 8.4
      vertex 6.15969 38.8096 8.4
    endloop
  endfacet
  facet normal 0 0 1
    outer loop
      vertex 6.3596 38.7596 8.4
      vertex 6.09834 37.8983 8.4
      vertex 6.20922 37.8587 8.4
    endloop
  endfacet
  facet normal 0 0 1
    outer loop
      vertex 6.15969 38.8096 8.4
      vertex 5.98411 37.9269 8.4
      vertex 6.09834 37.8983 8.4
    endloop
  endfacet
  facet normal 0 0 1
    outer loop
      vertex 5.95584 38.8399 8.4
      vertex 5.98411 37.9269 8.4
      vertex 6.15969 38.8096 8.4
    endloop
  endfacet
  facet normal 0 0 1
    outer loop
      vertex 5.95584 38.8399 8.4
      vertex 5.86762 37.9442 8.4
      vertex 5.98411 37.9269 8.4
    endloop
  endfacet
  facet normal 0 0 1
    outer loop
      vertex 5.75 38.85 8.4
      vertex 5.86762 37.9442 8.4
      vertex 5.95584 38.8399 8.4
    endloop
  endfacet
  facet normal 0 0 1
    outer loop
      vertex 5.75 38.85 8.4
      vertex 5.75 37.95 8.4
      vertex 5.86762 37.9442 8.4
    endloop
  endfacet
  facet normal 0 0 1
    outer loop
      vertex 5.75 38.85 8.4
      vertex 5.63238 37.9442 8.4
      vertex 5.75 37.95 8.4
    endloop
  endfacet
  facet normal -0 0 1
    outer loop
      vertex 5.54416 38.8399 8.4
      vertex 5.63238 37.9442 8.4
      vertex 5.75 38.85 8.4
    endloop
  endfacet
  facet normal 0 0 1
    outer loop
      vertex 5.54416 38.8399 8.4
      vertex 5.51589 37.9269 8.4
      vertex 5.63238 37.9442 8.4
    endloop
  endfacet
  facet normal -0 0 1
    outer loop
      vertex 5.34031 38.8096 8.4
      vertex 5.51589 37.9269 8.4
      vertex 5.54416 38.8399 8.4
    endloop
  endfacet
  facet normal 0 0 1
    outer loop
      vertex 5.51589 37.9269 8.4
      vertex 5.34031 38.8096 8.4
      vertex 5.40166 37.8983 8.4
    endloop
  endfacet
  facet normal -0 0 1
    outer loop
      vertex 5.1404 38.7596 8.4
      vertex 5.40166 37.8983 8.4
      vertex 5.34031 38.8096 8.4
    endloop
  endfacet
  facet normal 0 0 1
    outer loop
      vertex 5.40166 37.8983 8.4
      vertex 5.1404 38.7596 8.4
      vertex 5.29078 37.8587 8.4
    endloop
  endfacet
  facet normal -0 0 1
    outer loop
      vertex 4.94636 38.6901 8.4
      vertex 5.29078 37.8587 8.4
      vertex 5.1404 38.7596 8.4
    endloop
  endfacet
  facet normal 0 0 1
    outer loop
      vertex 5.29078 37.8587 8.4
      vertex 4.94636 38.6901 8.4
      vertex 5.18432 37.8083 8.4
    endloop
  endfacet
  facet normal -0 0 1
    outer loop
      vertex 4.76007 38.602 8.4
      vertex 5.18432 37.8083 8.4
      vertex 4.94636 38.6901 8.4
    endloop
  endfacet
  facet normal 0 0 1
    outer loop
      vertex 5.18432 37.8083 8.4
      vertex 4.76007 38.602 8.4
      vertex 5.08331 37.7478 8.4
    endloop
  endfacet
  facet normal -0 0 1
    outer loop
      vertex 4.5833 38.4961 8.4
      vertex 5.08331 37.7478 8.4
      vertex 4.76007 38.602 8.4
    endloop
  endfacet
  facet normal 0 0 1
    outer loop
      vertex 5.08331 37.7478 8.4
      vertex 4.5833 38.4961 8.4
      vertex 4.98873 37.6776 8.4
    endloop
  endfacet
  facet normal -0 0 1
    outer loop
      vertex 4.41777 38.3733 8.4
      vertex 4.98873 37.6776 8.4
      vertex 4.5833 38.4961 8.4
    endloop
  endfacet
  facet normal 0 0 1
    outer loop
      vertex 4.98873 37.6776 8.4
      vertex 4.41777 38.3733 8.4
      vertex 4.90147 37.5985 8.4
    endloop
  endfacet
  facet normal -0 0 1
    outer loop
      vertex 4.26508 38.2349 8.4
      vertex 4.90147 37.5985 8.4
      vertex 4.41777 38.3733 8.4
    endloop
  endfacet
  facet normal 0 0 1
    outer loop
      vertex 4.90147 37.5985 8.4
      vertex 4.26508 38.2349 8.4
      vertex 4.82239 37.5113 8.4
    endloop
  endfacet
  facet normal -0 0 1
    outer loop
      vertex 4.12668 38.0822 8.4
      vertex 4.82239 37.5113 8.4
      vertex 4.26508 38.2349 8.4
    endloop
  endfacet
  facet normal 0 0 1
    outer loop
      vertex 4.82239 37.5113 8.4
      vertex 4.12668 38.0822 8.4
      vertex 4.75224 37.4167 8.4
    endloop
  endfacet
  facet normal -0 0 1
    outer loop
      vertex 4.00391 37.9167 8.4
      vertex 4.75224 37.4167 8.4
      vertex 4.12668 38.0822 8.4
    endloop
  endfacet
  facet normal 0 0 1
    outer loop
      vertex 4.75224 37.4167 8.4
      vertex 4.00391 37.9167 8.4
      vertex 4.69169 37.3157 8.4
    endloop
  endfacet
  facet normal -0 0 1
    outer loop
      vertex 3.89796 37.7399 8.4
      vertex 4.69169 37.3157 8.4
      vertex 4.00391 37.9167 8.4
    endloop
  endfacet
  facet normal 0 0 1
    outer loop
      vertex 4.69169 37.3157 8.4
      vertex 3.89796 37.7399 8.4
      vertex 4.64134 37.2092 8.4
    endloop
  endfacet
  facet normal -0 0 1
    outer loop
      vertex 6.8083 36.1843 8.4
      vertex 7.60203 35.7601 8.4
      vertex 6.85865 36.2908 8.4
    endloop
  endfacet
  facet normal 0 0 1
    outer loop
      vertex 7.60203 35.7601 8.4
      vertex 6.8083 36.1843 8.4
      vertex 7.49609 35.5833 8.4
    endloop
  endfacet
  facet normal -0 0 1
    outer loop
      vertex 6.74776 36.0833 8.4
      vertex 7.49609 35.5833 8.4
      vertex 6.8083 36.1843 8.4
    endloop
  endfacet
  facet normal 0 0 1
    outer loop
      vertex 7.49609 35.5833 8.4
      vertex 6.74776 36.0833 8.4
      vertex 7.37332 35.4178 8.4
    endloop
  endfacet
  facet normal -0 0 1
    outer loop
      vertex 6.67761 35.9887 8.4
      vertex 7.37332 35.4178 8.4
      vertex 6.74776 36.0833 8.4
    endloop
  endfacet
  facet normal 0 0 1
    outer loop
      vertex 7.37332 35.4178 8.4
      vertex 6.67761 35.9887 8.4
      vertex 7.23492 35.2651 8.4
    endloop
  endfacet
  facet normal -0 0 1
    outer loop
      vertex 6.59853 35.9015 8.4
      vertex 7.23492 35.2651 8.4
      vertex 6.67761 35.9887 8.4
    endloop
  endfacet
  facet normal 0 0 1
    outer loop
      vertex 7.23492 35.2651 8.4
      vertex 6.59853 35.9015 8.4
      vertex 7.08223 35.1267 8.4
    endloop
  endfacet
  facet normal -0 0 1
    outer loop
      vertex 6.51127 35.8224 8.4
      vertex 7.08223 35.1267 8.4
      vertex 6.59853 35.9015 8.4
    endloop
  endfacet
  facet normal 0 0 1
    outer loop
      vertex 7.08223 35.1267 8.4
      vertex 6.51127 35.8224 8.4
      vertex 6.9167 35.0039 8.4
    endloop
  endfacet
  facet normal -0 0 1
    outer loop
      vertex 6.41668 35.7522 8.4
      vertex 6.9167 35.0039 8.4
      vertex 6.51127 35.8224 8.4
    endloop
  endfacet
  facet normal 0 0 1
    outer loop
      vertex 6.9167 35.0039 8.4
      vertex 6.41668 35.7522 8.4
      vertex 6.73993 34.898 8.4
    endloop
  endfacet
  facet normal -0 0 1
    outer loop
      vertex 6.31568 35.6917 8.4
      vertex 6.73993 34.898 8.4
      vertex 6.41668 35.7522 8.4
    endloop
  endfacet
  facet normal 0 0 1
    outer loop
      vertex 6.73993 34.898 8.4
      vertex 6.31568 35.6917 8.4
      vertex 6.55363 34.8099 8.4
    endloop
  endfacet
  facet normal -0 0 1
    outer loop
      vertex 6.20922 35.6413 8.4
      vertex 6.55363 34.8099 8.4
      vertex 6.31568 35.6917 8.4
    endloop
  endfacet
  facet normal 0 0 1
    outer loop
      vertex 6.55363 34.8099 8.4
      vertex 6.20922 35.6413 8.4
      vertex 6.3596 34.7404 8.4
    endloop
  endfacet
  facet normal -0 0 1
    outer loop
      vertex 6.09834 35.6017 8.4
      vertex 6.3596 34.7404 8.4
      vertex 6.20922 35.6413 8.4
    endloop
  endfacet
  facet normal 0 0 1
    outer loop
      vertex 6.3596 34.7404 8.4
      vertex 6.09834 35.6017 8.4
      vertex 6.15969 34.6903 8.4
    endloop
  endfacet
  facet normal -0 0 1
    outer loop
      vertex 5.98411 35.5731 8.4
      vertex 6.15969 34.6903 8.4
      vertex 6.09834 35.6017 8.4
    endloop
  endfacet
  facet normal 0 0 1
    outer loop
      vertex 5.98411 35.5731 8.4
      vertex 5.95584 34.6601 8.4
      vertex 6.15969 34.6903 8.4
    endloop
  endfacet
  facet normal -0 0 1
    outer loop
      vertex 5.86762 35.5558 8.4
      vertex 5.95584 34.6601 8.4
      vertex 5.98411 35.5731 8.4
    endloop
  endfacet
  facet normal -0 0 1
    outer loop
      vertex 5.75 35.55 8.4
      vertex 5.95584 34.6601 8.4
      vertex 5.86762 35.5558 8.4
    endloop
  endfacet
  facet normal 0 0 1
    outer loop
      vertex 5.75 35.55 8.4
      vertex 5.75 34.65 8.4
      vertex 5.95584 34.6601 8.4
    endloop
  endfacet
  facet normal 0 0 1
    outer loop
      vertex 5.63238 35.5558 8.4
      vertex 5.75 34.65 8.4
      vertex 5.75 35.55 8.4
    endloop
  endfacet
  facet normal 0 0 1
    outer loop
      vertex 5.63238 35.5558 8.4
      vertex 5.54416 34.6601 8.4
      vertex 5.75 34.65 8.4
    endloop
  endfacet
  facet normal 0 0 1
    outer loop
      vertex 5.51589 35.5731 8.4
      vertex 5.54416 34.6601 8.4
      vertex 5.63238 35.5558 8.4
    endloop
  endfacet
  facet normal 0 0 1
    outer loop
      vertex 5.34031 34.6903 8.4
      vertex 5.51589 35.5731 8.4
      vertex 5.40166 35.6017 8.4
    endloop
  endfacet
  facet normal 0 0 1
    outer loop
      vertex 5.51589 35.5731 8.4
      vertex 5.34031 34.6903 8.4
      vertex 5.54416 34.6601 8.4
    endloop
  endfacet
  facet normal 0 0 1
    outer loop
      vertex 5.1404 34.7404 8.4
      vertex 5.40166 35.6017 8.4
      vertex 5.29078 35.6413 8.4
    endloop
  endfacet
  facet normal 0 0 1
    outer loop
      vertex 4.94636 34.8099 8.4
      vertex 5.29078 35.6413 8.4
      vertex 5.18432 35.6917 8.4
    endloop
  endfacet
  facet normal 0 0 1
    outer loop
      vertex 5.40166 35.6017 8.4
      vertex 5.1404 34.7404 8.4
      vertex 5.34031 34.6903 8.4
    endloop
  endfacet
  facet normal 0 0 1
    outer loop
      vertex 4.76007 34.898 8.4
      vertex 5.18432 35.6917 8.4
      vertex 5.08331 35.7522 8.4
    endloop
  endfacet
  facet normal 0 0 1
    outer loop
      vertex 4.5833 35.0039 8.4
      vertex 5.08331 35.7522 8.4
      vertex 4.98873 35.8224 8.4
    endloop
  endfacet
  facet normal 0 0 1
    outer loop
      vertex 5.29078 35.6413 8.4
      vertex 4.94636 34.8099 8.4
      vertex 5.1404 34.7404 8.4
    endloop
  endfacet
  facet normal 0 0 1
    outer loop
      vertex 4.41777 35.1267 8.4
      vertex 4.98873 35.8224 8.4
      vertex 4.90147 35.9015 8.4
    endloop
  endfacet
  facet normal 0 0 1
    outer loop
      vertex 4.26508 35.2651 8.4
      vertex 4.90147 35.9015 8.4
      vertex 4.82239 35.9887 8.4
    endloop
  endfacet
  facet normal 0 0 1
    outer loop
      vertex 5.18432 35.6917 8.4
      vertex 4.76007 34.898 8.4
      vertex 4.94636 34.8099 8.4
    endloop
  endfacet
  facet normal 0 0 1
    outer loop
      vertex 4.12668 35.4178 8.4
      vertex 4.82239 35.9887 8.4
      vertex 4.75224 36.0833 8.4
    endloop
  endfacet
  facet normal 0 0 1
    outer loop
      vertex 4.00391 35.5833 8.4
      vertex 4.75224 36.0833 8.4
      vertex 4.69169 36.1843 8.4
    endloop
  endfacet
  facet normal 0 0 1
    outer loop
      vertex 3.89796 35.7601 8.4
      vertex 4.69169 36.1843 8.4
      vertex 4.64134 36.2908 8.4
    endloop
  endfacet
  facet normal 0 0 1
    outer loop
      vertex 3.80985 35.9464 8.4
      vertex 4.64134 36.2908 8.4
      vertex 4.60167 36.4017 8.4
    endloop
  endfacet
  facet normal 0 0 1
    outer loop
      vertex 5.08331 35.7522 8.4
      vertex 4.5833 35.0039 8.4
      vertex 4.76007 34.898 8.4
    endloop
  endfacet
  facet normal 0 0 1
    outer loop
      vertex 3.74043 36.1404 8.4
      vertex 4.60167 36.4017 8.4
      vertex 4.57306 36.5159 8.4
    endloop
  endfacet
  facet normal 0 0 1
    outer loop
      vertex 3.69035 36.3403 8.4
      vertex 4.57306 36.5159 8.4
      vertex 4.55578 36.6324 8.4
    endloop
  endfacet
  facet normal 0 0 1
    outer loop
      vertex 3.66011 36.5442 8.4
      vertex 4.55578 36.6324 8.4
      vertex 4.55 36.75 8.4
    endloop
  endfacet
  facet normal -0 0 1
    outer loop
      vertex 3.80985 37.5536 8.4
      vertex 4.64134 37.2092 8.4
      vertex 3.89796 37.7399 8.4
    endloop
  endfacet
  facet normal 0 0 1
    outer loop
      vertex 4.98873 35.8224 8.4
      vertex 4.41777 35.1267 8.4
      vertex 4.5833 35.0039 8.4
    endloop
  endfacet
  facet normal 0 0 1
    outer loop
      vertex 4.64134 37.2092 8.4
      vertex 3.80985 37.5536 8.4
      vertex 4.60167 37.0983 8.4
    endloop
  endfacet
  facet normal 0 0 1
    outer loop
      vertex 4.90147 35.9015 8.4
      vertex 4.26508 35.2651 8.4
      vertex 4.41777 35.1267 8.4
    endloop
  endfacet
  facet normal -0 0 1
    outer loop
      vertex 3.74043 37.3596 8.4
      vertex 4.60167 37.0983 8.4
      vertex 3.80985 37.5536 8.4
    endloop
  endfacet
  facet normal 0 0 1
    outer loop
      vertex 4.82239 35.9887 8.4
      vertex 4.12668 35.4178 8.4
      vertex 4.26508 35.2651 8.4
    endloop
  endfacet
  facet normal 0 0 1
    outer loop
      vertex 4.60167 37.0983 8.4
      vertex 3.74043 37.3596 8.4
      vertex 4.57306 36.9841 8.4
    endloop
  endfacet
  facet normal 0 0 1
    outer loop
      vertex 4.75224 36.0833 8.4
      vertex 4.00391 35.5833 8.4
      vertex 4.12668 35.4178 8.4
    endloop
  endfacet
  facet normal -0 0 1
    outer loop
      vertex 3.69035 37.1597 8.4
      vertex 4.57306 36.9841 8.4
      vertex 3.74043 37.3596 8.4
    endloop
  endfacet
  facet normal 0 0 1
    outer loop
      vertex 4.69169 36.1843 8.4
      vertex 3.89796 35.7601 8.4
      vertex 4.00391 35.5833 8.4
    endloop
  endfacet
  facet normal 0 0 1
    outer loop
      vertex 4.57306 36.9841 8.4
      vertex 3.69035 37.1597 8.4
      vertex 4.55578 36.8676 8.4
    endloop
  endfacet
  facet normal 0 0 1
    outer loop
      vertex 4.64134 36.2908 8.4
      vertex 3.80985 35.9464 8.4
      vertex 3.89796 35.7601 8.4
    endloop
  endfacet
  facet normal -0 0 1
    outer loop
      vertex 3.66011 36.9558 8.4
      vertex 4.55578 36.8676 8.4
      vertex 3.69035 37.1597 8.4
    endloop
  endfacet
  facet normal 0 0 1
    outer loop
      vertex 4.60167 36.4017 8.4
      vertex 3.74043 36.1404 8.4
      vertex 3.80985 35.9464 8.4
    endloop
  endfacet
  facet normal 0 0 1
    outer loop
      vertex 4.55578 36.8676 8.4
      vertex 3.66011 36.9558 8.4
      vertex 4.55 36.75 8.4
    endloop
  endfacet
  facet normal 0 0 1
    outer loop
      vertex 4.57306 36.5159 8.4
      vertex 3.69035 36.3403 8.4
      vertex 3.74043 36.1404 8.4
    endloop
  endfacet
  facet normal 0 0 1
    outer loop
      vertex 3.65 36.75 8.4
      vertex 4.55 36.75 8.4
      vertex 3.66011 36.9558 8.4
    endloop
  endfacet
  facet normal 0 0 1
    outer loop
      vertex 4.55578 36.6324 8.4
      vertex 3.66011 36.5442 8.4
      vertex 3.69035 36.3403 8.4
    endloop
  endfacet
  facet normal 0 0 1
    outer loop
      vertex 4.55 36.75 8.4
      vertex 3.65 36.75 8.4
      vertex 3.66011 36.5442 8.4
    endloop
  endfacet
  facet normal 0.857771 -0.514032 0
    outer loop
      vertex 3.89796 37.7399 10.2
      vertex 4.00391 37.9167 8.4
      vertex 4.00391 37.9167 10.2
    endloop
  endfacet
  facet normal 0.857771 -0.514032 0
    outer loop
      vertex 4.00391 37.9167 8.4
      vertex 3.89796 37.7399 10.2
      vertex 3.89796 37.7399 8.4
    endloop
  endfacet
  facet normal 0.803145 -0.595783 0
    outer loop
      vertex 4.00391 37.9167 10.2
      vertex 4.12668 38.0822 8.4
      vertex 4.12668 38.0822 10.2
    endloop
  endfacet
  facet normal 0.803145 -0.595783 0
    outer loop
      vertex 4.12668 38.0822 8.4
      vertex 4.00391 37.9167 10.2
      vertex 4.00391 37.9167 8.4
    endloop
  endfacet
  facet normal 0.903996 -0.427542 0
    outer loop
      vertex 3.80985 37.5536 10.2
      vertex 3.89796 37.7399 8.4
      vertex 3.89796 37.7399 10.2
    endloop
  endfacet
  facet normal 0.903996 -0.427542 0
    outer loop
      vertex 3.89796 37.7399 8.4
      vertex 3.80985 37.5536 10.2
      vertex 3.80985 37.5536 8.4
    endloop
  endfacet
  facet normal 0.970022 -0.243015 0
    outer loop
      vertex 3.69035 37.1597 10.2
      vertex 3.74043 37.3596 8.4
      vertex 3.74043 37.3596 10.2
    endloop
  endfacet
  facet normal 0.970022 -0.243015 0
    outer loop
      vertex 3.74043 37.3596 8.4
      vertex 3.69035 37.1597 10.2
      vertex 3.69035 37.1597 8.4
    endloop
  endfacet
  facet normal 0.998796 -0.0490662 0
    outer loop
      vertex 3.65 36.75 10.2
      vertex 3.66011 36.9558 8.4
      vertex 3.66011 36.9558 10.2
    endloop
  endfacet
  facet normal 0.998796 -0.0490662 0
    outer loop
      vertex 3.66011 36.9558 8.4
      vertex 3.65 36.75 10.2
      vertex 3.65 36.75 8.4
    endloop
  endfacet
  facet normal 0.595808 -0.803127 0
    outer loop
      vertex 4.41777 38.3733 8.4
      vertex 4.5833 38.4961 10.2
      vertex 4.41777 38.3733 10.2
    endloop
  endfacet
  facet normal 0.595808 -0.803127 0
    outer loop
      vertex 4.5833 38.4961 10.2
      vertex 4.41777 38.3733 8.4
      vertex 4.5833 38.4961 8.4
    endloop
  endfacet
  facet normal 0.513918 -0.85784 0
    outer loop
      vertex 4.5833 38.4961 8.4
      vertex 4.76007 38.602 10.2
      vertex 4.5833 38.4961 10.2
    endloop
  endfacet
  facet normal 0.513918 -0.85784 0
    outer loop
      vertex 4.76007 38.602 10.2
      vertex 4.5833 38.4961 8.4
      vertex 4.76007 38.602 8.4
    endloop
  endfacet
  facet normal 0.671585 -0.740927 0
    outer loop
      vertex 4.26508 38.2349 8.4
      vertex 4.41777 38.3733 10.2
      vertex 4.26508 38.2349 10.2
    endloop
  endfacet
  facet normal 0.671585 -0.740927 0
    outer loop
      vertex 4.41777 38.3733 10.2
      vertex 4.26508 38.2349 8.4
      vertex 4.41777 38.3733 8.4
    endloop
  endfacet
  facet normal 0.337197 -0.941434 0
    outer loop
      vertex 4.94636 38.6901 8.4
      vertex 5.1404 38.7596 10.2
      vertex 4.94636 38.6901 10.2
    endloop
  endfacet
  facet normal 0.337197 -0.941434 0
    outer loop
      vertex 5.1404 38.7596 10.2
      vertex 4.94636 38.6901 8.4
      vertex 5.1404 38.7596 8.4
    endloop
  endfacet
  facet normal 0.147023 -0.989133 0
    outer loop
      vertex 5.34031 38.8096 8.4
      vertex 5.54416 38.8399 10.2
      vertex 5.34031 38.8096 10.2
    endloop
  endfacet
  facet normal 0.147023 -0.989133 0
    outer loop
      vertex 5.54416 38.8399 10.2
      vertex 5.34031 38.8096 8.4
      vertex 5.54416 38.8399 8.4
    endloop
  endfacet
  facet normal -0.146549 0.989203 0
    outer loop
      vertex 6.15969 34.6903 8.4
      vertex 5.95584 34.6601 10.2
      vertex 6.15969 34.6903 10.2
    endloop
  endfacet
  facet normal -0.146549 0.989203 0
    outer loop
      vertex 5.95584 34.6601 10.2
      vertex 6.15969 34.6903 8.4
      vertex 5.95584 34.6601 8.4
    endloop
  endfacet
  facet normal -0.337212 0.941429 0
    outer loop
      vertex 6.55363 34.8099 8.4
      vertex 6.3596 34.7404 10.2
      vertex 6.55363 34.8099 10.2
    endloop
  endfacet
  facet normal -0.337212 0.941429 0
    outer loop
      vertex 6.3596 34.7404 10.2
      vertex 6.55363 34.8099 8.4
      vertex 6.3596 34.7404 8.4
    endloop
  endfacet
  facet normal -0.671585 0.740927 0
    outer loop
      vertex 7.23492 35.2651 8.4
      vertex 7.08223 35.1267 10.2
      vertex 7.23492 35.2651 10.2
    endloop
  endfacet
  facet normal -0.671585 0.740927 0
    outer loop
      vertex 7.08223 35.1267 10.2
      vertex 7.23492 35.2651 8.4
      vertex 7.08223 35.1267 8.4
    endloop
  endfacet
  facet normal -0.513918 0.85784 0
    outer loop
      vertex 6.9167 35.0039 8.4
      vertex 6.73993 34.898 10.2
      vertex 6.9167 35.0039 10.2
    endloop
  endfacet
  facet normal -0.513918 0.85784 0
    outer loop
      vertex 6.73993 34.898 10.2
      vertex 6.9167 35.0039 8.4
      vertex 6.73993 34.898 8.4
    endloop
  endfacet
  facet normal -0.803145 0.595783 0
    outer loop
      vertex 7.37332 35.4178 8.4
      vertex 7.49609 35.5833 10.2
      vertex 7.49609 35.5833 8.4
    endloop
  endfacet
  facet normal -0.803145 0.595783 0
    outer loop
      vertex 7.49609 35.5833 10.2
      vertex 7.37332 35.4178 8.4
      vertex 7.37332 35.4178 10.2
    endloop
  endfacet
  facet normal -0.903977 0.427582 0
    outer loop
      vertex 7.60203 35.7601 8.4
      vertex 7.69015 35.9464 10.2
      vertex 7.69015 35.9464 8.4
    endloop
  endfacet
  facet normal -0.903977 0.427582 0
    outer loop
      vertex 7.69015 35.9464 10.2
      vertex 7.60203 35.7601 8.4
      vertex 7.60203 35.7601 10.2
    endloop
  endfacet
  facet normal -0.970022 0.243015 0
    outer loop
      vertex 7.75957 36.1404 8.4
      vertex 7.80965 36.3403 10.2
      vertex 7.80965 36.3403 8.4
    endloop
  endfacet
  facet normal -0.970022 0.243015 0
    outer loop
      vertex 7.80965 36.3403 10.2
      vertex 7.75957 36.1404 8.4
      vertex 7.75957 36.1404 10.2
    endloop
  endfacet
  facet normal -0.998796 0.0490662 0
    outer loop
      vertex 7.83989 36.5442 8.4
      vertex 7.85 36.75 10.2
      vertex 7.85 36.75 8.4
    endloop
  endfacet
  facet normal -0.998796 0.0490662 0
    outer loop
      vertex 7.85 36.75 10.2
      vertex 7.83989 36.5442 8.4
      vertex 7.83989 36.5442 10.2
    endloop
  endfacet
  facet normal 0.595808 0.803127 -0
    outer loop
      vertex 4.5833 35.0039 8.4
      vertex 4.41777 35.1267 10.2
      vertex 4.5833 35.0039 10.2
    endloop
  endfacet
  facet normal 0.595808 0.803127 0
    outer loop
      vertex 4.41777 35.1267 10.2
      vertex 4.5833 35.0039 8.4
      vertex 4.41777 35.1267 8.4
    endloop
  endfacet
  facet normal 0.427521 0.904005 -0
    outer loop
      vertex 4.94636 34.8099 8.4
      vertex 4.76007 34.898 10.2
      vertex 4.94636 34.8099 10.2
    endloop
  endfacet
  facet normal 0.427521 0.904005 0
    outer loop
      vertex 4.76007 34.898 10.2
      vertex 4.94636 34.8099 8.4
      vertex 4.76007 34.898 8.4
    endloop
  endfacet
  facet normal 0.243095 0.970002 -0
    outer loop
      vertex 5.34031 34.6903 8.4
      vertex 5.1404 34.7404 10.2
      vertex 5.34031 34.6903 10.2
    endloop
  endfacet
  facet normal 0.243095 0.970002 0
    outer loop
      vertex 5.1404 34.7404 10.2
      vertex 5.34031 34.6903 8.4
      vertex 5.1404 34.7404 8.4
    endloop
  endfacet
  facet normal 0.0490083 0.998798 -0
    outer loop
      vertex 5.75 34.65 8.4
      vertex 5.54416 34.6601 10.2
      vertex 5.75 34.65 10.2
    endloop
  endfacet
  facet normal 0.0490083 0.998798 0
    outer loop
      vertex 5.54416 34.6601 10.2
      vertex 5.75 34.65 8.4
      vertex 5.54416 34.6601 8.4
    endloop
  endfacet
  facet normal 0.857771 0.514032 0
    outer loop
      vertex 4.00391 35.5833 10.2
      vertex 3.89796 35.7601 8.4
      vertex 3.89796 35.7601 10.2
    endloop
  endfacet
  facet normal 0.857771 0.514032 0
    outer loop
      vertex 3.89796 35.7601 8.4
      vertex 4.00391 35.5833 10.2
      vertex 4.00391 35.5833 8.4
    endloop
  endfacet
  facet normal 0.740949 0.671561 0
    outer loop
      vertex 4.26508 35.2651 10.2
      vertex 4.12668 35.4178 8.4
      vertex 4.12668 35.4178 10.2
    endloop
  endfacet
  facet normal 0.740949 0.671561 0
    outer loop
      vertex 4.12668 35.4178 8.4
      vertex 4.26508 35.2651 10.2
      vertex 4.26508 35.2651 8.4
    endloop
  endfacet
  facet normal 0.941535 0.336914 0
    outer loop
      vertex 3.80985 35.9464 10.2
      vertex 3.74043 36.1404 8.4
      vertex 3.74043 36.1404 10.2
    endloop
  endfacet
  facet normal 0.941535 0.336914 0
    outer loop
      vertex 3.74043 36.1404 8.4
      vertex 3.80985 35.9464 10.2
      vertex 3.80985 35.9464 8.4
    endloop
  endfacet
  facet normal 0.989181 0.146703 0
    outer loop
      vertex 3.69035 36.3403 10.2
      vertex 3.66011 36.5442 8.4
      vertex 3.66011 36.5442 10.2
    endloop
  endfacet
  facet normal 0.989181 0.146703 0
    outer loop
      vertex 3.66011 36.5442 8.4
      vertex 3.69035 36.3403 10.2
      vertex 3.69035 36.3403 8.4
    endloop
  endfacet
  facet normal 0.998796 0.0490662 0
    outer loop
      vertex 3.66011 36.5442 10.2
      vertex 3.65 36.75 8.4
      vertex 3.65 36.75 10.2
    endloop
  endfacet
  facet normal 0.998796 0.0490662 0
    outer loop
      vertex 3.65 36.75 8.4
      vertex 3.66011 36.5442 10.2
      vertex 3.66011 36.5442 8.4
    endloop
  endfacet
  facet normal -0.243095 0.970002 0
    outer loop
      vertex 6.3596 34.7404 8.4
      vertex 6.15969 34.6903 10.2
      vertex 6.3596 34.7404 10.2
    endloop
  endfacet
  facet normal -0.243095 0.970002 0
    outer loop
      vertex 6.15969 34.6903 10.2
      vertex 6.3596 34.7404 8.4
      vertex 6.15969 34.6903 8.4
    endloop
  endfacet
  facet normal -0.427502 0.904014 0
    outer loop
      vertex 6.73993 34.898 8.4
      vertex 6.55363 34.8099 10.2
      vertex 6.73993 34.898 10.2
    endloop
  endfacet
  facet normal -0.427502 0.904014 0
    outer loop
      vertex 6.55363 34.8099 10.2
      vertex 6.73993 34.898 8.4
      vertex 6.55363 34.8099 8.4
    endloop
  endfacet
  facet normal -0.740949 0.671561 0
    outer loop
      vertex 7.23492 35.2651 8.4
      vertex 7.37332 35.4178 10.2
      vertex 7.37332 35.4178 8.4
    endloop
  endfacet
  facet normal -0.740949 0.671561 0
    outer loop
      vertex 7.37332 35.4178 10.2
      vertex 7.23492 35.2651 8.4
      vertex 7.23492 35.2651 10.2
    endloop
  endfacet
  facet normal -0.595808 0.803127 0
    outer loop
      vertex 7.08223 35.1267 8.4
      vertex 6.9167 35.0039 10.2
      vertex 7.08223 35.1267 10.2
    endloop
  endfacet
  facet normal -0.595808 0.803127 0
    outer loop
      vertex 6.9167 35.0039 10.2
      vertex 7.08223 35.1267 8.4
      vertex 6.9167 35.0039 8.4
    endloop
  endfacet
  facet normal -0.857792 0.513996 0
    outer loop
      vertex 7.49609 35.5833 8.4
      vertex 7.60203 35.7601 10.2
      vertex 7.60203 35.7601 8.4
    endloop
  endfacet
  facet normal -0.857792 0.513996 0
    outer loop
      vertex 7.60203 35.7601 10.2
      vertex 7.49609 35.5833 8.4
      vertex 7.49609 35.5833 10.2
    endloop
  endfacet
  facet normal -0.941535 0.336914 0
    outer loop
      vertex 7.69015 35.9464 8.4
      vertex 7.75957 36.1404 10.2
      vertex 7.75957 36.1404 8.4
    endloop
  endfacet
  facet normal -0.941535 0.336914 0
    outer loop
      vertex 7.75957 36.1404 10.2
      vertex 7.69015 35.9464 8.4
      vertex 7.69015 35.9464 10.2
    endloop
  endfacet
  facet normal -0.989181 0.146703 0
    outer loop
      vertex 7.80965 36.3403 8.4
      vertex 7.83989 36.5442 10.2
      vertex 7.83989 36.5442 8.4
    endloop
  endfacet
  facet normal -0.989181 0.146703 0
    outer loop
      vertex 7.83989 36.5442 10.2
      vertex 7.80965 36.3403 8.4
      vertex 7.80965 36.3403 10.2
    endloop
  endfacet
  facet normal 0.513918 0.85784 -0
    outer loop
      vertex 4.76007 34.898 8.4
      vertex 4.5833 35.0039 10.2
      vertex 4.76007 34.898 10.2
    endloop
  endfacet
  facet normal 0.513918 0.85784 0
    outer loop
      vertex 4.5833 35.0039 10.2
      vertex 4.76007 34.898 8.4
      vertex 4.5833 35.0039 8.4
    endloop
  endfacet
  facet normal 0.337197 0.941434 -0
    outer loop
      vertex 5.1404 34.7404 8.4
      vertex 4.94636 34.8099 10.2
      vertex 5.1404 34.7404 10.2
    endloop
  endfacet
  facet normal 0.337197 0.941434 0
    outer loop
      vertex 4.94636 34.8099 10.2
      vertex 5.1404 34.7404 8.4
      vertex 4.94636 34.8099 8.4
    endloop
  endfacet
  facet normal 0.146549 0.989203 -0
    outer loop
      vertex 5.54416 34.6601 8.4
      vertex 5.34031 34.6903 10.2
      vertex 5.54416 34.6601 10.2
    endloop
  endfacet
  facet normal 0.146549 0.989203 0
    outer loop
      vertex 5.34031 34.6903 10.2
      vertex 5.54416 34.6601 8.4
      vertex 5.34031 34.6903 8.4
    endloop
  endfacet
  facet normal 0.803145 0.595783 0
    outer loop
      vertex 4.12668 35.4178 10.2
      vertex 4.00391 35.5833 8.4
      vertex 4.00391 35.5833 10.2
    endloop
  endfacet
  facet normal 0.803145 0.595783 0
    outer loop
      vertex 4.00391 35.5833 8.4
      vertex 4.12668 35.4178 10.2
      vertex 4.12668 35.4178 8.4
    endloop
  endfacet
  facet normal 0.970022 0.243015 0
    outer loop
      vertex 3.74043 36.1404 10.2
      vertex 3.69035 36.3403 8.4
      vertex 3.69035 36.3403 10.2
    endloop
  endfacet
  facet normal 0.970022 0.243015 0
    outer loop
      vertex 3.69035 36.3403 8.4
      vertex 3.74043 36.1404 10.2
      vertex 3.74043 36.1404 8.4
    endloop
  endfacet
  facet normal -0.998786 -0.0492599 0
    outer loop
      vertex 51.95 36.75 8
      vertex 51.9442 36.8676 8.4
      vertex 51.9442 36.8676 8
    endloop
  endfacet
  facet normal -0.998786 -0.0492599 0
    outer loop
      vertex 51.9442 36.8676 8.4
      vertex 51.95 36.75 8
      vertex 51.95 36.75 8.4
    endloop
  endfacet
  facet normal 0.0492599 -0.998786 0
    outer loop
      vertex 50.6324 37.9442 8
      vertex 50.75 37.95 8.4
      vertex 50.6324 37.9442 8.4
    endloop
  endfacet
  facet normal 0.0492599 -0.998786 0
    outer loop
      vertex 50.75 37.95 8.4
      vertex 50.6324 37.9442 8
      vertex 50.75 37.95 8
    endloop
  endfacet
  facet normal -0.671869 -0.74067 0
    outer loop
      vertex 51.5113 37.6776 8
      vertex 51.5985 37.5985 8.4
      vertex 51.5113 37.6776 8.4
    endloop
  endfacet
  facet normal -0.671869 -0.74067 -0
    outer loop
      vertex 51.5985 37.5985 8.4
      vertex 51.5113 37.6776 8
      vertex 51.5985 37.5985 8
    endloop
  endfacet
  facet normal 0.74067 -0.671869 0
    outer loop
      vertex 49.8224 37.5113 8.4
      vertex 49.9015 37.5985 8
      vertex 49.9015 37.5985 8.4
    endloop
  endfacet
  facet normal 0.74067 -0.671869 0
    outer loop
      vertex 49.9015 37.5985 8
      vertex 49.8224 37.5113 8.4
      vertex 49.8224 37.5113 8
    endloop
  endfacet
  facet normal 0.427758 -0.903893 0
    outer loop
      vertex 50.1843 37.8083 8
      vertex 50.2908 37.8587 8.4
      vertex 50.1843 37.8083 8.4
    endloop
  endfacet
  facet normal 0.427758 -0.903893 0
    outer loop
      vertex 50.2908 37.8587 8.4
      vertex 50.1843 37.8083 8
      vertex 50.2908 37.8587 8
    endloop
  endfacet
  facet normal 0.903893 0.427758 0
    outer loop
      vertex 49.6917 36.1843 8.4
      vertex 49.6413 36.2908 8
      vertex 49.6413 36.2908 8.4
    endloop
  endfacet
  facet normal 0.903893 0.427758 0
    outer loop
      vertex 49.6413 36.2908 8
      vertex 49.6917 36.1843 8.4
      vertex 49.6917 36.1843 8
    endloop
  endfacet
  facet normal -0.903893 -0.427758 0
    outer loop
      vertex 51.8587 37.2092 8
      vertex 51.8083 37.3157 8.4
      vertex 51.8083 37.3157 8
    endloop
  endfacet
  facet normal -0.903893 -0.427758 0
    outer loop
      vertex 51.8083 37.3157 8.4
      vertex 51.8587 37.2092 8
      vertex 51.8587 37.2092 8.4
    endloop
  endfacet
  facet normal -0.336283 -0.941761 0
    outer loop
      vertex 51.0983 37.8983 8
      vertex 51.2092 37.8587 8.4
      vertex 51.0983 37.8983 8.4
    endloop
  endfacet
  facet normal -0.336283 -0.941761 -0
    outer loop
      vertex 51.2092 37.8587 8.4
      vertex 51.0983 37.8983 8
      vertex 51.2092 37.8587 8
    endloop
  endfacet
  facet normal -0.513871 -0.857867 0
    outer loop
      vertex 51.3157 37.8083 8
      vertex 51.4167 37.7478 8.4
      vertex 51.3157 37.8083 8.4
    endloop
  endfacet
  facet normal -0.513871 -0.857867 -0
    outer loop
      vertex 51.4167 37.7478 8.4
      vertex 51.3157 37.8083 8
      vertex 51.4167 37.7478 8
    endloop
  endfacet
  facet normal 0.941761 -0.336283 0
    outer loop
      vertex 49.6017 37.0983 8.4
      vertex 49.6413 37.2092 8
      vertex 49.6413 37.2092 8.4
    endloop
  endfacet
  facet normal 0.941761 -0.336283 0
    outer loop
      vertex 49.6413 37.2092 8
      vertex 49.6017 37.0983 8.4
      vertex 49.6017 37.0983 8
    endloop
  endfacet
  facet normal 0.242935 -0.970042 0
    outer loop
      vertex 50.4017 37.8983 8
      vertex 50.5159 37.9269 8.4
      vertex 50.4017 37.8983 8.4
    endloop
  endfacet
  facet normal 0.242935 -0.970042 0
    outer loop
      vertex 50.5159 37.9269 8.4
      vertex 50.4017 37.8983 8
      vertex 50.5159 37.9269 8
    endloop
  endfacet
  facet normal -0.941761 0.336283 0
    outer loop
      vertex 51.8587 36.2908 8
      vertex 51.8983 36.4017 8.4
      vertex 51.8983 36.4017 8
    endloop
  endfacet
  facet normal -0.941761 0.336283 0
    outer loop
      vertex 51.8983 36.4017 8.4
      vertex 51.8587 36.2908 8
      vertex 51.8587 36.2908 8.4
    endloop
  endfacet
  facet normal -0.970042 -0.242935 0
    outer loop
      vertex 51.9269 36.9841 8
      vertex 51.8983 37.0983 8.4
      vertex 51.8983 37.0983 8
    endloop
  endfacet
  facet normal -0.970042 -0.242935 0
    outer loop
      vertex 51.8983 37.0983 8.4
      vertex 51.9269 36.9841 8
      vertex 51.9269 36.9841 8.4
    endloop
  endfacet
  facet normal -0.989153 -0.146887 0
    outer loop
      vertex 51.9442 36.8676 8
      vertex 51.9269 36.9841 8.4
      vertex 51.9269 36.9841 8
    endloop
  endfacet
  facet normal -0.989153 -0.146887 0
    outer loop
      vertex 51.9269 36.9841 8.4
      vertex 51.9442 36.8676 8
      vertex 51.9442 36.8676 8.4
    endloop
  endfacet
  facet normal -0.941761 -0.336283 0
    outer loop
      vertex 51.8983 37.0983 8
      vertex 51.8587 37.2092 8.4
      vertex 51.8587 37.2092 8
    endloop
  endfacet
  facet normal -0.941761 -0.336283 0
    outer loop
      vertex 51.8587 37.2092 8.4
      vertex 51.8983 37.0983 8
      vertex 51.8983 37.0983 8.4
    endloop
  endfacet
  facet normal -0.803046 -0.595918 0
    outer loop
      vertex 51.7478 37.4167 8
      vertex 51.6776 37.5113 8.4
      vertex 51.6776 37.5113 8
    endloop
  endfacet
  facet normal -0.803046 -0.595918 0
    outer loop
      vertex 51.6776 37.5113 8.4
      vertex 51.7478 37.4167 8
      vertex 51.7478 37.4167 8.4
    endloop
  endfacet
  facet normal -0.74067 -0.671869 0
    outer loop
      vertex 51.6776 37.5113 8
      vertex 51.5985 37.5985 8.4
      vertex 51.5985 37.5985 8
    endloop
  endfacet
  facet normal -0.74067 -0.671869 0
    outer loop
      vertex 51.5985 37.5985 8.4
      vertex 51.6776 37.5113 8
      vertex 51.6776 37.5113 8.4
    endloop
  endfacet
  facet normal -0.857867 -0.513871 0
    outer loop
      vertex 51.8083 37.3157 8
      vertex 51.7478 37.4167 8.4
      vertex 51.7478 37.4167 8
    endloop
  endfacet
  facet normal -0.857867 -0.513871 0
    outer loop
      vertex 51.7478 37.4167 8.4
      vertex 51.8083 37.3157 8
      vertex 51.8083 37.3157 8.4
    endloop
  endfacet
  facet normal -0.146887 -0.989153 0
    outer loop
      vertex 50.8676 37.9442 8
      vertex 50.9841 37.9269 8.4
      vertex 50.8676 37.9442 8.4
    endloop
  endfacet
  facet normal -0.146887 -0.989153 -0
    outer loop
      vertex 50.9841 37.9269 8.4
      vertex 50.8676 37.9442 8
      vertex 50.9841 37.9269 8
    endloop
  endfacet
  facet normal -0.242935 -0.970042 0
    outer loop
      vertex 50.9841 37.9269 8
      vertex 51.0983 37.8983 8.4
      vertex 50.9841 37.9269 8.4
    endloop
  endfacet
  facet normal -0.242935 -0.970042 -0
    outer loop
      vertex 51.0983 37.8983 8.4
      vertex 50.9841 37.9269 8
      vertex 51.0983 37.8983 8
    endloop
  endfacet
  facet normal -0.0492599 -0.998786 0
    outer loop
      vertex 50.75 37.95 8
      vertex 50.8676 37.9442 8.4
      vertex 50.75 37.95 8.4
    endloop
  endfacet
  facet normal -0.0492599 -0.998786 -0
    outer loop
      vertex 50.8676 37.9442 8.4
      vertex 50.75 37.95 8
      vertex 50.8676 37.9442 8
    endloop
  endfacet
  facet normal -0.427758 -0.903893 0
    outer loop
      vertex 51.2092 37.8587 8
      vertex 51.3157 37.8083 8.4
      vertex 51.2092 37.8587 8.4
    endloop
  endfacet
  facet normal -0.427758 -0.903893 -0
    outer loop
      vertex 51.3157 37.8083 8.4
      vertex 51.2092 37.8587 8
      vertex 51.3157 37.8083 8
    endloop
  endfacet
  facet normal -0.595918 -0.803046 0
    outer loop
      vertex 51.4167 37.7478 8
      vertex 51.5113 37.6776 8.4
      vertex 51.4167 37.7478 8.4
    endloop
  endfacet
  facet normal -0.595918 -0.803046 -0
    outer loop
      vertex 51.5113 37.6776 8.4
      vertex 51.4167 37.7478 8
      vertex 51.5113 37.6776 8
    endloop
  endfacet
  facet normal 0.989153 -0.146887 0
    outer loop
      vertex 49.5558 36.8676 8.4
      vertex 49.5731 36.9841 8
      vertex 49.5731 36.9841 8.4
    endloop
  endfacet
  facet normal 0.989153 -0.146887 0
    outer loop
      vertex 49.5731 36.9841 8
      vertex 49.5558 36.8676 8.4
      vertex 49.5558 36.8676 8
    endloop
  endfacet
  facet normal 0.857867 -0.513871 0
    outer loop
      vertex 49.6917 37.3157 8.4
      vertex 49.7522 37.4167 8
      vertex 49.7522 37.4167 8.4
    endloop
  endfacet
  facet normal 0.857867 -0.513871 0
    outer loop
      vertex 49.7522 37.4167 8
      vertex 49.6917 37.3157 8.4
      vertex 49.6917 37.3157 8
    endloop
  endfacet
  facet normal 0.803046 -0.595918 0
    outer loop
      vertex 49.7522 37.4167 8.4
      vertex 49.8224 37.5113 8
      vertex 49.8224 37.5113 8.4
    endloop
  endfacet
  facet normal 0.803046 -0.595918 0
    outer loop
      vertex 49.8224 37.5113 8
      vertex 49.7522 37.4167 8.4
      vertex 49.7522 37.4167 8
    endloop
  endfacet
  facet normal 0.903893 -0.427758 0
    outer loop
      vertex 49.6413 37.2092 8.4
      vertex 49.6917 37.3157 8
      vertex 49.6917 37.3157 8.4
    endloop
  endfacet
  facet normal 0.903893 -0.427758 0
    outer loop
      vertex 49.6917 37.3157 8
      vertex 49.6413 37.2092 8.4
      vertex 49.6413 37.2092 8
    endloop
  endfacet
  facet normal 0.970042 -0.242935 0
    outer loop
      vertex 49.5731 36.9841 8.4
      vertex 49.6017 37.0983 8
      vertex 49.6017 37.0983 8.4
    endloop
  endfacet
  facet normal 0.970042 -0.242935 0
    outer loop
      vertex 49.6017 37.0983 8
      vertex 49.5731 36.9841 8.4
      vertex 49.5731 36.9841 8
    endloop
  endfacet
  facet normal 0.998786 -0.0492599 0
    outer loop
      vertex 49.55 36.75 8.4
      vertex 49.5558 36.8676 8
      vertex 49.5558 36.8676 8.4
    endloop
  endfacet
  facet normal 0.998786 -0.0492599 0
    outer loop
      vertex 49.5558 36.8676 8
      vertex 49.55 36.75 8.4
      vertex 49.55 36.75 8
    endloop
  endfacet
  facet normal 0.595918 -0.803046 0
    outer loop
      vertex 49.9887 37.6776 8
      vertex 50.0833 37.7478 8.4
      vertex 49.9887 37.6776 8.4
    endloop
  endfacet
  facet normal 0.595918 -0.803046 0
    outer loop
      vertex 50.0833 37.7478 8.4
      vertex 49.9887 37.6776 8
      vertex 50.0833 37.7478 8
    endloop
  endfacet
  facet normal 0.513871 -0.857867 0
    outer loop
      vertex 50.0833 37.7478 8
      vertex 50.1843 37.8083 8.4
      vertex 50.0833 37.7478 8.4
    endloop
  endfacet
  facet normal 0.513871 -0.857867 0
    outer loop
      vertex 50.1843 37.8083 8.4
      vertex 50.0833 37.7478 8
      vertex 50.1843 37.8083 8
    endloop
  endfacet
  facet normal 0.671869 -0.74067 0
    outer loop
      vertex 49.9015 37.5985 8
      vertex 49.9887 37.6776 8.4
      vertex 49.9015 37.5985 8.4
    endloop
  endfacet
  facet normal 0.671869 -0.74067 0
    outer loop
      vertex 49.9887 37.6776 8.4
      vertex 49.9015 37.5985 8
      vertex 49.9887 37.6776 8
    endloop
  endfacet
  facet normal 0.336283 -0.941761 0
    outer loop
      vertex 50.2908 37.8587 8
      vertex 50.4017 37.8983 8.4
      vertex 50.2908 37.8587 8.4
    endloop
  endfacet
  facet normal 0.336283 -0.941761 0
    outer loop
      vertex 50.4017 37.8983 8.4
      vertex 50.2908 37.8587 8
      vertex 50.4017 37.8983 8
    endloop
  endfacet
  facet normal 0.146887 -0.989153 0
    outer loop
      vertex 50.5159 37.9269 8
      vertex 50.6324 37.9442 8.4
      vertex 50.5159 37.9269 8.4
    endloop
  endfacet
  facet normal 0.146887 -0.989153 0
    outer loop
      vertex 50.6324 37.9442 8.4
      vertex 50.5159 37.9269 8
      vertex 50.6324 37.9442 8
    endloop
  endfacet
  facet normal -0.146887 0.989153 0
    outer loop
      vertex 50.9841 35.5731 8
      vertex 50.8676 35.5558 8.4
      vertex 50.9841 35.5731 8.4
    endloop
  endfacet
  facet normal -0.146887 0.989153 0
    outer loop
      vertex 50.8676 35.5558 8.4
      vertex 50.9841 35.5731 8
      vertex 50.8676 35.5558 8
    endloop
  endfacet
  facet normal -0.336283 0.941761 0
    outer loop
      vertex 51.2092 35.6413 8
      vertex 51.0983 35.6017 8.4
      vertex 51.2092 35.6413 8.4
    endloop
  endfacet
  facet normal -0.336283 0.941761 0
    outer loop
      vertex 51.0983 35.6017 8.4
      vertex 51.2092 35.6413 8
      vertex 51.0983 35.6017 8
    endloop
  endfacet
  facet normal -0.671869 0.74067 0
    outer loop
      vertex 51.5985 35.9015 8
      vertex 51.5113 35.8224 8.4
      vertex 51.5985 35.9015 8.4
    endloop
  endfacet
  facet normal -0.671869 0.74067 0
    outer loop
      vertex 51.5113 35.8224 8.4
      vertex 51.5985 35.9015 8
      vertex 51.5113 35.8224 8
    endloop
  endfacet
  facet normal -0.513871 0.857867 0
    outer loop
      vertex 51.4167 35.7522 8
      vertex 51.3157 35.6917 8.4
      vertex 51.4167 35.7522 8.4
    endloop
  endfacet
  facet normal -0.513871 0.857867 0
    outer loop
      vertex 51.3157 35.6917 8.4
      vertex 51.4167 35.7522 8
      vertex 51.3157 35.6917 8
    endloop
  endfacet
  facet normal -0.803046 0.595918 0
    outer loop
      vertex 51.6776 35.9887 8
      vertex 51.7478 36.0833 8.4
      vertex 51.7478 36.0833 8
    endloop
  endfacet
  facet normal -0.803046 0.595918 0
    outer loop
      vertex 51.7478 36.0833 8.4
      vertex 51.6776 35.9887 8
      vertex 51.6776 35.9887 8.4
    endloop
  endfacet
  facet normal -0.903893 0.427758 0
    outer loop
      vertex 51.8083 36.1843 8
      vertex 51.8587 36.2908 8.4
      vertex 51.8587 36.2908 8
    endloop
  endfacet
  facet normal -0.903893 0.427758 0
    outer loop
      vertex 51.8587 36.2908 8.4
      vertex 51.8083 36.1843 8
      vertex 51.8083 36.1843 8.4
    endloop
  endfacet
  facet normal 0.595918 0.803046 -0
    outer loop
      vertex 50.0833 35.7522 8
      vertex 49.9887 35.8224 8.4
      vertex 50.0833 35.7522 8.4
    endloop
  endfacet
  facet normal 0.595918 0.803046 0
    outer loop
      vertex 49.9887 35.8224 8.4
      vertex 50.0833 35.7522 8
      vertex 49.9887 35.8224 8
    endloop
  endfacet
  facet normal 0.427758 0.903893 -0
    outer loop
      vertex 50.2908 35.6413 8
      vertex 50.1843 35.6917 8.4
      vertex 50.2908 35.6413 8.4
    endloop
  endfacet
  facet normal 0.427758 0.903893 0
    outer loop
      vertex 50.1843 35.6917 8.4
      vertex 50.2908 35.6413 8
      vertex 50.1843 35.6917 8
    endloop
  endfacet
  facet normal 0.242935 0.970042 -0
    outer loop
      vertex 50.5159 35.5731 8
      vertex 50.4017 35.6017 8.4
      vertex 50.5159 35.5731 8.4
    endloop
  endfacet
  facet normal 0.242935 0.970042 0
    outer loop
      vertex 50.4017 35.6017 8.4
      vertex 50.5159 35.5731 8
      vertex 50.4017 35.6017 8
    endloop
  endfacet
  facet normal 0.0492599 0.998786 -0
    outer loop
      vertex 50.75 35.55 8
      vertex 50.6324 35.5558 8.4
      vertex 50.75 35.55 8.4
    endloop
  endfacet
  facet normal 0.0492599 0.998786 0
    outer loop
      vertex 50.6324 35.5558 8.4
      vertex 50.75 35.55 8
      vertex 50.6324 35.5558 8
    endloop
  endfacet
  facet normal 0.857867 0.513871 0
    outer loop
      vertex 49.7522 36.0833 8.4
      vertex 49.6917 36.1843 8
      vertex 49.6917 36.1843 8.4
    endloop
  endfacet
  facet normal 0.857867 0.513871 0
    outer loop
      vertex 49.6917 36.1843 8
      vertex 49.7522 36.0833 8.4
      vertex 49.7522 36.0833 8
    endloop
  endfacet
  facet normal 0.74067 0.671869 0
    outer loop
      vertex 49.9015 35.9015 8.4
      vertex 49.8224 35.9887 8
      vertex 49.8224 35.9887 8.4
    endloop
  endfacet
  facet normal 0.74067 0.671869 0
    outer loop
      vertex 49.8224 35.9887 8
      vertex 49.9015 35.9015 8.4
      vertex 49.9015 35.9015 8
    endloop
  endfacet
  facet normal 0.941761 0.336283 0
    outer loop
      vertex 49.6413 36.2908 8.4
      vertex 49.6017 36.4017 8
      vertex 49.6017 36.4017 8.4
    endloop
  endfacet
  facet normal 0.941761 0.336283 0
    outer loop
      vertex 49.6017 36.4017 8
      vertex 49.6413 36.2908 8.4
      vertex 49.6413 36.2908 8
    endloop
  endfacet
  facet normal 0.989153 0.146887 0
    outer loop
      vertex 49.5731 36.5159 8.4
      vertex 49.5558 36.6324 8
      vertex 49.5558 36.6324 8.4
    endloop
  endfacet
  facet normal 0.989153 0.146887 0
    outer loop
      vertex 49.5558 36.6324 8
      vertex 49.5731 36.5159 8.4
      vertex 49.5731 36.5159 8
    endloop
  endfacet
  facet normal 0.998786 0.0492599 0
    outer loop
      vertex 49.5558 36.6324 8.4
      vertex 49.55 36.75 8
      vertex 49.55 36.75 8.4
    endloop
  endfacet
  facet normal 0.998786 0.0492599 0
    outer loop
      vertex 49.55 36.75 8
      vertex 49.5558 36.6324 8.4
      vertex 49.5558 36.6324 8
    endloop
  endfacet
  facet normal -0.242935 0.970042 0
    outer loop
      vertex 51.0983 35.6017 8
      vertex 50.9841 35.5731 8.4
      vertex 51.0983 35.6017 8.4
    endloop
  endfacet
  facet normal -0.242935 0.970042 0
    outer loop
      vertex 50.9841 35.5731 8.4
      vertex 51.0983 35.6017 8
      vertex 50.9841 35.5731 8
    endloop
  endfacet
  facet normal -0.427758 0.903893 0
    outer loop
      vertex 51.3157 35.6917 8
      vertex 51.2092 35.6413 8.4
      vertex 51.3157 35.6917 8.4
    endloop
  endfacet
  facet normal -0.427758 0.903893 0
    outer loop
      vertex 51.2092 35.6413 8.4
      vertex 51.3157 35.6917 8
      vertex 51.2092 35.6413 8
    endloop
  endfacet
  facet normal -0.74067 0.671869 0
    outer loop
      vertex 51.5985 35.9015 8
      vertex 51.6776 35.9887 8.4
      vertex 51.6776 35.9887 8
    endloop
  endfacet
  facet normal -0.74067 0.671869 0
    outer loop
      vertex 51.6776 35.9887 8.4
      vertex 51.5985 35.9015 8
      vertex 51.5985 35.9015 8.4
    endloop
  endfacet
  facet normal -0.595918 0.803046 0
    outer loop
      vertex 51.5113 35.8224 8
      vertex 51.4167 35.7522 8.4
      vertex 51.5113 35.8224 8.4
    endloop
  endfacet
  facet normal -0.595918 0.803046 0
    outer loop
      vertex 51.4167 35.7522 8.4
      vertex 51.5113 35.8224 8
      vertex 51.4167 35.7522 8
    endloop
  endfacet
  facet normal -0.857867 0.513871 0
    outer loop
      vertex 51.7478 36.0833 8
      vertex 51.8083 36.1843 8.4
      vertex 51.8083 36.1843 8
    endloop
  endfacet
  facet normal -0.857867 0.513871 0
    outer loop
      vertex 51.8083 36.1843 8.4
      vertex 51.7478 36.0833 8
      vertex 51.7478 36.0833 8.4
    endloop
  endfacet
  facet normal -0.989153 0.146887 0
    outer loop
      vertex 51.9269 36.5159 8
      vertex 51.9442 36.6324 8.4
      vertex 51.9442 36.6324 8
    endloop
  endfacet
  facet normal -0.989153 0.146887 0
    outer loop
      vertex 51.9442 36.6324 8.4
      vertex 51.9269 36.5159 8
      vertex 51.9269 36.5159 8.4
    endloop
  endfacet
  facet normal -0.970042 0.242935 0
    outer loop
      vertex 51.8983 36.4017 8
      vertex 51.9269 36.5159 8.4
      vertex 51.9269 36.5159 8
    endloop
  endfacet
  facet normal -0.970042 0.242935 0
    outer loop
      vertex 51.9269 36.5159 8.4
      vertex 51.8983 36.4017 8
      vertex 51.8983 36.4017 8.4
    endloop
  endfacet
  facet normal -0.998786 0.0492599 0
    outer loop
      vertex 51.9442 36.6324 8
      vertex 51.95 36.75 8.4
      vertex 51.95 36.75 8
    endloop
  endfacet
  facet normal -0.998786 0.0492599 0
    outer loop
      vertex 51.95 36.75 8.4
      vertex 51.9442 36.6324 8
      vertex 51.9442 36.6324 8.4
    endloop
  endfacet
  facet normal 0.513871 0.857867 -0
    outer loop
      vertex 50.1843 35.6917 8
      vertex 50.0833 35.7522 8.4
      vertex 50.1843 35.6917 8.4
    endloop
  endfacet
  facet normal 0.513871 0.857867 0
    outer loop
      vertex 50.0833 35.7522 8.4
      vertex 50.1843 35.6917 8
      vertex 50.0833 35.7522 8
    endloop
  endfacet
  facet normal 0.336283 0.941761 -0
    outer loop
      vertex 50.4017 35.6017 8
      vertex 50.2908 35.6413 8.4
      vertex 50.4017 35.6017 8.4
    endloop
  endfacet
  facet normal 0.336283 0.941761 0
    outer loop
      vertex 50.2908 35.6413 8.4
      vertex 50.4017 35.6017 8
      vertex 50.2908 35.6413 8
    endloop
  endfacet
  facet normal 0.146887 0.989153 -0
    outer loop
      vertex 50.6324 35.5558 8
      vertex 50.5159 35.5731 8.4
      vertex 50.6324 35.5558 8.4
    endloop
  endfacet
  facet normal 0.146887 0.989153 0
    outer loop
      vertex 50.5159 35.5731 8.4
      vertex 50.6324 35.5558 8
      vertex 50.5159 35.5731 8
    endloop
  endfacet
  facet normal -0.0492599 0.998786 0
    outer loop
      vertex 50.8676 35.5558 8
      vertex 50.75 35.55 8.4
      vertex 50.8676 35.5558 8.4
    endloop
  endfacet
  facet normal -0.0492599 0.998786 0
    outer loop
      vertex 50.75 35.55 8.4
      vertex 50.8676 35.5558 8
      vertex 50.75 35.55 8
    endloop
  endfacet
  facet normal 0.803046 0.595918 0
    outer loop
      vertex 49.8224 35.9887 8.4
      vertex 49.7522 36.0833 8
      vertex 49.7522 36.0833 8.4
    endloop
  endfacet
  facet normal 0.803046 0.595918 0
    outer loop
      vertex 49.7522 36.0833 8
      vertex 49.8224 35.9887 8.4
      vertex 49.8224 35.9887 8
    endloop
  endfacet
  facet normal 0.671869 0.74067 -0
    outer loop
      vertex 49.9887 35.8224 8
      vertex 49.9015 35.9015 8.4
      vertex 49.9887 35.8224 8.4
    endloop
  endfacet
  facet normal 0.671869 0.74067 0
    outer loop
      vertex 49.9015 35.9015 8.4
      vertex 49.9887 35.8224 8
      vertex 49.9015 35.9015 8
    endloop
  endfacet
  facet normal 0.970042 0.242935 0
    outer loop
      vertex 49.6017 36.4017 8.4
      vertex 49.5731 36.5159 8
      vertex 49.5731 36.5159 8.4
    endloop
  endfacet
  facet normal 0.970042 0.242935 0
    outer loop
      vertex 49.5731 36.5159 8
      vertex 49.6017 36.4017 8.4
      vertex 49.6017 36.4017 8
    endloop
  endfacet
  facet normal -0.595877 -0.803076 0
    outer loop
      vertex 51.9167 38.4961 8.4
      vertex 52.0822 38.3733 10.2
      vertex 51.9167 38.4961 10.2
    endloop
  endfacet
  facet normal -0.595877 -0.803076 -0
    outer loop
      vertex 52.0822 38.3733 10.2
      vertex 51.9167 38.4961 8.4
      vertex 52.0822 38.3733 8.4
    endloop
  endfacet
  facet normal 0.427502 -0.904014 0
    outer loop
      vertex 49.7601 38.602 8.4
      vertex 49.9464 38.6901 10.2
      vertex 49.7601 38.602 10.2
    endloop
  endfacet
  facet normal 0.427502 -0.904014 0
    outer loop
      vertex 49.9464 38.6901 10.2
      vertex 49.7601 38.602 8.4
      vertex 49.9464 38.6901 8.4
    endloop
  endfacet
  facet normal 0.941412 -0.337258 0
    outer loop
      vertex 48.7404 37.3596 10.2
      vertex 48.8099 37.5536 8.4
      vertex 48.8099 37.5536 10.2
    endloop
  endfacet
  facet normal 0.941412 -0.337258 0
    outer loop
      vertex 48.8099 37.5536 8.4
      vertex 48.7404 37.3596 10.2
      vertex 48.7404 37.3596 8.4
    endloop
  endfacet
  facet normal -0.998798 0.0490178 0
    outer loop
      vertex 52.8399 36.5442 8.4
      vertex 52.85 36.75 10.2
      vertex 52.85 36.75 8.4
    endloop
  endfacet
  facet normal -0.998798 0.0490178 0
    outer loop
      vertex 52.85 36.75 10.2
      vertex 52.8399 36.5442 8.4
      vertex 52.8399 36.5442 10.2
    endloop
  endfacet
  facet normal -0.904014 -0.427502 0
    outer loop
      vertex 52.6901 37.5536 8.4
      vertex 52.602 37.7399 10.2
      vertex 52.602 37.7399 8.4
    endloop
  endfacet
  facet normal -0.904014 -0.427502 0
    outer loop
      vertex 52.602 37.7399 10.2
      vertex 52.6901 37.5536 8.4
      vertex 52.6901 37.5536 10.2
    endloop
  endfacet
  facet normal -0.857878 -0.513853 0
    outer loop
      vertex 52.602 37.7399 8.4
      vertex 52.4961 37.9167 10.2
      vertex 52.4961 37.9167 8.4
    endloop
  endfacet
  facet normal -0.857878 -0.513853 0
    outer loop
      vertex 52.4961 37.9167 10.2
      vertex 52.602 37.7399 8.4
      vertex 52.602 37.7399 10.2
    endloop
  endfacet
  facet normal -0.337258 -0.941412 0
    outer loop
      vertex 51.3596 38.7596 8.4
      vertex 51.5536 38.6901 10.2
      vertex 51.3596 38.7596 10.2
    endloop
  endfacet
  facet normal -0.337258 -0.941412 -0
    outer loop
      vertex 51.5536 38.6901 10.2
      vertex 51.3596 38.7596 8.4
      vertex 51.5536 38.6901 8.4
    endloop
  endfacet
  facet normal -0.0490178 -0.998798 0
    outer loop
      vertex 50.75 38.85 8.4
      vertex 50.9558 38.8399 10.2
      vertex 50.75 38.85 10.2
    endloop
  endfacet
  facet normal -0.0490178 -0.998798 -0
    outer loop
      vertex 50.9558 38.8399 10.2
      vertex 50.75 38.85 8.4
      vertex 50.9558 38.8399 8.4
    endloop
  endfacet
  facet normal 0 0 1
    outer loop
      vertex 51.95 36.75 8.4
      vertex 52.85 36.75 8.4
      vertex 52.8399 36.9558 8.4
    endloop
  endfacet
  facet normal 0 0 1
    outer loop
      vertex 51.9442 36.8676 8.4
      vertex 52.8399 36.9558 8.4
      vertex 52.8096 37.1597 8.4
    endloop
  endfacet
  facet normal 0 0 1
    outer loop
      vertex 52.85 36.75 8.4
      vertex 51.95 36.75 8.4
      vertex 52.8399 36.5442 8.4
    endloop
  endfacet
  facet normal 0 0 1
    outer loop
      vertex 51.9269 36.9841 8.4
      vertex 52.8096 37.1597 8.4
      vertex 52.7596 37.3596 8.4
    endloop
  endfacet
  facet normal -0 0 1
    outer loop
      vertex 51.9442 36.6324 8.4
      vertex 52.8399 36.5442 8.4
      vertex 51.95 36.75 8.4
    endloop
  endfacet
  facet normal 0 0 1
    outer loop
      vertex 51.8983 37.0983 8.4
      vertex 52.7596 37.3596 8.4
      vertex 52.6901 37.5536 8.4
    endloop
  endfacet
  facet normal 0 0 1
    outer loop
      vertex 52.8399 36.5442 8.4
      vertex 51.9442 36.6324 8.4
      vertex 52.8096 36.3403 8.4
    endloop
  endfacet
  facet normal 0 0 1
    outer loop
      vertex 51.8587 37.2092 8.4
      vertex 52.6901 37.5536 8.4
      vertex 52.602 37.7399 8.4
    endloop
  endfacet
  facet normal -0 0 1
    outer loop
      vertex 51.9269 36.5159 8.4
      vertex 52.8096 36.3403 8.4
      vertex 51.9442 36.6324 8.4
    endloop
  endfacet
  facet normal 0 0 1
    outer loop
      vertex 51.8083 37.3157 8.4
      vertex 52.602 37.7399 8.4
      vertex 52.4961 37.9167 8.4
    endloop
  endfacet
  facet normal 0 0 1
    outer loop
      vertex 52.8096 36.3403 8.4
      vertex 51.9269 36.5159 8.4
      vertex 52.7596 36.1404 8.4
    endloop
  endfacet
  facet normal 0 0 1
    outer loop
      vertex 51.7478 37.4167 8.4
      vertex 52.4961 37.9167 8.4
      vertex 52.3733 38.0822 8.4
    endloop
  endfacet
  facet normal -0 0 1
    outer loop
      vertex 51.8983 36.4017 8.4
      vertex 52.7596 36.1404 8.4
      vertex 51.9269 36.5159 8.4
    endloop
  endfacet
  facet normal 0 0 1
    outer loop
      vertex 51.6776 37.5113 8.4
      vertex 52.3733 38.0822 8.4
      vertex 52.2349 38.2349 8.4
    endloop
  endfacet
  facet normal 0 0 1
    outer loop
      vertex 52.7596 36.1404 8.4
      vertex 51.8983 36.4017 8.4
      vertex 52.6901 35.9464 8.4
    endloop
  endfacet
  facet normal 0 0 1
    outer loop
      vertex 51.5985 37.5985 8.4
      vertex 52.2349 38.2349 8.4
      vertex 52.0822 38.3733 8.4
    endloop
  endfacet
  facet normal -0 0 1
    outer loop
      vertex 51.8587 36.2908 8.4
      vertex 52.6901 35.9464 8.4
      vertex 51.8983 36.4017 8.4
    endloop
  endfacet
  facet normal 0 0 1
    outer loop
      vertex 52.6901 35.9464 8.4
      vertex 51.8587 36.2908 8.4
      vertex 52.602 35.7601 8.4
    endloop
  endfacet
  facet normal 0 0 1
    outer loop
      vertex 52.8399 36.9558 8.4
      vertex 51.9442 36.8676 8.4
      vertex 51.95 36.75 8.4
    endloop
  endfacet
  facet normal 0 0 1
    outer loop
      vertex 52.8096 37.1597 8.4
      vertex 51.9269 36.9841 8.4
      vertex 51.9442 36.8676 8.4
    endloop
  endfacet
  facet normal 0 0 1
    outer loop
      vertex 51.5113 37.6776 8.4
      vertex 52.0822 38.3733 8.4
      vertex 51.9167 38.4961 8.4
    endloop
  endfacet
  facet normal 0 0 1
    outer loop
      vertex 52.7596 37.3596 8.4
      vertex 51.8983 37.0983 8.4
      vertex 51.9269 36.9841 8.4
    endloop
  endfacet
  facet normal 0 0 1
    outer loop
      vertex 52.6901 37.5536 8.4
      vertex 51.8587 37.2092 8.4
      vertex 51.8983 37.0983 8.4
    endloop
  endfacet
  facet normal 0 0 1
    outer loop
      vertex 52.602 37.7399 8.4
      vertex 51.8083 37.3157 8.4
      vertex 51.8587 37.2092 8.4
    endloop
  endfacet
  facet normal 0 0 1
    outer loop
      vertex 52.4961 37.9167 8.4
      vertex 51.7478 37.4167 8.4
      vertex 51.8083 37.3157 8.4
    endloop
  endfacet
  facet normal 0 0 1
    outer loop
      vertex 51.4167 37.7478 8.4
      vertex 51.9167 38.4961 8.4
      vertex 51.7399 38.602 8.4
    endloop
  endfacet
  facet normal 0 0 1
    outer loop
      vertex 52.3733 38.0822 8.4
      vertex 51.6776 37.5113 8.4
      vertex 51.7478 37.4167 8.4
    endloop
  endfacet
  facet normal 0 0 1
    outer loop
      vertex 52.2349 38.2349 8.4
      vertex 51.5985 37.5985 8.4
      vertex 51.6776 37.5113 8.4
    endloop
  endfacet
  facet normal 0 0 1
    outer loop
      vertex 51.3157 37.8083 8.4
      vertex 51.7399 38.602 8.4
      vertex 51.5536 38.6901 8.4
    endloop
  endfacet
  facet normal 0 0 1
    outer loop
      vertex 52.0822 38.3733 8.4
      vertex 51.5113 37.6776 8.4
      vertex 51.5985 37.5985 8.4
    endloop
  endfacet
  facet normal 0 0 1
    outer loop
      vertex 51.9167 38.4961 8.4
      vertex 51.4167 37.7478 8.4
      vertex 51.5113 37.6776 8.4
    endloop
  endfacet
  facet normal 0 0 1
    outer loop
      vertex 51.2092 37.8587 8.4
      vertex 51.5536 38.6901 8.4
      vertex 51.3596 38.7596 8.4
    endloop
  endfacet
  facet normal 0 0 1
    outer loop
      vertex 51.7399 38.602 8.4
      vertex 51.3157 37.8083 8.4
      vertex 51.4167 37.7478 8.4
    endloop
  endfacet
  facet normal 0 0 1
    outer loop
      vertex 51.5536 38.6901 8.4
      vertex 51.2092 37.8587 8.4
      vertex 51.3157 37.8083 8.4
    endloop
  endfacet
  facet normal 0 0 1
    outer loop
      vertex 51.0983 37.8983 8.4
      vertex 51.3596 38.7596 8.4
      vertex 51.1597 38.8096 8.4
    endloop
  endfacet
  facet normal 0 0 1
    outer loop
      vertex 51.3596 38.7596 8.4
      vertex 51.0983 37.8983 8.4
      vertex 51.2092 37.8587 8.4
    endloop
  endfacet
  facet normal 0 0 1
    outer loop
      vertex 51.1597 38.8096 8.4
      vertex 50.9841 37.9269 8.4
      vertex 51.0983 37.8983 8.4
    endloop
  endfacet
  facet normal 0 0 1
    outer loop
      vertex 50.9558 38.8399 8.4
      vertex 50.9841 37.9269 8.4
      vertex 51.1597 38.8096 8.4
    endloop
  endfacet
  facet normal 0 0 1
    outer loop
      vertex 50.9558 38.8399 8.4
      vertex 50.8676 37.9442 8.4
      vertex 50.9841 37.9269 8.4
    endloop
  endfacet
  facet normal 0 0 1
    outer loop
      vertex 50.75 38.85 8.4
      vertex 50.8676 37.9442 8.4
      vertex 50.9558 38.8399 8.4
    endloop
  endfacet
  facet normal 0 0 1
    outer loop
      vertex 50.75 38.85 8.4
      vertex 50.75 37.95 8.4
      vertex 50.8676 37.9442 8.4
    endloop
  endfacet
  facet normal 0 0 1
    outer loop
      vertex 50.75 38.85 8.4
      vertex 50.6324 37.9442 8.4
      vertex 50.75 37.95 8.4
    endloop
  endfacet
  facet normal -0 0 1
    outer loop
      vertex 50.5442 38.8399 8.4
      vertex 50.6324 37.9442 8.4
      vertex 50.75 38.85 8.4
    endloop
  endfacet
  facet normal 0 0 1
    outer loop
      vertex 50.5442 38.8399 8.4
      vertex 50.5159 37.9269 8.4
      vertex 50.6324 37.9442 8.4
    endloop
  endfacet
  facet normal -0 0 1
    outer loop
      vertex 50.3403 38.8096 8.4
      vertex 50.5159 37.9269 8.4
      vertex 50.5442 38.8399 8.4
    endloop
  endfacet
  facet normal 0 0 1
    outer loop
      vertex 50.5159 37.9269 8.4
      vertex 50.3403 38.8096 8.4
      vertex 50.4017 37.8983 8.4
    endloop
  endfacet
  facet normal -0 0 1
    outer loop
      vertex 50.1404 38.7596 8.4
      vertex 50.4017 37.8983 8.4
      vertex 50.3403 38.8096 8.4
    endloop
  endfacet
  facet normal 0 0 1
    outer loop
      vertex 50.4017 37.8983 8.4
      vertex 50.1404 38.7596 8.4
      vertex 50.2908 37.8587 8.4
    endloop
  endfacet
  facet normal -0 0 1
    outer loop
      vertex 49.9464 38.6901 8.4
      vertex 50.2908 37.8587 8.4
      vertex 50.1404 38.7596 8.4
    endloop
  endfacet
  facet normal 0 0 1
    outer loop
      vertex 50.2908 37.8587 8.4
      vertex 49.9464 38.6901 8.4
      vertex 50.1843 37.8083 8.4
    endloop
  endfacet
  facet normal -0 0 1
    outer loop
      vertex 49.7601 38.602 8.4
      vertex 50.1843 37.8083 8.4
      vertex 49.9464 38.6901 8.4
    endloop
  endfacet
  facet normal 0 0 1
    outer loop
      vertex 50.1843 37.8083 8.4
      vertex 49.7601 38.602 8.4
      vertex 50.0833 37.7478 8.4
    endloop
  endfacet
  facet normal -0 0 1
    outer loop
      vertex 49.5833 38.4961 8.4
      vertex 50.0833 37.7478 8.4
      vertex 49.7601 38.602 8.4
    endloop
  endfacet
  facet normal 0 0 1
    outer loop
      vertex 50.0833 37.7478 8.4
      vertex 49.5833 38.4961 8.4
      vertex 49.9887 37.6776 8.4
    endloop
  endfacet
  facet normal -0 0 1
    outer loop
      vertex 49.4178 38.3733 8.4
      vertex 49.9887 37.6776 8.4
      vertex 49.5833 38.4961 8.4
    endloop
  endfacet
  facet normal 0 0 1
    outer loop
      vertex 49.9887 37.6776 8.4
      vertex 49.4178 38.3733 8.4
      vertex 49.9015 37.5985 8.4
    endloop
  endfacet
  facet normal -0 0 1
    outer loop
      vertex 49.2651 38.2349 8.4
      vertex 49.9015 37.5985 8.4
      vertex 49.4178 38.3733 8.4
    endloop
  endfacet
  facet normal 0 0 1
    outer loop
      vertex 49.9015 37.5985 8.4
      vertex 49.2651 38.2349 8.4
      vertex 49.8224 37.5113 8.4
    endloop
  endfacet
  facet normal -0 0 1
    outer loop
      vertex 49.1267 38.0822 8.4
      vertex 49.8224 37.5113 8.4
      vertex 49.2651 38.2349 8.4
    endloop
  endfacet
  facet normal 0 0 1
    outer loop
      vertex 49.8224 37.5113 8.4
      vertex 49.1267 38.0822 8.4
      vertex 49.7522 37.4167 8.4
    endloop
  endfacet
  facet normal -0 0 1
    outer loop
      vertex 49.0039 37.9167 8.4
      vertex 49.7522 37.4167 8.4
      vertex 49.1267 38.0822 8.4
    endloop
  endfacet
  facet normal 0 0 1
    outer loop
      vertex 49.7522 37.4167 8.4
      vertex 49.0039 37.9167 8.4
      vertex 49.6917 37.3157 8.4
    endloop
  endfacet
  facet normal -0 0 1
    outer loop
      vertex 48.898 37.7399 8.4
      vertex 49.6917 37.3157 8.4
      vertex 49.0039 37.9167 8.4
    endloop
  endfacet
  facet normal 0 0 1
    outer loop
      vertex 49.6917 37.3157 8.4
      vertex 48.898 37.7399 8.4
      vertex 49.6413 37.2092 8.4
    endloop
  endfacet
  facet normal -0 0 1
    outer loop
      vertex 51.8083 36.1843 8.4
      vertex 52.602 35.7601 8.4
      vertex 51.8587 36.2908 8.4
    endloop
  endfacet
  facet normal 0 0 1
    outer loop
      vertex 52.602 35.7601 8.4
      vertex 51.8083 36.1843 8.4
      vertex 52.4961 35.5833 8.4
    endloop
  endfacet
  facet normal -0 0 1
    outer loop
      vertex 51.7478 36.0833 8.4
      vertex 52.4961 35.5833 8.4
      vertex 51.8083 36.1843 8.4
    endloop
  endfacet
  facet normal 0 0 1
    outer loop
      vertex 52.4961 35.5833 8.4
      vertex 51.7478 36.0833 8.4
      vertex 52.3733 35.4178 8.4
    endloop
  endfacet
  facet normal -0 0 1
    outer loop
      vertex 51.6776 35.9887 8.4
      vertex 52.3733 35.4178 8.4
      vertex 51.7478 36.0833 8.4
    endloop
  endfacet
  facet normal 0 0 1
    outer loop
      vertex 52.3733 35.4178 8.4
      vertex 51.6776 35.9887 8.4
      vertex 52.2349 35.2651 8.4
    endloop
  endfacet
  facet normal -0 0 1
    outer loop
      vertex 51.5985 35.9015 8.4
      vertex 52.2349 35.2651 8.4
      vertex 51.6776 35.9887 8.4
    endloop
  endfacet
  facet normal 0 0 1
    outer loop
      vertex 52.2349 35.2651 8.4
      vertex 51.5985 35.9015 8.4
      vertex 52.0822 35.1267 8.4
    endloop
  endfacet
  facet normal -0 0 1
    outer loop
      vertex 51.5113 35.8224 8.4
      vertex 52.0822 35.1267 8.4
      vertex 51.5985 35.9015 8.4
    endloop
  endfacet
  facet normal 0 0 1
    outer loop
      vertex 52.0822 35.1267 8.4
      vertex 51.5113 35.8224 8.4
      vertex 51.9167 35.0039 8.4
    endloop
  endfacet
  facet normal -0 0 1
    outer loop
      vertex 51.4167 35.7522 8.4
      vertex 51.9167 35.0039 8.4
      vertex 51.5113 35.8224 8.4
    endloop
  endfacet
  facet normal 0 0 1
    outer loop
      vertex 51.9167 35.0039 8.4
      vertex 51.4167 35.7522 8.4
      vertex 51.7399 34.898 8.4
    endloop
  endfacet
  facet normal -0 0 1
    outer loop
      vertex 51.3157 35.6917 8.4
      vertex 51.7399 34.898 8.4
      vertex 51.4167 35.7522 8.4
    endloop
  endfacet
  facet normal 0 0 1
    outer loop
      vertex 51.7399 34.898 8.4
      vertex 51.3157 35.6917 8.4
      vertex 51.5536 34.8099 8.4
    endloop
  endfacet
  facet normal -0 0 1
    outer loop
      vertex 51.2092 35.6413 8.4
      vertex 51.5536 34.8099 8.4
      vertex 51.3157 35.6917 8.4
    endloop
  endfacet
  facet normal 0 0 1
    outer loop
      vertex 51.5536 34.8099 8.4
      vertex 51.2092 35.6413 8.4
      vertex 51.3596 34.7404 8.4
    endloop
  endfacet
  facet normal -0 0 1
    outer loop
      vertex 51.0983 35.6017 8.4
      vertex 51.3596 34.7404 8.4
      vertex 51.2092 35.6413 8.4
    endloop
  endfacet
  facet normal 0 0 1
    outer loop
      vertex 51.3596 34.7404 8.4
      vertex 51.0983 35.6017 8.4
      vertex 51.1597 34.6903 8.4
    endloop
  endfacet
  facet normal -0 0 1
    outer loop
      vertex 50.9841 35.5731 8.4
      vertex 51.1597 34.6903 8.4
      vertex 51.0983 35.6017 8.4
    endloop
  endfacet
  facet normal 0 0 1
    outer loop
      vertex 50.9841 35.5731 8.4
      vertex 50.9558 34.6601 8.4
      vertex 51.1597 34.6903 8.4
    endloop
  endfacet
  facet normal -0 0 1
    outer loop
      vertex 50.8676 35.5558 8.4
      vertex 50.9558 34.6601 8.4
      vertex 50.9841 35.5731 8.4
    endloop
  endfacet
  facet normal -0 0 1
    outer loop
      vertex 50.75 35.55 8.4
      vertex 50.9558 34.6601 8.4
      vertex 50.8676 35.5558 8.4
    endloop
  endfacet
  facet normal 0 0 1
    outer loop
      vertex 50.75 35.55 8.4
      vertex 50.75 34.65 8.4
      vertex 50.9558 34.6601 8.4
    endloop
  endfacet
  facet normal 0 0 1
    outer loop
      vertex 50.6324 35.5558 8.4
      vertex 50.75 34.65 8.4
      vertex 50.75 35.55 8.4
    endloop
  endfacet
  facet normal 0 0 1
    outer loop
      vertex 50.6324 35.5558 8.4
      vertex 50.5442 34.6601 8.4
      vertex 50.75 34.65 8.4
    endloop
  endfacet
  facet normal 0 0 1
    outer loop
      vertex 50.5159 35.5731 8.4
      vertex 50.5442 34.6601 8.4
      vertex 50.6324 35.5558 8.4
    endloop
  endfacet
  facet normal 0 0 1
    outer loop
      vertex 50.3403 34.6903 8.4
      vertex 50.5159 35.5731 8.4
      vertex 50.4017 35.6017 8.4
    endloop
  endfacet
  facet normal 0 0 1
    outer loop
      vertex 50.5159 35.5731 8.4
      vertex 50.3403 34.6903 8.4
      vertex 50.5442 34.6601 8.4
    endloop
  endfacet
  facet normal 0 0 1
    outer loop
      vertex 50.1404 34.7404 8.4
      vertex 50.4017 35.6017 8.4
      vertex 50.2908 35.6413 8.4
    endloop
  endfacet
  facet normal 0 0 1
    outer loop
      vertex 49.9464 34.8099 8.4
      vertex 50.2908 35.6413 8.4
      vertex 50.1843 35.6917 8.4
    endloop
  endfacet
  facet normal 0 0 1
    outer loop
      vertex 50.4017 35.6017 8.4
      vertex 50.1404 34.7404 8.4
      vertex 50.3403 34.6903 8.4
    endloop
  endfacet
  facet normal 0 0 1
    outer loop
      vertex 49.7601 34.898 8.4
      vertex 50.1843 35.6917 8.4
      vertex 50.0833 35.7522 8.4
    endloop
  endfacet
  facet normal 0 0 1
    outer loop
      vertex 49.5833 35.0039 8.4
      vertex 50.0833 35.7522 8.4
      vertex 49.9887 35.8224 8.4
    endloop
  endfacet
  facet normal 0 0 1
    outer loop
      vertex 50.2908 35.6413 8.4
      vertex 49.9464 34.8099 8.4
      vertex 50.1404 34.7404 8.4
    endloop
  endfacet
  facet normal 0 0 1
    outer loop
      vertex 49.4178 35.1267 8.4
      vertex 49.9887 35.8224 8.4
      vertex 49.9015 35.9015 8.4
    endloop
  endfacet
  facet normal 0 0 1
    outer loop
      vertex 49.2651 35.2651 8.4
      vertex 49.9015 35.9015 8.4
      vertex 49.8224 35.9887 8.4
    endloop
  endfacet
  facet normal 0 0 1
    outer loop
      vertex 50.1843 35.6917 8.4
      vertex 49.7601 34.898 8.4
      vertex 49.9464 34.8099 8.4
    endloop
  endfacet
  facet normal 0 0 1
    outer loop
      vertex 49.1267 35.4178 8.4
      vertex 49.8224 35.9887 8.4
      vertex 49.7522 36.0833 8.4
    endloop
  endfacet
  facet normal 0 0 1
    outer loop
      vertex 49.0039 35.5833 8.4
      vertex 49.7522 36.0833 8.4
      vertex 49.6917 36.1843 8.4
    endloop
  endfacet
  facet normal 0 0 1
    outer loop
      vertex 48.898 35.7601 8.4
      vertex 49.6917 36.1843 8.4
      vertex 49.6413 36.2908 8.4
    endloop
  endfacet
  facet normal 0 0 1
    outer loop
      vertex 48.8099 35.9464 8.4
      vertex 49.6413 36.2908 8.4
      vertex 49.6017 36.4017 8.4
    endloop
  endfacet
  facet normal 0 0 1
    outer loop
      vertex 50.0833 35.7522 8.4
      vertex 49.5833 35.0039 8.4
      vertex 49.7601 34.898 8.4
    endloop
  endfacet
  facet normal 0 0 1
    outer loop
      vertex 48.7404 36.1404 8.4
      vertex 49.6017 36.4017 8.4
      vertex 49.5731 36.5159 8.4
    endloop
  endfacet
  facet normal 0 0 1
    outer loop
      vertex 48.6903 36.3403 8.4
      vertex 49.5731 36.5159 8.4
      vertex 49.5558 36.6324 8.4
    endloop
  endfacet
  facet normal 0 0 1
    outer loop
      vertex 48.6601 36.5442 8.4
      vertex 49.5558 36.6324 8.4
      vertex 49.55 36.75 8.4
    endloop
  endfacet
  facet normal -0 0 1
    outer loop
      vertex 48.8099 37.5536 8.4
      vertex 49.6413 37.2092 8.4
      vertex 48.898 37.7399 8.4
    endloop
  endfacet
  facet normal 0 0 1
    outer loop
      vertex 49.9887 35.8224 8.4
      vertex 49.4178 35.1267 8.4
      vertex 49.5833 35.0039 8.4
    endloop
  endfacet
  facet normal 0 0 1
    outer loop
      vertex 49.6413 37.2092 8.4
      vertex 48.8099 37.5536 8.4
      vertex 49.6017 37.0983 8.4
    endloop
  endfacet
  facet normal 0 0 1
    outer loop
      vertex 49.9015 35.9015 8.4
      vertex 49.2651 35.2651 8.4
      vertex 49.4178 35.1267 8.4
    endloop
  endfacet
  facet normal -0 0 1
    outer loop
      vertex 48.7404 37.3596 8.4
      vertex 49.6017 37.0983 8.4
      vertex 48.8099 37.5536 8.4
    endloop
  endfacet
  facet normal 0 0 1
    outer loop
      vertex 49.8224 35.9887 8.4
      vertex 49.1267 35.4178 8.4
      vertex 49.2651 35.2651 8.4
    endloop
  endfacet
  facet normal 0 0 1
    outer loop
      vertex 49.6017 37.0983 8.4
      vertex 48.7404 37.3596 8.4
      vertex 49.5731 36.9841 8.4
    endloop
  endfacet
  facet normal 0 0 1
    outer loop
      vertex 49.7522 36.0833 8.4
      vertex 49.0039 35.5833 8.4
      vertex 49.1267 35.4178 8.4
    endloop
  endfacet
  facet normal -0 0 1
    outer loop
      vertex 48.6903 37.1597 8.4
      vertex 49.5731 36.9841 8.4
      vertex 48.7404 37.3596 8.4
    endloop
  endfacet
  facet normal 0 0 1
    outer loop
      vertex 49.6917 36.1843 8.4
      vertex 48.898 35.7601 8.4
      vertex 49.0039 35.5833 8.4
    endloop
  endfacet
  facet normal 0 0 1
    outer loop
      vertex 49.5731 36.9841 8.4
      vertex 48.6903 37.1597 8.4
      vertex 49.5558 36.8676 8.4
    endloop
  endfacet
  facet normal 0 0 1
    outer loop
      vertex 49.6413 36.2908 8.4
      vertex 48.8099 35.9464 8.4
      vertex 48.898 35.7601 8.4
    endloop
  endfacet
  facet normal -0 0 1
    outer loop
      vertex 48.6601 36.9558 8.4
      vertex 49.5558 36.8676 8.4
      vertex 48.6903 37.1597 8.4
    endloop
  endfacet
  facet normal 0 0 1
    outer loop
      vertex 49.6017 36.4017 8.4
      vertex 48.7404 36.1404 8.4
      vertex 48.8099 35.9464 8.4
    endloop
  endfacet
  facet normal 0 0 1
    outer loop
      vertex 49.5558 36.8676 8.4
      vertex 48.6601 36.9558 8.4
      vertex 49.55 36.75 8.4
    endloop
  endfacet
  facet normal 0 0 1
    outer loop
      vertex 49.5731 36.5159 8.4
      vertex 48.6903 36.3403 8.4
      vertex 48.7404 36.1404 8.4
    endloop
  endfacet
  facet normal 0 0 1
    outer loop
      vertex 48.65 36.75 8.4
      vertex 49.55 36.75 8.4
      vertex 48.6601 36.9558 8.4
    endloop
  endfacet
  facet normal 0 0 1
    outer loop
      vertex 49.5558 36.6324 8.4
      vertex 48.6601 36.5442 8.4
      vertex 48.6903 36.3403 8.4
    endloop
  endfacet
  facet normal 0 0 1
    outer loop
      vertex 49.55 36.75 8.4
      vertex 48.65 36.75 8.4
      vertex 48.6601 36.5442 8.4
    endloop
  endfacet
  facet normal 0.998798 -0.0490178 0
    outer loop
      vertex 48.65 36.75 10.2
      vertex 48.6601 36.9558 8.4
      vertex 48.6601 36.9558 10.2
    endloop
  endfacet
  facet normal 0.998798 -0.0490178 0
    outer loop
      vertex 48.6601 36.9558 8.4
      vertex 48.65 36.75 10.2
      vertex 48.65 36.75 8.4
    endloop
  endfacet
  facet normal 0.803076 -0.595877 0
    outer loop
      vertex 49.0039 37.9167 10.2
      vertex 49.1267 38.0822 8.4
      vertex 49.1267 38.0822 10.2
    endloop
  endfacet
  facet normal 0.803076 -0.595877 0
    outer loop
      vertex 49.1267 38.0822 8.4
      vertex 49.0039 37.9167 10.2
      vertex 49.0039 37.9167 8.4
    endloop
  endfacet
  facet normal 0.24265 -0.970114 0
    outer loop
      vertex 50.1404 38.7596 8.4
      vertex 50.3403 38.8096 10.2
      vertex 50.1404 38.7596 10.2
    endloop
  endfacet
  facet normal 0.24265 -0.970114 0
    outer loop
      vertex 50.3403 38.8096 10.2
      vertex 50.1404 38.7596 8.4
      vertex 50.3403 38.8096 8.4
    endloop
  endfacet
  facet normal -0.941412 0.337258 0
    outer loop
      vertex 52.6901 35.9464 8.4
      vertex 52.7596 36.1404 10.2
      vertex 52.7596 36.1404 8.4
    endloop
  endfacet
  facet normal -0.941412 0.337258 0
    outer loop
      vertex 52.7596 36.1404 10.2
      vertex 52.6901 35.9464 8.4
      vertex 52.6901 35.9464 10.2
    endloop
  endfacet
  facet normal 0.0490178 0.998798 -0
    outer loop
      vertex 50.75 34.65 8.4
      vertex 50.5442 34.6601 10.2
      vertex 50.75 34.65 10.2
    endloop
  endfacet
  facet normal 0.0490178 0.998798 0
    outer loop
      vertex 50.5442 34.6601 10.2
      vertex 50.75 34.65 8.4
      vertex 50.5442 34.6601 8.4
    endloop
  endfacet
  facet normal 0.595877 0.803076 -0
    outer loop
      vertex 49.5833 35.0039 8.4
      vertex 49.4178 35.1267 10.2
      vertex 49.5833 35.0039 10.2
    endloop
  endfacet
  facet normal 0.595877 0.803076 0
    outer loop
      vertex 49.4178 35.1267 10.2
      vertex 49.5833 35.0039 8.4
      vertex 49.4178 35.1267 8.4
    endloop
  endfacet
  facet normal -0.989138 -0.146988 0
    outer loop
      vertex 52.8399 36.9558 8.4
      vertex 52.8096 37.1597 10.2
      vertex 52.8096 37.1597 8.4
    endloop
  endfacet
  facet normal -0.989138 -0.146988 0
    outer loop
      vertex 52.8096 37.1597 10.2
      vertex 52.8399 36.9558 8.4
      vertex 52.8399 36.9558 10.2
    endloop
  endfacet
  facet normal -0.970114 -0.24265 0
    outer loop
      vertex 52.8096 37.1597 8.4
      vertex 52.7596 37.3596 10.2
      vertex 52.7596 37.3596 8.4
    endloop
  endfacet
  facet normal -0.970114 -0.24265 0
    outer loop
      vertex 52.7596 37.3596 10.2
      vertex 52.8096 37.1597 8.4
      vertex 52.8096 37.1597 10.2
    endloop
  endfacet
  facet normal -0.941412 -0.337258 0
    outer loop
      vertex 52.7596 37.3596 8.4
      vertex 52.6901 37.5536 10.2
      vertex 52.6901 37.5536 8.4
    endloop
  endfacet
  facet normal -0.941412 -0.337258 0
    outer loop
      vertex 52.6901 37.5536 10.2
      vertex 52.7596 37.3596 8.4
      vertex 52.7596 37.3596 10.2
    endloop
  endfacet
  facet normal -0.740949 -0.671561 0
    outer loop
      vertex 52.3733 38.0822 8.4
      vertex 52.2349 38.2349 10.2
      vertex 52.2349 38.2349 8.4
    endloop
  endfacet
  facet normal -0.740949 -0.671561 0
    outer loop
      vertex 52.2349 38.2349 10.2
      vertex 52.3733 38.0822 8.4
      vertex 52.3733 38.0822 10.2
    endloop
  endfacet
  facet normal -0.803076 -0.595877 0
    outer loop
      vertex 52.4961 37.9167 8.4
      vertex 52.3733 38.0822 10.2
      vertex 52.3733 38.0822 8.4
    endloop
  endfacet
  facet normal -0.803076 -0.595877 0
    outer loop
      vertex 52.3733 38.0822 10.2
      vertex 52.4961 37.9167 8.4
      vertex 52.4961 37.9167 10.2
    endloop
  endfacet
  facet normal -0.671561 -0.740949 0
    outer loop
      vertex 52.0822 38.3733 8.4
      vertex 52.2349 38.2349 10.2
      vertex 52.0822 38.3733 10.2
    endloop
  endfacet
  facet normal -0.671561 -0.740949 -0
    outer loop
      vertex 52.2349 38.2349 10.2
      vertex 52.0822 38.3733 8.4
      vertex 52.2349 38.2349 8.4
    endloop
  endfacet
  facet normal -0.513853 -0.857878 0
    outer loop
      vertex 51.7399 38.602 8.4
      vertex 51.9167 38.4961 10.2
      vertex 51.7399 38.602 10.2
    endloop
  endfacet
  facet normal -0.513853 -0.857878 -0
    outer loop
      vertex 51.9167 38.4961 10.2
      vertex 51.7399 38.602 8.4
      vertex 51.9167 38.4961 8.4
    endloop
  endfacet
  facet normal 0.0490178 -0.998798 0
    outer loop
      vertex 50.5442 38.8399 8.4
      vertex 50.75 38.85 10.2
      vertex 50.5442 38.8399 10.2
    endloop
  endfacet
  facet normal 0.0490178 -0.998798 0
    outer loop
      vertex 50.75 38.85 10.2
      vertex 50.5442 38.8399 8.4
      vertex 50.75 38.85 8.4
    endloop
  endfacet
  facet normal -0.427502 -0.904014 0
    outer loop
      vertex 51.5536 38.6901 8.4
      vertex 51.7399 38.602 10.2
      vertex 51.5536 38.6901 10.2
    endloop
  endfacet
  facet normal -0.427502 -0.904014 -0
    outer loop
      vertex 51.7399 38.602 10.2
      vertex 51.5536 38.6901 8.4
      vertex 51.7399 38.602 8.4
    endloop
  endfacet
  facet normal -0.24265 -0.970114 0
    outer loop
      vertex 51.1597 38.8096 8.4
      vertex 51.3596 38.7596 10.2
      vertex 51.1597 38.8096 10.2
    endloop
  endfacet
  facet normal -0.24265 -0.970114 -0
    outer loop
      vertex 51.3596 38.7596 10.2
      vertex 51.1597 38.8096 8.4
      vertex 51.3596 38.7596 8.4
    endloop
  endfacet
  facet normal -0.146988 -0.989138 0
    outer loop
      vertex 50.9558 38.8399 8.4
      vertex 51.1597 38.8096 10.2
      vertex 50.9558 38.8399 10.2
    endloop
  endfacet
  facet normal -0.146988 -0.989138 -0
    outer loop
      vertex 51.1597 38.8096 10.2
      vertex 50.9558 38.8399 8.4
      vertex 51.1597 38.8096 8.4
    endloop
  endfacet
  facet normal 0.97 -0.243106 0
    outer loop
      vertex 48.6903 37.1597 10.2
      vertex 48.7404 37.3596 8.4
      vertex 48.7404 37.3596 10.2
    endloop
  endfacet
  facet normal 0.97 -0.243106 0
    outer loop
      vertex 48.7404 37.3596 8.4
      vertex 48.6903 37.1597 10.2
      vertex 48.6903 37.1597 8.4
    endloop
  endfacet
  facet normal 0.989209 -0.146513 0
    outer loop
      vertex 48.6601 36.9558 10.2
      vertex 48.6903 37.1597 8.4
      vertex 48.6903 37.1597 10.2
    endloop
  endfacet
  facet normal 0.989209 -0.146513 0
    outer loop
      vertex 48.6903 37.1597 8.4
      vertex 48.6601 36.9558 10.2
      vertex 48.6601 36.9558 8.4
    endloop
  endfacet
  facet normal 0.904014 -0.427502 0
    outer loop
      vertex 48.8099 37.5536 10.2
      vertex 48.898 37.7399 8.4
      vertex 48.898 37.7399 10.2
    endloop
  endfacet
  facet normal 0.904014 -0.427502 0
    outer loop
      vertex 48.898 37.7399 8.4
      vertex 48.8099 37.5536 10.2
      vertex 48.8099 37.5536 8.4
    endloop
  endfacet
  facet normal 0.857878 -0.513853 0
    outer loop
      vertex 48.898 37.7399 10.2
      vertex 49.0039 37.9167 8.4
      vertex 49.0039 37.9167 10.2
    endloop
  endfacet
  facet normal 0.857878 -0.513853 0
    outer loop
      vertex 49.0039 37.9167 8.4
      vertex 48.898 37.7399 10.2
      vertex 48.898 37.7399 8.4
    endloop
  endfacet
  facet normal 0.337258 -0.941412 0
    outer loop
      vertex 49.9464 38.6901 8.4
      vertex 50.1404 38.7596 10.2
      vertex 49.9464 38.6901 10.2
    endloop
  endfacet
  facet normal 0.337258 -0.941412 0
    outer loop
      vertex 50.1404 38.7596 10.2
      vertex 49.9464 38.6901 8.4
      vertex 50.1404 38.7596 8.4
    endloop
  endfacet
  facet normal 0.146988 -0.989138 0
    outer loop
      vertex 50.3403 38.8096 8.4
      vertex 50.5442 38.8399 10.2
      vertex 50.3403 38.8096 10.2
    endloop
  endfacet
  facet normal 0.146988 -0.989138 0
    outer loop
      vertex 50.5442 38.8399 10.2
      vertex 50.3403 38.8096 8.4
      vertex 50.5442 38.8399 8.4
    endloop
  endfacet
  facet normal 0.595877 -0.803076 0
    outer loop
      vertex 49.4178 38.3733 8.4
      vertex 49.5833 38.4961 10.2
      vertex 49.4178 38.3733 10.2
    endloop
  endfacet
  facet normal 0.595877 -0.803076 0
    outer loop
      vertex 49.5833 38.4961 10.2
      vertex 49.4178 38.3733 8.4
      vertex 49.5833 38.4961 8.4
    endloop
  endfacet
  facet normal 0.671561 -0.740949 0
    outer loop
      vertex 49.2651 38.2349 8.4
      vertex 49.4178 38.3733 10.2
      vertex 49.2651 38.2349 10.2
    endloop
  endfacet
  facet normal 0.671561 -0.740949 0
    outer loop
      vertex 49.4178 38.3733 10.2
      vertex 49.2651 38.2349 8.4
      vertex 49.4178 38.3733 8.4
    endloop
  endfacet
  facet normal 0.513853 -0.857878 0
    outer loop
      vertex 49.5833 38.4961 8.4
      vertex 49.7601 38.602 10.2
      vertex 49.5833 38.4961 10.2
    endloop
  endfacet
  facet normal 0.513853 -0.857878 0
    outer loop
      vertex 49.7601 38.602 10.2
      vertex 49.5833 38.4961 8.4
      vertex 49.7601 38.602 8.4
    endloop
  endfacet
  facet normal 0.740949 -0.671561 0
    outer loop
      vertex 49.1267 38.0822 10.2
      vertex 49.2651 38.2349 8.4
      vertex 49.2651 38.2349 10.2
    endloop
  endfacet
  facet normal 0.740949 -0.671561 0
    outer loop
      vertex 49.2651 38.2349 8.4
      vertex 49.1267 38.0822 10.2
      vertex 49.1267 38.0822 8.4
    endloop
  endfacet
  facet normal -0.998798 -0.0490178 0
    outer loop
      vertex 52.85 36.75 8.4
      vertex 52.8399 36.9558 10.2
      vertex 52.8399 36.9558 8.4
    endloop
  endfacet
  facet normal -0.998798 -0.0490178 0
    outer loop
      vertex 52.8399 36.9558 10.2
      vertex 52.85 36.75 8.4
      vertex 52.85 36.75 10.2
    endloop
  endfacet
  facet normal -0.146513 0.989209 0
    outer loop
      vertex 51.1597 34.6903 8.4
      vertex 50.9558 34.6601 10.2
      vertex 51.1597 34.6903 10.2
    endloop
  endfacet
  facet normal -0.146513 0.989209 0
    outer loop
      vertex 50.9558 34.6601 10.2
      vertex 51.1597 34.6903 8.4
      vertex 50.9558 34.6601 8.4
    endloop
  endfacet
  facet normal -0.970114 0.24265 0
    outer loop
      vertex 52.7596 36.1404 8.4
      vertex 52.8096 36.3403 10.2
      vertex 52.8096 36.3403 8.4
    endloop
  endfacet
  facet normal -0.970114 0.24265 0
    outer loop
      vertex 52.8096 36.3403 10.2
      vertex 52.7596 36.1404 8.4
      vertex 52.7596 36.1404 10.2
    endloop
  endfacet
  facet normal -0.904014 0.427502 0
    outer loop
      vertex 52.602 35.7601 8.4
      vertex 52.6901 35.9464 10.2
      vertex 52.6901 35.9464 8.4
    endloop
  endfacet
  facet normal -0.904014 0.427502 0
    outer loop
      vertex 52.6901 35.9464 10.2
      vertex 52.602 35.7601 8.4
      vertex 52.602 35.7601 10.2
    endloop
  endfacet
  facet normal -0.337258 0.941412 0
    outer loop
      vertex 51.5536 34.8099 8.4
      vertex 51.3596 34.7404 10.2
      vertex 51.5536 34.8099 10.2
    endloop
  endfacet
  facet normal -0.337258 0.941412 0
    outer loop
      vertex 51.3596 34.7404 10.2
      vertex 51.5536 34.8099 8.4
      vertex 51.3596 34.7404 8.4
    endloop
  endfacet
  facet normal -0.671561 0.740949 0
    outer loop
      vertex 52.2349 35.2651 8.4
      vertex 52.0822 35.1267 10.2
      vertex 52.2349 35.2651 10.2
    endloop
  endfacet
  facet normal -0.671561 0.740949 0
    outer loop
      vertex 52.0822 35.1267 10.2
      vertex 52.2349 35.2651 8.4
      vertex 52.0822 35.1267 8.4
    endloop
  endfacet
  facet normal -0.513853 0.857878 0
    outer loop
      vertex 51.9167 35.0039 8.4
      vertex 51.7399 34.898 10.2
      vertex 51.9167 35.0039 10.2
    endloop
  endfacet
  facet normal -0.513853 0.857878 0
    outer loop
      vertex 51.7399 34.898 10.2
      vertex 51.9167 35.0039 8.4
      vertex 51.7399 34.898 8.4
    endloop
  endfacet
  facet normal -0.0490178 0.998798 0
    outer loop
      vertex 50.9558 34.6601 8.4
      vertex 50.75 34.65 10.2
      vertex 50.9558 34.6601 10.2
    endloop
  endfacet
  facet normal -0.0490178 0.998798 0
    outer loop
      vertex 50.75 34.65 10.2
      vertex 50.9558 34.6601 8.4
      vertex 50.75 34.65 8.4
    endloop
  endfacet
  facet normal 0.243106 0.97 -0
    outer loop
      vertex 50.3403 34.6903 8.4
      vertex 50.1404 34.7404 10.2
      vertex 50.3403 34.6903 10.2
    endloop
  endfacet
  facet normal 0.243106 0.97 0
    outer loop
      vertex 50.1404 34.7404 10.2
      vertex 50.3403 34.6903 8.4
      vertex 50.1404 34.7404 8.4
    endloop
  endfacet
  facet normal 0.427502 0.904014 -0
    outer loop
      vertex 49.9464 34.8099 8.4
      vertex 49.7601 34.898 10.2
      vertex 49.9464 34.8099 10.2
    endloop
  endfacet
  facet normal 0.427502 0.904014 0
    outer loop
      vertex 49.7601 34.898 10.2
      vertex 49.9464 34.8099 8.4
      vertex 49.7601 34.898 8.4
    endloop
  endfacet
  facet normal 0.941412 0.337258 0
    outer loop
      vertex 48.8099 35.9464 10.2
      vertex 48.7404 36.1404 8.4
      vertex 48.7404 36.1404 10.2
    endloop
  endfacet
  facet normal 0.941412 0.337258 0
    outer loop
      vertex 48.7404 36.1404 8.4
      vertex 48.8099 35.9464 10.2
      vertex 48.8099 35.9464 8.4
    endloop
  endfacet
  facet normal 0.989209 0.146513 0
    outer loop
      vertex 48.6903 36.3403 10.2
      vertex 48.6601 36.5442 8.4
      vertex 48.6601 36.5442 10.2
    endloop
  endfacet
  facet normal 0.989209 0.146513 0
    outer loop
      vertex 48.6601 36.5442 8.4
      vertex 48.6903 36.3403 10.2
      vertex 48.6903 36.3403 8.4
    endloop
  endfacet
  facet normal 0.740949 0.671561 0
    outer loop
      vertex 49.2651 35.2651 10.2
      vertex 49.1267 35.4178 8.4
      vertex 49.1267 35.4178 10.2
    endloop
  endfacet
  facet normal 0.740949 0.671561 0
    outer loop
      vertex 49.1267 35.4178 8.4
      vertex 49.2651 35.2651 10.2
      vertex 49.2651 35.2651 8.4
    endloop
  endfacet
  facet normal 0.857878 0.513853 0
    outer loop
      vertex 49.0039 35.5833 10.2
      vertex 48.898 35.7601 8.4
      vertex 48.898 35.7601 10.2
    endloop
  endfacet
  facet normal 0.857878 0.513853 0
    outer loop
      vertex 48.898 35.7601 8.4
      vertex 49.0039 35.5833 10.2
      vertex 49.0039 35.5833 8.4
    endloop
  endfacet
  facet normal 0.671561 0.740949 -0
    outer loop
      vertex 49.4178 35.1267 8.4
      vertex 49.2651 35.2651 10.2
      vertex 49.4178 35.1267 10.2
    endloop
  endfacet
  facet normal 0.671561 0.740949 0
    outer loop
      vertex 49.2651 35.2651 10.2
      vertex 49.4178 35.1267 8.4
      vertex 49.2651 35.2651 8.4
    endloop
  endfacet
  facet normal 0.998798 0.0490178 0
    outer loop
      vertex 48.6601 36.5442 10.2
      vertex 48.65 36.75 8.4
      vertex 48.65 36.75 10.2
    endloop
  endfacet
  facet normal 0.998798 0.0490178 0
    outer loop
      vertex 48.65 36.75 8.4
      vertex 48.6601 36.5442 10.2
      vertex 48.6601 36.5442 8.4
    endloop
  endfacet
  facet normal -0.989138 0.146988 0
    outer loop
      vertex 52.8096 36.3403 8.4
      vertex 52.8399 36.5442 10.2
      vertex 52.8399 36.5442 8.4
    endloop
  endfacet
  facet normal -0.989138 0.146988 0
    outer loop
      vertex 52.8399 36.5442 10.2
      vertex 52.8096 36.3403 8.4
      vertex 52.8096 36.3403 10.2
    endloop
  endfacet
  facet normal -0.243106 0.97 0
    outer loop
      vertex 51.3596 34.7404 8.4
      vertex 51.1597 34.6903 10.2
      vertex 51.3596 34.7404 10.2
    endloop
  endfacet
  facet normal -0.243106 0.97 0
    outer loop
      vertex 51.1597 34.6903 10.2
      vertex 51.3596 34.7404 8.4
      vertex 51.1597 34.6903 8.4
    endloop
  endfacet
  facet normal -0.427502 0.904014 0
    outer loop
      vertex 51.7399 34.898 8.4
      vertex 51.5536 34.8099 10.2
      vertex 51.7399 34.898 10.2
    endloop
  endfacet
  facet normal -0.427502 0.904014 0
    outer loop
      vertex 51.5536 34.8099 10.2
      vertex 51.7399 34.898 8.4
      vertex 51.5536 34.8099 8.4
    endloop
  endfacet
  facet normal -0.740949 0.671561 0
    outer loop
      vertex 52.2349 35.2651 8.4
      vertex 52.3733 35.4178 10.2
      vertex 52.3733 35.4178 8.4
    endloop
  endfacet
  facet normal -0.740949 0.671561 0
    outer loop
      vertex 52.3733 35.4178 10.2
      vertex 52.2349 35.2651 8.4
      vertex 52.2349 35.2651 10.2
    endloop
  endfacet
  facet normal -0.595877 0.803076 0
    outer loop
      vertex 52.0822 35.1267 8.4
      vertex 51.9167 35.0039 10.2
      vertex 52.0822 35.1267 10.2
    endloop
  endfacet
  facet normal -0.595877 0.803076 0
    outer loop
      vertex 51.9167 35.0039 10.2
      vertex 52.0822 35.1267 8.4
      vertex 51.9167 35.0039 8.4
    endloop
  endfacet
  facet normal 0.146513 0.989209 -0
    outer loop
      vertex 50.5442 34.6601 8.4
      vertex 50.3403 34.6903 10.2
      vertex 50.5442 34.6601 10.2
    endloop
  endfacet
  facet normal 0.146513 0.989209 0
    outer loop
      vertex 50.3403 34.6903 10.2
      vertex 50.5442 34.6601 8.4
      vertex 50.3403 34.6903 8.4
    endloop
  endfacet
  facet normal 0.337258 0.941412 -0
    outer loop
      vertex 50.1404 34.7404 8.4
      vertex 49.9464 34.8099 10.2
      vertex 50.1404 34.7404 10.2
    endloop
  endfacet
  facet normal 0.337258 0.941412 0
    outer loop
      vertex 49.9464 34.8099 10.2
      vertex 50.1404 34.7404 8.4
      vertex 49.9464 34.8099 8.4
    endloop
  endfacet
  facet normal 0.513853 0.857878 -0
    outer loop
      vertex 49.7601 34.898 8.4
      vertex 49.5833 35.0039 10.2
      vertex 49.7601 34.898 10.2
    endloop
  endfacet
  facet normal 0.513853 0.857878 0
    outer loop
      vertex 49.5833 35.0039 10.2
      vertex 49.7601 34.898 8.4
      vertex 49.5833 35.0039 8.4
    endloop
  endfacet
  facet normal 0.904014 0.427502 0
    outer loop
      vertex 48.898 35.7601 10.2
      vertex 48.8099 35.9464 8.4
      vertex 48.8099 35.9464 10.2
    endloop
  endfacet
  facet normal 0.904014 0.427502 0
    outer loop
      vertex 48.8099 35.9464 8.4
      vertex 48.898 35.7601 10.2
      vertex 48.898 35.7601 8.4
    endloop
  endfacet
  facet normal 0.97 0.243106 0
    outer loop
      vertex 48.7404 36.1404 10.2
      vertex 48.6903 36.3403 8.4
      vertex 48.6903 36.3403 10.2
    endloop
  endfacet
  facet normal 0.97 0.243106 0
    outer loop
      vertex 48.6903 36.3403 8.4
      vertex 48.7404 36.1404 10.2
      vertex 48.7404 36.1404 8.4
    endloop
  endfacet
  facet normal 0.803076 0.595877 0
    outer loop
      vertex 49.1267 35.4178 10.2
      vertex 49.0039 35.5833 8.4
      vertex 49.0039 35.5833 10.2
    endloop
  endfacet
  facet normal 0.803076 0.595877 0
    outer loop
      vertex 49.0039 35.5833 8.4
      vertex 49.1267 35.4178 10.2
      vertex 49.1267 35.4178 8.4
    endloop
  endfacet
  facet normal -0.857878 0.513853 0
    outer loop
      vertex 52.4961 35.5833 8.4
      vertex 52.602 35.7601 10.2
      vertex 52.602 35.7601 8.4
    endloop
  endfacet
  facet normal -0.857878 0.513853 0
    outer loop
      vertex 52.602 35.7601 10.2
      vertex 52.4961 35.5833 8.4
      vertex 52.4961 35.5833 10.2
    endloop
  endfacet
  facet normal -0.803076 0.595877 0
    outer loop
      vertex 52.3733 35.4178 8.4
      vertex 52.4961 35.5833 10.2
      vertex 52.4961 35.5833 8.4
    endloop
  endfacet
  facet normal -0.803076 0.595877 0
    outer loop
      vertex 52.4961 35.5833 10.2
      vertex 52.3733 35.4178 8.4
      vertex 52.3733 35.4178 10.2
    endloop
  endfacet
  facet normal -0.969982 -0.243175 0
    outer loop
      vertex 54.4424 38.0853 1.6
      vertex 54.3708 38.3709 8
      vertex 54.3708 38.3709 1.6
    endloop
  endfacet
  facet normal -0.969982 -0.243175 0
    outer loop
      vertex 54.3708 38.3709 8
      vertex 54.4424 38.0853 1.6
      vertex 54.4424 38.0853 8
    endloop
  endfacet
  facet normal 0.671539 -0.740969 0
    outer loop
      vertex 2.87868 39.6213 1.6
      vertex 3.09682 39.819 8
      vertex 2.87868 39.6213 8
    endloop
  endfacet
  facet normal 0.671539 -0.740969 0
    outer loop
      vertex 3.09682 39.819 8
      vertex 2.87868 39.6213 1.6
      vertex 3.09682 39.819 1.6
    endloop
  endfacet
  facet normal -0.671607 -0.740908 0
    outer loop
      vertex 53.4032 39.819 1.6
      vertex 53.6213 39.6213 8
      vertex 53.4032 39.819 8
    endloop
  endfacet
  facet normal -0.671607 -0.740908 -0
    outer loop
      vertex 53.6213 39.6213 8
      vertex 53.4032 39.819 1.6
      vertex 53.6213 39.6213 1.6
    endloop
  endfacet
  facet normal 0.998795 -0.0490738 0
    outer loop
      vertex 2 37.5 8
      vertex 2.01445 37.7941 1.6
      vertex 2.01445 37.7941 8
    endloop
  endfacet
  facet normal 0.998795 -0.0490738 0
    outer loop
      vertex 2.01445 37.7941 1.6
      vertex 2 37.5 8
      vertex 2 37.5 1.6
    endloop
  endfacet
  facet normal 0 0 -1
    outer loop
      vertex 6.41668 6.74776 8
      vertex 16.5231 13.4659 8
      vertex 6.51127 6.67761 8
    endloop
  endfacet
  facet normal 0 0 -1
    outer loop
      vertex 11.3397 30.6944 8
      vertex 6.94422 36.6324 8
      vertex 6.95 36.75 8
    endloop
  endfacet
  facet normal -0 0 -1
    outer loop
      vertex 16.5231 13.4659 8
      vertex 6.41668 6.74776 8
      vertex 16.5058 13.5824 8
    endloop
  endfacet
  facet normal 0 0 -1
    outer loop
      vertex 11.3397 30.6944 8
      vertex 6.92694 36.5159 8
      vertex 6.94422 36.6324 8
    endloop
  endfacet
  facet normal 0 0 -1
    outer loop
      vertex 6.31568 6.8083 8
      vertex 16.5058 13.5824 8
      vertex 6.41668 6.74776 8
    endloop
  endfacet
  facet normal 0 0 -1
    outer loop
      vertex 11.3397 30.6944 8
      vertex 6.89833 36.4017 8
      vertex 6.92694 36.5159 8
    endloop
  endfacet
  facet normal -0 0 -1
    outer loop
      vertex 16.5058 13.5824 8
      vertex 6.31568 6.8083 8
      vertex 16.5 13.7 8
    endloop
  endfacet
  facet normal 0 0 -1
    outer loop
      vertex 11.3397 30.6944 8
      vertex 6.85865 36.2908 8
      vertex 6.89833 36.4017 8
    endloop
  endfacet
  facet normal 0 0 -1
    outer loop
      vertex 6.20922 6.85865 8
      vertex 16.5 13.7 8
      vertex 6.31568 6.8083 8
    endloop
  endfacet
  facet normal 0 0 -1
    outer loop
      vertex 11.3397 30.6944 8
      vertex 6.8083 36.1843 8
      vertex 6.85865 36.2908 8
    endloop
  endfacet
  facet normal 0 0 -1
    outer loop
      vertex 6.09834 6.89833 8
      vertex 16.5 13.7 8
      vertex 6.20922 6.85865 8
    endloop
  endfacet
  facet normal 0 0 -1
    outer loop
      vertex 11.3397 30.6944 8
      vertex 6.74776 36.0833 8
      vertex 6.8083 36.1843 8
    endloop
  endfacet
  facet normal 0 0 -1
    outer loop
      vertex 5.98411 6.92694 8
      vertex 16.5 13.7 8
      vertex 6.09834 6.89833 8
    endloop
  endfacet
  facet normal 0 0 -1
    outer loop
      vertex 11.3397 30.6944 8
      vertex 6.67761 35.9887 8
      vertex 6.74776 36.0833 8
    endloop
  endfacet
  facet normal 0 0 -1
    outer loop
      vertex 5.86762 6.94422 8
      vertex 16.5 13.7 8
      vertex 5.98411 6.92694 8
    endloop
  endfacet
  facet normal 0 0 -1
    outer loop
      vertex 11.3397 30.6944 8
      vertex 6.59853 35.9015 8
      vertex 6.67761 35.9887 8
    endloop
  endfacet
  facet normal 0 0 -1
    outer loop
      vertex 5.75 6.95 8
      vertex 16.5 13.7 8
      vertex 5.86762 6.94422 8
    endloop
  endfacet
  facet normal 0 0 -1
    outer loop
      vertex 11.3397 30.6944 8
      vertex 6.51127 35.8224 8
      vertex 6.59853 35.9015 8
    endloop
  endfacet
  facet normal -0 0 -1
    outer loop
      vertex 16.5 13.7 8
      vertex 5.75 6.95 8
      vertex 16.5 23.8 8
    endloop
  endfacet
  facet normal 0 0 -1
    outer loop
      vertex 11.3397 30.6944 8
      vertex 6.41668 35.7522 8
      vertex 6.51127 35.8224 8
    endloop
  endfacet
  facet normal 0 0 -1
    outer loop
      vertex 5.63238 6.94422 8
      vertex 16.5 23.8 8
      vertex 5.75 6.95 8
    endloop
  endfacet
  facet normal 0 0 -1
    outer loop
      vertex 11.3397 30.6944 8
      vertex 6.31568 35.6917 8
      vertex 6.41668 35.7522 8
    endloop
  endfacet
  facet normal -0 0 -1
    outer loop
      vertex 16.5 23.8 8
      vertex 5.63238 6.94422 8
      vertex 12.1565 29.6991 8
    endloop
  endfacet
  facet normal 0 0 -1
    outer loop
      vertex 11.3397 30.6944 8
      vertex 6.20922 35.6413 8
      vertex 6.31568 35.6917 8
    endloop
  endfacet
  facet normal 0 0 -1
    outer loop
      vertex 5.51589 6.92694 8
      vertex 12.1565 29.6991 8
      vertex 5.63238 6.94422 8
    endloop
  endfacet
  facet normal 0 0 -1
    outer loop
      vertex 11.3397 30.6944 8
      vertex 6.09834 35.6017 8
      vertex 6.20922 35.6413 8
    endloop
  endfacet
  facet normal -0 0 -1
    outer loop
      vertex 12.1565 29.6991 8
      vertex 5.51589 6.92694 8
      vertex 11.9165 29.9165 8
    endloop
  endfacet
  facet normal 0 0 -1
    outer loop
      vertex 11.3397 30.6944 8
      vertex 5.98411 35.5731 8
      vertex 6.09834 35.6017 8
    endloop
  endfacet
  facet normal 0 0 -1
    outer loop
      vertex 5.40166 6.89833 8
      vertex 11.9165 29.9165 8
      vertex 5.51589 6.92694 8
    endloop
  endfacet
  facet normal 0 0 -1
    outer loop
      vertex 11.3397 30.6944 8
      vertex 5.86762 35.5558 8
      vertex 5.98411 35.5731 8
    endloop
  endfacet
  facet normal -0 0 -1
    outer loop
      vertex 11.9165 29.9165 8
      vertex 5.40166 6.89833 8
      vertex 11.6991 30.1565 8
    endloop
  endfacet
  facet normal 0 0 -1
    outer loop
      vertex 11.3397 30.6944 8
      vertex 5.75 35.55 8
      vertex 5.86762 35.5558 8
    endloop
  endfacet
  facet normal 0 0 -1
    outer loop
      vertex 5.29078 6.85865 8
      vertex 11.6991 30.1565 8
      vertex 5.40166 6.89833 8
    endloop
  endfacet
  facet normal 0 0 -1
    outer loop
      vertex 11.3397 30.6944 8
      vertex 5.63238 35.5558 8
      vertex 5.75 35.55 8
    endloop
  endfacet
  facet normal -0 0 -1
    outer loop
      vertex 11.6991 30.1565 8
      vertex 5.29078 6.85865 8
      vertex 11.5062 30.4166 8
    endloop
  endfacet
  facet normal 0 0 -1
    outer loop
      vertex 11.3397 30.6944 8
      vertex 5.51589 35.5731 8
      vertex 5.63238 35.5558 8
    endloop
  endfacet
  facet normal 0 0 -1
    outer loop
      vertex 5.29078 35.6413 8
      vertex 11.5062 30.4166 8
      vertex 5.29078 6.85865 8
    endloop
  endfacet
  facet normal 0 0 -1
    outer loop
      vertex 11.3397 30.6944 8
      vertex 5.40166 35.6017 8
      vertex 5.51589 35.5731 8
    endloop
  endfacet
  facet normal 0 0 -1
    outer loop
      vertex 11.5062 30.4166 8
      vertex 5.29078 35.6413 8
      vertex 11.3397 30.6944 8
    endloop
  endfacet
  facet normal 0 0 -1
    outer loop
      vertex 11.3397 30.6944 8
      vertex 5.29078 35.6413 8
      vertex 5.40166 35.6017 8
    endloop
  endfacet
  facet normal 0 0 -1
    outer loop
      vertex 5.18432 6.8083 8
      vertex 5.29078 35.6413 8
      vertex 5.29078 6.85865 8
    endloop
  endfacet
  facet normal 0 0 -1
    outer loop
      vertex 5.18432 6.8083 8
      vertex 5.18432 35.6917 8
      vertex 5.29078 35.6413 8
    endloop
  endfacet
  facet normal 0 0 -1
    outer loop
      vertex 5.08331 6.74776 8
      vertex 5.18432 35.6917 8
      vertex 5.18432 6.8083 8
    endloop
  endfacet
  facet normal 0 0 -1
    outer loop
      vertex 5.08331 6.74776 8
      vertex 5.08331 35.7522 8
      vertex 5.18432 35.6917 8
    endloop
  endfacet
  facet normal 0 0 -1
    outer loop
      vertex 2 5 8
      vertex 5.08331 6.74776 8
      vertex 4.98873 6.67761 8
    endloop
  endfacet
  facet normal -0 0 -1
    outer loop
      vertex 5.08331 6.74776 8
      vertex 2 5 8
      vertex 5.08331 35.7522 8
    endloop
  endfacet
  facet normal 0 0 -1
    outer loop
      vertex 2 5 8
      vertex 4.98873 6.67761 8
      vertex 4.90147 6.59853 8
    endloop
  endfacet
  facet normal 0 0 -1
    outer loop
      vertex 2 37.5 8
      vertex 5.08331 35.7522 8
      vertex 2 5 8
    endloop
  endfacet
  facet normal 0 0 -1
    outer loop
      vertex 2 5 8
      vertex 4.90147 6.59853 8
      vertex 4.82239 6.51127 8
    endloop
  endfacet
  facet normal 0 0 -1
    outer loop
      vertex 5.08331 35.7522 8
      vertex 2 37.5 8
      vertex 4.98873 35.8224 8
    endloop
  endfacet
  facet normal 0 0 -1
    outer loop
      vertex 2 5 8
      vertex 4.82239 6.51127 8
      vertex 4.75224 6.41668 8
    endloop
  endfacet
  facet normal 0 0 -1
    outer loop
      vertex 4.98873 35.8224 8
      vertex 2 37.5 8
      vertex 4.90147 35.9015 8
    endloop
  endfacet
  facet normal 0 0 -1
    outer loop
      vertex 2 5 8
      vertex 4.75224 6.41668 8
      vertex 4.69169 6.31568 8
    endloop
  endfacet
  facet normal 0 0 -1
    outer loop
      vertex 4.90147 35.9015 8
      vertex 2 37.5 8
      vertex 4.82239 35.9887 8
    endloop
  endfacet
  facet normal 0 0 -1
    outer loop
      vertex 2 5 8
      vertex 4.69169 6.31568 8
      vertex 4.64134 6.20922 8
    endloop
  endfacet
  facet normal 0 0 -1
    outer loop
      vertex 4.82239 35.9887 8
      vertex 2 37.5 8
      vertex 4.75224 36.0833 8
    endloop
  endfacet
  facet normal 0 0 -1
    outer loop
      vertex 2 5 8
      vertex 4.64134 6.20922 8
      vertex 4.60167 6.09834 8
    endloop
  endfacet
  facet normal 0 0 -1
    outer loop
      vertex 4.75224 36.0833 8
      vertex 2 37.5 8
      vertex 4.69169 36.1843 8
    endloop
  endfacet
  facet normal 0 0 -1
    outer loop
      vertex 2 5 8
      vertex 4.60167 6.09834 8
      vertex 4.57306 5.98411 8
    endloop
  endfacet
  facet normal 0 0 -1
    outer loop
      vertex 4.69169 36.1843 8
      vertex 2 37.5 8
      vertex 4.64134 36.2908 8
    endloop
  endfacet
  facet normal 0 0 -1
    outer loop
      vertex 2 5 8
      vertex 4.57306 5.98411 8
      vertex 4.55578 5.86762 8
    endloop
  endfacet
  facet normal 0 0 -1
    outer loop
      vertex 4.64134 36.2908 8
      vertex 2 37.5 8
      vertex 4.60167 36.4017 8
    endloop
  endfacet
  facet normal 0 0 -1
    outer loop
      vertex 2 5 8
      vertex 4.55578 5.86762 8
      vertex 4.55 5.75 8
    endloop
  endfacet
  facet normal 0 0 -1
    outer loop
      vertex 4.60167 36.4017 8
      vertex 2 37.5 8
      vertex 4.57306 36.5159 8
    endloop
  endfacet
  facet normal 0 0 -1
    outer loop
      vertex 24.9659 31.9265 8
      vertex 17.5341 31.9265 8
      vertex 17.55 32.25 8
    endloop
  endfacet
  facet normal 0 0 -1
    outer loop
      vertex 17.7 25 8
      vertex 17.4866 31.6062 8
      vertex 17.5341 31.9265 8
    endloop
  endfacet
  facet normal 0 0 -1
    outer loop
      vertex 16.0834 29.5061 8
      vertex 17.5824 24.9942 8
      vertex 17.4659 24.9769 8
    endloop
  endfacet
  facet normal 0 0 -1
    outer loop
      vertex 17.7 25 8
      vertex 17.4079 31.2921 8
      vertex 17.4866 31.6062 8
    endloop
  endfacet
  facet normal 0 0 -1
    outer loop
      vertex 15.8056 29.3397 8
      vertex 17.4659 24.9769 8
      vertex 17.3517 24.9483 8
    endloop
  endfacet
  facet normal 0 0 -1
    outer loop
      vertex 17.7 25 8
      vertex 17.2988 30.9871 8
      vertex 17.4079 31.2921 8
    endloop
  endfacet
  facet normal 0 0 -1
    outer loop
      vertex 15.5129 29.2012 8
      vertex 17.3517 24.9483 8
      vertex 17.2408 24.9087 8
    endloop
  endfacet
  facet normal 0 0 -1
    outer loop
      vertex 17.7 25 8
      vertex 17.1603 30.6944 8
      vertex 17.2988 30.9871 8
    endloop
  endfacet
  facet normal 0 0 -1
    outer loop
      vertex 15.5129 29.2012 8
      vertex 17.2408 24.9087 8
      vertex 17.1343 24.8583 8
    endloop
  endfacet
  facet normal 0 0 -1
    outer loop
      vertex 15.2079 29.0921 8
      vertex 17.1343 24.8583 8
      vertex 17.0333 24.7978 8
    endloop
  endfacet
  facet normal 0 0 -1
    outer loop
      vertex 17.7 25 8
      vertex 16.9938 30.4166 8
      vertex 17.1603 30.6944 8
    endloop
  endfacet
  facet normal 0 0 -1
    outer loop
      vertex 14.8938 29.0134 8
      vertex 17.0333 24.7978 8
      vertex 16.9387 24.7276 8
    endloop
  endfacet
  facet normal 0 0 -1
    outer loop
      vertex 14.8938 29.0134 8
      vertex 16.9387 24.7276 8
      vertex 16.8515 24.6485 8
    endloop
  endfacet
  facet normal 0 0 -1
    outer loop
      vertex 17.7 25 8
      vertex 16.8009 30.1565 8
      vertex 16.9938 30.4166 8
    endloop
  endfacet
  facet normal 0 0 -1
    outer loop
      vertex 14.5735 28.9659 8
      vertex 16.8515 24.6485 8
      vertex 16.7724 24.5613 8
    endloop
  endfacet
  facet normal 0 0 -1
    outer loop
      vertex 14.25 28.95 8
      vertex 16.7724 24.5613 8
      vertex 16.7022 24.4667 8
    endloop
  endfacet
  facet normal 0 0 -1
    outer loop
      vertex 14.25 28.95 8
      vertex 16.7022 24.4667 8
      vertex 16.6417 24.3657 8
    endloop
  endfacet
  facet normal 0 0 -1
    outer loop
      vertex 13.9265 28.9659 8
      vertex 16.6417 24.3657 8
      vertex 16.5913 24.2592 8
    endloop
  endfacet
  facet normal 0 0 -1
    outer loop
      vertex 17.7 25 8
      vertex 16.5835 29.9165 8
      vertex 16.8009 30.1565 8
    endloop
  endfacet
  facet normal 0 0 -1
    outer loop
      vertex 13.6062 29.0134 8
      vertex 16.5913 24.2592 8
      vertex 16.5517 24.1483 8
    endloop
  endfacet
  facet normal 0 0 -1
    outer loop
      vertex 13.6062 29.0134 8
      vertex 16.5517 24.1483 8
      vertex 16.5231 24.0341 8
    endloop
  endfacet
  facet normal 0 0 -1
    outer loop
      vertex 13.2921 29.0921 8
      vertex 16.5231 24.0341 8
      vertex 16.5058 23.9176 8
    endloop
  endfacet
  facet normal 0 0 -1
    outer loop
      vertex 12.9871 29.2012 8
      vertex 16.5058 23.9176 8
      vertex 16.5 23.8 8
    endloop
  endfacet
  facet normal 0 0 -1
    outer loop
      vertex 17.7 25 8
      vertex 16.3435 29.6991 8
      vertex 16.5835 29.9165 8
    endloop
  endfacet
  facet normal 0 0 -1
    outer loop
      vertex 38.9659 31.9265 8
      vertex 31.5341 31.9265 8
      vertex 31.55 32.25 8
    endloop
  endfacet
  facet normal 0 0 -1
    outer loop
      vertex 39.3397 30.6944 8
      vertex 31.4866 31.6062 8
      vertex 31.5341 31.9265 8
    endloop
  endfacet
  facet normal 0 0 -1
    outer loop
      vertex 39.3397 30.6944 8
      vertex 31.4079 31.2921 8
      vertex 31.4866 31.6062 8
    endloop
  endfacet
  facet normal 0 0 -1
    outer loop
      vertex 39.3397 30.6944 8
      vertex 31.2988 30.9871 8
      vertex 31.4079 31.2921 8
    endloop
  endfacet
  facet normal 0 0 -1
    outer loop
      vertex 39.3397 30.6944 8
      vertex 31.1603 30.6944 8
      vertex 31.2988 30.9871 8
    endloop
  endfacet
  facet normal 0 0 -1
    outer loop
      vertex 38.8 25 8
      vertex 30.9938 30.4166 8
      vertex 31.1603 30.6944 8
    endloop
  endfacet
  facet normal 0 0 -1
    outer loop
      vertex 38.8 25 8
      vertex 30.8009 30.1565 8
      vertex 30.9938 30.4166 8
    endloop
  endfacet
  facet normal 0 0 -1
    outer loop
      vertex 38.8 25 8
      vertex 30.5835 29.9165 8
      vertex 30.8009 30.1565 8
    endloop
  endfacet
  facet normal 0 0 -1
    outer loop
      vertex 38.8 25 8
      vertex 30.3435 29.6991 8
      vertex 30.5835 29.9165 8
    endloop
  endfacet
  facet normal 0 0 -1
    outer loop
      vertex 38.8 25 8
      vertex 30.0834 29.5061 8
      vertex 30.3435 29.6991 8
    endloop
  endfacet
  facet normal 0 0 -1
    outer loop
      vertex 38.8 25 8
      vertex 29.8056 29.3397 8
      vertex 30.0834 29.5061 8
    endloop
  endfacet
  facet normal 0 0 -1
    outer loop
      vertex 38.8 25 8
      vertex 29.5129 29.2012 8
      vertex 29.8056 29.3397 8
    endloop
  endfacet
  facet normal 0 0 -1
    outer loop
      vertex 38.8 25 8
      vertex 29.2079 29.0921 8
      vertex 29.5129 29.2012 8
    endloop
  endfacet
  facet normal 0 0 -1
    outer loop
      vertex 38.8 25 8
      vertex 28.8938 29.0134 8
      vertex 29.2079 29.0921 8
    endloop
  endfacet
  facet normal 0 0 -1
    outer loop
      vertex 38.8 25 8
      vertex 28.5735 28.9659 8
      vertex 28.8938 29.0134 8
    endloop
  endfacet
  facet normal 0 0 -1
    outer loop
      vertex 38.8 25 8
      vertex 28.25 28.95 8
      vertex 28.5735 28.9659 8
    endloop
  endfacet
  facet normal 0 0 -1
    outer loop
      vertex 17.7 25 8
      vertex 28.25 28.95 8
      vertex 38.8 25 8
    endloop
  endfacet
  facet normal -0 0 -1
    outer loop
      vertex 28.25 28.95 8
      vertex 17.7 25 8
      vertex 27.9265 28.9659 8
    endloop
  endfacet
  facet normal -0 0 -1
    outer loop
      vertex 27.9265 28.9659 8
      vertex 17.7 25 8
      vertex 27.6062 29.0134 8
    endloop
  endfacet
  facet normal 0 0 -1
    outer loop
      vertex 17.5341 31.9265 8
      vertex 24.9659 31.9265 8
      vertex 25.0134 31.6062 8
    endloop
  endfacet
  facet normal 0 0 -1
    outer loop
      vertex 17.5341 31.9265 8
      vertex 25.0134 31.6062 8
      vertex 25.0921 31.2921 8
    endloop
  endfacet
  facet normal 0 0 -1
    outer loop
      vertex 17.5341 31.9265 8
      vertex 25.0921 31.2921 8
      vertex 25.2012 30.9871 8
    endloop
  endfacet
  facet normal 0 0 -1
    outer loop
      vertex 17.5341 31.9265 8
      vertex 25.2012 30.9871 8
      vertex 25.3397 30.6944 8
    endloop
  endfacet
  facet normal 0 0 -1
    outer loop
      vertex 17.5341 31.9265 8
      vertex 25.3397 30.6944 8
      vertex 17.7 25 8
    endloop
  endfacet
  facet normal -0 0 -1
    outer loop
      vertex 25.5061 30.4166 8
      vertex 17.7 25 8
      vertex 25.3397 30.6944 8
    endloop
  endfacet
  facet normal -0 0 -1
    outer loop
      vertex 25.6991 30.1565 8
      vertex 17.7 25 8
      vertex 25.5061 30.4166 8
    endloop
  endfacet
  facet normal -0 0 -1
    outer loop
      vertex 25.9165 29.9165 8
      vertex 17.7 25 8
      vertex 25.6991 30.1565 8
    endloop
  endfacet
  facet normal -0 0 -1
    outer loop
      vertex 26.1565 29.6991 8
      vertex 17.7 25 8
      vertex 25.9165 29.9165 8
    endloop
  endfacet
  facet normal -0 0 -1
    outer loop
      vertex 26.4166 29.5061 8
      vertex 17.7 25 8
      vertex 26.1565 29.6991 8
    endloop
  endfacet
  facet normal -0 0 -1
    outer loop
      vertex 26.6944 29.3397 8
      vertex 17.7 25 8
      vertex 26.4166 29.5061 8
    endloop
  endfacet
  facet normal -0 0 -1
    outer loop
      vertex 26.9871 29.2012 8
      vertex 17.7 25 8
      vertex 26.6944 29.3397 8
    endloop
  endfacet
  facet normal -0 0 -1
    outer loop
      vertex 27.2921 29.0921 8
      vertex 17.7 25 8
      vertex 26.9871 29.2012 8
    endloop
  endfacet
  facet normal -0 0 -1
    outer loop
      vertex 27.6062 29.0134 8
      vertex 17.7 25 8
      vertex 27.2921 29.0921 8
    endloop
  endfacet
  facet normal -0 0 -1
    outer loop
      vertex 44.0333 18.7441 8
      vertex 42.937 16.9429 8
      vertex 43.9742 18.7879 8
    endloop
  endfacet
  facet normal 0 0 -1
    outer loop
      vertex 42.8677 16.9677 8
      vertex 43.9742 18.7879 8
      vertex 42.937 16.9429 8
    endloop
  endfacet
  facet normal -0 0 -1
    outer loop
      vertex 43.9742 18.7879 8
      vertex 42.8677 16.9677 8
      vertex 43.9197 18.8374 8
    endloop
  endfacet
  facet normal 0 0 -1
    outer loop
      vertex 42.7963 16.9856 8
      vertex 43.9197 18.8374 8
      vertex 42.8677 16.9677 8
    endloop
  endfacet
  facet normal -0 0 -1
    outer loop
      vertex 43.9197 18.8374 8
      vertex 42.7963 16.9856 8
      vertex 43.8702 18.8919 8
    endloop
  endfacet
  facet normal 0 0 -1
    outer loop
      vertex 42.7235 16.9964 8
      vertex 43.8702 18.8919 8
      vertex 42.7963 16.9856 8
    endloop
  endfacet
  facet normal -0 0 -1
    outer loop
      vertex 43.8702 18.8919 8
      vertex 42.7235 16.9964 8
      vertex 43.8264 18.951 8
    endloop
  endfacet
  facet normal 0 0 -1
    outer loop
      vertex 42.65 17 8
      vertex 43.8264 18.951 8
      vertex 42.7235 16.9964 8
    endloop
  endfacet
  facet normal -0 0 -1
    outer loop
      vertex 43.8264 18.951 8
      vertex 42.65 17 8
      vertex 43.7886 19.0141 8
    endloop
  endfacet
  facet normal 0 0 -1
    outer loop
      vertex 42.5765 16.9964 8
      vertex 43.7886 19.0141 8
      vertex 42.65 17 8
    endloop
  endfacet
  facet normal 0 0 -1
    outer loop
      vertex 39.9942 23.9176 8
      vertex 43.7036 19.4412 8
      vertex 40 23.8 8
    endloop
  endfacet
  facet normal -0 0 -1
    outer loop
      vertex 43.7886 19.0141 8
      vertex 42.5765 16.9964 8
      vertex 43.7571 19.0807 8
    endloop
  endfacet
  facet normal 0 0 -1
    outer loop
      vertex 42.5037 16.9856 8
      vertex 43.7571 19.0807 8
      vertex 42.5765 16.9964 8
    endloop
  endfacet
  facet normal 0 0 -1
    outer loop
      vertex 43.7036 19.4412 8
      vertex 39.9942 23.9176 8
      vertex 43.5129 29.2012 8
    endloop
  endfacet
  facet normal -0 0 -1
    outer loop
      vertex 43.7571 19.0807 8
      vertex 42.5037 16.9856 8
      vertex 43.7323 19.15 8
    endloop
  endfacet
  facet normal 0 0 -1
    outer loop
      vertex 42.4323 16.9677 8
      vertex 43.7323 19.15 8
      vertex 42.5037 16.9856 8
    endloop
  endfacet
  facet normal -0 0 -1
    outer loop
      vertex 43.7323 19.15 8
      vertex 42.4323 16.9677 8
      vertex 43.7144 19.2214 8
    endloop
  endfacet
  facet normal 0 0 -1
    outer loop
      vertex 42.363 16.9429 8
      vertex 43.7144 19.2214 8
      vertex 42.4323 16.9677 8
    endloop
  endfacet
  facet normal -0 0 -1
    outer loop
      vertex 43.7144 19.2214 8
      vertex 42.363 16.9429 8
      vertex 43.7036 19.2942 8
    endloop
  endfacet
  facet normal 0 0 -1
    outer loop
      vertex 43.5129 29.2012 8
      vertex 39.9942 23.9176 8
      vertex 43.2079 29.0921 8
    endloop
  endfacet
  facet normal 0 0 -1
    outer loop
      vertex 42.2965 16.9114 8
      vertex 43.7036 19.2942 8
      vertex 42.363 16.9429 8
    endloop
  endfacet
  facet normal -0 0 -1
    outer loop
      vertex 43.7036 19.2942 8
      vertex 42.2965 16.9114 8
      vertex 43.7 19.3677 8
    endloop
  endfacet
  facet normal 0 0 -1
    outer loop
      vertex 42.2333 16.8736 8
      vertex 43.7 19.3677 8
      vertex 42.2965 16.9114 8
    endloop
  endfacet
  facet normal -0 0 -1
    outer loop
      vertex 43.7 19.3677 8
      vertex 42.2333 16.8736 8
      vertex 43.7036 19.4412 8
    endloop
  endfacet
  facet normal 0 0 -1
    outer loop
      vertex 39.9769 24.0341 8
      vertex 43.2079 29.0921 8
      vertex 39.9942 23.9176 8
    endloop
  endfacet
  facet normal 0 0 -1
    outer loop
      vertex 42.1742 16.8298 8
      vertex 43.7036 19.4412 8
      vertex 42.2333 16.8736 8
    endloop
  endfacet
  facet normal -0 0 -1
    outer loop
      vertex 43.7036 19.4412 8
      vertex 42.1742 16.8298 8
      vertex 40 23.8 8
    endloop
  endfacet
  facet normal 0 0 -1
    outer loop
      vertex 40 23.8 8
      vertex 42.1742 16.8298 8
      vertex 42.1197 16.7803 8
    endloop
  endfacet
  facet normal 0 0 -1
    outer loop
      vertex 40 23.8 8
      vertex 42.1197 16.7803 8
      vertex 42.0702 16.7258 8
    endloop
  endfacet
  facet normal 0 0 -1
    outer loop
      vertex 40 23.8 8
      vertex 42.0702 16.7258 8
      vertex 42.0264 16.6667 8
    endloop
  endfacet
  facet normal 0 0 -1
    outer loop
      vertex 40 23.8 8
      vertex 42.0264 16.6667 8
      vertex 41.9886 16.6035 8
    endloop
  endfacet
  facet normal 0 0 -1
    outer loop
      vertex 40 23.8 8
      vertex 41.9886 16.6035 8
      vertex 41.9571 16.537 8
    endloop
  endfacet
  facet normal 0 0 -1
    outer loop
      vertex 40 23.8 8
      vertex 41.9571 16.537 8
      vertex 41.9323 16.4677 8
    endloop
  endfacet
  facet normal 0 0 -1
    outer loop
      vertex 43.2079 29.0921 8
      vertex 39.9769 24.0341 8
      vertex 42.8938 29.0134 8
    endloop
  endfacet
  facet normal 0 0 -1
    outer loop
      vertex 40 13.7 8
      vertex 41.9323 16.4677 8
      vertex 41.9144 16.3963 8
    endloop
  endfacet
  facet normal 0 0 -1
    outer loop
      vertex 40 13.7 8
      vertex 41.9144 16.3963 8
      vertex 41.9036 16.3235 8
    endloop
  endfacet
  facet normal 0 0 -1
    outer loop
      vertex 40 13.7 8
      vertex 41.9036 16.3235 8
      vertex 41.9 16.25 8
    endloop
  endfacet
  facet normal 0 0 -1
    outer loop
      vertex 39.9483 24.1483 8
      vertex 42.8938 29.0134 8
      vertex 39.9769 24.0341 8
    endloop
  endfacet
  facet normal 0 0 -1
    outer loop
      vertex 39.7276 24.5613 8
      vertex 42.25 28.95 8
      vertex 39.7978 24.4667 8
    endloop
  endfacet
  facet normal -0 0 -1
    outer loop
      vertex 42.25 28.95 8
      vertex 39.7276 24.5613 8
      vertex 41.9265 28.9659 8
    endloop
  endfacet
  facet normal 0 0 -1
    outer loop
      vertex 39.6485 24.6485 8
      vertex 41.9265 28.9659 8
      vertex 39.7276 24.5613 8
    endloop
  endfacet
  facet normal -0 0 -1
    outer loop
      vertex 41.9265 28.9659 8
      vertex 39.6485 24.6485 8
      vertex 41.6062 29.0134 8
    endloop
  endfacet
  facet normal 0 0 -1
    outer loop
      vertex 39.5613 24.7276 8
      vertex 41.6062 29.0134 8
      vertex 39.6485 24.6485 8
    endloop
  endfacet
  facet normal 0 0 -1
    outer loop
      vertex 39.4667 24.7978 8
      vertex 41.6062 29.0134 8
      vertex 39.5613 24.7276 8
    endloop
  endfacet
  facet normal -0 0 -1
    outer loop
      vertex 41.6062 29.0134 8
      vertex 39.4667 24.7978 8
      vertex 41.2921 29.0921 8
    endloop
  endfacet
  facet normal 0 0 -1
    outer loop
      vertex 39.3657 24.8583 8
      vertex 41.2921 29.0921 8
      vertex 39.4667 24.7978 8
    endloop
  endfacet
  facet normal -0 0 -1
    outer loop
      vertex 41.2921 29.0921 8
      vertex 39.3657 24.8583 8
      vertex 40.9871 29.2012 8
    endloop
  endfacet
  facet normal 0 0 -1
    outer loop
      vertex 39.2592 24.9087 8
      vertex 40.9871 29.2012 8
      vertex 39.3657 24.8583 8
    endloop
  endfacet
  facet normal 0 0 -1
    outer loop
      vertex 39.1483 24.9483 8
      vertex 40.9871 29.2012 8
      vertex 39.2592 24.9087 8
    endloop
  endfacet
  facet normal -0 0 -1
    outer loop
      vertex 40.9871 29.2012 8
      vertex 39.1483 24.9483 8
      vertex 40.6944 29.3397 8
    endloop
  endfacet
  facet normal 0 0 -1
    outer loop
      vertex 39.0341 24.9769 8
      vertex 40.6944 29.3397 8
      vertex 39.1483 24.9483 8
    endloop
  endfacet
  facet normal -0 0 -1
    outer loop
      vertex 40.6944 29.3397 8
      vertex 39.0341 24.9769 8
      vertex 40.4166 29.5061 8
    endloop
  endfacet
  facet normal 0 0 -1
    outer loop
      vertex 38.9176 24.9942 8
      vertex 40.4166 29.5061 8
      vertex 39.0341 24.9769 8
    endloop
  endfacet
  facet normal 0 0 -1
    outer loop
      vertex 38.8 25 8
      vertex 40.4166 29.5061 8
      vertex 38.9176 24.9942 8
    endloop
  endfacet
  facet normal -0 0 -1
    outer loop
      vertex 40.4166 29.5061 8
      vertex 38.8 25 8
      vertex 40.1565 29.6991 8
    endloop
  endfacet
  facet normal -0 0 -1
    outer loop
      vertex 40.1565 29.6991 8
      vertex 38.8 25 8
      vertex 39.9165 29.9165 8
    endloop
  endfacet
  facet normal -0 0 -1
    outer loop
      vertex 39.9165 29.9165 8
      vertex 38.8 25 8
      vertex 39.6991 30.1565 8
    endloop
  endfacet
  facet normal -0 0 -1
    outer loop
      vertex 39.6991 30.1565 8
      vertex 38.8 25 8
      vertex 39.5061 30.4166 8
    endloop
  endfacet
  facet normal -0 0 -1
    outer loop
      vertex 39.5061 30.4166 8
      vertex 38.8 25 8
      vertex 39.3397 30.6944 8
    endloop
  endfacet
  facet normal 0 0 -1
    outer loop
      vertex 31.1603 30.6944 8
      vertex 39.3397 30.6944 8
      vertex 38.8 25 8
    endloop
  endfacet
  facet normal 0 0 -1
    outer loop
      vertex 31.5341 31.9265 8
      vertex 39.2012 30.9871 8
      vertex 39.3397 30.6944 8
    endloop
  endfacet
  facet normal 0 0 -1
    outer loop
      vertex 31.5341 31.9265 8
      vertex 39.0921 31.2921 8
      vertex 39.2012 30.9871 8
    endloop
  endfacet
  facet normal 0 0 -1
    outer loop
      vertex 31.5341 31.9265 8
      vertex 39.0134 31.6062 8
      vertex 39.0921 31.2921 8
    endloop
  endfacet
  facet normal 0 0 -1
    outer loop
      vertex 45.1553 16.3578 8
      vertex 43.3856 16.3963 8
      vertex 45.1711 16.4646 8
    endloop
  endfacet
  facet normal 0 0 -1
    outer loop
      vertex 45.2337 16.671 8
      vertex 45.1964 19.2942 8
      vertex 45.2 19.3677 8
    endloop
  endfacet
  facet normal 0 0 -1
    outer loop
      vertex 45.2337 16.671 8
      vertex 45.1856 19.2214 8
      vertex 45.1964 19.2942 8
    endloop
  endfacet
  facet normal 0 0 -1
    outer loop
      vertex 43.3856 16.3963 8
      vertex 45.1553 16.3578 8
      vertex 43.3964 16.3235 8
    endloop
  endfacet
  facet normal 0 0 -1
    outer loop
      vertex 45.2337 16.671 8
      vertex 45.1677 19.15 8
      vertex 45.1856 19.2214 8
    endloop
  endfacet
  facet normal 0 0 -1
    outer loop
      vertex 45.15 16.25 8
      vertex 43.3964 16.3235 8
      vertex 45.1553 16.3578 8
    endloop
  endfacet
  facet normal 0 0 -1
    outer loop
      vertex 43.3964 16.3235 8
      vertex 45.15 16.25 8
      vertex 43.4 16.25 8
    endloop
  endfacet
  facet normal 0 0 -1
    outer loop
      vertex 45.2337 16.671 8
      vertex 45.1429 19.0807 8
      vertex 45.1677 19.15 8
    endloop
  endfacet
  facet normal -0 0 -1
    outer loop
      vertex 45.5522 15.3997 8
      vertex 44.6677 13.85 8
      vertex 45.4722 15.4722 8
    endloop
  endfacet
  facet normal 0 0 -1
    outer loop
      vertex 44.5963 13.8679 8
      vertex 45.4722 15.4722 8
      vertex 44.6677 13.85 8
    endloop
  endfacet
  facet normal 0 0 -1
    outer loop
      vertex 45.2337 16.671 8
      vertex 45.1114 19.0141 8
      vertex 45.1429 19.0807 8
    endloop
  endfacet
  facet normal -0 0 -1
    outer loop
      vertex 45.4722 15.4722 8
      vertex 44.5963 13.8679 8
      vertex 45.3997 15.5522 8
    endloop
  endfacet
  facet normal 0 0 -1
    outer loop
      vertex 45.2337 16.671 8
      vertex 45.0736 18.951 8
      vertex 45.1114 19.0141 8
    endloop
  endfacet
  facet normal 0 0 -1
    outer loop
      vertex 44.5235 13.8787 8
      vertex 45.3997 15.5522 8
      vertex 44.5963 13.8679 8
    endloop
  endfacet
  facet normal 0 0 -1
    outer loop
      vertex 45.2337 16.671 8
      vertex 45.0298 18.8919 8
      vertex 45.0736 18.951 8
    endloop
  endfacet
  facet normal 0 0 -1
    outer loop
      vertex 44.45 13.8823 8
      vertex 45.3997 15.5522 8
      vertex 44.5235 13.8787 8
    endloop
  endfacet
  facet normal 0 0 -1
    outer loop
      vertex 45.2337 16.671 8
      vertex 44.9803 18.8374 8
      vertex 45.0298 18.8919 8
    endloop
  endfacet
  facet normal -0 0 -1
    outer loop
      vertex 45.3997 15.5522 8
      vertex 44.45 13.8823 8
      vertex 45.3354 15.6389 8
    endloop
  endfacet
  facet normal 0 0 -1
    outer loop
      vertex 45.2337 16.671 8
      vertex 44.9258 18.7879 8
      vertex 44.9803 18.8374 8
    endloop
  endfacet
  facet normal 0 0 -1
    outer loop
      vertex 44.3765 13.8787 8
      vertex 45.3354 15.6389 8
      vertex 44.45 13.8823 8
    endloop
  endfacet
  facet normal 0 0 -1
    outer loop
      vertex 45.2337 16.671 8
      vertex 44.8667 18.7441 8
      vertex 44.9258 18.7879 8
    endloop
  endfacet
  facet normal -0 0 -1
    outer loop
      vertex 45.3354 15.6389 8
      vertex 44.3765 13.8787 8
      vertex 45.2799 15.7315 8
    endloop
  endfacet
  facet normal 0 0 -1
    outer loop
      vertex 45.2337 16.671 8
      vertex 44.8035 18.7062 8
      vertex 44.8667 18.7441 8
    endloop
  endfacet
  facet normal 0 0 -1
    outer loop
      vertex 43.2736 15.8333 8
      vertex 45.2799 15.7315 8
      vertex 44.3765 13.8787 8
    endloop
  endfacet
  facet normal 0 0 -1
    outer loop
      vertex 43.3677 16.4677 8
      vertex 45.1711 16.4646 8
      vertex 43.3856 16.3963 8
    endloop
  endfacet
  facet normal 0 -0 -1
    outer loop
      vertex 43.3114 15.8965 8
      vertex 45.2799 15.7315 8
      vertex 43.2736 15.8333 8
    endloop
  endfacet
  facet normal 0 0 -1
    outer loop
      vertex 45.2337 16.671 8
      vertex 44.737 18.6748 8
      vertex 44.8035 18.7062 8
    endloop
  endfacet
  facet normal 0 0 -1
    outer loop
      vertex 45.2799 15.7315 8
      vertex 43.3114 15.8965 8
      vertex 45.2337 15.829 8
    endloop
  endfacet
  facet normal 0 0 -1
    outer loop
      vertex 45.2337 16.671 8
      vertex 44.6677 18.65 8
      vertex 44.737 18.6748 8
    endloop
  endfacet
  facet normal 0 0 -1
    outer loop
      vertex 45.2337 15.829 8
      vertex 43.3429 15.963 8
      vertex 45.1974 15.9307 8
    endloop
  endfacet
  facet normal 0 0 -1
    outer loop
      vertex 45.2337 16.671 8
      vertex 44.5963 18.6321 8
      vertex 44.6677 18.65 8
    endloop
  endfacet
  facet normal 0 -0 -1
    outer loop
      vertex 43.3677 16.0323 8
      vertex 45.1974 15.9307 8
      vertex 43.3429 15.963 8
    endloop
  endfacet
  facet normal 0 0 -1
    outer loop
      vertex 45.2337 16.671 8
      vertex 44.5235 18.6213 8
      vertex 44.5963 18.6321 8
    endloop
  endfacet
  facet normal 0 -0 -1
    outer loop
      vertex 43.3429 15.963 8
      vertex 45.2337 15.829 8
      vertex 43.3114 15.8965 8
    endloop
  endfacet
  facet normal 0 0 -1
    outer loop
      vertex 45.2337 16.671 8
      vertex 44.45 18.6177 8
      vertex 44.5235 18.6213 8
    endloop
  endfacet
  facet normal 0 0 -1
    outer loop
      vertex 43.2298 15.7742 8
      vertex 44.3765 13.8787 8
      vertex 44.3037 13.8679 8
    endloop
  endfacet
  facet normal 0 0 -1
    outer loop
      vertex 45.2337 16.671 8
      vertex 44.3765 18.6213 8
      vertex 44.45 18.6177 8
    endloop
  endfacet
  facet normal 0 0 -1
    outer loop
      vertex 43.1803 15.7197 8
      vertex 44.3037 13.8679 8
      vertex 44.2323 13.85 8
    endloop
  endfacet
  facet normal 0 0 -1
    outer loop
      vertex 43.3429 16.537 8
      vertex 45.1974 16.5693 8
      vertex 43.3677 16.4677 8
    endloop
  endfacet
  facet normal 0 0 -1
    outer loop
      vertex 43.1258 15.6702 8
      vertex 44.2323 13.85 8
      vertex 44.163 13.8252 8
    endloop
  endfacet
  facet normal 0 0 -1
    outer loop
      vertex 45.1711 16.4646 8
      vertex 43.3677 16.4677 8
      vertex 45.1974 16.5693 8
    endloop
  endfacet
  facet normal 0 0 -1
    outer loop
      vertex 43.0667 15.6264 8
      vertex 44.163 13.8252 8
      vertex 44.0965 13.7937 8
    endloop
  endfacet
  facet normal -0 0 -1
    outer loop
      vertex 45.1974 16.5693 8
      vertex 43.3429 16.537 8
      vertex 45.2337 16.671 8
    endloop
  endfacet
  facet normal 0 0 -1
    outer loop
      vertex 43.0035 15.5886 8
      vertex 44.0965 13.7937 8
      vertex 44.0333 13.7559 8
    endloop
  endfacet
  facet normal 0 0 -1
    outer loop
      vertex 43.3114 16.6035 8
      vertex 45.2337 16.671 8
      vertex 43.3429 16.537 8
    endloop
  endfacet
  facet normal 0 0 -1
    outer loop
      vertex 42.937 15.5571 8
      vertex 44.0333 13.7559 8
      vertex 43.9742 13.7121 8
    endloop
  endfacet
  facet normal 0 0 -1
    outer loop
      vertex 43.2736 16.6667 8
      vertex 45.2337 16.671 8
      vertex 43.3114 16.6035 8
    endloop
  endfacet
  facet normal 0 0 -1
    outer loop
      vertex 42.8677 15.5323 8
      vertex 43.9742 13.7121 8
      vertex 43.9197 13.6626 8
    endloop
  endfacet
  facet normal -0 0 -1
    outer loop
      vertex 45.2337 16.671 8
      vertex 43.2736 16.6667 8
      vertex 44.3765 18.6213 8
    endloop
  endfacet
  facet normal 0 0 -1
    outer loop
      vertex 42.7963 15.5144 8
      vertex 43.9197 13.6626 8
      vertex 43.8702 13.6081 8
    endloop
  endfacet
  facet normal 0 0 -1
    outer loop
      vertex 43.2298 16.7258 8
      vertex 44.3765 18.6213 8
      vertex 43.2736 16.6667 8
    endloop
  endfacet
  facet normal 0 0 -1
    outer loop
      vertex 42.7235 15.5036 8
      vertex 43.8702 13.6081 8
      vertex 43.8264 13.549 8
    endloop
  endfacet
  facet normal -0 0 -1
    outer loop
      vertex 44.3765 18.6213 8
      vertex 43.2298 16.7258 8
      vertex 44.3037 18.6321 8
    endloop
  endfacet
  facet normal 0 0 -1
    outer loop
      vertex 42.65 15.5 8
      vertex 43.8264 13.549 8
      vertex 43.7886 13.4859 8
    endloop
  endfacet
  facet normal 0 0 -1
    outer loop
      vertex 43.1803 16.7803 8
      vertex 44.3037 18.6321 8
      vertex 43.2298 16.7258 8
    endloop
  endfacet
  facet normal 0 0 -1
    outer loop
      vertex 42.5765 15.5036 8
      vertex 43.7886 13.4859 8
      vertex 43.7571 13.4193 8
    endloop
  endfacet
  facet normal -0 0 -1
    outer loop
      vertex 44.3037 18.6321 8
      vertex 43.1803 16.7803 8
      vertex 44.2323 18.65 8
    endloop
  endfacet
  facet normal 0 0 -1
    outer loop
      vertex 42.5037 15.5144 8
      vertex 43.7571 13.4193 8
      vertex 43.7323 13.35 8
    endloop
  endfacet
  facet normal 0 0 -1
    outer loop
      vertex 43.1258 16.8298 8
      vertex 44.2323 18.65 8
      vertex 43.1803 16.7803 8
    endloop
  endfacet
  facet normal 0 0 -1
    outer loop
      vertex 42.4323 15.5323 8
      vertex 43.7323 13.35 8
      vertex 43.7144 13.2786 8
    endloop
  endfacet
  facet normal -0 0 -1
    outer loop
      vertex 44.2323 18.65 8
      vertex 43.1258 16.8298 8
      vertex 44.163 18.6748 8
    endloop
  endfacet
  facet normal 0 0 -1
    outer loop
      vertex 39.9942 13.5824 8
      vertex 43.7144 13.2786 8
      vertex 43.7036 13.2058 8
    endloop
  endfacet
  facet normal 0 0 -1
    outer loop
      vertex 43.0667 16.8736 8
      vertex 44.163 18.6748 8
      vertex 43.1258 16.8298 8
    endloop
  endfacet
  facet normal 0 0 -1
    outer loop
      vertex 39.9942 13.5824 8
      vertex 43.7036 13.2058 8
      vertex 43.7 13.1323 8
    endloop
  endfacet
  facet normal -0 0 -1
    outer loop
      vertex 44.163 18.6748 8
      vertex 43.0667 16.8736 8
      vertex 44.0965 18.7062 8
    endloop
  endfacet
  facet normal 0 0 -1
    outer loop
      vertex 50.4017 35.6017 8
      vertex 45.5341 31.9265 8
      vertex 45.55 32.25 8
    endloop
  endfacet
  facet normal 0 0 -1
    outer loop
      vertex 47.3886 19.7212 8
      vertex 45.4866 31.6062 8
      vertex 45.5341 31.9265 8
    endloop
  endfacet
  facet normal 0 0 -1
    outer loop
      vertex 45.2 19.3677 8
      vertex 45.5522 17.1003 8
      vertex 45.4722 17.0278 8
    endloop
  endfacet
  facet normal 0 0 -1
    outer loop
      vertex 47.3323 19.5854 8
      vertex 45.1677 19.5854 8
      vertex 47.3571 19.6547 8
    endloop
  endfacet
  facet normal 0 0 -1
    outer loop
      vertex 45.2 19.3677 8
      vertex 45.4722 17.0278 8
      vertex 45.3997 16.9478 8
    endloop
  endfacet
  facet normal 0 0 -1
    outer loop
      vertex 45.2 19.3677 8
      vertex 45.3997 16.9478 8
      vertex 45.3354 16.8611 8
    endloop
  endfacet
  facet normal 0 0 -1
    outer loop
      vertex 45.1677 19.5854 8
      vertex 47.3323 19.5854 8
      vertex 45.1856 19.514 8
    endloop
  endfacet
  facet normal 0 0 -1
    outer loop
      vertex 45.2 19.3677 8
      vertex 45.3354 16.8611 8
      vertex 45.2799 16.7685 8
    endloop
  endfacet
  facet normal 0 0 -1
    outer loop
      vertex 45.2 19.3677 8
      vertex 45.2799 16.7685 8
      vertex 45.2337 16.671 8
    endloop
  endfacet
  facet normal 0 0 -1
    outer loop
      vertex 45.1429 19.6547 8
      vertex 47.3571 19.6547 8
      vertex 45.1677 19.5854 8
    endloop
  endfacet
  facet normal 0 0 -1
    outer loop
      vertex 47.3886 19.7212 8
      vertex 45.4079 31.2921 8
      vertex 45.4866 31.6062 8
    endloop
  endfacet
  facet normal 0 0 -1
    outer loop
      vertex 47.3571 19.6547 8
      vertex 45.1429 19.6547 8
      vertex 47.3886 19.7212 8
    endloop
  endfacet
  facet normal 0 0 -1
    outer loop
      vertex 47.3886 19.7212 8
      vertex 45.2988 30.9871 8
      vertex 45.4079 31.2921 8
    endloop
  endfacet
  facet normal 0 0 -1
    outer loop
      vertex 45.1114 19.7212 8
      vertex 47.3886 19.7212 8
      vertex 45.1429 19.6547 8
    endloop
  endfacet
  facet normal 0 0 -1
    outer loop
      vertex 47.3886 19.7212 8
      vertex 45.1603 30.6944 8
      vertex 45.2988 30.9871 8
    endloop
  endfacet
  facet normal 0 0 -1
    outer loop
      vertex 45.0736 19.7844 8
      vertex 47.3886 19.7212 8
      vertex 45.1114 19.7212 8
    endloop
  endfacet
  facet normal 0 0 -1
    outer loop
      vertex 45.0298 19.8435 8
      vertex 47.3886 19.7212 8
      vertex 45.0736 19.7844 8
    endloop
  endfacet
  facet normal 0 0 -1
    outer loop
      vertex 44.9803 19.898 8
      vertex 47.3886 19.7212 8
      vertex 45.0298 19.8435 8
    endloop
  endfacet
  facet normal 0 0 -1
    outer loop
      vertex 47.3886 19.7212 8
      vertex 44.9939 30.4166 8
      vertex 45.1603 30.6944 8
    endloop
  endfacet
  facet normal 0 0 -1
    outer loop
      vertex 44.9258 19.9474 8
      vertex 47.3886 19.7212 8
      vertex 44.9803 19.898 8
    endloop
  endfacet
  facet normal 0 0 -1
    outer loop
      vertex 44.8667 19.9913 8
      vertex 47.3886 19.7212 8
      vertex 44.9258 19.9474 8
    endloop
  endfacet
  facet normal 0 0 -1
    outer loop
      vertex 44.8035 20.0291 8
      vertex 47.3886 19.7212 8
      vertex 44.8667 19.9913 8
    endloop
  endfacet
  facet normal 0 0 -1
    outer loop
      vertex 44.737 20.0606 8
      vertex 47.3886 19.7212 8
      vertex 44.8035 20.0291 8
    endloop
  endfacet
  facet normal 0 0 -1
    outer loop
      vertex 47.3886 19.7212 8
      vertex 44.8009 30.1565 8
      vertex 44.9939 30.4166 8
    endloop
  endfacet
  facet normal 0 0 -1
    outer loop
      vertex 47.3886 19.7212 8
      vertex 44.737 20.0606 8
      vertex 44.0834 29.5061 8
    endloop
  endfacet
  facet normal 0 0 -1
    outer loop
      vertex 43.8056 29.3397 8
      vertex 44.737 20.0606 8
      vertex 44.6677 20.0854 8
    endloop
  endfacet
  facet normal 0 0 -1
    outer loop
      vertex 43.8056 29.3397 8
      vertex 44.6677 20.0854 8
      vertex 44.5963 20.1033 8
    endloop
  endfacet
  facet normal 0 0 -1
    outer loop
      vertex 47.3886 19.7212 8
      vertex 44.5835 29.9165 8
      vertex 44.8009 30.1565 8
    endloop
  endfacet
  facet normal 0 0 -1
    outer loop
      vertex 43.5129 29.2012 8
      vertex 44.5963 20.1033 8
      vertex 44.5235 20.1141 8
    endloop
  endfacet
  facet normal 0 0 -1
    outer loop
      vertex 43.5129 29.2012 8
      vertex 44.5235 20.1141 8
      vertex 44.45 20.1177 8
    endloop
  endfacet
  facet normal 0 0 -1
    outer loop
      vertex 43.5129 29.2012 8
      vertex 44.45 20.1177 8
      vertex 44.3765 20.1141 8
    endloop
  endfacet
  facet normal 0 0 -1
    outer loop
      vertex 47.3886 19.7212 8
      vertex 44.3435 29.6991 8
      vertex 44.5835 29.9165 8
    endloop
  endfacet
  facet normal 0 0 -1
    outer loop
      vertex 43.5129 29.2012 8
      vertex 44.3765 20.1141 8
      vertex 44.3037 20.1033 8
    endloop
  endfacet
  facet normal 0 0 -1
    outer loop
      vertex 43.5129 29.2012 8
      vertex 44.3037 20.1033 8
      vertex 44.2323 20.0854 8
    endloop
  endfacet
  facet normal 0 0 -1
    outer loop
      vertex 43.5129 29.2012 8
      vertex 44.2323 20.0854 8
      vertex 44.163 20.0606 8
    endloop
  endfacet
  facet normal 0 0 -1
    outer loop
      vertex 43.5129 29.2012 8
      vertex 44.163 20.0606 8
      vertex 44.0965 20.0291 8
    endloop
  endfacet
  facet normal 0 0 -1
    outer loop
      vertex 47.3886 19.7212 8
      vertex 44.0834 29.5061 8
      vertex 44.3435 29.6991 8
    endloop
  endfacet
  facet normal 0 0 -1
    outer loop
      vertex 43.5129 29.2012 8
      vertex 44.0965 20.0291 8
      vertex 44.0333 19.9913 8
    endloop
  endfacet
  facet normal 0 0 -1
    outer loop
      vertex 43.5129 29.2012 8
      vertex 44.0333 19.9913 8
      vertex 43.9742 19.9474 8
    endloop
  endfacet
  facet normal 0 0 -1
    outer loop
      vertex 43.5129 29.2012 8
      vertex 43.9742 19.9474 8
      vertex 43.9197 19.898 8
    endloop
  endfacet
  facet normal 0 0 -1
    outer loop
      vertex 43.5129 29.2012 8
      vertex 43.9197 19.898 8
      vertex 43.8702 19.8435 8
    endloop
  endfacet
  facet normal 0 0 -1
    outer loop
      vertex 43.5129 29.2012 8
      vertex 43.8702 19.8435 8
      vertex 43.8264 19.7844 8
    endloop
  endfacet
  facet normal 0 0 -1
    outer loop
      vertex 44.737 20.0606 8
      vertex 43.8056 29.3397 8
      vertex 44.0834 29.5061 8
    endloop
  endfacet
  facet normal 0 0 -1
    outer loop
      vertex 43.5129 29.2012 8
      vertex 43.8264 19.7844 8
      vertex 43.7886 19.7212 8
    endloop
  endfacet
  facet normal 0 0 -1
    outer loop
      vertex 43.5129 29.2012 8
      vertex 43.7886 19.7212 8
      vertex 43.7571 19.6547 8
    endloop
  endfacet
  facet normal 0 0 -1
    outer loop
      vertex 43.5129 29.2012 8
      vertex 43.7571 19.6547 8
      vertex 43.7323 19.5854 8
    endloop
  endfacet
  facet normal 0 0 -1
    outer loop
      vertex 43.5129 29.2012 8
      vertex 43.7323 19.5854 8
      vertex 43.7144 19.514 8
    endloop
  endfacet
  facet normal 0 0 -1
    outer loop
      vertex 43.5129 29.2012 8
      vertex 43.7144 19.514 8
      vertex 43.7036 19.4412 8
    endloop
  endfacet
  facet normal -0 0 -1
    outer loop
      vertex 44.0965 18.7062 8
      vertex 43.0035 16.9114 8
      vertex 44.0333 18.7441 8
    endloop
  endfacet
  facet normal 0 0 -1
    outer loop
      vertex 44.5963 20.1033 8
      vertex 43.5129 29.2012 8
      vertex 43.8056 29.3397 8
    endloop
  endfacet
  facet normal 0 0 -1
    outer loop
      vertex 44.9258 13.7121 8
      vertex 45.829 15.2337 8
      vertex 44.9803 13.6626 8
    endloop
  endfacet
  facet normal 0 0 -1
    outer loop
      vertex 44.8667 13.7559 8
      vertex 45.829 15.2337 8
      vertex 44.9258 13.7121 8
    endloop
  endfacet
  facet normal -0 0 -1
    outer loop
      vertex 45.829 15.2337 8
      vertex 44.8667 13.7559 8
      vertex 45.7315 15.2799 8
    endloop
  endfacet
  facet normal 0 0 -1
    outer loop
      vertex 44.8035 13.7937 8
      vertex 45.7315 15.2799 8
      vertex 44.8667 13.7559 8
    endloop
  endfacet
  facet normal -0 0 -1
    outer loop
      vertex 45.7315 15.2799 8
      vertex 44.8035 13.7937 8
      vertex 45.6389 15.3354 8
    endloop
  endfacet
  facet normal 0 0 -1
    outer loop
      vertex 44.737 13.8252 8
      vertex 45.6389 15.3354 8
      vertex 44.8035 13.7937 8
    endloop
  endfacet
  facet normal -0 0 -1
    outer loop
      vertex 45.6389 15.3354 8
      vertex 44.737 13.8252 8
      vertex 45.5522 15.3997 8
    endloop
  endfacet
  facet normal 0 0 -1
    outer loop
      vertex 44.6677 13.85 8
      vertex 45.5522 15.3997 8
      vertex 44.737 13.8252 8
    endloop
  endfacet
  facet normal 0 0 -1
    outer loop
      vertex 48.337 13.8252 8
      vertex 49.4333 15.6264 8
      vertex 48.4035 13.7937 8
    endloop
  endfacet
  facet normal 0 0 -1
    outer loop
      vertex 49.1 16.25 8
      vertex 48.7964 19.2942 8
      vertex 48.8 19.3677 8
    endloop
  endfacet
  facet normal -0 0 -1
    outer loop
      vertex 49.4333 15.6264 8
      vertex 48.337 13.8252 8
      vertex 49.3742 15.6702 8
    endloop
  endfacet
  facet normal 0 0 -1
    outer loop
      vertex 49.1 16.25 8
      vertex 48.7856 19.2214 8
      vertex 48.7964 19.2942 8
    endloop
  endfacet
  facet normal 0 0 -1
    outer loop
      vertex 48.2677 13.85 8
      vertex 49.3742 15.6702 8
      vertex 48.337 13.8252 8
    endloop
  endfacet
  facet normal 0 0 -1
    outer loop
      vertex 49.1 16.25 8
      vertex 48.7677 19.15 8
      vertex 48.7856 19.2214 8
    endloop
  endfacet
  facet normal -0 0 -1
    outer loop
      vertex 49.3742 15.6702 8
      vertex 48.2677 13.85 8
      vertex 49.3197 15.7197 8
    endloop
  endfacet
  facet normal 0 0 -1
    outer loop
      vertex 49.1 16.25 8
      vertex 48.7429 19.0807 8
      vertex 48.7677 19.15 8
    endloop
  endfacet
  facet normal 0 0 -1
    outer loop
      vertex 48.1963 13.8679 8
      vertex 49.3197 15.7197 8
      vertex 48.2677 13.85 8
    endloop
  endfacet
  facet normal 0 0 -1
    outer loop
      vertex 49.1 16.25 8
      vertex 48.7114 19.0141 8
      vertex 48.7429 19.0807 8
    endloop
  endfacet
  facet normal -0 0 -1
    outer loop
      vertex 49.3197 15.7197 8
      vertex 48.1963 13.8679 8
      vertex 49.2702 15.7742 8
    endloop
  endfacet
  facet normal 0 0 -1
    outer loop
      vertex 49.1 16.25 8
      vertex 48.6736 18.951 8
      vertex 48.7114 19.0141 8
    endloop
  endfacet
  facet normal 0 0 -1
    outer loop
      vertex 48.1235 13.8787 8
      vertex 49.2702 15.7742 8
      vertex 48.1963 13.8679 8
    endloop
  endfacet
  facet normal 0 0 -1
    outer loop
      vertex 49.1 16.25 8
      vertex 48.6298 18.8919 8
      vertex 48.6736 18.951 8
    endloop
  endfacet
  facet normal -0 0 -1
    outer loop
      vertex 49.2702 15.7742 8
      vertex 48.1235 13.8787 8
      vertex 49.2264 15.8333 8
    endloop
  endfacet
  facet normal 0 0 -1
    outer loop
      vertex 49.1 16.25 8
      vertex 48.5803 18.8374 8
      vertex 48.6298 18.8919 8
    endloop
  endfacet
  facet normal 0 0 -1
    outer loop
      vertex 47.2201 15.7315 8
      vertex 49.2264 15.8333 8
      vertex 48.1235 13.8787 8
    endloop
  endfacet
  facet normal 0 0 -1
    outer loop
      vertex 49.1 16.25 8
      vertex 48.5258 18.7879 8
      vertex 48.5803 18.8374 8
    endloop
  endfacet
  facet normal -0 0 -1
    outer loop
      vertex 49.2264 15.8333 8
      vertex 47.2201 15.7315 8
      vertex 49.1886 15.8965 8
    endloop
  endfacet
  facet normal 0 0 -1
    outer loop
      vertex 47.3447 16.3578 8
      vertex 49.1 16.25 8
      vertex 47.35 16.25 8
    endloop
  endfacet
  facet normal 0 -0 -1
    outer loop
      vertex 47.2663 15.829 8
      vertex 49.1886 15.8965 8
      vertex 47.2201 15.7315 8
    endloop
  endfacet
  facet normal 0 0 -1
    outer loop
      vertex 47.3289 16.4646 8
      vertex 49.1 16.25 8
      vertex 47.3447 16.3578 8
    endloop
  endfacet
  facet normal -0 0 -1
    outer loop
      vertex 49.1886 15.8965 8
      vertex 47.2663 15.829 8
      vertex 49.1571 15.963 8
    endloop
  endfacet
  facet normal 0 0 -1
    outer loop
      vertex 49.1 16.25 8
      vertex 48.4667 18.7441 8
      vertex 48.5258 18.7879 8
    endloop
  endfacet
  facet normal -0 0 -1
    outer loop
      vertex 49.1571 15.963 8
      vertex 47.3026 15.9307 8
      vertex 49.1323 16.0323 8
    endloop
  endfacet
  facet normal 0 0 -1
    outer loop
      vertex 49.1 16.25 8
      vertex 48.4035 18.7062 8
      vertex 48.4667 18.7441 8
    endloop
  endfacet
  facet normal 0 -0 -1
    outer loop
      vertex 47.3289 16.0354 8
      vertex 49.1323 16.0323 8
      vertex 47.3026 15.9307 8
    endloop
  endfacet
  facet normal 0 0 -1
    outer loop
      vertex 47.3026 16.5693 8
      vertex 49.1 16.25 8
      vertex 47.3289 16.4646 8
    endloop
  endfacet
  facet normal 0 -0 -1
    outer loop
      vertex 47.3026 15.9307 8
      vertex 49.1571 15.963 8
      vertex 47.2663 15.829 8
    endloop
  endfacet
  facet normal 0 0 -1
    outer loop
      vertex 49.1 16.25 8
      vertex 48.337 18.6748 8
      vertex 48.4035 18.7062 8
    endloop
  endfacet
  facet normal 0 0 -1
    outer loop
      vertex 47.1646 15.6389 8
      vertex 48.1235 13.8787 8
      vertex 48.05 13.8823 8
    endloop
  endfacet
  facet normal 0 0 -1
    outer loop
      vertex 47.2663 16.671 8
      vertex 49.1 16.25 8
      vertex 47.3026 16.5693 8
    endloop
  endfacet
  facet normal 0 0 -1
    outer loop
      vertex 47.1003 15.5522 8
      vertex 48.05 13.8823 8
      vertex 47.9765 13.8787 8
    endloop
  endfacet
  facet normal 0 0 -1
    outer loop
      vertex 49.1 16.25 8
      vertex 48.2677 18.65 8
      vertex 48.337 18.6748 8
    endloop
  endfacet
  facet normal 0 0 -1
    outer loop
      vertex 47.1003 15.5522 8
      vertex 47.9765 13.8787 8
      vertex 47.9037 13.8679 8
    endloop
  endfacet
  facet normal 0 0 -1
    outer loop
      vertex 47.2201 16.7685 8
      vertex 49.1 16.25 8
      vertex 47.2663 16.671 8
    endloop
  endfacet
  facet normal 0 0 -1
    outer loop
      vertex 47.0278 15.4722 8
      vertex 47.9037 13.8679 8
      vertex 47.8323 13.85 8
    endloop
  endfacet
  facet normal 0 0 -1
    outer loop
      vertex 49.1 16.25 8
      vertex 48.1963 18.6321 8
      vertex 48.2677 18.65 8
    endloop
  endfacet
  facet normal 0 0 -1
    outer loop
      vertex 46.9478 15.3997 8
      vertex 47.8323 13.85 8
      vertex 47.763 13.8252 8
    endloop
  endfacet
  facet normal 0 0 -1
    outer loop
      vertex 49.1 16.25 8
      vertex 47.2201 16.7685 8
      vertex 48.1963 18.6321 8
    endloop
  endfacet
  facet normal 0 0 -1
    outer loop
      vertex 46.8611 15.3354 8
      vertex 47.763 13.8252 8
      vertex 47.6965 13.7937 8
    endloop
  endfacet
  facet normal 0 0 -1
    outer loop
      vertex 48.1963 18.6321 8
      vertex 47.2201 16.7685 8
      vertex 48.1235 18.6213 8
    endloop
  endfacet
  facet normal 0 0 -1
    outer loop
      vertex 46.7685 15.2799 8
      vertex 47.6965 13.7937 8
      vertex 47.6333 13.7559 8
    endloop
  endfacet
  facet normal 0 0 -1
    outer loop
      vertex 47.1646 16.8611 8
      vertex 48.1235 18.6213 8
      vertex 47.2201 16.7685 8
    endloop
  endfacet
  facet normal 0 0 -1
    outer loop
      vertex 46.671 15.2337 8
      vertex 47.6333 13.7559 8
      vertex 47.5742 13.7121 8
    endloop
  endfacet
  facet normal 0 0 -1
    outer loop
      vertex 48.1235 18.6213 8
      vertex 47.1646 16.8611 8
      vertex 48.05 18.6177 8
    endloop
  endfacet
  facet normal 0 0 -1
    outer loop
      vertex 46.671 15.2337 8
      vertex 47.5742 13.7121 8
      vertex 47.5197 13.6626 8
    endloop
  endfacet
  facet normal 0 0 -1
    outer loop
      vertex 47.1003 16.9478 8
      vertex 48.05 18.6177 8
      vertex 47.1646 16.8611 8
    endloop
  endfacet
  facet normal 0 0 -1
    outer loop
      vertex 46.5693 15.1974 8
      vertex 47.5197 13.6626 8
      vertex 47.4702 13.6081 8
    endloop
  endfacet
  facet normal -0 0 -1
    outer loop
      vertex 48.05 18.6177 8
      vertex 47.1003 16.9478 8
      vertex 47.9765 18.6213 8
    endloop
  endfacet
  facet normal 0 0 -1
    outer loop
      vertex 46.4646 15.1711 8
      vertex 47.4702 13.6081 8
      vertex 47.4264 13.549 8
    endloop
  endfacet
  facet normal -0 0 -1
    outer loop
      vertex 47.9765 18.6213 8
      vertex 47.1003 16.9478 8
      vertex 47.9037 18.6321 8
    endloop
  endfacet
  facet normal 0 0 -1
    outer loop
      vertex 46.3578 15.1553 8
      vertex 47.4264 13.549 8
      vertex 47.3886 13.4859 8
    endloop
  endfacet
  facet normal 0 0 -1
    outer loop
      vertex 47.0278 17.0278 8
      vertex 47.9037 18.6321 8
      vertex 47.1003 16.9478 8
    endloop
  endfacet
  facet normal 0 0 -1
    outer loop
      vertex 46.25 15.15 8
      vertex 47.3886 13.4859 8
      vertex 47.3571 13.4193 8
    endloop
  endfacet
  facet normal -0 0 -1
    outer loop
      vertex 47.9037 18.6321 8
      vertex 47.0278 17.0278 8
      vertex 47.8323 18.65 8
    endloop
  endfacet
  facet normal 0 0 -1
    outer loop
      vertex 46.9478 17.1003 8
      vertex 47.8323 18.65 8
      vertex 47.0278 17.0278 8
    endloop
  endfacet
  facet normal 0 0 -1
    outer loop
      vertex 49.1036 16.1765 8
      vertex 47.35 16.25 8
      vertex 49.1 16.25 8
    endloop
  endfacet
  facet normal 0 0 -1
    outer loop
      vertex 45.1856 13.2786 8
      vertex 47.3144 13.2786 8
      vertex 45.1964 13.2058 8
    endloop
  endfacet
  facet normal 0 -0 -1
    outer loop
      vertex 47.35 16.25 8
      vertex 49.1036 16.1765 8
      vertex 47.3447 16.1422 8
    endloop
  endfacet
  facet normal 0 0 -1
    outer loop
      vertex 47.3036 13.2058 8
      vertex 45.1964 13.2058 8
      vertex 47.3144 13.2786 8
    endloop
  endfacet
  facet normal 0 0 -1
    outer loop
      vertex 45.1964 13.2058 8
      vertex 47.3036 13.2058 8
      vertex 45.2 13.1323 8
    endloop
  endfacet
  facet normal 0 0 -1
    outer loop
      vertex 49.1144 16.1037 8
      vertex 47.3447 16.1422 8
      vertex 49.1036 16.1765 8
    endloop
  endfacet
  facet normal 0 0 -1
    outer loop
      vertex 45.2 13.1323 8
      vertex 47.3036 13.2058 8
      vertex 47.3 13.1323 8
    endloop
  endfacet
  facet normal 0 -0 -1
    outer loop
      vertex 47.3447 16.1422 8
      vertex 49.1144 16.1037 8
      vertex 47.3289 16.0354 8
    endloop
  endfacet
  facet normal -0 0 -1
    outer loop
      vertex 47.8323 18.65 8
      vertex 46.9478 17.1003 8
      vertex 47.763 18.6748 8
    endloop
  endfacet
  facet normal 0 0 -1
    outer loop
      vertex 46.8611 17.1646 8
      vertex 47.763 18.6748 8
      vertex 46.9478 17.1003 8
    endloop
  endfacet
  facet normal -0 0 -1
    outer loop
      vertex 47.763 18.6748 8
      vertex 46.8611 17.1646 8
      vertex 47.6965 18.7062 8
    endloop
  endfacet
  facet normal 0 0 -1
    outer loop
      vertex 46.7685 17.2201 8
      vertex 47.6965 18.7062 8
      vertex 46.8611 17.1646 8
    endloop
  endfacet
  facet normal -0 0 -1
    outer loop
      vertex 47.6965 18.7062 8
      vertex 46.7685 17.2201 8
      vertex 47.6333 18.7441 8
    endloop
  endfacet
  facet normal 0 0 -1
    outer loop
      vertex 46.671 17.2663 8
      vertex 47.6333 18.7441 8
      vertex 46.7685 17.2201 8
    endloop
  endfacet
  facet normal -0 0 -1
    outer loop
      vertex 47.6333 18.7441 8
      vertex 46.671 17.2663 8
      vertex 47.5742 18.7879 8
    endloop
  endfacet
  facet normal -0 0 -1
    outer loop
      vertex 47.5742 18.7879 8
      vertex 46.671 17.2663 8
      vertex 47.5197 18.8374 8
    endloop
  endfacet
  facet normal 0 0 -1
    outer loop
      vertex 51.8983 6.09834 8
      vertex 54.5 5 8
      vertex 51.9269 5.98411 8
    endloop
  endfacet
  facet normal 0 0 -1
    outer loop
      vertex 54.5 37.5 8
      vertex 51.9442 36.6324 8
      vertex 51.95 36.75 8
    endloop
  endfacet
  facet normal 0 0 -1
    outer loop
      vertex 50.5964 16.3235 8
      vertex 54.5 5 8
      vertex 50.6 16.25 8
    endloop
  endfacet
  facet normal 0 0 -1
    outer loop
      vertex 54.5 37.5 8
      vertex 51.9269 36.5159 8
      vertex 51.9442 36.6324 8
    endloop
  endfacet
  facet normal 0 0 -1
    outer loop
      vertex 51.8587 6.20922 8
      vertex 54.5 5 8
      vertex 51.8983 6.09834 8
    endloop
  endfacet
  facet normal 0 0 -1
    outer loop
      vertex 50.5856 16.3963 8
      vertex 54.5 37.5 8
      vertex 50.5964 16.3235 8
    endloop
  endfacet
  facet normal 0 0 -1
    outer loop
      vertex 51.8083 6.31568 8
      vertex 54.5 5 8
      vertex 51.8587 6.20922 8
    endloop
  endfacet
  facet normal 0 0 -1
    outer loop
      vertex 54.5 37.5 8
      vertex 51.8983 36.4017 8
      vertex 51.9269 36.5159 8
    endloop
  endfacet
  facet normal 0 0 -1
    outer loop
      vertex 51.7478 6.41668 8
      vertex 54.5 5 8
      vertex 51.8083 6.31568 8
    endloop
  endfacet
  facet normal 0 0 -1
    outer loop
      vertex 50.5677 16.4677 8
      vertex 54.5 37.5 8
      vertex 50.5856 16.3963 8
    endloop
  endfacet
  facet normal 0 0 -1
    outer loop
      vertex 51.6776 6.51127 8
      vertex 54.5 5 8
      vertex 51.7478 6.41668 8
    endloop
  endfacet
  facet normal 0 0 -1
    outer loop
      vertex 54.5 5 8
      vertex 50.5964 16.3235 8
      vertex 54.5 37.5 8
    endloop
  endfacet
  facet normal 0 0 -1
    outer loop
      vertex 51.5985 6.59853 8
      vertex 54.5 5 8
      vertex 51.6776 6.51127 8
    endloop
  endfacet
  facet normal 0 0 -1
    outer loop
      vertex 54.5 37.5 8
      vertex 51.8587 36.2908 8
      vertex 51.8983 36.4017 8
    endloop
  endfacet
  facet normal 0 0 -1
    outer loop
      vertex 50.4736 15.8333 8
      vertex 54.5 5 8
      vertex 51.5985 6.59853 8
    endloop
  endfacet
  facet normal 0 0 -1
    outer loop
      vertex 50.5429 16.537 8
      vertex 54.5 37.5 8
      vertex 50.5677 16.4677 8
    endloop
  endfacet
  facet normal 0 0 -1
    outer loop
      vertex 50.4736 15.8333 8
      vertex 51.5985 6.59853 8
      vertex 51.5113 6.67761 8
    endloop
  endfacet
  facet normal 0 0 -1
    outer loop
      vertex 54.5 37.5 8
      vertex 51.8083 36.1843 8
      vertex 51.8587 36.2908 8
    endloop
  endfacet
  facet normal 0 0 -1
    outer loop
      vertex 50.4298 15.7742 8
      vertex 51.5113 6.67761 8
      vertex 51.4167 6.74776 8
    endloop
  endfacet
  facet normal 0 0 -1
    outer loop
      vertex 50.5114 16.6035 8
      vertex 54.5 37.5 8
      vertex 50.5429 16.537 8
    endloop
  endfacet
  facet normal 0 0 -1
    outer loop
      vertex 50.3803 15.7197 8
      vertex 51.4167 6.74776 8
      vertex 51.3157 6.8083 8
    endloop
  endfacet
  facet normal 0 0 -1
    outer loop
      vertex 54.5 37.5 8
      vertex 51.7478 36.0833 8
      vertex 51.8083 36.1843 8
    endloop
  endfacet
  facet normal 0 0 -1
    outer loop
      vertex 48.7677 12.9146 8
      vertex 51.3157 6.8083 8
      vertex 51.2092 6.85865 8
    endloop
  endfacet
  facet normal 0 0 -1
    outer loop
      vertex 50.4736 16.6667 8
      vertex 54.5 37.5 8
      vertex 50.5114 16.6035 8
    endloop
  endfacet
  facet normal 0 0 -1
    outer loop
      vertex 48.7429 12.8453 8
      vertex 51.2092 6.85865 8
      vertex 51.0983 6.89833 8
    endloop
  endfacet
  facet normal 0 0 -1
    outer loop
      vertex 54.5 37.5 8
      vertex 51.6776 35.9887 8
      vertex 51.7478 36.0833 8
    endloop
  endfacet
  facet normal 0 0 -1
    outer loop
      vertex 48.6736 12.7156 8
      vertex 51.0983 6.89833 8
      vertex 50.9841 6.92694 8
    endloop
  endfacet
  facet normal 0 0 -1
    outer loop
      vertex 50.4298 16.7258 8
      vertex 54.5 37.5 8
      vertex 50.4736 16.6667 8
    endloop
  endfacet
  facet normal 0 0 -1
    outer loop
      vertex 48.6298 12.6565 8
      vertex 50.9841 6.92694 8
      vertex 50.8676 6.94422 8
    endloop
  endfacet
  facet normal 0 0 -1
    outer loop
      vertex 54.5 37.5 8
      vertex 51.5985 35.9015 8
      vertex 51.6776 35.9887 8
    endloop
  endfacet
  facet normal 0 0 -1
    outer loop
      vertex 48.5803 12.602 8
      vertex 50.8676 6.94422 8
      vertex 50.75 6.95 8
    endloop
  endfacet
  facet normal 0 0 -1
    outer loop
      vertex 48.7429 19.6547 8
      vertex 54.5 37.5 8
      vertex 50.4298 16.7258 8
    endloop
  endfacet
  facet normal 0 0 -1
    outer loop
      vertex 48.5258 12.5526 8
      vertex 50.75 6.95 8
      vertex 50.6324 6.94422 8
    endloop
  endfacet
  facet normal 0 0 -1
    outer loop
      vertex 48.7114 19.7212 8
      vertex 54.5 37.5 8
      vertex 48.7429 19.6547 8
    endloop
  endfacet
  facet normal 0 0 -1
    outer loop
      vertex 48.6736 19.7844 8
      vertex 54.5 37.5 8
      vertex 48.7114 19.7212 8
    endloop
  endfacet
  facet normal 0 0 -1
    outer loop
      vertex 54.5 5 8
      vertex 50.5964 16.1765 8
      vertex 50.6 16.25 8
    endloop
  endfacet
  facet normal 0 0 -1
    outer loop
      vertex 54.5 5 8
      vertex 50.5856 16.1037 8
      vertex 50.5964 16.1765 8
    endloop
  endfacet
  facet normal 0 0 -1
    outer loop
      vertex 54.5 5 8
      vertex 50.5677 16.0323 8
      vertex 50.5856 16.1037 8
    endloop
  endfacet
  facet normal 0 0 -1
    outer loop
      vertex 54.5 5 8
      vertex 50.5429 15.963 8
      vertex 50.5677 16.0323 8
    endloop
  endfacet
  facet normal 0 0 -1
    outer loop
      vertex 48.4667 12.5087 8
      vertex 50.6324 6.94422 8
      vertex 50.5159 6.92694 8
    endloop
  endfacet
  facet normal 0 0 -1
    outer loop
      vertex 54.5 5 8
      vertex 50.5114 15.8965 8
      vertex 50.5429 15.963 8
    endloop
  endfacet
  facet normal 0 0 -1
    outer loop
      vertex 54.5 5 8
      vertex 50.4736 15.8333 8
      vertex 50.5114 15.8965 8
    endloop
  endfacet
  facet normal 0 0 -1
    outer loop
      vertex 51.5113 6.67761 8
      vertex 50.4298 15.7742 8
      vertex 50.4736 15.8333 8
    endloop
  endfacet
  facet normal 0 0 -1
    outer loop
      vertex 48.4035 12.4709 8
      vertex 50.5159 6.92694 8
      vertex 50.4017 6.89833 8
    endloop
  endfacet
  facet normal 0 0 -1
    outer loop
      vertex 51.4167 6.74776 8
      vertex 50.3803 15.7197 8
      vertex 50.4298 15.7742 8
    endloop
  endfacet
  facet normal 0 0 -1
    outer loop
      vertex 51.3157 6.8083 8
      vertex 48.7677 12.9146 8
      vertex 50.3803 15.7197 8
    endloop
  endfacet
  facet normal 0 0 -1
    outer loop
      vertex 48.337 12.4394 8
      vertex 50.4017 6.89833 8
      vertex 50.2908 6.85865 8
    endloop
  endfacet
  facet normal 0 -0 -1
    outer loop
      vertex 48.7856 12.986 8
      vertex 50.3803 15.7197 8
      vertex 48.7677 12.9146 8
    endloop
  endfacet
  facet normal 0 0 -1
    outer loop
      vertex 50.3803 15.7197 8
      vertex 48.7856 12.986 8
      vertex 50.3258 15.6702 8
    endloop
  endfacet
  facet normal 0 0 -1
    outer loop
      vertex 48.2677 12.4146 8
      vertex 50.2908 6.85865 8
      vertex 50.1843 6.8083 8
    endloop
  endfacet
  facet normal 0 -0 -1
    outer loop
      vertex 48.7964 13.0588 8
      vertex 50.3258 15.6702 8
      vertex 48.7856 12.986 8
    endloop
  endfacet
  facet normal 0 0 -1
    outer loop
      vertex 48.1235 12.3859 8
      vertex 50.1843 6.8083 8
      vertex 50.0833 6.74776 8
    endloop
  endfacet
  facet normal 0 0 -1
    outer loop
      vertex 50.3258 15.6702 8
      vertex 48.7964 13.0588 8
      vertex 50.2667 15.6264 8
    endloop
  endfacet
  facet normal 0 -0 -1
    outer loop
      vertex 48.8 13.1323 8
      vertex 50.2667 15.6264 8
      vertex 48.7964 13.0588 8
    endloop
  endfacet
  facet normal 0 0 -1
    outer loop
      vertex 48.05 12.3823 8
      vertex 50.0833 6.74776 8
      vertex 49.9887 6.67761 8
    endloop
  endfacet
  facet normal 0 0 -1
    outer loop
      vertex 48.7964 13.2058 8
      vertex 50.2035 15.5886 8
      vertex 48.8 13.1323 8
    endloop
  endfacet
  facet normal 0 0 -1
    outer loop
      vertex 47.9765 12.3859 8
      vertex 49.9887 6.67761 8
      vertex 49.9015 6.59853 8
    endloop
  endfacet
  facet normal 0 0 -1
    outer loop
      vertex 50.2035 15.5886 8
      vertex 48.7964 13.2058 8
      vertex 50.137 15.5571 8
    endloop
  endfacet
  facet normal 0 0 -1
    outer loop
      vertex 47.9037 12.3967 8
      vertex 49.9015 6.59853 8
      vertex 49.8224 6.51127 8
    endloop
  endfacet
  facet normal 0 0 -1
    outer loop
      vertex 48.7856 13.2786 8
      vertex 50.137 15.5571 8
      vertex 48.7964 13.2058 8
    endloop
  endfacet
  facet normal 0 0 -1
    outer loop
      vertex 47.8323 12.4146 8
      vertex 49.8224 6.51127 8
      vertex 49.7522 6.41668 8
    endloop
  endfacet
  facet normal 0 0 -1
    outer loop
      vertex 50.137 15.5571 8
      vertex 48.7856 13.2786 8
      vertex 50.0677 15.5323 8
    endloop
  endfacet
  facet normal 0 0 -1
    outer loop
      vertex 44.737 12.4394 8
      vertex 49.7522 6.41668 8
      vertex 49.6917 6.31568 8
    endloop
  endfacet
  facet normal 0 0 -1
    outer loop
      vertex 44.6677 12.4146 8
      vertex 49.6917 6.31568 8
      vertex 49.6413 6.20922 8
    endloop
  endfacet
  facet normal 0 0 -1
    outer loop
      vertex 48.7677 13.35 8
      vertex 50.0677 15.5323 8
      vertex 48.7856 13.2786 8
    endloop
  endfacet
  facet normal 0 0 -1
    outer loop
      vertex 44.5235 12.3859 8
      vertex 49.6413 6.20922 8
      vertex 49.6017 6.09834 8
    endloop
  endfacet
  facet normal 0 0 -1
    outer loop
      vertex 44.45 12.3823 8
      vertex 49.6017 6.09834 8
      vertex 49.5731 5.98411 8
    endloop
  endfacet
  facet normal 0 0 -1
    outer loop
      vertex 50.0677 15.5323 8
      vertex 48.7677 13.35 8
      vertex 49.9963 15.5144 8
    endloop
  endfacet
  facet normal 0 0 -1
    outer loop
      vertex 44.3765 12.3859 8
      vertex 49.5731 5.98411 8
      vertex 49.5558 5.86762 8
    endloop
  endfacet
  facet normal 0 0 -1
    outer loop
      vertex 44.3037 12.3967 8
      vertex 49.5558 5.86762 8
      vertex 49.55 5.75 8
    endloop
  endfacet
  facet normal 0 0 -1
    outer loop
      vertex 48.7429 13.4193 8
      vertex 49.9963 15.5144 8
      vertex 48.7677 13.35 8
    endloop
  endfacet
  facet normal 0 0 -1
    outer loop
      vertex 51.8983 5.40166 8
      vertex 54.5 5 8
      vertex 54.4856 4.70595 8
    endloop
  endfacet
  facet normal 0 0 -1
    outer loop
      vertex 51.9442 5.86762 8
      vertex 54.5 5 8
      vertex 51.95 5.75 8
    endloop
  endfacet
  facet normal 0 0 -1
    outer loop
      vertex 51.8587 5.29078 8
      vertex 54.4856 4.70595 8
      vertex 54.4424 4.41473 8
    endloop
  endfacet
  facet normal 0 0 -1
    outer loop
      vertex 51.9269 5.98411 8
      vertex 54.5 5 8
      vertex 51.9442 5.86762 8
    endloop
  endfacet
  facet normal 0 0 -1
    outer loop
      vertex 51.8083 5.18432 8
      vertex 54.4424 4.41473 8
      vertex 54.3708 4.12915 8
    endloop
  endfacet
  facet normal 0 0 -1
    outer loop
      vertex 51.9442 36.8676 8
      vertex 54.5 37.5 8
      vertex 51.95 36.75 8
    endloop
  endfacet
  facet normal 0 0 -1
    outer loop
      vertex 51.8083 5.18432 8
      vertex 54.3708 4.12915 8
      vertex 54.2716 3.85195 8
    endloop
  endfacet
  facet normal 0 0 -1
    outer loop
      vertex 51.9269 36.9841 8
      vertex 54.5 37.5 8
      vertex 51.9442 36.8676 8
    endloop
  endfacet
  facet normal 0 0 -1
    outer loop
      vertex 51.7478 5.08331 8
      vertex 54.2716 3.85195 8
      vertex 54.1458 3.58581 8
    endloop
  endfacet
  facet normal 0 0 -1
    outer loop
      vertex 51.8983 37.0983 8
      vertex 54.5 37.5 8
      vertex 51.9269 36.9841 8
    endloop
  endfacet
  facet normal 0 0 -1
    outer loop
      vertex 51.7478 5.08331 8
      vertex 54.1458 3.58581 8
      vertex 53.9944 3.33329 8
    endloop
  endfacet
  facet normal -0 0 -1
    outer loop
      vertex 54.5 37.5 8
      vertex 51.8983 37.0983 8
      vertex 54.4856 37.7941 8
    endloop
  endfacet
  facet normal 0 0 -1
    outer loop
      vertex 51.6776 4.98873 8
      vertex 53.9944 3.33329 8
      vertex 53.819 3.09682 8
    endloop
  endfacet
  facet normal 0 0 -1
    outer loop
      vertex 51.8587 37.2092 8
      vertex 54.4856 37.7941 8
      vertex 51.8983 37.0983 8
    endloop
  endfacet
  facet normal 0 0 -1
    outer loop
      vertex 51.5985 4.90147 8
      vertex 53.819 3.09682 8
      vertex 53.6213 2.87868 8
    endloop
  endfacet
  facet normal -0 0 -1
    outer loop
      vertex 54.4856 37.7941 8
      vertex 51.8587 37.2092 8
      vertex 54.4424 38.0853 8
    endloop
  endfacet
  facet normal 0 0 -1
    outer loop
      vertex 51.5985 4.90147 8
      vertex 53.6213 2.87868 8
      vertex 53.4032 2.68097 8
    endloop
  endfacet
  facet normal 0 0 -1
    outer loop
      vertex 51.8083 37.3157 8
      vertex 54.4424 38.0853 8
      vertex 51.8587 37.2092 8
    endloop
  endfacet
  facet normal 0 0 -1
    outer loop
      vertex 51.5113 4.82239 8
      vertex 53.4032 2.68097 8
      vertex 53.1667 2.50559 8
    endloop
  endfacet
  facet normal -0 0 -1
    outer loop
      vertex 54.4424 38.0853 8
      vertex 51.8083 37.3157 8
      vertex 54.3708 38.3709 8
    endloop
  endfacet
  facet normal 0 0 -1
    outer loop
      vertex 51.5113 4.82239 8
      vertex 53.1667 2.50559 8
      vertex 52.9142 2.35424 8
    endloop
  endfacet
  facet normal -0 0 -1
    outer loop
      vertex 54.3708 38.3709 8
      vertex 51.8083 37.3157 8
      vertex 54.2716 38.648 8
    endloop
  endfacet
  facet normal 0 0 -1
    outer loop
      vertex 51.4167 4.75224 8
      vertex 52.9142 2.35424 8
      vertex 52.648 2.22836 8
    endloop
  endfacet
  facet normal 0 0 -1
    outer loop
      vertex 51.7478 37.4167 8
      vertex 54.2716 38.648 8
      vertex 51.8083 37.3157 8
    endloop
  endfacet
  facet normal 0 0 -1
    outer loop
      vertex 51.3157 4.69169 8
      vertex 52.648 2.22836 8
      vertex 52.3709 2.12918 8
    endloop
  endfacet
  facet normal -0 0 -1
    outer loop
      vertex 54.2716 38.648 8
      vertex 51.7478 37.4167 8
      vertex 54.1458 38.9142 8
    endloop
  endfacet
  facet normal 0 0 -1
    outer loop
      vertex 51.3157 4.69169 8
      vertex 52.3709 2.12918 8
      vertex 52.0853 2.05764 8
    endloop
  endfacet
  facet normal -0 0 -1
    outer loop
      vertex 54.1458 38.9142 8
      vertex 51.7478 37.4167 8
      vertex 53.9944 39.1667 8
    endloop
  endfacet
  facet normal 0 0 -1
    outer loop
      vertex 51.6776 37.5113 8
      vertex 53.9944 39.1667 8
      vertex 51.7478 37.4167 8
    endloop
  endfacet
  facet normal 0 0 -1
    outer loop
      vertex 54.5 5 8
      vertex 51.9442 5.63238 8
      vertex 51.95 5.75 8
    endloop
  endfacet
  facet normal 0 0 -1
    outer loop
      vertex 54.5 5 8
      vertex 51.9269 5.51589 8
      vertex 51.9442 5.63238 8
    endloop
  endfacet
  facet normal 0 0 -1
    outer loop
      vertex 54.5 5 8
      vertex 51.8983 5.40166 8
      vertex 51.9269 5.51589 8
    endloop
  endfacet
  facet normal 0 0 -1
    outer loop
      vertex 54.4856 4.70595 8
      vertex 51.8587 5.29078 8
      vertex 51.8983 5.40166 8
    endloop
  endfacet
  facet normal 0 0 -1
    outer loop
      vertex 54.4424 4.41473 8
      vertex 51.8083 5.18432 8
      vertex 51.8587 5.29078 8
    endloop
  endfacet
  facet normal 0 0 -1
    outer loop
      vertex 51.2092 4.64134 8
      vertex 52.0853 2.05764 8
      vertex 51.7941 2.01445 8
    endloop
  endfacet
  facet normal 0 0 -1
    outer loop
      vertex 54.2716 3.85195 8
      vertex 51.7478 5.08331 8
      vertex 51.8083 5.18432 8
    endloop
  endfacet
  facet normal 0 0 -1
    outer loop
      vertex 53.9944 3.33329 8
      vertex 51.6776 4.98873 8
      vertex 51.7478 5.08331 8
    endloop
  endfacet
  facet normal 0 0 -1
    outer loop
      vertex 53.819 3.09682 8
      vertex 51.5985 4.90147 8
      vertex 51.6776 4.98873 8
    endloop
  endfacet
  facet normal 0 0 -1
    outer loop
      vertex 53.4032 2.68097 8
      vertex 51.5113 4.82239 8
      vertex 51.5985 4.90147 8
    endloop
  endfacet
  facet normal 0 0 -1
    outer loop
      vertex 51.0983 4.60167 8
      vertex 51.7941 2.01445 8
      vertex 51.5 2 8
    endloop
  endfacet
  facet normal 0 0 -1
    outer loop
      vertex 52.9142 2.35424 8
      vertex 51.4167 4.75224 8
      vertex 51.5113 4.82239 8
    endloop
  endfacet
  facet normal 0 0 -1
    outer loop
      vertex 52.648 2.22836 8
      vertex 51.3157 4.69169 8
      vertex 51.4167 4.75224 8
    endloop
  endfacet
  facet normal 0 0 -1
    outer loop
      vertex 52.0853 2.05764 8
      vertex 51.2092 4.64134 8
      vertex 51.3157 4.69169 8
    endloop
  endfacet
  facet normal 0 0 -1
    outer loop
      vertex 51.7941 2.01445 8
      vertex 51.0983 4.60167 8
      vertex 51.2092 4.64134 8
    endloop
  endfacet
  facet normal 0 0 -1
    outer loop
      vertex 51.5 2 8
      vertex 50.9841 4.57306 8
      vertex 51.0983 4.60167 8
    endloop
  endfacet
  facet normal 0 0 -1
    outer loop
      vertex 51.5 2 8
      vertex 50.8676 4.55578 8
      vertex 50.9841 4.57306 8
    endloop
  endfacet
  facet normal 0 0 -1
    outer loop
      vertex 51.5 2 8
      vertex 50.75 4.55 8
      vertex 50.8676 4.55578 8
    endloop
  endfacet
  facet normal 0 0 -1
    outer loop
      vertex 51.5 2 8
      vertex 50.6324 4.55578 8
      vertex 50.75 4.55 8
    endloop
  endfacet
  facet normal 0 0 -1
    outer loop
      vertex 51.5 2 8
      vertex 50.5159 4.57306 8
      vertex 50.6324 4.55578 8
    endloop
  endfacet
  facet normal 0 0 -1
    outer loop
      vertex 51.5 2 8
      vertex 50.4017 4.60167 8
      vertex 50.5159 4.57306 8
    endloop
  endfacet
  facet normal 0 0 -1
    outer loop
      vertex 51.5 2 8
      vertex 50.2908 4.64134 8
      vertex 50.4017 4.60167 8
    endloop
  endfacet
  facet normal 0 0 -1
    outer loop
      vertex 51.5 2 8
      vertex 50.1843 4.69169 8
      vertex 50.2908 4.64134 8
    endloop
  endfacet
  facet normal 0 0 -1
    outer loop
      vertex 51.5 2 8
      vertex 50.0833 4.75224 8
      vertex 50.1843 4.69169 8
    endloop
  endfacet
  facet normal 0 0 -1
    outer loop
      vertex 51.5 2 8
      vertex 49.9887 4.82239 8
      vertex 50.0833 4.75224 8
    endloop
  endfacet
  facet normal 0 0 -1
    outer loop
      vertex 51.5 2 8
      vertex 49.9015 4.90147 8
      vertex 49.9887 4.82239 8
    endloop
  endfacet
  facet normal 0 0 -1
    outer loop
      vertex 51.5 2 8
      vertex 49.8224 4.98873 8
      vertex 49.9015 4.90147 8
    endloop
  endfacet
  facet normal 0 0 -1
    outer loop
      vertex 51.5 2 8
      vertex 49.7522 5.08331 8
      vertex 49.8224 4.98873 8
    endloop
  endfacet
  facet normal 0 0 -1
    outer loop
      vertex 38.8 12.5 8
      vertex 49.7522 5.08331 8
      vertex 51.5 2 8
    endloop
  endfacet
  facet normal 0 0 -1
    outer loop
      vertex 49.9963 15.5144 8
      vertex 48.7429 13.4193 8
      vertex 49.9235 15.5036 8
    endloop
  endfacet
  facet normal 0 0 -1
    outer loop
      vertex 49.9235 15.5036 8
      vertex 48.7114 13.4859 8
      vertex 49.85 15.5 8
    endloop
  endfacet
  facet normal 0 0 -1
    outer loop
      vertex 48.6736 13.549 8
      vertex 49.85 15.5 8
      vertex 48.7114 13.4859 8
    endloop
  endfacet
  facet normal -0 0 -1
    outer loop
      vertex 49.85 15.5 8
      vertex 48.6736 13.549 8
      vertex 49.7765 15.5036 8
    endloop
  endfacet
  facet normal 0 0 -1
    outer loop
      vertex 48.6298 13.6081 8
      vertex 49.7765 15.5036 8
      vertex 48.6736 13.549 8
    endloop
  endfacet
  facet normal -0 0 -1
    outer loop
      vertex 49.7765 15.5036 8
      vertex 48.6298 13.6081 8
      vertex 49.7037 15.5144 8
    endloop
  endfacet
  facet normal 0 0 -1
    outer loop
      vertex 48.5803 13.6626 8
      vertex 49.7037 15.5144 8
      vertex 48.6298 13.6081 8
    endloop
  endfacet
  facet normal -0 0 -1
    outer loop
      vertex 49.7037 15.5144 8
      vertex 48.5803 13.6626 8
      vertex 49.6323 15.5323 8
    endloop
  endfacet
  facet normal -0 0 -1
    outer loop
      vertex 49.6323 15.5323 8
      vertex 48.5258 13.7121 8
      vertex 49.563 15.5571 8
    endloop
  endfacet
  facet normal 0 0 -1
    outer loop
      vertex 48.4667 13.7559 8
      vertex 49.563 15.5571 8
      vertex 48.5258 13.7121 8
    endloop
  endfacet
  facet normal -0 0 -1
    outer loop
      vertex 49.563 15.5571 8
      vertex 48.4667 13.7559 8
      vertex 49.4965 15.5886 8
    endloop
  endfacet
  facet normal 0 0 -1
    outer loop
      vertex 48.4035 13.7937 8
      vertex 49.4965 15.5886 8
      vertex 48.4667 13.7559 8
    endloop
  endfacet
  facet normal 0 0 -1
    outer loop
      vertex 44.2323 12.4146 8
      vertex 49.55 5.75 8
      vertex 49.5558 5.63238 8
    endloop
  endfacet
  facet normal 0 0 -1
    outer loop
      vertex 48.5258 13.7121 8
      vertex 49.6323 15.5323 8
      vertex 48.5803 13.6626 8
    endloop
  endfacet
  facet normal 0 0 -1
    outer loop
      vertex 48.7114 13.4859 8
      vertex 49.9235 15.5036 8
      vertex 48.7429 13.4193 8
    endloop
  endfacet
  facet normal 0 0 -1
    outer loop
      vertex 50.2667 15.6264 8
      vertex 48.8 13.1323 8
      vertex 50.2035 15.5886 8
    endloop
  endfacet
  facet normal 0 0 -1
    outer loop
      vertex 51.2092 6.85865 8
      vertex 48.7429 12.8453 8
      vertex 48.7677 12.9146 8
    endloop
  endfacet
  facet normal 0 0 -1
    outer loop
      vertex 51.0983 6.89833 8
      vertex 48.7114 12.7788 8
      vertex 48.7429 12.8453 8
    endloop
  endfacet
  facet normal 0 0 -1
    outer loop
      vertex 51.0983 6.89833 8
      vertex 48.6736 12.7156 8
      vertex 48.7114 12.7788 8
    endloop
  endfacet
  facet normal 0 0 -1
    outer loop
      vertex 50.9841 6.92694 8
      vertex 48.6298 12.6565 8
      vertex 48.6736 12.7156 8
    endloop
  endfacet
  facet normal 0 0 -1
    outer loop
      vertex 50.8676 6.94422 8
      vertex 48.5803 12.602 8
      vertex 48.6298 12.6565 8
    endloop
  endfacet
  facet normal 0 0 -1
    outer loop
      vertex 50.75 6.95 8
      vertex 48.5258 12.5526 8
      vertex 48.5803 12.602 8
    endloop
  endfacet
  facet normal 0 0 -1
    outer loop
      vertex 39.1483 12.5517 8
      vertex 49.5558 5.63238 8
      vertex 49.5731 5.51589 8
    endloop
  endfacet
  facet normal 0 0 -1
    outer loop
      vertex 50.6324 6.94422 8
      vertex 48.4667 12.5087 8
      vertex 48.5258 12.5526 8
    endloop
  endfacet
  facet normal 0 0 -1
    outer loop
      vertex 50.5159 6.92694 8
      vertex 48.4035 12.4709 8
      vertex 48.4667 12.5087 8
    endloop
  endfacet
  facet normal 0 0 -1
    outer loop
      vertex 50.4017 6.89833 8
      vertex 48.337 12.4394 8
      vertex 48.4035 12.4709 8
    endloop
  endfacet
  facet normal 0 0 -1
    outer loop
      vertex 50.2908 6.85865 8
      vertex 48.2677 12.4146 8
      vertex 48.337 12.4394 8
    endloop
  endfacet
  facet normal 0 0 -1
    outer loop
      vertex 50.1843 6.8083 8
      vertex 48.1963 12.3967 8
      vertex 48.2677 12.4146 8
    endloop
  endfacet
  facet normal 0 0 -1
    outer loop
      vertex 50.1843 6.8083 8
      vertex 48.1235 12.3859 8
      vertex 48.1963 12.3967 8
    endloop
  endfacet
  facet normal 0 0 -1
    outer loop
      vertex 50.0833 6.74776 8
      vertex 48.05 12.3823 8
      vertex 48.1235 12.3859 8
    endloop
  endfacet
  facet normal 0 0 -1
    outer loop
      vertex 49.9887 6.67761 8
      vertex 47.9765 12.3859 8
      vertex 48.05 12.3823 8
    endloop
  endfacet
  facet normal 0 0 -1
    outer loop
      vertex 49.9015 6.59853 8
      vertex 47.9037 12.3967 8
      vertex 47.9765 12.3859 8
    endloop
  endfacet
  facet normal 0 0 -1
    outer loop
      vertex 49.8224 6.51127 8
      vertex 47.8323 12.4146 8
      vertex 47.9037 12.3967 8
    endloop
  endfacet
  facet normal 0 0 -1
    outer loop
      vertex 39.0341 12.5231 8
      vertex 49.5731 5.51589 8
      vertex 49.6017 5.40166 8
    endloop
  endfacet
  facet normal 0 0 -1
    outer loop
      vertex 49.7522 6.41668 8
      vertex 47.763 12.4394 8
      vertex 47.8323 12.4146 8
    endloop
  endfacet
  facet normal 0 0 -1
    outer loop
      vertex 49.7522 6.41668 8
      vertex 44.737 12.4394 8
      vertex 47.763 12.4394 8
    endloop
  endfacet
  facet normal 0 0 -1
    outer loop
      vertex 47.763 12.4394 8
      vertex 44.737 12.4394 8
      vertex 47.6965 12.4709 8
    endloop
  endfacet
  facet normal 0 -0 -1
    outer loop
      vertex 44.8035 12.4709 8
      vertex 47.6965 12.4709 8
      vertex 44.737 12.4394 8
    endloop
  endfacet
  facet normal 0 0 -1
    outer loop
      vertex 47.6965 12.4709 8
      vertex 44.8035 12.4709 8
      vertex 47.6333 12.5087 8
    endloop
  endfacet
  facet normal 0 -0 -1
    outer loop
      vertex 44.8667 12.5087 8
      vertex 47.6333 12.5087 8
      vertex 44.8035 12.4709 8
    endloop
  endfacet
  facet normal 0 0 -1
    outer loop
      vertex 47.6333 12.5087 8
      vertex 44.8667 12.5087 8
      vertex 47.5742 12.5526 8
    endloop
  endfacet
  facet normal 0 -0 -1
    outer loop
      vertex 44.9258 12.5526 8
      vertex 47.5742 12.5526 8
      vertex 44.8667 12.5087 8
    endloop
  endfacet
  facet normal 0 -0 -1
    outer loop
      vertex 44.9803 12.602 8
      vertex 47.5197 12.602 8
      vertex 44.9258 12.5526 8
    endloop
  endfacet
  facet normal 0 0 -1
    outer loop
      vertex 47.5197 12.602 8
      vertex 44.9803 12.602 8
      vertex 47.4702 12.6565 8
    endloop
  endfacet
  facet normal 0 0 -1
    outer loop
      vertex 49.1323 16.0323 8
      vertex 47.3289 16.0354 8
      vertex 49.1144 16.1037 8
    endloop
  endfacet
  facet normal 0 0 -1
    outer loop
      vertex 48.1235 13.8787 8
      vertex 47.1646 15.6389 8
      vertex 47.2201 15.7315 8
    endloop
  endfacet
  facet normal 0 0 -1
    outer loop
      vertex 45.2 13.1323 8
      vertex 47.3 13.1323 8
      vertex 47.3036 13.0588 8
    endloop
  endfacet
  facet normal 0 0 -1
    outer loop
      vertex 48.05 13.8823 8
      vertex 47.1003 15.5522 8
      vertex 47.1646 15.6389 8
    endloop
  endfacet
  facet normal 0 0 -1
    outer loop
      vertex 47.9037 13.8679 8
      vertex 47.0278 15.4722 8
      vertex 47.1003 15.5522 8
    endloop
  endfacet
  facet normal 0 0 -1
    outer loop
      vertex 47.8323 13.85 8
      vertex 46.9478 15.3997 8
      vertex 47.0278 15.4722 8
    endloop
  endfacet
  facet normal 0 0 -1
    outer loop
      vertex 45.1964 13.0588 8
      vertex 47.3036 13.0588 8
      vertex 47.3144 12.986 8
    endloop
  endfacet
  facet normal 0 0 -1
    outer loop
      vertex 47.763 13.8252 8
      vertex 46.8611 15.3354 8
      vertex 46.9478 15.3997 8
    endloop
  endfacet
  facet normal 0 0 -1
    outer loop
      vertex 47.6965 13.7937 8
      vertex 46.7685 15.2799 8
      vertex 46.8611 15.3354 8
    endloop
  endfacet
  facet normal 0 0 -1
    outer loop
      vertex 47.6333 13.7559 8
      vertex 46.671 15.2337 8
      vertex 46.7685 15.2799 8
    endloop
  endfacet
  facet normal 0 0 -1
    outer loop
      vertex 45.1856 12.986 8
      vertex 47.3144 12.986 8
      vertex 47.3323 12.9146 8
    endloop
  endfacet
  facet normal 0 0 -1
    outer loop
      vertex 47.5197 13.6626 8
      vertex 46.5693 15.1974 8
      vertex 46.671 15.2337 8
    endloop
  endfacet
  facet normal 0 -0 -1
    outer loop
      vertex 45.0298 12.6565 8
      vertex 47.4702 12.6565 8
      vertex 44.9803 12.602 8
    endloop
  endfacet
  facet normal 0 -0 -1
    outer loop
      vertex 45.1856 12.986 8
      vertex 47.3323 12.9146 8
      vertex 45.1677 12.9146 8
    endloop
  endfacet
  facet normal 0 0 -1
    outer loop
      vertex 47.3144 12.986 8
      vertex 45.1856 12.986 8
      vertex 45.1964 13.0588 8
    endloop
  endfacet
  facet normal 0 0 -1
    outer loop
      vertex 47.3036 13.0588 8
      vertex 45.1964 13.0588 8
      vertex 45.2 13.1323 8
    endloop
  endfacet
  facet normal 0 0 -1
    outer loop
      vertex 47.4702 13.6081 8
      vertex 46.4646 15.1711 8
      vertex 46.5693 15.1974 8
    endloop
  endfacet
  facet normal 0 0 -1
    outer loop
      vertex 47.4264 13.549 8
      vertex 46.3578 15.1553 8
      vertex 46.4646 15.1711 8
    endloop
  endfacet
  facet normal 0 0 -1
    outer loop
      vertex 38.9176 12.5058 8
      vertex 49.6017 5.40166 8
      vertex 49.6413 5.29078 8
    endloop
  endfacet
  facet normal 0 0 -1
    outer loop
      vertex 47.3886 13.4859 8
      vertex 46.25 15.15 8
      vertex 46.3578 15.1553 8
    endloop
  endfacet
  facet normal 0 0 -1
    outer loop
      vertex 45.1677 13.35 8
      vertex 47.3323 13.35 8
      vertex 45.1856 13.2786 8
    endloop
  endfacet
  facet normal 0 0 -1
    outer loop
      vertex 45.1429 13.4193 8
      vertex 47.3571 13.4193 8
      vertex 45.1677 13.35 8
    endloop
  endfacet
  facet normal 0 0 -1
    outer loop
      vertex 47.3571 13.4193 8
      vertex 45.1429 13.4193 8
      vertex 46.25 15.15 8
    endloop
  endfacet
  facet normal -0 0 -1
    outer loop
      vertex 46.25 15.15 8
      vertex 45.1114 13.4859 8
      vertex 46.1422 15.1553 8
    endloop
  endfacet
  facet normal 0 0 -1
    outer loop
      vertex 45.0736 13.549 8
      vertex 46.1422 15.1553 8
      vertex 45.1114 13.4859 8
    endloop
  endfacet
  facet normal -0 0 -1
    outer loop
      vertex 46.1422 15.1553 8
      vertex 45.0736 13.549 8
      vertex 46.0354 15.1711 8
    endloop
  endfacet
  facet normal 0 0 -1
    outer loop
      vertex 45.0298 13.6081 8
      vertex 46.0354 15.1711 8
      vertex 45.0736 13.549 8
    endloop
  endfacet
  facet normal -0 0 -1
    outer loop
      vertex 46.0354 15.1711 8
      vertex 45.0298 13.6081 8
      vertex 45.9307 15.1974 8
    endloop
  endfacet
  facet normal 0 0 -1
    outer loop
      vertex 44.9803 13.6626 8
      vertex 45.9307 15.1974 8
      vertex 45.0298 13.6081 8
    endloop
  endfacet
  facet normal -0 0 -1
    outer loop
      vertex 45.9307 15.1974 8
      vertex 44.9803 13.6626 8
      vertex 45.829 15.2337 8
    endloop
  endfacet
  facet normal 0 0 -1
    outer loop
      vertex 38.8 12.5 8
      vertex 49.6413 5.29078 8
      vertex 49.6917 5.18432 8
    endloop
  endfacet
  facet normal 0 0 -1
    outer loop
      vertex 45.1114 13.4859 8
      vertex 46.25 15.15 8
      vertex 45.1429 13.4193 8
    endloop
  endfacet
  facet normal 0 0 -1
    outer loop
      vertex 49.7522 5.08331 8
      vertex 38.8 12.5 8
      vertex 49.6917 5.18432 8
    endloop
  endfacet
  facet normal 0 0 -1
    outer loop
      vertex 47.3323 13.35 8
      vertex 45.1677 13.35 8
      vertex 47.3571 13.4193 8
    endloop
  endfacet
  facet normal 0 0 -1
    outer loop
      vertex 47.3144 13.2786 8
      vertex 45.1856 13.2786 8
      vertex 47.3323 13.35 8
    endloop
  endfacet
  facet normal -0 0 -1
    outer loop
      vertex 47.3323 12.9146 8
      vertex 45.1429 12.8453 8
      vertex 45.1677 12.9146 8
    endloop
  endfacet
  facet normal 0 0 -1
    outer loop
      vertex 47.3571 12.8453 8
      vertex 45.1429 12.8453 8
      vertex 47.3323 12.9146 8
    endloop
  endfacet
  facet normal 0 -0 -1
    outer loop
      vertex 45.1429 12.8453 8
      vertex 47.3571 12.8453 8
      vertex 45.1114 12.7788 8
    endloop
  endfacet
  facet normal 0 0 -1
    outer loop
      vertex 47.3886 12.7788 8
      vertex 45.1114 12.7788 8
      vertex 47.3571 12.8453 8
    endloop
  endfacet
  facet normal 0 -0 -1
    outer loop
      vertex 45.1114 12.7788 8
      vertex 47.3886 12.7788 8
      vertex 45.0736 12.7156 8
    endloop
  endfacet
  facet normal 0 0 -1
    outer loop
      vertex 47.4264 12.7156 8
      vertex 45.0736 12.7156 8
      vertex 47.3886 12.7788 8
    endloop
  endfacet
  facet normal 0 -0 -1
    outer loop
      vertex 45.0736 12.7156 8
      vertex 47.4264 12.7156 8
      vertex 45.0298 12.6565 8
    endloop
  endfacet
  facet normal 0 0 -1
    outer loop
      vertex 47.4702 12.6565 8
      vertex 45.0298 12.6565 8
      vertex 47.4264 12.7156 8
    endloop
  endfacet
  facet normal 0 0 -1
    outer loop
      vertex 47.5742 12.5526 8
      vertex 44.9258 12.5526 8
      vertex 47.5197 12.602 8
    endloop
  endfacet
  facet normal 0 0 -1
    outer loop
      vertex 49.6917 6.31568 8
      vertex 44.6677 12.4146 8
      vertex 44.737 12.4394 8
    endloop
  endfacet
  facet normal 0 0 -1
    outer loop
      vertex 49.6413 6.20922 8
      vertex 44.5963 12.3967 8
      vertex 44.6677 12.4146 8
    endloop
  endfacet
  facet normal 0 0 -1
    outer loop
      vertex 49.6413 6.20922 8
      vertex 44.5235 12.3859 8
      vertex 44.5963 12.3967 8
    endloop
  endfacet
  facet normal 0 0 -1
    outer loop
      vertex 49.6017 6.09834 8
      vertex 44.45 12.3823 8
      vertex 44.5235 12.3859 8
    endloop
  endfacet
  facet normal 0 0 -1
    outer loop
      vertex 49.5731 5.98411 8
      vertex 44.3765 12.3859 8
      vertex 44.45 12.3823 8
    endloop
  endfacet
  facet normal 0 0 -1
    outer loop
      vertex 49.5558 5.86762 8
      vertex 44.3037 12.3967 8
      vertex 44.3765 12.3859 8
    endloop
  endfacet
  facet normal 0 0 -1
    outer loop
      vertex 49.55 5.75 8
      vertex 44.2323 12.4146 8
      vertex 44.3037 12.3967 8
    endloop
  endfacet
  facet normal 0 0 -1
    outer loop
      vertex 49.5731 5.51589 8
      vertex 39.0341 12.5231 8
      vertex 39.1483 12.5517 8
    endloop
  endfacet
  facet normal 0 0 -1
    outer loop
      vertex 49.5558 5.63238 8
      vertex 39.1483 12.5517 8
      vertex 44.2323 12.4146 8
    endloop
  endfacet
  facet normal 0 -0 -1
    outer loop
      vertex 39.2592 12.5913 8
      vertex 44.163 12.4394 8
      vertex 39.1483 12.5517 8
    endloop
  endfacet
  facet normal 0 0 -1
    outer loop
      vertex 44.163 12.4394 8
      vertex 39.2592 12.5913 8
      vertex 44.0965 12.4709 8
    endloop
  endfacet
  facet normal 0 -0 -1
    outer loop
      vertex 39.3657 12.6417 8
      vertex 44.0965 12.4709 8
      vertex 39.2592 12.5913 8
    endloop
  endfacet
  facet normal 0 0 -1
    outer loop
      vertex 44.0965 12.4709 8
      vertex 39.3657 12.6417 8
      vertex 44.0333 12.5087 8
    endloop
  endfacet
  facet normal 0 -0 -1
    outer loop
      vertex 39.4667 12.7022 8
      vertex 44.0333 12.5087 8
      vertex 39.3657 12.6417 8
    endloop
  endfacet
  facet normal 0 0 -1
    outer loop
      vertex 43.0035 16.9114 8
      vertex 44.0965 18.7062 8
      vertex 43.0667 16.8736 8
    endloop
  endfacet
  facet normal 0 0 -1
    outer loop
      vertex 42.937 16.9429 8
      vertex 44.0333 18.7441 8
      vertex 43.0035 16.9114 8
    endloop
  endfacet
  facet normal 0 0 -1
    outer loop
      vertex 39.9769 13.4659 8
      vertex 43.7 13.1323 8
      vertex 43.7036 13.0588 8
    endloop
  endfacet
  facet normal -0 0 -1
    outer loop
      vertex 45.15 16.25 8
      vertex 43.3964 16.1765 8
      vertex 43.4 16.25 8
    endloop
  endfacet
  facet normal 0 0 -1
    outer loop
      vertex 45.1553 16.1422 8
      vertex 43.3964 16.1765 8
      vertex 45.15 16.25 8
    endloop
  endfacet
  facet normal 0 -0 -1
    outer loop
      vertex 43.3964 16.1765 8
      vertex 45.1553 16.1422 8
      vertex 43.3856 16.1037 8
    endloop
  endfacet
  facet normal 0 0 -1
    outer loop
      vertex 45.1711 16.0354 8
      vertex 43.3856 16.1037 8
      vertex 45.1553 16.1422 8
    endloop
  endfacet
  facet normal 0 -0 -1
    outer loop
      vertex 43.3856 16.1037 8
      vertex 45.1711 16.0354 8
      vertex 43.3677 16.0323 8
    endloop
  endfacet
  facet normal 0 0 -1
    outer loop
      vertex 45.1974 15.9307 8
      vertex 43.3677 16.0323 8
      vertex 45.1711 16.0354 8
    endloop
  endfacet
  facet normal 0 0 -1
    outer loop
      vertex 39.9483 13.3517 8
      vertex 43.7036 13.0588 8
      vertex 43.7144 12.986 8
    endloop
  endfacet
  facet normal 0 0 -1
    outer loop
      vertex 44.3765 13.8787 8
      vertex 43.2298 15.7742 8
      vertex 43.2736 15.8333 8
    endloop
  endfacet
  facet normal 0 0 -1
    outer loop
      vertex 44.3037 13.8679 8
      vertex 43.1803 15.7197 8
      vertex 43.2298 15.7742 8
    endloop
  endfacet
  facet normal 0 0 -1
    outer loop
      vertex 44.2323 13.85 8
      vertex 43.1258 15.6702 8
      vertex 43.1803 15.7197 8
    endloop
  endfacet
  facet normal 0 0 -1
    outer loop
      vertex 44.163 13.8252 8
      vertex 43.0667 15.6264 8
      vertex 43.1258 15.6702 8
    endloop
  endfacet
  facet normal 0 0 -1
    outer loop
      vertex 44.0965 13.7937 8
      vertex 43.0035 15.5886 8
      vertex 43.0667 15.6264 8
    endloop
  endfacet
  facet normal 0 0 -1
    outer loop
      vertex 39.9087 13.2408 8
      vertex 43.7144 12.986 8
      vertex 43.7323 12.9146 8
    endloop
  endfacet
  facet normal 0 0 -1
    outer loop
      vertex 44.0333 13.7559 8
      vertex 42.937 15.5571 8
      vertex 43.0035 15.5886 8
    endloop
  endfacet
  facet normal 0 0 -1
    outer loop
      vertex 43.9742 13.7121 8
      vertex 42.8677 15.5323 8
      vertex 42.937 15.5571 8
    endloop
  endfacet
  facet normal 0 0 -1
    outer loop
      vertex 43.9197 13.6626 8
      vertex 42.7963 15.5144 8
      vertex 42.8677 15.5323 8
    endloop
  endfacet
  facet normal 0 0 -1
    outer loop
      vertex 39.8583 13.1343 8
      vertex 43.7323 12.9146 8
      vertex 43.7571 12.8453 8
    endloop
  endfacet
  facet normal 0 0 -1
    outer loop
      vertex 43.8702 13.6081 8
      vertex 42.7235 15.5036 8
      vertex 42.7963 15.5144 8
    endloop
  endfacet
  facet normal 0 0 -1
    outer loop
      vertex 43.8264 13.549 8
      vertex 42.65 15.5 8
      vertex 42.7235 15.5036 8
    endloop
  endfacet
  facet normal 0 0 -1
    outer loop
      vertex 43.7886 13.4859 8
      vertex 42.5765 15.5036 8
      vertex 42.65 15.5 8
    endloop
  endfacet
  facet normal 0 0 -1
    outer loop
      vertex 43.7571 13.4193 8
      vertex 42.5037 15.5144 8
      vertex 42.5765 15.5036 8
    endloop
  endfacet
  facet normal 0 0 -1
    outer loop
      vertex 43.7323 13.35 8
      vertex 42.4323 15.5323 8
      vertex 42.5037 15.5144 8
    endloop
  endfacet
  facet normal 0 0 -1
    outer loop
      vertex 39.7978 13.0333 8
      vertex 43.7571 12.8453 8
      vertex 43.7886 12.7788 8
    endloop
  endfacet
  facet normal 0 0 -1
    outer loop
      vertex 43.7144 13.2786 8
      vertex 40 13.7 8
      vertex 42.4323 15.5323 8
    endloop
  endfacet
  facet normal -0 0 -1
    outer loop
      vertex 42.4323 15.5323 8
      vertex 40 13.7 8
      vertex 42.363 15.5571 8
    endloop
  endfacet
  facet normal -0 0 -1
    outer loop
      vertex 42.363 15.5571 8
      vertex 40 13.7 8
      vertex 42.2965 15.5886 8
    endloop
  endfacet
  facet normal -0 0 -1
    outer loop
      vertex 42.2965 15.5886 8
      vertex 40 13.7 8
      vertex 42.2333 15.6264 8
    endloop
  endfacet
  facet normal -0 0 -1
    outer loop
      vertex 42.2333 15.6264 8
      vertex 40 13.7 8
      vertex 42.1742 15.6702 8
    endloop
  endfacet
  facet normal -0 0 -1
    outer loop
      vertex 42.1742 15.6702 8
      vertex 40 13.7 8
      vertex 42.1197 15.7197 8
    endloop
  endfacet
  facet normal -0 0 -1
    outer loop
      vertex 42.1197 15.7197 8
      vertex 40 13.7 8
      vertex 42.0702 15.7742 8
    endloop
  endfacet
  facet normal -0 0 -1
    outer loop
      vertex 42.0702 15.7742 8
      vertex 40 13.7 8
      vertex 42.0264 15.8333 8
    endloop
  endfacet
  facet normal 0 0 -1
    outer loop
      vertex 39.9087 24.2592 8
      vertex 42.8938 29.0134 8
      vertex 39.9483 24.1483 8
    endloop
  endfacet
  facet normal 0 0 -1
    outer loop
      vertex 42.8938 29.0134 8
      vertex 39.9087 24.2592 8
      vertex 42.5735 28.9659 8
    endloop
  endfacet
  facet normal 0 0 -1
    outer loop
      vertex 40 13.7 8
      vertex 41.9 16.25 8
      vertex 41.9036 16.1765 8
    endloop
  endfacet
  facet normal 0 0 -1
    outer loop
      vertex 39.8583 24.3657 8
      vertex 42.5735 28.9659 8
      vertex 39.9087 24.2592 8
    endloop
  endfacet
  facet normal 0 0 -1
    outer loop
      vertex 42.5735 28.9659 8
      vertex 39.8583 24.3657 8
      vertex 42.25 28.95 8
    endloop
  endfacet
  facet normal 0 0 -1
    outer loop
      vertex 39.7978 24.4667 8
      vertex 42.25 28.95 8
      vertex 39.8583 24.3657 8
    endloop
  endfacet
  facet normal -0 0 -1
    outer loop
      vertex 41.9323 16.4677 8
      vertex 40 13.7 8
      vertex 40 23.8 8
    endloop
  endfacet
  facet normal -0 0 -1
    outer loop
      vertex 41.9144 16.1037 8
      vertex 40 13.7 8
      vertex 41.9036 16.1765 8
    endloop
  endfacet
  facet normal -0 0 -1
    outer loop
      vertex 41.9323 16.0323 8
      vertex 40 13.7 8
      vertex 41.9144 16.1037 8
    endloop
  endfacet
  facet normal -0 0 -1
    outer loop
      vertex 41.9571 15.963 8
      vertex 40 13.7 8
      vertex 41.9323 16.0323 8
    endloop
  endfacet
  facet normal -0 0 -1
    outer loop
      vertex 41.9886 15.8965 8
      vertex 40 13.7 8
      vertex 41.9571 15.963 8
    endloop
  endfacet
  facet normal -0 0 -1
    outer loop
      vertex 42.0264 15.8333 8
      vertex 40 13.7 8
      vertex 41.9886 15.8965 8
    endloop
  endfacet
  facet normal 0 0 -1
    outer loop
      vertex 39.7276 12.9387 8
      vertex 43.7886 12.7788 8
      vertex 43.8264 12.7156 8
    endloop
  endfacet
  facet normal 0 0 -1
    outer loop
      vertex 44.0333 12.5087 8
      vertex 39.4667 12.7022 8
      vertex 43.9742 12.5526 8
    endloop
  endfacet
  facet normal 0 0 -1
    outer loop
      vertex 43.7144 13.2786 8
      vertex 39.9942 13.5824 8
      vertex 40 13.7 8
    endloop
  endfacet
  facet normal 0 0 -1
    outer loop
      vertex 43.7 13.1323 8
      vertex 39.9769 13.4659 8
      vertex 39.9942 13.5824 8
    endloop
  endfacet
  facet normal 0 0 -1
    outer loop
      vertex 43.7036 13.0588 8
      vertex 39.9483 13.3517 8
      vertex 39.9769 13.4659 8
    endloop
  endfacet
  facet normal 0 0 -1
    outer loop
      vertex 43.7144 12.986 8
      vertex 39.9087 13.2408 8
      vertex 39.9483 13.3517 8
    endloop
  endfacet
  facet normal 0 0 -1
    outer loop
      vertex 43.7323 12.9146 8
      vertex 39.8583 13.1343 8
      vertex 39.9087 13.2408 8
    endloop
  endfacet
  facet normal 0 0 -1
    outer loop
      vertex 43.7571 12.8453 8
      vertex 39.7978 13.0333 8
      vertex 39.8583 13.1343 8
    endloop
  endfacet
  facet normal 0 0 -1
    outer loop
      vertex 43.7886 12.7788 8
      vertex 39.7276 12.9387 8
      vertex 39.7978 13.0333 8
    endloop
  endfacet
  facet normal 0 0 -1
    outer loop
      vertex 43.8264 12.7156 8
      vertex 39.6485 12.8515 8
      vertex 39.7276 12.9387 8
    endloop
  endfacet
  facet normal 0 0 -1
    outer loop
      vertex 43.8702 12.6565 8
      vertex 39.6485 12.8515 8
      vertex 43.8264 12.7156 8
    endloop
  endfacet
  facet normal 0 0 -1
    outer loop
      vertex 43.9197 12.602 8
      vertex 39.6485 12.8515 8
      vertex 43.8702 12.6565 8
    endloop
  endfacet
  facet normal 0 -0 -1
    outer loop
      vertex 39.6485 12.8515 8
      vertex 43.9197 12.602 8
      vertex 39.5613 12.7724 8
    endloop
  endfacet
  facet normal 0 0 -1
    outer loop
      vertex 43.9742 12.5526 8
      vertex 39.5613 12.7724 8
      vertex 43.9197 12.602 8
    endloop
  endfacet
  facet normal 0 -0 -1
    outer loop
      vertex 39.5613 12.7724 8
      vertex 43.9742 12.5526 8
      vertex 39.4667 12.7022 8
    endloop
  endfacet
  facet normal 0 0 -1
    outer loop
      vertex 44.2323 12.4146 8
      vertex 39.1483 12.5517 8
      vertex 44.163 12.4394 8
    endloop
  endfacet
  facet normal 0 0 -1
    outer loop
      vertex 49.6017 5.40166 8
      vertex 38.9176 12.5058 8
      vertex 39.0341 12.5231 8
    endloop
  endfacet
  facet normal 0 0 -1
    outer loop
      vertex 49.6413 5.29078 8
      vertex 38.8 12.5 8
      vertex 38.9176 12.5058 8
    endloop
  endfacet
  facet normal 0 0 -1
    outer loop
      vertex 51.5 2 8
      vertex 17.7 12.5 8
      vertex 38.8 12.5 8
    endloop
  endfacet
  facet normal 0 0 -1
    outer loop
      vertex 5 2 8
      vertex 17.7 12.5 8
      vertex 51.5 2 8
    endloop
  endfacet
  facet normal 0 -0 -1
    outer loop
      vertex 6.74776 5.08331 8
      vertex 17.7 12.5 8
      vertex 5 2 8
    endloop
  endfacet
  facet normal 0 -0 -1
    outer loop
      vertex 6.8083 5.18432 8
      vertex 17.7 12.5 8
      vertex 6.74776 5.08331 8
    endloop
  endfacet
  facet normal -0 0 -1
    outer loop
      vertex 16.7022 13.0333 8
      vertex 6.74776 6.41668 8
      vertex 16.6417 13.1343 8
    endloop
  endfacet
  facet normal 0 0 -1
    outer loop
      vertex 17.7 25 8
      vertex 16.0834 29.5061 8
      vertex 16.3435 29.6991 8
    endloop
  endfacet
  facet normal 0 0 -1
    outer loop
      vertex 17.4659 24.9769 8
      vertex 15.8056 29.3397 8
      vertex 16.0834 29.5061 8
    endloop
  endfacet
  facet normal 0 0 -1
    outer loop
      vertex 17.3517 24.9483 8
      vertex 15.5129 29.2012 8
      vertex 15.8056 29.3397 8
    endloop
  endfacet
  facet normal 0 0 -1
    outer loop
      vertex 6.74776 6.41668 8
      vertex 16.7022 13.0333 8
      vertex 6.8083 6.31568 8
    endloop
  endfacet
  facet normal 0 0 -1
    outer loop
      vertex 17.1343 24.8583 8
      vertex 15.2079 29.0921 8
      vertex 15.5129 29.2012 8
    endloop
  endfacet
  facet normal 0 0 -1
    outer loop
      vertex 17.0333 24.7978 8
      vertex 14.8938 29.0134 8
      vertex 15.2079 29.0921 8
    endloop
  endfacet
  facet normal 0 0 -1
    outer loop
      vertex 16.8515 24.6485 8
      vertex 14.5735 28.9659 8
      vertex 14.8938 29.0134 8
    endloop
  endfacet
  facet normal 0 0 -1
    outer loop
      vertex 16.7724 24.5613 8
      vertex 14.25 28.95 8
      vertex 14.5735 28.9659 8
    endloop
  endfacet
  facet normal 0 0 -1
    outer loop
      vertex 16.6417 24.3657 8
      vertex 13.9265 28.9659 8
      vertex 14.25 28.95 8
    endloop
  endfacet
  facet normal -0 0 -1
    outer loop
      vertex 16.7724 12.9387 8
      vertex 6.8083 6.31568 8
      vertex 16.7022 13.0333 8
    endloop
  endfacet
  facet normal 0 0 -1
    outer loop
      vertex 16.5913 24.2592 8
      vertex 13.6062 29.0134 8
      vertex 13.9265 28.9659 8
    endloop
  endfacet
  facet normal 0 0 -1
    outer loop
      vertex 16.5231 24.0341 8
      vertex 13.2921 29.0921 8
      vertex 13.6062 29.0134 8
    endloop
  endfacet
  facet normal 0 0 -1
    outer loop
      vertex 16.5058 23.9176 8
      vertex 12.9871 29.2012 8
      vertex 13.2921 29.0921 8
    endloop
  endfacet
  facet normal 0 0 -1
    outer loop
      vertex 16.5 23.8 8
      vertex 12.6944 29.3397 8
      vertex 12.9871 29.2012 8
    endloop
  endfacet
  facet normal 0 0 -1
    outer loop
      vertex 16.5 23.8 8
      vertex 12.4166 29.5061 8
      vertex 12.6944 29.3397 8
    endloop
  endfacet
  facet normal 0 0 -1
    outer loop
      vertex 6.8083 6.31568 8
      vertex 16.7724 12.9387 8
      vertex 6.85865 6.20922 8
    endloop
  endfacet
  facet normal 0 0 -1
    outer loop
      vertex 16.5 23.8 8
      vertex 12.1565 29.6991 8
      vertex 12.4166 29.5061 8
    endloop
  endfacet
  facet normal 0 0 -1
    outer loop
      vertex 6.67761 6.51127 8
      vertex 16.6417 13.1343 8
      vertex 6.74776 6.41668 8
    endloop
  endfacet
  facet normal -0 0 -1
    outer loop
      vertex 16.6417 13.1343 8
      vertex 6.67761 6.51127 8
      vertex 16.5913 13.2408 8
    endloop
  endfacet
  facet normal 0 0 -1
    outer loop
      vertex 6.59853 6.59853 8
      vertex 16.5913 13.2408 8
      vertex 6.67761 6.51127 8
    endloop
  endfacet
  facet normal -0 0 -1
    outer loop
      vertex 16.5913 13.2408 8
      vertex 6.59853 6.59853 8
      vertex 16.5517 13.3517 8
    endloop
  endfacet
  facet normal 0 0 -1
    outer loop
      vertex 6.51127 6.67761 8
      vertex 16.5517 13.3517 8
      vertex 6.59853 6.59853 8
    endloop
  endfacet
  facet normal -0 0 -1
    outer loop
      vertex 16.5517 13.3517 8
      vertex 6.51127 6.67761 8
      vertex 16.5231 13.4659 8
    endloop
  endfacet
  facet normal 0 0 -1
    outer loop
      vertex 11.0134 31.6062 8
      vertex 6.95 36.75 8
      vertex 10.9659 31.9265 8
    endloop
  endfacet
  facet normal 0 0 -1
    outer loop
      vertex 11.0921 31.2921 8
      vertex 6.95 36.75 8
      vertex 11.0134 31.6062 8
    endloop
  endfacet
  facet normal 0 0 -1
    outer loop
      vertex 11.2012 30.9871 8
      vertex 6.95 36.75 8
      vertex 11.0921 31.2921 8
    endloop
  endfacet
  facet normal 0 0 -1
    outer loop
      vertex 11.3397 30.6944 8
      vertex 6.95 36.75 8
      vertex 11.2012 30.9871 8
    endloop
  endfacet
  facet normal -0 0 -1
    outer loop
      vertex 16.8515 12.8515 8
      vertex 6.85865 6.20922 8
      vertex 16.7724 12.9387 8
    endloop
  endfacet
  facet normal 0 0 -1
    outer loop
      vertex 6.85865 6.20922 8
      vertex 16.8515 12.8515 8
      vertex 6.89833 6.09834 8
    endloop
  endfacet
  facet normal -0 0 -1
    outer loop
      vertex 16.9387 12.7724 8
      vertex 6.89833 6.09834 8
      vertex 16.8515 12.8515 8
    endloop
  endfacet
  facet normal 0 0 -1
    outer loop
      vertex 6.89833 6.09834 8
      vertex 16.9387 12.7724 8
      vertex 6.92694 5.98411 8
    endloop
  endfacet
  facet normal -0 0 -1
    outer loop
      vertex 17.0333 12.7022 8
      vertex 6.92694 5.98411 8
      vertex 16.9387 12.7724 8
    endloop
  endfacet
  facet normal 0 0 -1
    outer loop
      vertex 6.92694 5.98411 8
      vertex 17.0333 12.7022 8
      vertex 6.94422 5.86762 8
    endloop
  endfacet
  facet normal -0 0 -1
    outer loop
      vertex 17.1343 12.6417 8
      vertex 6.94422 5.86762 8
      vertex 17.0333 12.7022 8
    endloop
  endfacet
  facet normal 0 0 -1
    outer loop
      vertex 6.94422 5.86762 8
      vertex 17.1343 12.6417 8
      vertex 6.95 5.75 8
    endloop
  endfacet
  facet normal -0 0 -1
    outer loop
      vertex 17.2408 12.5913 8
      vertex 6.95 5.75 8
      vertex 17.1343 12.6417 8
    endloop
  endfacet
  facet normal -0 0 -1
    outer loop
      vertex 17.3517 12.5517 8
      vertex 6.95 5.75 8
      vertex 17.2408 12.5913 8
    endloop
  endfacet
  facet normal 0 -0 -1
    outer loop
      vertex 6.85865 5.29078 8
      vertex 17.7 12.5 8
      vertex 6.8083 5.18432 8
    endloop
  endfacet
  facet normal 0 0 -1
    outer loop
      vertex 17.3517 12.5517 8
      vertex 6.94422 5.63238 8
      vertex 6.95 5.75 8
    endloop
  endfacet
  facet normal 0 0 -1
    outer loop
      vertex 17.3517 12.5517 8
      vertex 6.92694 5.51589 8
      vertex 6.94422 5.63238 8
    endloop
  endfacet
  facet normal -0 0 -1
    outer loop
      vertex 17.4659 12.5231 8
      vertex 6.92694 5.51589 8
      vertex 17.3517 12.5517 8
    endloop
  endfacet
  facet normal 0 -0 -1
    outer loop
      vertex 6.92694 5.51589 8
      vertex 17.4659 12.5231 8
      vertex 6.89833 5.40166 8
    endloop
  endfacet
  facet normal -0 0 -1
    outer loop
      vertex 17.5824 12.5058 8
      vertex 6.89833 5.40166 8
      vertex 17.4659 12.5231 8
    endloop
  endfacet
  facet normal 0 -0 -1
    outer loop
      vertex 6.89833 5.40166 8
      vertex 17.5824 12.5058 8
      vertex 6.85865 5.29078 8
    endloop
  endfacet
  facet normal -0 0 -1
    outer loop
      vertex 17.7 12.5 8
      vertex 6.85865 5.29078 8
      vertex 17.5824 12.5058 8
    endloop
  endfacet
  facet normal 0 0 -1
    outer loop
      vertex 6.74776 5.08331 8
      vertex 5 2 8
      vertex 6.67761 4.98873 8
    endloop
  endfacet
  facet normal 0 0 -1
    outer loop
      vertex 6.67761 4.98873 8
      vertex 5 2 8
      vertex 6.59853 4.90147 8
    endloop
  endfacet
  facet normal 0 0 -1
    outer loop
      vertex 6.59853 4.90147 8
      vertex 5 2 8
      vertex 6.51127 4.82239 8
    endloop
  endfacet
  facet normal 0 0 -1
    outer loop
      vertex 6.51127 4.82239 8
      vertex 5 2 8
      vertex 6.41668 4.75224 8
    endloop
  endfacet
  facet normal 0 0 -1
    outer loop
      vertex 6.41668 4.75224 8
      vertex 5 2 8
      vertex 6.31568 4.69169 8
    endloop
  endfacet
  facet normal 0 0 -1
    outer loop
      vertex 6.31568 4.69169 8
      vertex 5 2 8
      vertex 6.20922 4.64134 8
    endloop
  endfacet
  facet normal 0 0 -1
    outer loop
      vertex 6.20922 4.64134 8
      vertex 5 2 8
      vertex 6.09834 4.60167 8
    endloop
  endfacet
  facet normal 0 0 -1
    outer loop
      vertex 6.09834 4.60167 8
      vertex 5 2 8
      vertex 5.98411 4.57306 8
    endloop
  endfacet
  facet normal 0 0 -1
    outer loop
      vertex 5.98411 4.57306 8
      vertex 5 2 8
      vertex 5.86762 4.55578 8
    endloop
  endfacet
  facet normal 0 0 -1
    outer loop
      vertex 5.86762 4.55578 8
      vertex 5 2 8
      vertex 5.75 4.55 8
    endloop
  endfacet
  facet normal -0 0 -1
    outer loop
      vertex 5.75 4.55 8
      vertex 5 2 8
      vertex 5.63238 4.55578 8
    endloop
  endfacet
  facet normal 0 0 -1
    outer loop
      vertex 5 2 8
      vertex 5.51589 4.57306 8
      vertex 5.63238 4.55578 8
    endloop
  endfacet
  facet normal 0 0 -1
    outer loop
      vertex 5 2 8
      vertex 5.40166 4.60167 8
      vertex 5.51589 4.57306 8
    endloop
  endfacet
  facet normal 0 0 -1
    outer loop
      vertex 4.70595 2.01445 8
      vertex 5.40166 4.60167 8
      vertex 5 2 8
    endloop
  endfacet
  facet normal -0 0 -1
    outer loop
      vertex 5.40166 4.60167 8
      vertex 4.70595 2.01445 8
      vertex 5.29078 4.64134 8
    endloop
  endfacet
  facet normal 0 0 -1
    outer loop
      vertex 4.41473 2.05764 8
      vertex 5.29078 4.64134 8
      vertex 4.70595 2.01445 8
    endloop
  endfacet
  facet normal -0 0 -1
    outer loop
      vertex 5.29078 4.64134 8
      vertex 4.41473 2.05764 8
      vertex 5.18432 4.69169 8
    endloop
  endfacet
  facet normal 0 0 -1
    outer loop
      vertex 4.12915 2.12918 8
      vertex 5.18432 4.69169 8
      vertex 4.41473 2.05764 8
    endloop
  endfacet
  facet normal 0 0 -1
    outer loop
      vertex 3.85195 2.22836 8
      vertex 5.18432 4.69169 8
      vertex 4.12915 2.12918 8
    endloop
  endfacet
  facet normal -0 0 -1
    outer loop
      vertex 5.18432 4.69169 8
      vertex 3.85195 2.22836 8
      vertex 5.08331 4.75224 8
    endloop
  endfacet
  facet normal 0 0 -1
    outer loop
      vertex 3.58581 2.35424 8
      vertex 5.08331 4.75224 8
      vertex 3.85195 2.22836 8
    endloop
  endfacet
  facet normal -0 0 -1
    outer loop
      vertex 5.08331 4.75224 8
      vertex 3.58581 2.35424 8
      vertex 4.98873 4.82239 8
    endloop
  endfacet
  facet normal 0 0 -1
    outer loop
      vertex 3.33329 2.50559 8
      vertex 4.98873 4.82239 8
      vertex 3.58581 2.35424 8
    endloop
  endfacet
  facet normal 0 0 -1
    outer loop
      vertex 3.09682 2.68097 8
      vertex 4.98873 4.82239 8
      vertex 3.33329 2.50559 8
    endloop
  endfacet
  facet normal -0 0 -1
    outer loop
      vertex 4.98873 4.82239 8
      vertex 3.09682 2.68097 8
      vertex 4.90147 4.90147 8
    endloop
  endfacet
  facet normal 0 0 -1
    outer loop
      vertex 2.87868 2.87868 8
      vertex 4.90147 4.90147 8
      vertex 3.09682 2.68097 8
    endloop
  endfacet
  facet normal 0 0 -1
    outer loop
      vertex 2.68097 3.09682 8
      vertex 4.90147 4.90147 8
      vertex 2.87868 2.87868 8
    endloop
  endfacet
  facet normal 0 0 -1
    outer loop
      vertex 2.50559 3.33329 8
      vertex 4.82239 4.98873 8
      vertex 2.68097 3.09682 8
    endloop
  endfacet
  facet normal -0 0 -1
    outer loop
      vertex 4.90147 4.90147 8
      vertex 2.68097 3.09682 8
      vertex 4.82239 4.98873 8
    endloop
  endfacet
  facet normal -0 0 -1
    outer loop
      vertex 53.9944 39.1667 8
      vertex 51.6776 37.5113 8
      vertex 53.819 39.4032 8
    endloop
  endfacet
  facet normal 0 0 -1
    outer loop
      vertex 51.5985 37.5985 8
      vertex 53.819 39.4032 8
      vertex 51.6776 37.5113 8
    endloop
  endfacet
  facet normal -0 0 -1
    outer loop
      vertex 53.819 39.4032 8
      vertex 51.5985 37.5985 8
      vertex 53.6213 39.6213 8
    endloop
  endfacet
  facet normal -0 0 -1
    outer loop
      vertex 53.6213 39.6213 8
      vertex 51.5985 37.5985 8
      vertex 53.4032 39.819 8
    endloop
  endfacet
  facet normal 0 0 -1
    outer loop
      vertex 51.5113 37.6776 8
      vertex 53.4032 39.819 8
      vertex 51.5985 37.5985 8
    endloop
  endfacet
  facet normal -0 0 -1
    outer loop
      vertex 53.4032 39.819 8
      vertex 51.5113 37.6776 8
      vertex 53.1667 39.9944 8
    endloop
  endfacet
  facet normal -0 0 -1
    outer loop
      vertex 53.1667 39.9944 8
      vertex 51.5113 37.6776 8
      vertex 52.9142 40.1458 8
    endloop
  endfacet
  facet normal 0 0 -1
    outer loop
      vertex 51.4167 37.7478 8
      vertex 52.9142 40.1458 8
      vertex 51.5113 37.6776 8
    endloop
  endfacet
  facet normal -0 0 -1
    outer loop
      vertex 52.9142 40.1458 8
      vertex 51.4167 37.7478 8
      vertex 52.648 40.2716 8
    endloop
  endfacet
  facet normal 0 0 -1
    outer loop
      vertex 51.3157 37.8083 8
      vertex 52.648 40.2716 8
      vertex 51.4167 37.7478 8
    endloop
  endfacet
  facet normal -0 0 -1
    outer loop
      vertex 52.648 40.2716 8
      vertex 51.3157 37.8083 8
      vertex 52.3709 40.3708 8
    endloop
  endfacet
  facet normal -0 0 -1
    outer loop
      vertex 52.3709 40.3708 8
      vertex 51.3157 37.8083 8
      vertex 52.0853 40.4424 8
    endloop
  endfacet
  facet normal 0 0 -1
    outer loop
      vertex 51.2092 37.8587 8
      vertex 52.0853 40.4424 8
      vertex 51.3157 37.8083 8
    endloop
  endfacet
  facet normal -0 0 -1
    outer loop
      vertex 52.0853 40.4424 8
      vertex 51.2092 37.8587 8
      vertex 51.7941 40.4856 8
    endloop
  endfacet
  facet normal 0 0 -1
    outer loop
      vertex 51.0983 37.8983 8
      vertex 51.7941 40.4856 8
      vertex 51.2092 37.8587 8
    endloop
  endfacet
  facet normal -0 0 -1
    outer loop
      vertex 51.7941 40.4856 8
      vertex 51.0983 37.8983 8
      vertex 51.5 40.5 8
    endloop
  endfacet
  facet normal 0 0 -1
    outer loop
      vertex 50.9841 37.9269 8
      vertex 51.5 40.5 8
      vertex 51.0983 37.8983 8
    endloop
  endfacet
  facet normal 0 0 -1
    outer loop
      vertex 50.8676 37.9442 8
      vertex 51.5 40.5 8
      vertex 50.9841 37.9269 8
    endloop
  endfacet
  facet normal 0 0 -1
    outer loop
      vertex 50.75 37.95 8
      vertex 51.5 40.5 8
      vertex 50.8676 37.9442 8
    endloop
  endfacet
  facet normal 0 0 -1
    outer loop
      vertex 50.6324 37.9442 8
      vertex 51.5 40.5 8
      vertex 50.75 37.95 8
    endloop
  endfacet
  facet normal 0 0 -1
    outer loop
      vertex 50.5159 37.9269 8
      vertex 51.5 40.5 8
      vertex 50.6324 37.9442 8
    endloop
  endfacet
  facet normal 0 0 -1
    outer loop
      vertex 50.4017 37.8983 8
      vertex 51.5 40.5 8
      vertex 50.5159 37.9269 8
    endloop
  endfacet
  facet normal 0 0 -1
    outer loop
      vertex 50.2908 37.8587 8
      vertex 51.5 40.5 8
      vertex 50.4017 37.8983 8
    endloop
  endfacet
  facet normal 0 0 -1
    outer loop
      vertex 50.1843 37.8083 8
      vertex 51.5 40.5 8
      vertex 50.2908 37.8587 8
    endloop
  endfacet
  facet normal 0 0 -1
    outer loop
      vertex 50.0833 37.7478 8
      vertex 51.5 40.5 8
      vertex 50.1843 37.8083 8
    endloop
  endfacet
  facet normal 0 0 -1
    outer loop
      vertex 49.9887 37.6776 8
      vertex 51.5 40.5 8
      vertex 50.0833 37.7478 8
    endloop
  endfacet
  facet normal 0 0 -1
    outer loop
      vertex 49.9015 37.5985 8
      vertex 51.5 40.5 8
      vertex 49.9887 37.6776 8
    endloop
  endfacet
  facet normal 0 0 -1
    outer loop
      vertex 42.8938 35.4866 8
      vertex 49.9015 37.5985 8
      vertex 49.8224 37.5113 8
    endloop
  endfacet
  facet normal 0 0 -1
    outer loop
      vertex 43.2079 35.4079 8
      vertex 49.8224 37.5113 8
      vertex 49.7522 37.4167 8
    endloop
  endfacet
  facet normal 0 0 -1
    outer loop
      vertex 43.5129 35.2988 8
      vertex 49.7522 37.4167 8
      vertex 49.6917 37.3157 8
    endloop
  endfacet
  facet normal -0 0 -1
    outer loop
      vertex 50.2908 35.6413 8
      vertex 45.5341 32.5735 8
      vertex 50.1843 35.6917 8
    endloop
  endfacet
  facet normal 0 0 -1
    outer loop
      vertex 48.8 19.3677 8
      vertex 49.4333 16.8736 8
      vertex 49.3742 16.8298 8
    endloop
  endfacet
  facet normal 0 0 -1
    outer loop
      vertex 48.8 19.3677 8
      vertex 49.3742 16.8298 8
      vertex 49.3197 16.7803 8
    endloop
  endfacet
  facet normal 0 0 -1
    outer loop
      vertex 48.8 19.3677 8
      vertex 49.3197 16.7803 8
      vertex 49.2702 16.7258 8
    endloop
  endfacet
  facet normal 0 0 -1
    outer loop
      vertex 48.8 19.3677 8
      vertex 49.2702 16.7258 8
      vertex 49.2264 16.6667 8
    endloop
  endfacet
  facet normal 0 0 -1
    outer loop
      vertex 48.8 19.3677 8
      vertex 49.2264 16.6667 8
      vertex 49.1886 16.6035 8
    endloop
  endfacet
  facet normal 0 0 -1
    outer loop
      vertex 48.8 19.3677 8
      vertex 49.1886 16.6035 8
      vertex 49.1571 16.537 8
    endloop
  endfacet
  facet normal 0 0 -1
    outer loop
      vertex 48.8 19.3677 8
      vertex 49.1571 16.537 8
      vertex 49.1323 16.4677 8
    endloop
  endfacet
  facet normal 0 0 -1
    outer loop
      vertex 48.8 19.3677 8
      vertex 49.1323 16.4677 8
      vertex 49.1144 16.3963 8
    endloop
  endfacet
  facet normal 0 0 -1
    outer loop
      vertex 48.8 19.3677 8
      vertex 49.1144 16.3963 8
      vertex 49.1036 16.3235 8
    endloop
  endfacet
  facet normal 0 0 -1
    outer loop
      vertex 48.8 19.3677 8
      vertex 49.1036 16.3235 8
      vertex 49.1 16.25 8
    endloop
  endfacet
  facet normal -0 0 -1
    outer loop
      vertex 49.4965 15.5886 8
      vertex 48.4035 13.7937 8
      vertex 49.4333 15.6264 8
    endloop
  endfacet
  facet normal 0 0 -1
    outer loop
      vertex 49.4333 16.8736 8
      vertex 48.8 19.3677 8
      vertex 48.7964 19.4412 8
    endloop
  endfacet
  facet normal 0 0 -1
    outer loop
      vertex 49.4333 16.8736 8
      vertex 48.7964 19.4412 8
      vertex 48.7856 19.514 8
    endloop
  endfacet
  facet normal -0 0 -1
    outer loop
      vertex 50.1843 35.6917 8
      vertex 45.5341 32.5735 8
      vertex 50.0833 35.7522 8
    endloop
  endfacet
  facet normal 0 0 -1
    outer loop
      vertex 45.4866 32.8938 8
      vertex 50.0833 35.7522 8
      vertex 45.5341 32.5735 8
    endloop
  endfacet
  facet normal -0 0 -1
    outer loop
      vertex 50.0833 35.7522 8
      vertex 45.4866 32.8938 8
      vertex 49.9887 35.8224 8
    endloop
  endfacet
  facet normal 0 0 -1
    outer loop
      vertex 45.4079 33.2079 8
      vertex 49.9887 35.8224 8
      vertex 45.4866 32.8938 8
    endloop
  endfacet
  facet normal -0 0 -1
    outer loop
      vertex 49.9887 35.8224 8
      vertex 45.4079 33.2079 8
      vertex 49.9015 35.9015 8
    endloop
  endfacet
  facet normal 0 0 -1
    outer loop
      vertex 45.2988 33.5129 8
      vertex 49.8224 35.9887 8
      vertex 45.4079 33.2079 8
    endloop
  endfacet
  facet normal -0 0 -1
    outer loop
      vertex 49.8224 35.9887 8
      vertex 45.2988 33.5129 8
      vertex 49.7522 36.0833 8
    endloop
  endfacet
  facet normal 0 0 -1
    outer loop
      vertex 45.1603 33.8056 8
      vertex 49.7522 36.0833 8
      vertex 45.2988 33.5129 8
    endloop
  endfacet
  facet normal -0 0 -1
    outer loop
      vertex 49.7522 36.0833 8
      vertex 45.1603 33.8056 8
      vertex 49.6917 36.1843 8
    endloop
  endfacet
  facet normal -0 0 -1
    outer loop
      vertex 49.9015 35.9015 8
      vertex 45.4079 33.2079 8
      vertex 49.8224 35.9887 8
    endloop
  endfacet
  facet normal 0 0 -1
    outer loop
      vertex 45.5341 31.9265 8
      vertex 50.75 35.55 8
      vertex 50.8676 35.5558 8
    endloop
  endfacet
  facet normal 0 0 -1
    outer loop
      vertex 45.5341 31.9265 8
      vertex 48.4035 20.0291 8
      vertex 48.337 20.0606 8
    endloop
  endfacet
  facet normal 0 0 -1
    outer loop
      vertex 45.5341 31.9265 8
      vertex 48.337 20.0606 8
      vertex 48.2677 20.0854 8
    endloop
  endfacet
  facet normal 0 0 -1
    outer loop
      vertex 45.5341 31.9265 8
      vertex 48.2677 20.0854 8
      vertex 48.1963 20.1033 8
    endloop
  endfacet
  facet normal 0 0 -1
    outer loop
      vertex 45.5341 31.9265 8
      vertex 48.1963 20.1033 8
      vertex 48.1235 20.1141 8
    endloop
  endfacet
  facet normal 0 0 -1
    outer loop
      vertex 45.5341 31.9265 8
      vertex 48.1235 20.1141 8
      vertex 48.05 20.1177 8
    endloop
  endfacet
  facet normal 0 0 -1
    outer loop
      vertex 45.5341 31.9265 8
      vertex 48.05 20.1177 8
      vertex 47.9765 20.1141 8
    endloop
  endfacet
  facet normal 0 0 -1
    outer loop
      vertex 45.5341 31.9265 8
      vertex 47.9765 20.1141 8
      vertex 47.9037 20.1033 8
    endloop
  endfacet
  facet normal 0 0 -1
    outer loop
      vertex 45.5341 31.9265 8
      vertex 47.9037 20.1033 8
      vertex 47.8323 20.0854 8
    endloop
  endfacet
  facet normal 0 0 -1
    outer loop
      vertex 45.5341 31.9265 8
      vertex 47.8323 20.0854 8
      vertex 47.763 20.0606 8
    endloop
  endfacet
  facet normal 0 0 -1
    outer loop
      vertex 45.5341 31.9265 8
      vertex 47.763 20.0606 8
      vertex 47.6965 20.0291 8
    endloop
  endfacet
  facet normal 0 0 -1
    outer loop
      vertex 45.5341 31.9265 8
      vertex 47.6965 20.0291 8
      vertex 47.6333 19.9913 8
    endloop
  endfacet
  facet normal 0 0 -1
    outer loop
      vertex 45.5341 31.9265 8
      vertex 47.6333 19.9913 8
      vertex 47.5742 19.9474 8
    endloop
  endfacet
  facet normal 0 0 -1
    outer loop
      vertex 45.5341 31.9265 8
      vertex 47.5742 19.9474 8
      vertex 47.5197 19.898 8
    endloop
  endfacet
  facet normal 0 0 -1
    outer loop
      vertex 45.5341 31.9265 8
      vertex 47.5197 19.898 8
      vertex 47.4702 19.8435 8
    endloop
  endfacet
  facet normal 0 0 -1
    outer loop
      vertex 45.5341 31.9265 8
      vertex 47.4702 19.8435 8
      vertex 47.4264 19.7844 8
    endloop
  endfacet
  facet normal 0 0 -1
    outer loop
      vertex 45.5341 31.9265 8
      vertex 47.4264 19.7844 8
      vertex 47.3886 19.7212 8
    endloop
  endfacet
  facet normal 0 0 -1
    outer loop
      vertex 45.1856 19.514 8
      vertex 47.3144 19.514 8
      vertex 45.1964 19.4412 8
    endloop
  endfacet
  facet normal 0 0 -1
    outer loop
      vertex 47.3036 19.4412 8
      vertex 45.1964 19.4412 8
      vertex 47.3144 19.514 8
    endloop
  endfacet
  facet normal 0 0 -1
    outer loop
      vertex 45.1964 19.4412 8
      vertex 47.3036 19.4412 8
      vertex 45.2 19.3677 8
    endloop
  endfacet
  facet normal 0 0 -1
    outer loop
      vertex 47.3 19.3677 8
      vertex 45.2 19.3677 8
      vertex 47.3036 19.4412 8
    endloop
  endfacet
  facet normal 0 0 -1
    outer loop
      vertex 46.5693 17.3026 8
      vertex 47.5197 18.8374 8
      vertex 46.671 17.2663 8
    endloop
  endfacet
  facet normal -0 0 -1
    outer loop
      vertex 47.5197 18.8374 8
      vertex 46.5693 17.3026 8
      vertex 47.4702 18.8919 8
    endloop
  endfacet
  facet normal 0 0 -1
    outer loop
      vertex 46.4646 17.3289 8
      vertex 47.4702 18.8919 8
      vertex 46.5693 17.3026 8
    endloop
  endfacet
  facet normal -0 0 -1
    outer loop
      vertex 47.4702 18.8919 8
      vertex 46.4646 17.3289 8
      vertex 47.4264 18.951 8
    endloop
  endfacet
  facet normal 0 0 -1
    outer loop
      vertex 46.3578 17.3447 8
      vertex 47.4264 18.951 8
      vertex 46.4646 17.3289 8
    endloop
  endfacet
  facet normal -0 0 -1
    outer loop
      vertex 47.4264 18.951 8
      vertex 46.3578 17.3447 8
      vertex 47.3886 19.0141 8
    endloop
  endfacet
  facet normal 0 0 -1
    outer loop
      vertex 46.25 17.35 8
      vertex 47.3886 19.0141 8
      vertex 46.3578 17.3447 8
    endloop
  endfacet
  facet normal -0 0 -1
    outer loop
      vertex 47.3886 19.0141 8
      vertex 46.25 17.35 8
      vertex 47.3571 19.0807 8
    endloop
  endfacet
  facet normal 0 0 -1
    outer loop
      vertex 45.2 19.3677 8
      vertex 46.25 17.35 8
      vertex 46.1422 17.3447 8
    endloop
  endfacet
  facet normal 0 0 -1
    outer loop
      vertex 46.25 17.35 8
      vertex 45.2 19.3677 8
      vertex 47.3571 19.0807 8
    endloop
  endfacet
  facet normal 0 0 -1
    outer loop
      vertex 47.3571 19.0807 8
      vertex 45.2 19.3677 8
      vertex 47.3323 19.15 8
    endloop
  endfacet
  facet normal -0 0 -1
    outer loop
      vertex 49.6917 36.1843 8
      vertex 45.1603 33.8056 8
      vertex 49.6413 36.2908 8
    endloop
  endfacet
  facet normal 0 0 -1
    outer loop
      vertex 45.2 19.3677 8
      vertex 46.1422 17.3447 8
      vertex 46.0354 17.3289 8
    endloop
  endfacet
  facet normal 0 0 -1
    outer loop
      vertex 47.3323 19.15 8
      vertex 45.2 19.3677 8
      vertex 47.3144 19.2214 8
    endloop
  endfacet
  facet normal 0 0 -1
    outer loop
      vertex 45.2 19.3677 8
      vertex 46.0354 17.3289 8
      vertex 45.9307 17.3026 8
    endloop
  endfacet
  facet normal 0 0 -1
    outer loop
      vertex 47.3144 19.2214 8
      vertex 45.2 19.3677 8
      vertex 47.3036 19.2942 8
    endloop
  endfacet
  facet normal 0 0 -1
    outer loop
      vertex 45.2 19.3677 8
      vertex 45.9307 17.3026 8
      vertex 45.829 17.2663 8
    endloop
  endfacet
  facet normal 0 0 -1
    outer loop
      vertex 47.3036 19.2942 8
      vertex 45.2 19.3677 8
      vertex 47.3 19.3677 8
    endloop
  endfacet
  facet normal 0 0 -1
    outer loop
      vertex 45.2 19.3677 8
      vertex 45.829 17.2663 8
      vertex 45.7315 17.2201 8
    endloop
  endfacet
  facet normal 0 0 -1
    outer loop
      vertex 45.2 19.3677 8
      vertex 45.7315 17.2201 8
      vertex 45.6389 17.1646 8
    endloop
  endfacet
  facet normal 0 0 -1
    outer loop
      vertex 45.2 19.3677 8
      vertex 45.6389 17.1646 8
      vertex 45.5522 17.1003 8
    endloop
  endfacet
  facet normal 0 0 -1
    outer loop
      vertex 47.3144 19.514 8
      vertex 45.1856 19.514 8
      vertex 47.3323 19.5854 8
    endloop
  endfacet
  facet normal 0 0 -1
    outer loop
      vertex 44.9939 34.0834 8
      vertex 49.6413 36.2908 8
      vertex 45.1603 33.8056 8
    endloop
  endfacet
  facet normal -0 0 -1
    outer loop
      vertex 49.6413 36.2908 8
      vertex 44.9939 34.0834 8
      vertex 49.6017 36.4017 8
    endloop
  endfacet
  facet normal -0 0 -1
    outer loop
      vertex 49.6017 36.4017 8
      vertex 44.9939 34.0834 8
      vertex 49.5731 36.5159 8
    endloop
  endfacet
  facet normal 0 0 -1
    outer loop
      vertex 44.8009 34.3435 8
      vertex 49.5731 36.5159 8
      vertex 44.9939 34.0834 8
    endloop
  endfacet
  facet normal -0 0 -1
    outer loop
      vertex 49.5731 36.5159 8
      vertex 44.8009 34.3435 8
      vertex 49.5558 36.6324 8
    endloop
  endfacet
  facet normal 0 0 -1
    outer loop
      vertex 44.5835 34.5835 8
      vertex 49.5558 36.6324 8
      vertex 44.8009 34.3435 8
    endloop
  endfacet
  facet normal -0 0 -1
    outer loop
      vertex 49.5558 36.6324 8
      vertex 44.5835 34.5835 8
      vertex 49.55 36.75 8
    endloop
  endfacet
  facet normal -0 0 -1
    outer loop
      vertex 49.55 36.75 8
      vertex 44.5835 34.5835 8
      vertex 49.5558 36.8676 8
    endloop
  endfacet
  facet normal 0 0 -1
    outer loop
      vertex 44.3435 34.8009 8
      vertex 49.5558 36.8676 8
      vertex 44.5835 34.5835 8
    endloop
  endfacet
  facet normal -0 0 -1
    outer loop
      vertex 49.5558 36.8676 8
      vertex 44.3435 34.8009 8
      vertex 49.5731 36.9841 8
    endloop
  endfacet
  facet normal 0 0 -1
    outer loop
      vertex 44.0834 34.9939 8
      vertex 49.5731 36.9841 8
      vertex 44.3435 34.8009 8
    endloop
  endfacet
  facet normal -0 0 -1
    outer loop
      vertex 49.5731 36.9841 8
      vertex 44.0834 34.9939 8
      vertex 49.6017 37.0983 8
    endloop
  endfacet
  facet normal 0 0 -1
    outer loop
      vertex 43.8056 35.1603 8
      vertex 49.6017 37.0983 8
      vertex 44.0834 34.9939 8
    endloop
  endfacet
  facet normal -0 0 -1
    outer loop
      vertex 49.6017 37.0983 8
      vertex 43.8056 35.1603 8
      vertex 49.6413 37.2092 8
    endloop
  endfacet
  facet normal -0 0 -1
    outer loop
      vertex 49.6413 37.2092 8
      vertex 43.8056 35.1603 8
      vertex 49.6917 37.3157 8
    endloop
  endfacet
  facet normal 0 0 -1
    outer loop
      vertex 43.5129 35.2988 8
      vertex 49.6917 37.3157 8
      vertex 43.8056 35.1603 8
    endloop
  endfacet
  facet normal 0 0 -1
    outer loop
      vertex 49.7522 37.4167 8
      vertex 43.5129 35.2988 8
      vertex 43.2079 35.4079 8
    endloop
  endfacet
  facet normal 0 0 -1
    outer loop
      vertex 49.8224 37.5113 8
      vertex 43.2079 35.4079 8
      vertex 42.8938 35.4866 8
    endloop
  endfacet
  facet normal -0 0 -1
    outer loop
      vertex 49.9015 37.5985 8
      vertex 42.8938 35.4866 8
      vertex 51.5 40.5 8
    endloop
  endfacet
  facet normal 0 0 -1
    outer loop
      vertex 42.5735 35.5341 8
      vertex 51.5 40.5 8
      vertex 42.8938 35.4866 8
    endloop
  endfacet
  facet normal 0 0 -1
    outer loop
      vertex 42.25 35.55 8
      vertex 51.5 40.5 8
      vertex 42.5735 35.5341 8
    endloop
  endfacet
  facet normal 0 0 -1
    outer loop
      vertex 41.9265 35.5341 8
      vertex 51.5 40.5 8
      vertex 42.25 35.55 8
    endloop
  endfacet
  facet normal 0 0 -1
    outer loop
      vertex 41.6062 35.4866 8
      vertex 51.5 40.5 8
      vertex 41.9265 35.5341 8
    endloop
  endfacet
  facet normal 0 0 -1
    outer loop
      vertex 41.2921 35.4079 8
      vertex 51.5 40.5 8
      vertex 41.6062 35.4866 8
    endloop
  endfacet
  facet normal 0 0 -1
    outer loop
      vertex 29.2079 35.4079 8
      vertex 41.2921 35.4079 8
      vertex 40.9871 35.2988 8
    endloop
  endfacet
  facet normal 0 0 -1
    outer loop
      vertex 29.5129 35.2988 8
      vertex 40.9871 35.2988 8
      vertex 40.6944 35.1603 8
    endloop
  endfacet
  facet normal 0 0 -1
    outer loop
      vertex 31.5341 31.9265 8
      vertex 38.9659 31.9265 8
      vertex 39.0134 31.6062 8
    endloop
  endfacet
  facet normal 0 0 -1
    outer loop
      vertex 38.9659 31.9265 8
      vertex 31.55 32.25 8
      vertex 38.95 32.25 8
    endloop
  endfacet
  facet normal 0 0 -1
    outer loop
      vertex 31.55 32.25 8
      vertex 38.9659 32.5735 8
      vertex 38.95 32.25 8
    endloop
  endfacet
  facet normal 0 0 -1
    outer loop
      vertex 31.5341 32.5735 8
      vertex 38.9659 32.5735 8
      vertex 31.55 32.25 8
    endloop
  endfacet
  facet normal 0 0 -1
    outer loop
      vertex 38.9659 32.5735 8
      vertex 31.5341 32.5735 8
      vertex 39.0134 32.8938 8
    endloop
  endfacet
  facet normal 0 0 -1
    outer loop
      vertex 31.4866 32.8938 8
      vertex 39.0134 32.8938 8
      vertex 31.5341 32.5735 8
    endloop
  endfacet
  facet normal 0 0 -1
    outer loop
      vertex 39.0134 32.8938 8
      vertex 31.4866 32.8938 8
      vertex 39.0921 33.2079 8
    endloop
  endfacet
  facet normal 0 0 -1
    outer loop
      vertex 31.4079 33.2079 8
      vertex 39.0921 33.2079 8
      vertex 31.4866 32.8938 8
    endloop
  endfacet
  facet normal 0 0 -1
    outer loop
      vertex 39.0921 33.2079 8
      vertex 31.4079 33.2079 8
      vertex 39.2012 33.5129 8
    endloop
  endfacet
  facet normal 0 0 -1
    outer loop
      vertex 31.2988 33.5129 8
      vertex 39.2012 33.5129 8
      vertex 31.4079 33.2079 8
    endloop
  endfacet
  facet normal 0 0 -1
    outer loop
      vertex 39.2012 33.5129 8
      vertex 31.2988 33.5129 8
      vertex 39.3397 33.8056 8
    endloop
  endfacet
  facet normal 0 0 -1
    outer loop
      vertex 31.1603 33.8056 8
      vertex 39.3397 33.8056 8
      vertex 31.2988 33.5129 8
    endloop
  endfacet
  facet normal 0 0 -1
    outer loop
      vertex 39.3397 33.8056 8
      vertex 31.1603 33.8056 8
      vertex 39.5061 34.0834 8
    endloop
  endfacet
  facet normal 0 0 -1
    outer loop
      vertex 30.9938 34.0834 8
      vertex 39.5061 34.0834 8
      vertex 31.1603 33.8056 8
    endloop
  endfacet
  facet normal 0 0 -1
    outer loop
      vertex 39.5061 34.0834 8
      vertex 30.9938 34.0834 8
      vertex 39.6991 34.3435 8
    endloop
  endfacet
  facet normal 0 0 -1
    outer loop
      vertex 30.8009 34.3435 8
      vertex 39.6991 34.3435 8
      vertex 30.9938 34.0834 8
    endloop
  endfacet
  facet normal 0 0 -1
    outer loop
      vertex 39.6991 34.3435 8
      vertex 30.8009 34.3435 8
      vertex 39.9165 34.5835 8
    endloop
  endfacet
  facet normal 0 0 -1
    outer loop
      vertex 30.5835 34.5835 8
      vertex 39.9165 34.5835 8
      vertex 30.8009 34.3435 8
    endloop
  endfacet
  facet normal 0 0 -1
    outer loop
      vertex 39.9165 34.5835 8
      vertex 30.5835 34.5835 8
      vertex 40.1565 34.8009 8
    endloop
  endfacet
  facet normal 0 0 -1
    outer loop
      vertex 30.3435 34.8009 8
      vertex 40.1565 34.8009 8
      vertex 30.5835 34.5835 8
    endloop
  endfacet
  facet normal 0 0 -1
    outer loop
      vertex 40.1565 34.8009 8
      vertex 30.3435 34.8009 8
      vertex 40.4166 34.9939 8
    endloop
  endfacet
  facet normal 0 0 -1
    outer loop
      vertex 30.0834 34.9939 8
      vertex 40.4166 34.9939 8
      vertex 30.3435 34.8009 8
    endloop
  endfacet
  facet normal 0 0 -1
    outer loop
      vertex 40.4166 34.9939 8
      vertex 30.0834 34.9939 8
      vertex 40.6944 35.1603 8
    endloop
  endfacet
  facet normal 0 0 -1
    outer loop
      vertex 29.8056 35.1603 8
      vertex 40.6944 35.1603 8
      vertex 30.0834 34.9939 8
    endloop
  endfacet
  facet normal 0 0 -1
    outer loop
      vertex 29.5129 35.2988 8
      vertex 40.6944 35.1603 8
      vertex 29.8056 35.1603 8
    endloop
  endfacet
  facet normal 0 0 -1
    outer loop
      vertex 40.9871 35.2988 8
      vertex 29.5129 35.2988 8
      vertex 29.2079 35.4079 8
    endloop
  endfacet
  facet normal 0 0 -1
    outer loop
      vertex 41.2921 35.4079 8
      vertex 29.2079 35.4079 8
      vertex 51.5 40.5 8
    endloop
  endfacet
  facet normal 0 0 -1
    outer loop
      vertex 28.8938 35.4866 8
      vertex 51.5 40.5 8
      vertex 29.2079 35.4079 8
    endloop
  endfacet
  facet normal 0 0 -1
    outer loop
      vertex 28.5735 35.5341 8
      vertex 51.5 40.5 8
      vertex 28.8938 35.4866 8
    endloop
  endfacet
  facet normal 0 0 -1
    outer loop
      vertex 28.25 35.55 8
      vertex 51.5 40.5 8
      vertex 28.5735 35.5341 8
    endloop
  endfacet
  facet normal 0 0 -1
    outer loop
      vertex 5 40.5 8
      vertex 28.25 35.55 8
      vertex 27.9265 35.5341 8
    endloop
  endfacet
  facet normal 0 0 -1
    outer loop
      vertex 5 40.5 8
      vertex 27.9265 35.5341 8
      vertex 27.6062 35.4866 8
    endloop
  endfacet
  facet normal 0 0 -1
    outer loop
      vertex 24.9659 31.9265 8
      vertex 17.55 32.25 8
      vertex 24.95 32.25 8
    endloop
  endfacet
  facet normal 0 0 -1
    outer loop
      vertex 24.95 32.25 8
      vertex 17.55 32.25 8
      vertex 24.9659 32.5735 8
    endloop
  endfacet
  facet normal 0 0 -1
    outer loop
      vertex 17.5341 32.5735 8
      vertex 24.9659 32.5735 8
      vertex 17.55 32.25 8
    endloop
  endfacet
  facet normal 0 0 -1
    outer loop
      vertex 24.9659 32.5735 8
      vertex 17.5341 32.5735 8
      vertex 25.0134 32.8938 8
    endloop
  endfacet
  facet normal 0 0 -1
    outer loop
      vertex 17.4866 32.8938 8
      vertex 25.0134 32.8938 8
      vertex 17.5341 32.5735 8
    endloop
  endfacet
  facet normal 0 0 -1
    outer loop
      vertex 25.0134 32.8938 8
      vertex 17.4866 32.8938 8
      vertex 25.0921 33.2079 8
    endloop
  endfacet
  facet normal 0 0 -1
    outer loop
      vertex 17.4079 33.2079 8
      vertex 25.0921 33.2079 8
      vertex 17.4866 32.8938 8
    endloop
  endfacet
  facet normal 0 0 -1
    outer loop
      vertex 16.0834 29.5061 8
      vertex 17.7 25 8
      vertex 17.5824 24.9942 8
    endloop
  endfacet
  facet normal 0 0 -1
    outer loop
      vertex 25.0921 33.2079 8
      vertex 17.4079 33.2079 8
      vertex 25.2012 33.5129 8
    endloop
  endfacet
  facet normal 0 0 -1
    outer loop
      vertex 17.2988 33.5129 8
      vertex 25.2012 33.5129 8
      vertex 17.4079 33.2079 8
    endloop
  endfacet
  facet normal 0 0 -1
    outer loop
      vertex 25.2012 33.5129 8
      vertex 17.2988 33.5129 8
      vertex 25.3397 33.8056 8
    endloop
  endfacet
  facet normal 0 0 -1
    outer loop
      vertex 17.1603 33.8056 8
      vertex 25.3397 33.8056 8
      vertex 17.2988 33.5129 8
    endloop
  endfacet
  facet normal 0 0 -1
    outer loop
      vertex 25.3397 33.8056 8
      vertex 17.1603 33.8056 8
      vertex 25.5061 34.0834 8
    endloop
  endfacet
  facet normal 0 0 -1
    outer loop
      vertex 16.9938 34.0834 8
      vertex 25.5061 34.0834 8
      vertex 17.1603 33.8056 8
    endloop
  endfacet
  facet normal 0 0 -1
    outer loop
      vertex 25.5061 34.0834 8
      vertex 16.9938 34.0834 8
      vertex 25.6991 34.3435 8
    endloop
  endfacet
  facet normal 0 0 -1
    outer loop
      vertex 16.8009 34.3435 8
      vertex 25.6991 34.3435 8
      vertex 16.9938 34.0834 8
    endloop
  endfacet
  facet normal 0 0 -1
    outer loop
      vertex 25.6991 34.3435 8
      vertex 16.8009 34.3435 8
      vertex 25.9165 34.5835 8
    endloop
  endfacet
  facet normal 0 0 -1
    outer loop
      vertex 16.5835 34.5835 8
      vertex 25.9165 34.5835 8
      vertex 16.8009 34.3435 8
    endloop
  endfacet
  facet normal 0 0 -1
    outer loop
      vertex 25.9165 34.5835 8
      vertex 16.5835 34.5835 8
      vertex 26.1565 34.8009 8
    endloop
  endfacet
  facet normal 0 0 -1
    outer loop
      vertex 16.3435 34.8009 8
      vertex 26.1565 34.8009 8
      vertex 16.5835 34.5835 8
    endloop
  endfacet
  facet normal 0 0 -1
    outer loop
      vertex 26.1565 34.8009 8
      vertex 16.3435 34.8009 8
      vertex 26.4166 34.9939 8
    endloop
  endfacet
  facet normal 0 0 -1
    outer loop
      vertex 16.0834 34.9939 8
      vertex 26.4166 34.9939 8
      vertex 16.3435 34.8009 8
    endloop
  endfacet
  facet normal 0 0 -1
    outer loop
      vertex 26.4166 34.9939 8
      vertex 16.0834 34.9939 8
      vertex 26.6944 35.1603 8
    endloop
  endfacet
  facet normal 0 0 -1
    outer loop
      vertex 15.8056 35.1603 8
      vertex 26.6944 35.1603 8
      vertex 16.0834 34.9939 8
    endloop
  endfacet
  facet normal 0 0 -1
    outer loop
      vertex 26.6944 35.1603 8
      vertex 15.8056 35.1603 8
      vertex 26.9871 35.2988 8
    endloop
  endfacet
  facet normal 0 0 -1
    outer loop
      vertex 15.5129 35.2988 8
      vertex 26.9871 35.2988 8
      vertex 15.8056 35.1603 8
    endloop
  endfacet
  facet normal 0 0 -1
    outer loop
      vertex 26.9871 35.2988 8
      vertex 15.5129 35.2988 8
      vertex 27.2921 35.4079 8
    endloop
  endfacet
  facet normal 0 0 -1
    outer loop
      vertex 15.2079 35.4079 8
      vertex 27.2921 35.4079 8
      vertex 15.5129 35.2988 8
    endloop
  endfacet
  facet normal 0 0 -1
    outer loop
      vertex 27.2921 35.4079 8
      vertex 15.2079 35.4079 8
      vertex 27.6062 35.4866 8
    endloop
  endfacet
  facet normal 0 0 -1
    outer loop
      vertex 5 40.5 8
      vertex 27.6062 35.4866 8
      vertex 15.2079 35.4079 8
    endloop
  endfacet
  facet normal 0 0 -1
    outer loop
      vertex 5 40.5 8
      vertex 15.2079 35.4079 8
      vertex 14.8938 35.4866 8
    endloop
  endfacet
  facet normal 0 0 -1
    outer loop
      vertex 5 40.5 8
      vertex 14.8938 35.4866 8
      vertex 14.5735 35.5341 8
    endloop
  endfacet
  facet normal 0 0 -1
    outer loop
      vertex 5 40.5 8
      vertex 14.5735 35.5341 8
      vertex 14.25 35.55 8
    endloop
  endfacet
  facet normal 0 0 -1
    outer loop
      vertex 5 40.5 8
      vertex 14.25 35.55 8
      vertex 13.9265 35.5341 8
    endloop
  endfacet
  facet normal 0 0 -1
    outer loop
      vertex 10.9659 31.9265 8
      vertex 6.95 36.75 8
      vertex 10.95 32.25 8
    endloop
  endfacet
  facet normal 0 0 -1
    outer loop
      vertex 10.95 32.25 8
      vertex 6.95 36.75 8
      vertex 10.9659 32.5735 8
    endloop
  endfacet
  facet normal 0 0 -1
    outer loop
      vertex 10.9659 32.5735 8
      vertex 6.95 36.75 8
      vertex 11.0134 32.8938 8
    endloop
  endfacet
  facet normal 0 0 -1
    outer loop
      vertex 6.95 36.75 8
      vertex 11.0921 33.2079 8
      vertex 11.0134 32.8938 8
    endloop
  endfacet
  facet normal 0 0 -1
    outer loop
      vertex 6.95 36.75 8
      vertex 11.2012 33.5129 8
      vertex 11.0921 33.2079 8
    endloop
  endfacet
  facet normal 0 0 -1
    outer loop
      vertex 6.95 36.75 8
      vertex 11.3397 33.8056 8
      vertex 11.2012 33.5129 8
    endloop
  endfacet
  facet normal 0 0 -1
    outer loop
      vertex 6.95 36.75 8
      vertex 11.5062 34.0834 8
      vertex 11.3397 33.8056 8
    endloop
  endfacet
  facet normal 0 0 -1
    outer loop
      vertex 6.95 36.75 8
      vertex 11.6991 34.3435 8
      vertex 11.5062 34.0834 8
    endloop
  endfacet
  facet normal 0 0 -1
    outer loop
      vertex 6.95 36.75 8
      vertex 11.9165 34.5835 8
      vertex 11.6991 34.3435 8
    endloop
  endfacet
  facet normal 0 0 -1
    outer loop
      vertex 6.95 36.75 8
      vertex 12.1565 34.8009 8
      vertex 11.9165 34.5835 8
    endloop
  endfacet
  facet normal 0 0 -1
    outer loop
      vertex 6.94422 36.8676 8
      vertex 12.1565 34.8009 8
      vertex 6.95 36.75 8
    endloop
  endfacet
  facet normal 0 0 -1
    outer loop
      vertex 6.92694 36.9841 8
      vertex 12.1565 34.8009 8
      vertex 6.94422 36.8676 8
    endloop
  endfacet
  facet normal 0 0 -1
    outer loop
      vertex 12.1565 34.8009 8
      vertex 6.92694 36.9841 8
      vertex 12.4166 34.9939 8
    endloop
  endfacet
  facet normal 0 0 -1
    outer loop
      vertex 6.89833 37.0983 8
      vertex 12.4166 34.9939 8
      vertex 6.92694 36.9841 8
    endloop
  endfacet
  facet normal 0 0 -1
    outer loop
      vertex 12.4166 34.9939 8
      vertex 6.89833 37.0983 8
      vertex 12.6944 35.1603 8
    endloop
  endfacet
  facet normal 0 0 -1
    outer loop
      vertex 6.85865 37.2092 8
      vertex 12.6944 35.1603 8
      vertex 6.89833 37.0983 8
    endloop
  endfacet
  facet normal 0 0 -1
    outer loop
      vertex 6.8083 37.3157 8
      vertex 12.6944 35.1603 8
      vertex 6.85865 37.2092 8
    endloop
  endfacet
  facet normal 0 0 -1
    outer loop
      vertex 12.6944 35.1603 8
      vertex 6.8083 37.3157 8
      vertex 12.9871 35.2988 8
    endloop
  endfacet
  facet normal 0 0 -1
    outer loop
      vertex 6.74776 37.4167 8
      vertex 12.9871 35.2988 8
      vertex 6.8083 37.3157 8
    endloop
  endfacet
  facet normal 0 0 -1
    outer loop
      vertex 12.9871 35.2988 8
      vertex 6.74776 37.4167 8
      vertex 13.2921 35.4079 8
    endloop
  endfacet
  facet normal 0 0 -1
    outer loop
      vertex 6.67761 37.5113 8
      vertex 13.2921 35.4079 8
      vertex 6.74776 37.4167 8
    endloop
  endfacet
  facet normal 0 0 -1
    outer loop
      vertex 13.2921 35.4079 8
      vertex 6.67761 37.5113 8
      vertex 13.6062 35.4866 8
    endloop
  endfacet
  facet normal 0 0 -1
    outer loop
      vertex 6.59853 37.5985 8
      vertex 13.6062 35.4866 8
      vertex 6.67761 37.5113 8
    endloop
  endfacet
  facet normal 0 0 -1
    outer loop
      vertex 13.6062 35.4866 8
      vertex 5 40.5 8
      vertex 13.9265 35.5341 8
    endloop
  endfacet
  facet normal 0 0 -1
    outer loop
      vertex 13.6062 35.4866 8
      vertex 6.59853 37.5985 8
      vertex 5 40.5 8
    endloop
  endfacet
  facet normal 0 0 -1
    outer loop
      vertex 5 40.5 8
      vertex 6.59853 37.5985 8
      vertex 6.51127 37.6776 8
    endloop
  endfacet
  facet normal 0 0 -1
    outer loop
      vertex 5 40.5 8
      vertex 6.51127 37.6776 8
      vertex 6.41668 37.7478 8
    endloop
  endfacet
  facet normal 0 0 -1
    outer loop
      vertex 5 40.5 8
      vertex 6.41668 37.7478 8
      vertex 6.31568 37.8083 8
    endloop
  endfacet
  facet normal 0 0 -1
    outer loop
      vertex 5 40.5 8
      vertex 6.31568 37.8083 8
      vertex 6.20922 37.8587 8
    endloop
  endfacet
  facet normal 0 0 -1
    outer loop
      vertex 5 40.5 8
      vertex 6.20922 37.8587 8
      vertex 6.09834 37.8983 8
    endloop
  endfacet
  facet normal 0 0 -1
    outer loop
      vertex 5 40.5 8
      vertex 6.09834 37.8983 8
      vertex 5.98411 37.9269 8
    endloop
  endfacet
  facet normal 0 0 -1
    outer loop
      vertex 5 40.5 8
      vertex 5.98411 37.9269 8
      vertex 5.86762 37.9442 8
    endloop
  endfacet
  facet normal 0 0 -1
    outer loop
      vertex 5 40.5 8
      vertex 5.86762 37.9442 8
      vertex 5.75 37.95 8
    endloop
  endfacet
  facet normal 0 0 -1
    outer loop
      vertex 5 40.5 8
      vertex 5.75 37.95 8
      vertex 5.63238 37.9442 8
    endloop
  endfacet
  facet normal 0 0 -1
    outer loop
      vertex 28.25 35.55 8
      vertex 5 40.5 8
      vertex 51.5 40.5 8
    endloop
  endfacet
  facet normal 0 0 -1
    outer loop
      vertex 5.51589 37.9269 8
      vertex 5 40.5 8
      vertex 5.63238 37.9442 8
    endloop
  endfacet
  facet normal 0 0 -1
    outer loop
      vertex 5.40166 37.8983 8
      vertex 5 40.5 8
      vertex 5.51589 37.9269 8
    endloop
  endfacet
  facet normal 0 0 -1
    outer loop
      vertex 4.70595 40.4856 8
      vertex 5.40166 37.8983 8
      vertex 5.29078 37.8587 8
    endloop
  endfacet
  facet normal 0 0 -1
    outer loop
      vertex 4.41473 40.4424 8
      vertex 5.29078 37.8587 8
      vertex 5.18432 37.8083 8
    endloop
  endfacet
  facet normal 0 0 -1
    outer loop
      vertex 3.85195 40.2716 8
      vertex 5.18432 37.8083 8
      vertex 5.08331 37.7478 8
    endloop
  endfacet
  facet normal 0 0 -1
    outer loop
      vertex 3.58581 40.1458 8
      vertex 5.08331 37.7478 8
      vertex 4.98873 37.6776 8
    endloop
  endfacet
  facet normal 0 0 -1
    outer loop
      vertex 3.09682 39.819 8
      vertex 4.98873 37.6776 8
      vertex 4.90147 37.5985 8
    endloop
  endfacet
  facet normal 0 0 -1
    outer loop
      vertex 2.68097 39.4032 8
      vertex 4.90147 37.5985 8
      vertex 4.82239 37.5113 8
    endloop
  endfacet
  facet normal 0 0 -1
    outer loop
      vertex 2.50559 39.1667 8
      vertex 4.82239 37.5113 8
      vertex 4.75224 37.4167 8
    endloop
  endfacet
  facet normal 0 0 -1
    outer loop
      vertex 5.40166 37.8983 8
      vertex 4.70595 40.4856 8
      vertex 5 40.5 8
    endloop
  endfacet
  facet normal 0 0 -1
    outer loop
      vertex 2.22836 38.648 8
      vertex 4.75224 37.4167 8
      vertex 4.69169 37.3157 8
    endloop
  endfacet
  facet normal 0 0 -1
    outer loop
      vertex 2.05764 38.0853 8
      vertex 4.69169 37.3157 8
      vertex 4.64134 37.2092 8
    endloop
  endfacet
  facet normal 0 0 -1
    outer loop
      vertex 2.01445 37.7941 8
      vertex 4.64134 37.2092 8
      vertex 4.60167 37.0983 8
    endloop
  endfacet
  facet normal 0 0 -1
    outer loop
      vertex 2 37.5 8
      vertex 4.60167 37.0983 8
      vertex 4.57306 36.9841 8
    endloop
  endfacet
  facet normal 0 0 -1
    outer loop
      vertex 2 37.5 8
      vertex 4.57306 36.9841 8
      vertex 4.55578 36.8676 8
    endloop
  endfacet
  facet normal 0 0 -1
    outer loop
      vertex 2 37.5 8
      vertex 4.55578 36.8676 8
      vertex 4.55 36.75 8
    endloop
  endfacet
  facet normal 0 0 -1
    outer loop
      vertex 5.29078 37.8587 8
      vertex 4.41473 40.4424 8
      vertex 4.70595 40.4856 8
    endloop
  endfacet
  facet normal 0 0 -1
    outer loop
      vertex 4.57306 36.5159 8
      vertex 2 37.5 8
      vertex 4.55578 36.6324 8
    endloop
  endfacet
  facet normal -0 0 -1
    outer loop
      vertex 4.82239 4.98873 8
      vertex 2.50559 3.33329 8
      vertex 4.75224 5.08331 8
    endloop
  endfacet
  facet normal 0 0 -1
    outer loop
      vertex 4.55578 36.6324 8
      vertex 2 37.5 8
      vertex 4.55 36.75 8
    endloop
  endfacet
  facet normal 0 0 -1
    outer loop
      vertex 2.35424 3.58581 8
      vertex 4.75224 5.08331 8
      vertex 2.50559 3.33329 8
    endloop
  endfacet
  facet normal 0 0 -1
    outer loop
      vertex 4.60167 37.0983 8
      vertex 2 37.5 8
      vertex 2.01445 37.7941 8
    endloop
  endfacet
  facet normal 0 0 -1
    outer loop
      vertex 2.22836 3.85195 8
      vertex 4.75224 5.08331 8
      vertex 2.35424 3.58581 8
    endloop
  endfacet
  facet normal 0 0 -1
    outer loop
      vertex 5.18432 37.8083 8
      vertex 4.12915 40.3708 8
      vertex 4.41473 40.4424 8
    endloop
  endfacet
  facet normal -0 0 -1
    outer loop
      vertex 4.75224 5.08331 8
      vertex 2.22836 3.85195 8
      vertex 4.69169 5.18432 8
    endloop
  endfacet
  facet normal 0 0 -1
    outer loop
      vertex 5.18432 37.8083 8
      vertex 3.85195 40.2716 8
      vertex 4.12915 40.3708 8
    endloop
  endfacet
  facet normal 0 0 -1
    outer loop
      vertex 2.12918 4.12915 8
      vertex 4.69169 5.18432 8
      vertex 2.22836 3.85195 8
    endloop
  endfacet
  facet normal 0 0 -1
    outer loop
      vertex 5.08331 37.7478 8
      vertex 3.58581 40.1458 8
      vertex 3.85195 40.2716 8
    endloop
  endfacet
  facet normal 0 0 -1
    outer loop
      vertex 2.05764 4.41473 8
      vertex 4.69169 5.18432 8
      vertex 2.12918 4.12915 8
    endloop
  endfacet
  facet normal 0 0 -1
    outer loop
      vertex 4.98873 37.6776 8
      vertex 3.33329 39.9944 8
      vertex 3.58581 40.1458 8
    endloop
  endfacet
  facet normal -0 0 -1
    outer loop
      vertex 4.69169 5.18432 8
      vertex 2.05764 4.41473 8
      vertex 4.64134 5.29078 8
    endloop
  endfacet
  facet normal 0 0 -1
    outer loop
      vertex 4.98873 37.6776 8
      vertex 3.09682 39.819 8
      vertex 3.33329 39.9944 8
    endloop
  endfacet
  facet normal 0 0 -1
    outer loop
      vertex 2.01445 4.70595 8
      vertex 4.64134 5.29078 8
      vertex 2.05764 4.41473 8
    endloop
  endfacet
  facet normal 0 0 -1
    outer loop
      vertex 4.90147 37.5985 8
      vertex 2.87868 39.6213 8
      vertex 3.09682 39.819 8
    endloop
  endfacet
  facet normal -0 0 -1
    outer loop
      vertex 4.64134 5.29078 8
      vertex 2.01445 4.70595 8
      vertex 4.60167 5.40166 8
    endloop
  endfacet
  facet normal 0 0 -1
    outer loop
      vertex 4.90147 37.5985 8
      vertex 2.68097 39.4032 8
      vertex 2.87868 39.6213 8
    endloop
  endfacet
  facet normal 0 0 -1
    outer loop
      vertex 2 5 8
      vertex 4.60167 5.40166 8
      vertex 2.01445 4.70595 8
    endloop
  endfacet
  facet normal 0 0 -1
    outer loop
      vertex 4.82239 37.5113 8
      vertex 2.50559 39.1667 8
      vertex 2.68097 39.4032 8
    endloop
  endfacet
  facet normal -0 0 -1
    outer loop
      vertex 4.60167 5.40166 8
      vertex 2 5 8
      vertex 4.57306 5.51589 8
    endloop
  endfacet
  facet normal 0 0 -1
    outer loop
      vertex 4.75224 37.4167 8
      vertex 2.35424 38.9142 8
      vertex 2.50559 39.1667 8
    endloop
  endfacet
  facet normal -0 0 -1
    outer loop
      vertex 4.57306 5.51589 8
      vertex 2 5 8
      vertex 4.55578 5.63238 8
    endloop
  endfacet
  facet normal 0 0 -1
    outer loop
      vertex 4.75224 37.4167 8
      vertex 2.22836 38.648 8
      vertex 2.35424 38.9142 8
    endloop
  endfacet
  facet normal -0 0 -1
    outer loop
      vertex 4.55578 5.63238 8
      vertex 2 5 8
      vertex 4.55 5.75 8
    endloop
  endfacet
  facet normal 0 0 -1
    outer loop
      vertex 4.69169 37.3157 8
      vertex 2.12918 38.3709 8
      vertex 2.22836 38.648 8
    endloop
  endfacet
  facet normal 0 0 -1
    outer loop
      vertex 4.69169 37.3157 8
      vertex 2.05764 38.0853 8
      vertex 2.12918 38.3709 8
    endloop
  endfacet
  facet normal 0 0 -1
    outer loop
      vertex 4.64134 37.2092 8
      vertex 2.01445 37.7941 8
      vertex 2.05764 38.0853 8
    endloop
  endfacet
  facet normal 0 0 -1
    outer loop
      vertex 54.5 37.5 8
      vertex 51.5113 35.8224 8
      vertex 51.5985 35.9015 8
    endloop
  endfacet
  facet normal 0 0 -1
    outer loop
      vertex 54.5 37.5 8
      vertex 48.6736 19.7844 8
      vertex 51.5113 35.8224 8
    endloop
  endfacet
  facet normal 0 0 -1
    outer loop
      vertex 51.5113 35.8224 8
      vertex 48.6736 19.7844 8
      vertex 51.4167 35.7522 8
    endloop
  endfacet
  facet normal 0 0 -1
    outer loop
      vertex 48.6298 19.8435 8
      vertex 51.4167 35.7522 8
      vertex 48.6736 19.7844 8
    endloop
  endfacet
  facet normal 0 0 -1
    outer loop
      vertex 51.4167 35.7522 8
      vertex 48.6298 19.8435 8
      vertex 51.3157 35.6917 8
    endloop
  endfacet
  facet normal 0 0 -1
    outer loop
      vertex 48.5803 19.898 8
      vertex 51.3157 35.6917 8
      vertex 48.6298 19.8435 8
    endloop
  endfacet
  facet normal 0 0 -1
    outer loop
      vertex 51.3157 35.6917 8
      vertex 48.5803 19.898 8
      vertex 51.2092 35.6413 8
    endloop
  endfacet
  facet normal 0 0 -1
    outer loop
      vertex 48.7677 19.5854 8
      vertex 50.3803 16.7803 8
      vertex 48.7856 19.514 8
    endloop
  endfacet
  facet normal 0 0 -1
    outer loop
      vertex 48.7856 19.514 8
      vertex 50.3803 16.7803 8
      vertex 50.3258 16.8298 8
    endloop
  endfacet
  facet normal 0 0 -1
    outer loop
      vertex 48.7856 19.514 8
      vertex 50.3258 16.8298 8
      vertex 50.2667 16.8736 8
    endloop
  endfacet
  facet normal 0 0 -1
    outer loop
      vertex 48.7856 19.514 8
      vertex 50.2667 16.8736 8
      vertex 50.2035 16.9114 8
    endloop
  endfacet
  facet normal 0 0 -1
    outer loop
      vertex 48.7856 19.514 8
      vertex 50.2035 16.9114 8
      vertex 50.137 16.9429 8
    endloop
  endfacet
  facet normal 0 0 -1
    outer loop
      vertex 48.7856 19.514 8
      vertex 50.137 16.9429 8
      vertex 50.0677 16.9677 8
    endloop
  endfacet
  facet normal 0 0 -1
    outer loop
      vertex 48.7856 19.514 8
      vertex 50.0677 16.9677 8
      vertex 49.9963 16.9856 8
    endloop
  endfacet
  facet normal 0 0 -1
    outer loop
      vertex 48.7856 19.514 8
      vertex 49.9963 16.9856 8
      vertex 49.9235 16.9964 8
    endloop
  endfacet
  facet normal 0 0 -1
    outer loop
      vertex 48.7856 19.514 8
      vertex 49.9235 16.9964 8
      vertex 49.85 17 8
    endloop
  endfacet
  facet normal 0 0 -1
    outer loop
      vertex 48.7856 19.514 8
      vertex 49.85 17 8
      vertex 49.7765 16.9964 8
    endloop
  endfacet
  facet normal 0 0 -1
    outer loop
      vertex 50.3803 16.7803 8
      vertex 48.7677 19.5854 8
      vertex 50.4298 16.7258 8
    endloop
  endfacet
  facet normal 0 0 -1
    outer loop
      vertex 48.7856 19.514 8
      vertex 49.7765 16.9964 8
      vertex 49.7037 16.9856 8
    endloop
  endfacet
  facet normal 0 0 -1
    outer loop
      vertex 48.7429 19.6547 8
      vertex 50.4298 16.7258 8
      vertex 48.7677 19.5854 8
    endloop
  endfacet
  facet normal 0 0 -1
    outer loop
      vertex 48.7856 19.514 8
      vertex 49.7037 16.9856 8
      vertex 49.6323 16.9677 8
    endloop
  endfacet
  facet normal 0 0 -1
    outer loop
      vertex 48.5258 19.9474 8
      vertex 51.2092 35.6413 8
      vertex 48.5803 19.898 8
    endloop
  endfacet
  facet normal 0 0 -1
    outer loop
      vertex 48.7856 19.514 8
      vertex 49.6323 16.9677 8
      vertex 49.563 16.9429 8
    endloop
  endfacet
  facet normal 0 0 -1
    outer loop
      vertex 51.2092 35.6413 8
      vertex 48.5258 19.9474 8
      vertex 51.0983 35.6017 8
    endloop
  endfacet
  facet normal 0 0 -1
    outer loop
      vertex 48.7856 19.514 8
      vertex 49.563 16.9429 8
      vertex 49.4965 16.9114 8
    endloop
  endfacet
  facet normal 0 0 -1
    outer loop
      vertex 48.4667 19.9913 8
      vertex 51.0983 35.6017 8
      vertex 48.5258 19.9474 8
    endloop
  endfacet
  facet normal 0 0 -1
    outer loop
      vertex 48.7856 19.514 8
      vertex 49.4965 16.9114 8
      vertex 49.4333 16.8736 8
    endloop
  endfacet
  facet normal 0 0 -1
    outer loop
      vertex 51.0983 35.6017 8
      vertex 48.4667 19.9913 8
      vertex 50.9841 35.5731 8
    endloop
  endfacet
  facet normal 0 0 -1
    outer loop
      vertex 48.4035 20.0291 8
      vertex 50.9841 35.5731 8
      vertex 48.4667 19.9913 8
    endloop
  endfacet
  facet normal 0 0 -1
    outer loop
      vertex 45.5341 31.9265 8
      vertex 50.9841 35.5731 8
      vertex 48.4035 20.0291 8
    endloop
  endfacet
  facet normal 0 0 -1
    outer loop
      vertex 45.5341 31.9265 8
      vertex 50.8676 35.5558 8
      vertex 50.9841 35.5731 8
    endloop
  endfacet
  facet normal 0 0 -1
    outer loop
      vertex 45.5341 31.9265 8
      vertex 50.6324 35.5558 8
      vertex 50.75 35.55 8
    endloop
  endfacet
  facet normal 0 0 -1
    outer loop
      vertex 45.5341 31.9265 8
      vertex 50.5159 35.5731 8
      vertex 50.6324 35.5558 8
    endloop
  endfacet
  facet normal 0 0 -1
    outer loop
      vertex 45.5341 31.9265 8
      vertex 50.4017 35.6017 8
      vertex 50.5159 35.5731 8
    endloop
  endfacet
  facet normal -0 0 -1
    outer loop
      vertex 50.4017 35.6017 8
      vertex 45.55 32.25 8
      vertex 50.2908 35.6413 8
    endloop
  endfacet
  facet normal 0 0 -1
    outer loop
      vertex 45.5341 32.5735 8
      vertex 50.2908 35.6413 8
      vertex 45.55 32.25 8
    endloop
  endfacet
  facet normal 0 -1 0
    outer loop
      vertex 5 40.5 1.6
      vertex 51.5 40.5 8
      vertex 5 40.5 8
    endloop
  endfacet
  facet normal 0 -1 -0
    outer loop
      vertex 51.5 40.5 8
      vertex 5 40.5 1.6
      vertex 51.5 40.5 1.6
    endloop
  endfacet
  facet normal 0.90402 -0.427491 0
    outer loop
      vertex 2.22836 38.648 8
      vertex 2.35424 38.9142 1.6
      vertex 2.35424 38.9142 8
    endloop
  endfacet
  facet normal 0.90402 -0.427491 0
    outer loop
      vertex 2.35424 38.9142 1.6
      vertex 2.22836 38.648 8
      vertex 2.22836 38.648 1.6
    endloop
  endfacet
  facet normal -1 0 0
    outer loop
      vertex 54.5 5 1.6
      vertex 54.5 37.5 8
      vertex 54.5 37.5 1.6
    endloop
  endfacet
  facet normal -1 -0 0
    outer loop
      vertex 54.5 37.5 8
      vertex 54.5 5 1.6
      vertex 54.5 5 8
    endloop
  endfacet
  facet normal -0.998803 -0.0489044 0
    outer loop
      vertex 54.5 37.5 1.6
      vertex 54.4856 37.7941 8
      vertex 54.4856 37.7941 1.6
    endloop
  endfacet
  facet normal -0.998803 -0.0489044 0
    outer loop
      vertex 54.4856 37.7941 8
      vertex 54.5 37.5 1.6
      vertex 54.5 37.5 8
    endloop
  endfacet
  facet normal -0.514121 0.857718 0
    outer loop
      vertex 53.1667 2.50559 1.6
      vertex 52.9142 2.35424 8
      vertex 53.1667 2.50559 8
    endloop
  endfacet
  facet normal -0.514121 0.857718 0
    outer loop
      vertex 52.9142 2.35424 8
      vertex 53.1667 2.50559 1.6
      vertex 52.9142 2.35424 1.6
    endloop
  endfacet
  facet normal -0.740969 0.671539 0
    outer loop
      vertex 53.6213 2.87868 1.6
      vertex 53.819 3.09682 8
      vertex 53.819 3.09682 1.6
    endloop
  endfacet
  facet normal -0.740969 0.671539 0
    outer loop
      vertex 53.819 3.09682 8
      vertex 53.6213 2.87868 1.6
      vertex 53.6213 2.87868 8
    endloop
  endfacet
  facet normal -0.0489044 -0.998803 0
    outer loop
      vertex 51.5 40.5 1.6
      vertex 51.7941 40.4856 8
      vertex 51.5 40.5 8
    endloop
  endfacet
  facet normal -0.0489044 -0.998803 -0
    outer loop
      vertex 51.7941 40.4856 8
      vertex 51.5 40.5 1.6
      vertex 51.7941 40.4856 1.6
    endloop
  endfacet
  facet normal 0.514216 -0.857661 0
    outer loop
      vertex 3.33329 39.9944 1.6
      vertex 3.58581 40.1458 8
      vertex 3.33329 39.9944 8
    endloop
  endfacet
  facet normal 0.514216 -0.857661 0
    outer loop
      vertex 3.58581 40.1458 8
      vertex 3.33329 39.9944 1.6
      vertex 3.58581 40.1458 1.6
    endloop
  endfacet
  facet normal 0.94151 -0.336986 0
    outer loop
      vertex 2.12918 38.3709 8
      vertex 2.22836 38.648 1.6
      vertex 2.22836 38.648 8
    endloop
  endfacet
  facet normal 0.94151 -0.336986 0
    outer loop
      vertex 2.22836 38.648 1.6
      vertex 2.12918 38.3709 8
      vertex 2.12918 38.3709 1.6
    endloop
  endfacet
  facet normal 0.857718 -0.514121 0
    outer loop
      vertex 2.35424 38.9142 8
      vertex 2.50559 39.1667 1.6
      vertex 2.50559 39.1667 8
    endloop
  endfacet
  facet normal 0.857718 -0.514121 0
    outer loop
      vertex 2.50559 39.1667 1.6
      vertex 2.35424 38.9142 8
      vertex 2.35424 38.9142 1.6
    endloop
  endfacet
  facet normal 0.595747 -0.803172 0
    outer loop
      vertex 3.09682 39.819 1.6
      vertex 3.33329 39.9944 8
      vertex 3.09682 39.819 8
    endloop
  endfacet
  facet normal 0.595747 -0.803172 0
    outer loop
      vertex 3.33329 39.9944 8
      vertex 3.09682 39.819 1.6
      vertex 3.33329 39.9944 1.6
    endloop
  endfacet
  facet normal -0.989174 -0.146746 0
    outer loop
      vertex 54.4856 37.7941 1.6
      vertex 54.4424 38.0853 8
      vertex 54.4424 38.0853 1.6
    endloop
  endfacet
  facet normal -0.989174 -0.146746 0
    outer loop
      vertex 54.4424 38.0853 8
      vertex 54.4856 37.7941 1.6
      vertex 54.4856 37.7941 8
    endloop
  endfacet
  facet normal -0.595655 0.803241 0
    outer loop
      vertex 53.4032 2.68097 1.6
      vertex 53.1667 2.50559 8
      vertex 53.4032 2.68097 8
    endloop
  endfacet
  facet normal -0.595655 0.803241 0
    outer loop
      vertex 53.1667 2.50559 8
      vertex 53.4032 2.68097 1.6
      vertex 53.1667 2.50559 1.6
    endloop
  endfacet
  facet normal -0.904088 0.427347 0
    outer loop
      vertex 54.1458 3.58581 1.6
      vertex 54.2716 3.85195 8
      vertex 54.2716 3.85195 1.6
    endloop
  endfacet
  facet normal -0.904088 0.427347 0
    outer loop
      vertex 54.2716 3.85195 8
      vertex 54.1458 3.58581 1.6
      vertex 54.1458 3.58581 8
    endloop
  endfacet
  facet normal -0.857661 0.514216 0
    outer loop
      vertex 53.9944 3.33329 1.6
      vertex 54.1458 3.58581 8
      vertex 54.1458 3.58581 1.6
    endloop
  endfacet
  facet normal -0.857661 0.514216 0
    outer loop
      vertex 54.1458 3.58581 8
      vertex 53.9944 3.33329 1.6
      vertex 53.9944 3.33329 8
    endloop
  endfacet
  facet normal -0.740908 -0.671607 0
    outer loop
      vertex 53.819 39.4032 1.6
      vertex 53.6213 39.6213 8
      vertex 53.6213 39.6213 1.6
    endloop
  endfacet
  facet normal -0.740908 -0.671607 0
    outer loop
      vertex 53.6213 39.6213 8
      vertex 53.819 39.4032 1.6
      vertex 53.819 39.4032 8
    endloop
  endfacet
  facet normal -0.243175 -0.969982 0
    outer loop
      vertex 52.0853 40.4424 1.6
      vertex 52.3709 40.3708 8
      vertex 52.0853 40.4424 8
    endloop
  endfacet
  facet normal -0.243175 -0.969982 -0
    outer loop
      vertex 52.3709 40.3708 8
      vertex 52.0853 40.4424 1.6
      vertex 52.3709 40.3708 1.6
    endloop
  endfacet
  facet normal -0.146746 -0.989174 0
    outer loop
      vertex 51.7941 40.4856 1.6
      vertex 52.0853 40.4424 8
      vertex 51.7941 40.4856 8
    endloop
  endfacet
  facet normal -0.146746 -0.989174 -0
    outer loop
      vertex 52.0853 40.4424 8
      vertex 51.7941 40.4856 1.6
      vertex 52.0853 40.4424 1.6
    endloop
  endfacet
  facet normal 0.970031 -0.242983 0
    outer loop
      vertex 2.05764 38.0853 8
      vertex 2.12918 38.3709 1.6
      vertex 2.12918 38.3709 8
    endloop
  endfacet
  facet normal 0.970031 -0.242983 0
    outer loop
      vertex 2.12918 38.3709 1.6
      vertex 2.05764 38.0853 8
      vertex 2.05764 38.0853 1.6
    endloop
  endfacet
  facet normal 0.989179 -0.146712 0
    outer loop
      vertex 2.01445 37.7941 8
      vertex 2.05764 38.0853 1.6
      vertex 2.05764 38.0853 8
    endloop
  endfacet
  facet normal 0.989179 -0.146712 0
    outer loop
      vertex 2.05764 38.0853 1.6
      vertex 2.01445 37.7941 8
      vertex 2.01445 37.7941 1.6
    endloop
  endfacet
  facet normal 0.740891 -0.671625 0
    outer loop
      vertex 2.68097 39.4032 8
      vertex 2.87868 39.6213 1.6
      vertex 2.87868 39.6213 8
    endloop
  endfacet
  facet normal 0.740891 -0.671625 0
    outer loop
      vertex 2.87868 39.6213 1.6
      vertex 2.68097 39.4032 8
      vertex 2.68097 39.4032 1.6
    endloop
  endfacet
  facet normal 0.803241 -0.595655 0
    outer loop
      vertex 2.50559 39.1667 8
      vertex 2.68097 39.4032 1.6
      vertex 2.68097 39.4032 8
    endloop
  endfacet
  facet normal 0.803241 -0.595655 0
    outer loop
      vertex 2.68097 39.4032 1.6
      vertex 2.50559 39.1667 8
      vertex 2.50559 39.1667 1.6
    endloop
  endfacet
  facet normal -0.671625 0.740891 0
    outer loop
      vertex 53.6213 2.87868 1.6
      vertex 53.4032 2.68097 8
      vertex 53.6213 2.87868 8
    endloop
  endfacet
  facet normal -0.671625 0.740891 0
    outer loop
      vertex 53.4032 2.68097 8
      vertex 53.6213 2.87868 1.6
      vertex 53.4032 2.68097 1.6
    endloop
  endfacet
  facet normal -0.857643 -0.514246 0
    outer loop
      vertex 54.1458 38.9142 1.6
      vertex 53.9944 39.1667 8
      vertex 53.9944 39.1667 1.6
    endloop
  endfacet
  facet normal -0.857643 -0.514246 0
    outer loop
      vertex 53.9944 39.1667 8
      vertex 54.1458 38.9142 1.6
      vertex 54.1458 38.9142 8
    endloop
  endfacet
  facet normal -0.337047 -0.941488 0
    outer loop
      vertex 52.3709 40.3708 1.6
      vertex 52.648 40.2716 8
      vertex 52.3709 40.3708 8
    endloop
  endfacet
  facet normal -0.337047 -0.941488 -0
    outer loop
      vertex 52.648 40.2716 8
      vertex 52.3709 40.3708 1.6
      vertex 52.648 40.2716 1.6
    endloop
  endfacet
  facet normal 0.427347 -0.904088 0
    outer loop
      vertex 3.58581 40.1458 1.6
      vertex 3.85195 40.2716 8
      vertex 3.58581 40.1458 8
    endloop
  endfacet
  facet normal 0.427347 -0.904088 0
    outer loop
      vertex 3.85195 40.2716 8
      vertex 3.58581 40.1458 1.6
      vertex 3.85195 40.2716 1.6
    endloop
  endfacet
  facet normal 0.146736 -0.989176 0
    outer loop
      vertex 4.41473 40.4424 1.6
      vertex 4.70595 40.4856 8
      vertex 4.41473 40.4424 8
    endloop
  endfacet
  facet normal 0.146736 -0.989176 0
    outer loop
      vertex 4.70595 40.4856 8
      vertex 4.41473 40.4424 1.6
      vertex 4.70595 40.4856 1.6
    endloop
  endfacet
  facet normal 0.243191 -0.969978 0
    outer loop
      vertex 4.12915 40.3708 1.6
      vertex 4.41473 40.4424 8
      vertex 4.12915 40.3708 8
    endloop
  endfacet
  facet normal 0.243191 -0.969978 0
    outer loop
      vertex 4.41473 40.4424 8
      vertex 4.12915 40.3708 1.6
      vertex 4.41473 40.4424 1.6
    endloop
  endfacet
  facet normal 0.0489126 -0.998803 0
    outer loop
      vertex 4.70595 40.4856 1.6
      vertex 5 40.5 8
      vertex 4.70595 40.4856 8
    endloop
  endfacet
  facet normal 0.0489126 -0.998803 0
    outer loop
      vertex 5 40.5 8
      vertex 4.70595 40.4856 1.6
      vertex 5 40.5 1.6
    endloop
  endfacet
  facet normal -0.336986 0.94151 0
    outer loop
      vertex 52.648 2.22836 1.6
      vertex 52.3709 2.12918 8
      vertex 52.648 2.22836 8
    endloop
  endfacet
  facet normal -0.336986 0.94151 0
    outer loop
      vertex 52.3709 2.12918 8
      vertex 52.648 2.22836 1.6
      vertex 52.3709 2.12918 1.6
    endloop
  endfacet
  facet normal -0.427491 0.90402 0
    outer loop
      vertex 52.9142 2.35424 1.6
      vertex 52.648 2.22836 8
      vertex 52.9142 2.35424 8
    endloop
  endfacet
  facet normal -0.427491 0.90402 0
    outer loop
      vertex 52.648 2.22836 8
      vertex 52.9142 2.35424 1.6
      vertex 52.648 2.22836 1.6
    endloop
  endfacet
  facet normal -0.0490738 0.998795 0
    outer loop
      vertex 51.7941 2.01445 1.6
      vertex 51.5 2 8
      vertex 51.7941 2.01445 8
    endloop
  endfacet
  facet normal -0.0490738 0.998795 0
    outer loop
      vertex 51.5 2 8
      vertex 51.7941 2.01445 1.6
      vertex 51.5 2 1.6
    endloop
  endfacet
  facet normal -0.998803 0.0489126 0
    outer loop
      vertex 54.4856 4.70595 1.6
      vertex 54.5 5 8
      vertex 54.5 5 1.6
    endloop
  endfacet
  facet normal -0.998803 0.0489126 0
    outer loop
      vertex 54.5 5 8
      vertex 54.4856 4.70595 1.6
      vertex 54.4856 4.70595 8
    endloop
  endfacet
  facet normal -0.969978 0.243191 0
    outer loop
      vertex 54.3708 4.12915 1.6
      vertex 54.4424 4.41473 8
      vertex 54.4424 4.41473 1.6
    endloop
  endfacet
  facet normal -0.969978 0.243191 0
    outer loop
      vertex 54.4424 4.41473 8
      vertex 54.3708 4.12915 1.6
      vertex 54.3708 4.12915 8
    endloop
  endfacet
  facet normal -0.989176 0.146736 0
    outer loop
      vertex 54.4424 4.41473 1.6
      vertex 54.4856 4.70595 8
      vertex 54.4856 4.70595 1.6
    endloop
  endfacet
  facet normal -0.989176 0.146736 0
    outer loop
      vertex 54.4856 4.70595 8
      vertex 54.4424 4.41473 1.6
      vertex 54.4424 4.41473 8
    endloop
  endfacet
  facet normal -0.941527 0.336939 0
    outer loop
      vertex 54.2716 3.85195 1.6
      vertex 54.3708 4.12915 8
      vertex 54.3708 4.12915 1.6
    endloop
  endfacet
  facet normal -0.941527 0.336939 0
    outer loop
      vertex 54.3708 4.12915 8
      vertex 54.2716 3.85195 1.6
      vertex 54.2716 3.85195 8
    endloop
  endfacet
  facet normal -0.803172 0.595747 0
    outer loop
      vertex 53.819 3.09682 1.6
      vertex 53.9944 3.33329 8
      vertex 53.9944 3.33329 1.6
    endloop
  endfacet
  facet normal -0.803172 0.595747 0
    outer loop
      vertex 53.9944 3.33329 8
      vertex 53.819 3.09682 1.6
      vertex 53.819 3.09682 8
    endloop
  endfacet
  facet normal -0.595699 -0.803208 0
    outer loop
      vertex 53.1667 39.9944 1.6
      vertex 53.4032 39.819 8
      vertex 53.1667 39.9944 8
    endloop
  endfacet
  facet normal -0.595699 -0.803208 -0
    outer loop
      vertex 53.4032 39.819 8
      vertex 53.1667 39.9944 1.6
      vertex 53.4032 39.819 1.6
    endloop
  endfacet
  facet normal -0.514246 -0.857643 0
    outer loop
      vertex 52.9142 40.1458 1.6
      vertex 53.1667 39.9944 8
      vertex 52.9142 40.1458 8
    endloop
  endfacet
  facet normal -0.514246 -0.857643 -0
    outer loop
      vertex 53.1667 39.9944 8
      vertex 52.9142 40.1458 1.6
      vertex 53.1667 39.9944 1.6
    endloop
  endfacet
  facet normal 0.336939 -0.941527 0
    outer loop
      vertex 3.85195 40.2716 1.6
      vertex 4.12915 40.3708 8
      vertex 3.85195 40.2716 8
    endloop
  endfacet
  facet normal 0.336939 -0.941527 0
    outer loop
      vertex 4.12915 40.3708 8
      vertex 3.85195 40.2716 1.6
      vertex 4.12915 40.3708 1.6
    endloop
  endfacet
  facet normal -0.242983 0.970031 0
    outer loop
      vertex 52.3709 2.12918 1.6
      vertex 52.0853 2.05764 8
      vertex 52.3709 2.12918 8
    endloop
  endfacet
  facet normal -0.242983 0.970031 0
    outer loop
      vertex 52.0853 2.05764 8
      vertex 52.3709 2.12918 1.6
      vertex 52.0853 2.05764 1.6
    endloop
  endfacet
  facet normal -0.146712 0.989179 0
    outer loop
      vertex 52.0853 2.05764 1.6
      vertex 51.7941 2.01445 8
      vertex 52.0853 2.05764 8
    endloop
  endfacet
  facet normal -0.146712 0.989179 0
    outer loop
      vertex 51.7941 2.01445 8
      vertex 52.0853 2.05764 1.6
      vertex 51.7941 2.01445 1.6
    endloop
  endfacet
  facet normal -0.803208 -0.595699 0
    outer loop
      vertex 53.9944 39.1667 1.6
      vertex 53.819 39.4032 8
      vertex 53.819 39.4032 1.6
    endloop
  endfacet
  facet normal -0.803208 -0.595699 0
    outer loop
      vertex 53.819 39.4032 8
      vertex 53.9944 39.1667 1.6
      vertex 53.9944 39.1667 8
    endloop
  endfacet
  facet normal -0.904125 -0.427269 0
    outer loop
      vertex 54.2716 38.648 1.6
      vertex 54.1458 38.9142 8
      vertex 54.1458 38.9142 1.6
    endloop
  endfacet
  facet normal -0.904125 -0.427269 0
    outer loop
      vertex 54.1458 38.9142 8
      vertex 54.2716 38.648 1.6
      vertex 54.2716 38.648 8
    endloop
  endfacet
  facet normal -0.941488 -0.337047 0
    outer loop
      vertex 54.3708 38.3709 1.6
      vertex 54.2716 38.648 8
      vertex 54.2716 38.648 1.6
    endloop
  endfacet
  facet normal -0.941488 -0.337047 0
    outer loop
      vertex 54.2716 38.648 8
      vertex 54.3708 38.3709 1.6
      vertex 54.3708 38.3709 8
    endloop
  endfacet
  facet normal -0.427269 -0.904125 0
    outer loop
      vertex 52.648 40.2716 1.6
      vertex 52.9142 40.1458 8
      vertex 52.648 40.2716 8
    endloop
  endfacet
  facet normal -0.427269 -0.904125 -0
    outer loop
      vertex 52.9142 40.1458 8
      vertex 52.648 40.2716 1.6
      vertex 52.9142 40.1458 1.6
    endloop
  endfacet
  facet normal 0.989153 0.146887 0
    outer loop
      vertex 16.5231 13.4659 9.4
      vertex 16.5058 13.5824 8
      vertex 16.5058 13.5824 9.4
    endloop
  endfacet
  facet normal 0.989153 0.146887 0
    outer loop
      vertex 16.5058 13.5824 8
      vertex 16.5231 13.4659 9.4
      vertex 16.5231 13.4659 8
    endloop
  endfacet
  facet normal 1 -0 0
    outer loop
      vertex 16.5 13.7 9.4
      vertex 16.5 23.8 8
      vertex 16.5 23.8 9.4
    endloop
  endfacet
  facet normal 1 0 0
    outer loop
      vertex 16.5 23.8 8
      vertex 16.5 13.7 9.4
      vertex 16.5 13.7 8
    endloop
  endfacet
  facet normal -0.998786 -0.0492599 0
    outer loop
      vertex 40 23.8 8
      vertex 39.9942 23.9176 9.4
      vertex 39.9942 23.9176 8
    endloop
  endfacet
  facet normal -0.998786 -0.0492599 0
    outer loop
      vertex 39.9942 23.9176 9.4
      vertex 40 23.8 8
      vertex 40 23.8 9.4
    endloop
  endfacet
  facet normal 0.998786 0.0492599 0
    outer loop
      vertex 16.5058 13.5824 9.4
      vertex 16.5 13.7 8
      vertex 16.5 13.7 9.4
    endloop
  endfacet
  facet normal 0.998786 0.0492599 0
    outer loop
      vertex 16.5 13.7 8
      vertex 16.5058 13.5824 9.4
      vertex 16.5058 13.5824 8
    endloop
  endfacet
  facet normal 0.336283 -0.941761 0
    outer loop
      vertex 17.2408 24.9087 8
      vertex 17.3517 24.9483 9.4
      vertex 17.2408 24.9087 9.4
    endloop
  endfacet
  facet normal 0.336283 -0.941761 0
    outer loop
      vertex 17.3517 24.9483 9.4
      vertex 17.2408 24.9087 8
      vertex 17.3517 24.9483 8
    endloop
  endfacet
  facet normal 0.0492599 0.998786 -0
    outer loop
      vertex 17.7 12.5 8
      vertex 17.5824 12.5058 9.4
      vertex 17.7 12.5 9.4
    endloop
  endfacet
  facet normal 0.0492599 0.998786 0
    outer loop
      vertex 17.5824 12.5058 9.4
      vertex 17.7 12.5 8
      vertex 17.5824 12.5058 8
    endloop
  endfacet
  facet normal 0.989153 -0.146887 0
    outer loop
      vertex 16.5058 23.9176 9.4
      vertex 16.5231 24.0341 8
      vertex 16.5231 24.0341 9.4
    endloop
  endfacet
  facet normal 0.989153 -0.146887 0
    outer loop
      vertex 16.5231 24.0341 8
      vertex 16.5058 23.9176 9.4
      vertex 16.5058 23.9176 8
    endloop
  endfacet
  facet normal -0.0492599 -0.998786 0
    outer loop
      vertex 38.8 25 8
      vertex 38.9176 24.9942 9.4
      vertex 38.8 25 9.4
    endloop
  endfacet
  facet normal -0.0492599 -0.998786 -0
    outer loop
      vertex 38.9176 24.9942 9.4
      vertex 38.8 25 8
      vertex 38.9176 24.9942 8
    endloop
  endfacet
  facet normal 0 -1 0
    outer loop
      vertex 17.7 25 8
      vertex 38.8 25 9.4
      vertex 17.7 25 9.4
    endloop
  endfacet
  facet normal 0 -1 -0
    outer loop
      vertex 38.8 25 9.4
      vertex 17.7 25 8
      vertex 38.8 25 8
    endloop
  endfacet
  facet normal 0.998786 -0.0492599 0
    outer loop
      vertex 16.5 23.8 9.4
      vertex 16.5058 23.9176 8
      vertex 16.5058 23.9176 9.4
    endloop
  endfacet
  facet normal 0.998786 -0.0492599 0
    outer loop
      vertex 16.5058 23.9176 8
      vertex 16.5 23.8 9.4
      vertex 16.5 23.8 8
    endloop
  endfacet
  facet normal -0.998786 0.0492599 0
    outer loop
      vertex 39.9942 13.5824 8
      vertex 40 13.7 9.4
      vertex 40 13.7 8
    endloop
  endfacet
  facet normal -0.998786 0.0492599 0
    outer loop
      vertex 40 13.7 9.4
      vertex 39.9942 13.5824 8
      vertex 39.9942 13.5824 9.4
    endloop
  endfacet
  facet normal 0 1 -0
    outer loop
      vertex 38.8 12.5 8
      vertex 17.7 12.5 9.4
      vertex 38.8 12.5 9.4
    endloop
  endfacet
  facet normal 0 1 0
    outer loop
      vertex 17.7 12.5 9.4
      vertex 38.8 12.5 8
      vertex 17.7 12.5 8
    endloop
  endfacet
  facet normal -0.74067 -0.671869 0
    outer loop
      vertex 39.7276 24.5613 8
      vertex 39.6485 24.6485 9.4
      vertex 39.6485 24.6485 8
    endloop
  endfacet
  facet normal -0.74067 -0.671869 0
    outer loop
      vertex 39.6485 24.6485 9.4
      vertex 39.7276 24.5613 8
      vertex 39.7276 24.5613 9.4
    endloop
  endfacet
  facet normal 0.74067 -0.671869 0
    outer loop
      vertex 16.7724 24.5613 9.4
      vertex 16.8515 24.6485 8
      vertex 16.8515 24.6485 9.4
    endloop
  endfacet
  facet normal 0.74067 -0.671869 0
    outer loop
      vertex 16.8515 24.6485 8
      vertex 16.7724 24.5613 9.4
      vertex 16.7724 24.5613 8
    endloop
  endfacet
  facet normal -1 0 0
    outer loop
      vertex 40 13.7 8
      vertex 40 23.8 9.4
      vertex 40 23.8 8
    endloop
  endfacet
  facet normal -1 -0 0
    outer loop
      vertex 40 23.8 9.4
      vertex 40 13.7 8
      vertex 40 13.7 9.4
    endloop
  endfacet
  facet normal -0.941761 -0.336283 0
    outer loop
      vertex 39.9483 24.1483 8
      vertex 39.9087 24.2592 9.4
      vertex 39.9087 24.2592 8
    endloop
  endfacet
  facet normal -0.941761 -0.336283 0
    outer loop
      vertex 39.9087 24.2592 9.4
      vertex 39.9483 24.1483 8
      vertex 39.9483 24.1483 9.4
    endloop
  endfacet
  facet normal -0.989153 -0.146887 0
    outer loop
      vertex 39.9942 23.9176 8
      vertex 39.9769 24.0341 9.4
      vertex 39.9769 24.0341 8
    endloop
  endfacet
  facet normal -0.989153 -0.146887 0
    outer loop
      vertex 39.9769 24.0341 9.4
      vertex 39.9942 23.9176 8
      vertex 39.9942 23.9176 9.4
    endloop
  endfacet
  facet normal -0.427758 -0.903893 0
    outer loop
      vertex 39.2592 24.9087 8
      vertex 39.3657 24.8583 9.4
      vertex 39.2592 24.9087 9.4
    endloop
  endfacet
  facet normal -0.427758 -0.903893 -0
    outer loop
      vertex 39.3657 24.8583 9.4
      vertex 39.2592 24.9087 8
      vertex 39.3657 24.8583 8
    endloop
  endfacet
  facet normal -0.595918 -0.803046 0
    outer loop
      vertex 39.4667 24.7978 8
      vertex 39.5613 24.7276 9.4
      vertex 39.4667 24.7978 9.4
    endloop
  endfacet
  facet normal -0.595918 -0.803046 -0
    outer loop
      vertex 39.5613 24.7276 9.4
      vertex 39.4667 24.7978 8
      vertex 39.5613 24.7276 8
    endloop
  endfacet
  facet normal 0.146887 -0.989153 0
    outer loop
      vertex 17.4659 24.9769 8
      vertex 17.5824 24.9942 9.4
      vertex 17.4659 24.9769 9.4
    endloop
  endfacet
  facet normal 0.146887 -0.989153 0
    outer loop
      vertex 17.5824 24.9942 9.4
      vertex 17.4659 24.9769 8
      vertex 17.5824 24.9942 8
    endloop
  endfacet
  facet normal 0.0492599 -0.998786 0
    outer loop
      vertex 17.5824 24.9942 8
      vertex 17.7 25 9.4
      vertex 17.5824 24.9942 9.4
    endloop
  endfacet
  facet normal 0.0492599 -0.998786 0
    outer loop
      vertex 17.7 25 9.4
      vertex 17.5824 24.9942 8
      vertex 17.7 25 8
    endloop
  endfacet
  facet normal 0.242935 -0.970042 0
    outer loop
      vertex 17.3517 24.9483 8
      vertex 17.4659 24.9769 9.4
      vertex 17.3517 24.9483 9.4
    endloop
  endfacet
  facet normal 0.242935 -0.970042 0
    outer loop
      vertex 17.4659 24.9769 9.4
      vertex 17.3517 24.9483 8
      vertex 17.4659 24.9769 8
    endloop
  endfacet
  facet normal 0.595918 -0.803046 0
    outer loop
      vertex 16.9387 24.7276 8
      vertex 17.0333 24.7978 9.4
      vertex 16.9387 24.7276 9.4
    endloop
  endfacet
  facet normal 0.595918 -0.803046 0
    outer loop
      vertex 17.0333 24.7978 9.4
      vertex 16.9387 24.7276 8
      vertex 17.0333 24.7978 8
    endloop
  endfacet
  facet normal 0.427758 -0.903893 0
    outer loop
      vertex 17.1343 24.8583 8
      vertex 17.2408 24.9087 9.4
      vertex 17.1343 24.8583 9.4
    endloop
  endfacet
  facet normal 0.427758 -0.903893 0
    outer loop
      vertex 17.2408 24.9087 9.4
      vertex 17.1343 24.8583 8
      vertex 17.2408 24.9087 8
    endloop
  endfacet
  facet normal 0.671869 -0.74067 0
    outer loop
      vertex 16.8515 24.6485 8
      vertex 16.9387 24.7276 9.4
      vertex 16.8515 24.6485 9.4
    endloop
  endfacet
  facet normal 0.671869 -0.74067 0
    outer loop
      vertex 16.9387 24.7276 9.4
      vertex 16.8515 24.6485 8
      vertex 16.9387 24.7276 8
    endloop
  endfacet
  facet normal 0.903893 -0.427758 0
    outer loop
      vertex 16.5913 24.2592 9.4
      vertex 16.6417 24.3657 8
      vertex 16.6417 24.3657 9.4
    endloop
  endfacet
  facet normal 0.903893 -0.427758 0
    outer loop
      vertex 16.6417 24.3657 8
      vertex 16.5913 24.2592 9.4
      vertex 16.5913 24.2592 8
    endloop
  endfacet
  facet normal 0.857867 -0.513871 0
    outer loop
      vertex 16.6417 24.3657 9.4
      vertex 16.7022 24.4667 8
      vertex 16.7022 24.4667 9.4
    endloop
  endfacet
  facet normal 0.857867 -0.513871 0
    outer loop
      vertex 16.7022 24.4667 8
      vertex 16.6417 24.3657 9.4
      vertex 16.6417 24.3657 8
    endloop
  endfacet
  facet normal -0.427758 0.903893 0
    outer loop
      vertex 39.3657 12.6417 8
      vertex 39.2592 12.5913 9.4
      vertex 39.3657 12.6417 9.4
    endloop
  endfacet
  facet normal -0.427758 0.903893 0
    outer loop
      vertex 39.2592 12.5913 9.4
      vertex 39.3657 12.6417 8
      vertex 39.2592 12.5913 8
    endloop
  endfacet
  facet normal -0.671869 0.74067 0
    outer loop
      vertex 39.6485 12.8515 8
      vertex 39.5613 12.7724 9.4
      vertex 39.6485 12.8515 9.4
    endloop
  endfacet
  facet normal -0.671869 0.74067 0
    outer loop
      vertex 39.5613 12.7724 9.4
      vertex 39.6485 12.8515 8
      vertex 39.5613 12.7724 8
    endloop
  endfacet
  facet normal -0.0492599 0.998786 0
    outer loop
      vertex 38.9176 12.5058 8
      vertex 38.8 12.5 9.4
      vertex 38.9176 12.5058 9.4
    endloop
  endfacet
  facet normal -0.0492599 0.998786 0
    outer loop
      vertex 38.8 12.5 9.4
      vertex 38.9176 12.5058 8
      vertex 38.8 12.5 8
    endloop
  endfacet
  facet normal -0.242935 0.970042 0
    outer loop
      vertex 39.1483 12.5517 8
      vertex 39.0341 12.5231 9.4
      vertex 39.1483 12.5517 9.4
    endloop
  endfacet
  facet normal -0.242935 0.970042 0
    outer loop
      vertex 39.0341 12.5231 9.4
      vertex 39.1483 12.5517 8
      vertex 39.0341 12.5231 8
    endloop
  endfacet
  facet normal 0.427758 0.903893 -0
    outer loop
      vertex 17.2408 12.5913 8
      vertex 17.1343 12.6417 9.4
      vertex 17.2408 12.5913 9.4
    endloop
  endfacet
  facet normal 0.427758 0.903893 0
    outer loop
      vertex 17.1343 12.6417 9.4
      vertex 17.2408 12.5913 8
      vertex 17.1343 12.6417 8
    endloop
  endfacet
  facet normal 0.242935 0.970042 -0
    outer loop
      vertex 17.4659 12.5231 8
      vertex 17.3517 12.5517 9.4
      vertex 17.4659 12.5231 9.4
    endloop
  endfacet
  facet normal 0.242935 0.970042 0
    outer loop
      vertex 17.3517 12.5517 9.4
      vertex 17.4659 12.5231 8
      vertex 17.3517 12.5517 8
    endloop
  endfacet
  facet normal 0.671869 0.74067 -0
    outer loop
      vertex 16.9387 12.7724 8
      vertex 16.8515 12.8515 9.4
      vertex 16.9387 12.7724 9.4
    endloop
  endfacet
  facet normal 0.671869 0.74067 0
    outer loop
      vertex 16.8515 12.8515 9.4
      vertex 16.9387 12.7724 8
      vertex 16.8515 12.8515 8
    endloop
  endfacet
  facet normal -0.970042 -0.242935 0
    outer loop
      vertex 39.9769 24.0341 8
      vertex 39.9483 24.1483 9.4
      vertex 39.9483 24.1483 8
    endloop
  endfacet
  facet normal -0.970042 -0.242935 0
    outer loop
      vertex 39.9483 24.1483 9.4
      vertex 39.9769 24.0341 8
      vertex 39.9769 24.0341 9.4
    endloop
  endfacet
  facet normal -0.857867 -0.513871 0
    outer loop
      vertex 39.8583 24.3657 8
      vertex 39.7978 24.4667 9.4
      vertex 39.7978 24.4667 8
    endloop
  endfacet
  facet normal -0.857867 -0.513871 0
    outer loop
      vertex 39.7978 24.4667 9.4
      vertex 39.8583 24.3657 8
      vertex 39.8583 24.3657 9.4
    endloop
  endfacet
  facet normal -0.803046 -0.595918 0
    outer loop
      vertex 39.7978 24.4667 8
      vertex 39.7276 24.5613 9.4
      vertex 39.7276 24.5613 8
    endloop
  endfacet
  facet normal -0.803046 -0.595918 0
    outer loop
      vertex 39.7276 24.5613 9.4
      vertex 39.7978 24.4667 8
      vertex 39.7978 24.4667 9.4
    endloop
  endfacet
  facet normal -0.903893 -0.427758 0
    outer loop
      vertex 39.9087 24.2592 8
      vertex 39.8583 24.3657 9.4
      vertex 39.8583 24.3657 8
    endloop
  endfacet
  facet normal -0.903893 -0.427758 0
    outer loop
      vertex 39.8583 24.3657 9.4
      vertex 39.9087 24.2592 8
      vertex 39.9087 24.2592 9.4
    endloop
  endfacet
  facet normal -0.242935 -0.970042 0
    outer loop
      vertex 39.0341 24.9769 8
      vertex 39.1483 24.9483 9.4
      vertex 39.0341 24.9769 9.4
    endloop
  endfacet
  facet normal -0.242935 -0.970042 -0
    outer loop
      vertex 39.1483 24.9483 9.4
      vertex 39.0341 24.9769 8
      vertex 39.1483 24.9483 8
    endloop
  endfacet
  facet normal -0.336283 -0.941761 0
    outer loop
      vertex 39.1483 24.9483 8
      vertex 39.2592 24.9087 9.4
      vertex 39.1483 24.9483 9.4
    endloop
  endfacet
  facet normal -0.336283 -0.941761 -0
    outer loop
      vertex 39.2592 24.9087 9.4
      vertex 39.1483 24.9483 8
      vertex 39.2592 24.9087 8
    endloop
  endfacet
  facet normal -0.146887 -0.989153 0
    outer loop
      vertex 38.9176 24.9942 8
      vertex 39.0341 24.9769 9.4
      vertex 38.9176 24.9942 9.4
    endloop
  endfacet
  facet normal -0.146887 -0.989153 -0
    outer loop
      vertex 39.0341 24.9769 9.4
      vertex 38.9176 24.9942 8
      vertex 39.0341 24.9769 8
    endloop
  endfacet
  facet normal -0.513871 -0.857867 0
    outer loop
      vertex 39.3657 24.8583 8
      vertex 39.4667 24.7978 9.4
      vertex 39.3657 24.8583 9.4
    endloop
  endfacet
  facet normal -0.513871 -0.857867 -0
    outer loop
      vertex 39.4667 24.7978 9.4
      vertex 39.3657 24.8583 8
      vertex 39.4667 24.7978 8
    endloop
  endfacet
  facet normal -0.671869 -0.74067 0
    outer loop
      vertex 39.5613 24.7276 8
      vertex 39.6485 24.6485 9.4
      vertex 39.5613 24.7276 9.4
    endloop
  endfacet
  facet normal -0.671869 -0.74067 -0
    outer loop
      vertex 39.6485 24.6485 9.4
      vertex 39.5613 24.7276 8
      vertex 39.6485 24.6485 8
    endloop
  endfacet
  facet normal 0.513871 -0.857867 0
    outer loop
      vertex 17.0333 24.7978 8
      vertex 17.1343 24.8583 9.4
      vertex 17.0333 24.7978 9.4
    endloop
  endfacet
  facet normal 0.513871 -0.857867 0
    outer loop
      vertex 17.1343 24.8583 9.4
      vertex 17.0333 24.7978 8
      vertex 17.1343 24.8583 8
    endloop
  endfacet
  facet normal 0.970042 -0.242935 0
    outer loop
      vertex 16.5231 24.0341 9.4
      vertex 16.5517 24.1483 8
      vertex 16.5517 24.1483 9.4
    endloop
  endfacet
  facet normal 0.970042 -0.242935 0
    outer loop
      vertex 16.5517 24.1483 8
      vertex 16.5231 24.0341 9.4
      vertex 16.5231 24.0341 8
    endloop
  endfacet
  facet normal 0.803046 -0.595918 0
    outer loop
      vertex 16.7022 24.4667 9.4
      vertex 16.7724 24.5613 8
      vertex 16.7724 24.5613 9.4
    endloop
  endfacet
  facet normal 0.803046 -0.595918 0
    outer loop
      vertex 16.7724 24.5613 8
      vertex 16.7022 24.4667 9.4
      vertex 16.7022 24.4667 8
    endloop
  endfacet
  facet normal -0.513871 0.857867 0
    outer loop
      vertex 39.4667 12.7022 8
      vertex 39.3657 12.6417 9.4
      vertex 39.4667 12.7022 9.4
    endloop
  endfacet
  facet normal -0.513871 0.857867 0
    outer loop
      vertex 39.3657 12.6417 9.4
      vertex 39.4667 12.7022 8
      vertex 39.3657 12.6417 8
    endloop
  endfacet
  facet normal -0.74067 0.671869 0
    outer loop
      vertex 39.6485 12.8515 8
      vertex 39.7276 12.9387 9.4
      vertex 39.7276 12.9387 8
    endloop
  endfacet
  facet normal -0.74067 0.671869 0
    outer loop
      vertex 39.7276 12.9387 9.4
      vertex 39.6485 12.8515 8
      vertex 39.6485 12.8515 9.4
    endloop
  endfacet
  facet normal -0.970042 0.242935 0
    outer loop
      vertex 39.9483 13.3517 8
      vertex 39.9769 13.4659 9.4
      vertex 39.9769 13.4659 8
    endloop
  endfacet
  facet normal -0.970042 0.242935 0
    outer loop
      vertex 39.9769 13.4659 9.4
      vertex 39.9483 13.3517 8
      vertex 39.9483 13.3517 9.4
    endloop
  endfacet
  facet normal -0.941761 0.336283 0
    outer loop
      vertex 39.9087 13.2408 8
      vertex 39.9483 13.3517 9.4
      vertex 39.9483 13.3517 8
    endloop
  endfacet
  facet normal -0.941761 0.336283 0
    outer loop
      vertex 39.9483 13.3517 9.4
      vertex 39.9087 13.2408 8
      vertex 39.9087 13.2408 9.4
    endloop
  endfacet
  facet normal -0.989153 0.146887 0
    outer loop
      vertex 39.9769 13.4659 8
      vertex 39.9942 13.5824 9.4
      vertex 39.9942 13.5824 8
    endloop
  endfacet
  facet normal -0.989153 0.146887 0
    outer loop
      vertex 39.9942 13.5824 9.4
      vertex 39.9769 13.4659 8
      vertex 39.9769 13.4659 9.4
    endloop
  endfacet
  facet normal -0.903893 0.427758 0
    outer loop
      vertex 39.8583 13.1343 8
      vertex 39.9087 13.2408 9.4
      vertex 39.9087 13.2408 8
    endloop
  endfacet
  facet normal -0.903893 0.427758 0
    outer loop
      vertex 39.9087 13.2408 9.4
      vertex 39.8583 13.1343 8
      vertex 39.8583 13.1343 9.4
    endloop
  endfacet
  facet normal -0.803046 0.595918 0
    outer loop
      vertex 39.7276 12.9387 8
      vertex 39.7978 13.0333 9.4
      vertex 39.7978 13.0333 8
    endloop
  endfacet
  facet normal -0.803046 0.595918 0
    outer loop
      vertex 39.7978 13.0333 9.4
      vertex 39.7276 12.9387 8
      vertex 39.7276 12.9387 9.4
    endloop
  endfacet
  facet normal -0.146887 0.989153 0
    outer loop
      vertex 39.0341 12.5231 8
      vertex 38.9176 12.5058 9.4
      vertex 39.0341 12.5231 9.4
    endloop
  endfacet
  facet normal -0.146887 0.989153 0
    outer loop
      vertex 38.9176 12.5058 9.4
      vertex 39.0341 12.5231 8
      vertex 38.9176 12.5058 8
    endloop
  endfacet
  facet normal -0.336283 0.941761 0
    outer loop
      vertex 39.2592 12.5913 8
      vertex 39.1483 12.5517 9.4
      vertex 39.2592 12.5913 9.4
    endloop
  endfacet
  facet normal -0.336283 0.941761 0
    outer loop
      vertex 39.1483 12.5517 9.4
      vertex 39.2592 12.5913 8
      vertex 39.1483 12.5517 8
    endloop
  endfacet
  facet normal 0.595918 0.803046 -0
    outer loop
      vertex 17.0333 12.7022 8
      vertex 16.9387 12.7724 9.4
      vertex 17.0333 12.7022 9.4
    endloop
  endfacet
  facet normal 0.595918 0.803046 0
    outer loop
      vertex 16.9387 12.7724 9.4
      vertex 17.0333 12.7022 8
      vertex 16.9387 12.7724 8
    endloop
  endfacet
  facet normal 0.513871 0.857867 -0
    outer loop
      vertex 17.1343 12.6417 8
      vertex 17.0333 12.7022 9.4
      vertex 17.1343 12.6417 9.4
    endloop
  endfacet
  facet normal 0.513871 0.857867 0
    outer loop
      vertex 17.0333 12.7022 9.4
      vertex 17.1343 12.6417 8
      vertex 17.0333 12.7022 8
    endloop
  endfacet
  facet normal 0.146887 0.989153 -0
    outer loop
      vertex 17.5824 12.5058 8
      vertex 17.4659 12.5231 9.4
      vertex 17.5824 12.5058 9.4
    endloop
  endfacet
  facet normal 0.146887 0.989153 0
    outer loop
      vertex 17.4659 12.5231 9.4
      vertex 17.5824 12.5058 8
      vertex 17.4659 12.5231 8
    endloop
  endfacet
  facet normal 0.803046 0.595918 0
    outer loop
      vertex 16.7724 12.9387 9.4
      vertex 16.7022 13.0333 8
      vertex 16.7022 13.0333 9.4
    endloop
  endfacet
  facet normal 0.803046 0.595918 0
    outer loop
      vertex 16.7022 13.0333 8
      vertex 16.7724 12.9387 9.4
      vertex 16.7724 12.9387 8
    endloop
  endfacet
  facet normal 0.857867 0.513871 0
    outer loop
      vertex 16.7022 13.0333 9.4
      vertex 16.6417 13.1343 8
      vertex 16.6417 13.1343 9.4
    endloop
  endfacet
  facet normal 0.857867 0.513871 0
    outer loop
      vertex 16.6417 13.1343 8
      vertex 16.7022 13.0333 9.4
      vertex 16.7022 13.0333 8
    endloop
  endfacet
  facet normal 0.74067 0.671869 0
    outer loop
      vertex 16.8515 12.8515 9.4
      vertex 16.7724 12.9387 8
      vertex 16.7724 12.9387 9.4
    endloop
  endfacet
  facet normal 0.74067 0.671869 0
    outer loop
      vertex 16.7724 12.9387 8
      vertex 16.8515 12.8515 9.4
      vertex 16.8515 12.8515 8
    endloop
  endfacet
  facet normal 0.903893 0.427758 0
    outer loop
      vertex 16.6417 13.1343 9.4
      vertex 16.5913 13.2408 8
      vertex 16.5913 13.2408 9.4
    endloop
  endfacet
  facet normal 0.903893 0.427758 0
    outer loop
      vertex 16.5913 13.2408 8
      vertex 16.6417 13.1343 9.4
      vertex 16.6417 13.1343 8
    endloop
  endfacet
  facet normal 0.970042 0.242935 0
    outer loop
      vertex 16.5517 13.3517 9.4
      vertex 16.5231 13.4659 8
      vertex 16.5231 13.4659 9.4
    endloop
  endfacet
  facet normal 0.970042 0.242935 0
    outer loop
      vertex 16.5231 13.4659 8
      vertex 16.5517 13.3517 9.4
      vertex 16.5517 13.3517 8
    endloop
  endfacet
  facet normal 0.941761 -0.336283 0
    outer loop
      vertex 16.5517 24.1483 9.4
      vertex 16.5913 24.2592 8
      vertex 16.5913 24.2592 9.4
    endloop
  endfacet
  facet normal 0.941761 -0.336283 0
    outer loop
      vertex 16.5913 24.2592 8
      vertex 16.5517 24.1483 9.4
      vertex 16.5517 24.1483 8
    endloop
  endfacet
  facet normal -0.595918 0.803046 0
    outer loop
      vertex 39.5613 12.7724 8
      vertex 39.4667 12.7022 9.4
      vertex 39.5613 12.7724 9.4
    endloop
  endfacet
  facet normal -0.595918 0.803046 0
    outer loop
      vertex 39.4667 12.7022 9.4
      vertex 39.5613 12.7724 8
      vertex 39.4667 12.7022 8
    endloop
  endfacet
  facet normal -0.857867 0.513871 0
    outer loop
      vertex 39.7978 13.0333 8
      vertex 39.8583 13.1343 9.4
      vertex 39.8583 13.1343 8
    endloop
  endfacet
  facet normal -0.857867 0.513871 0
    outer loop
      vertex 39.8583 13.1343 9.4
      vertex 39.7978 13.0333 8
      vertex 39.7978 13.0333 9.4
    endloop
  endfacet
  facet normal 0.336283 0.941761 -0
    outer loop
      vertex 17.3517 12.5517 8
      vertex 17.2408 12.5913 9.4
      vertex 17.3517 12.5517 9.4
    endloop
  endfacet
  facet normal 0.336283 0.941761 0
    outer loop
      vertex 17.2408 12.5913 9.4
      vertex 17.3517 12.5517 8
      vertex 17.2408 12.5913 8
    endloop
  endfacet
  facet normal 0.941761 0.336283 0
    outer loop
      vertex 16.5913 13.2408 9.4
      vertex 16.5517 13.3517 8
      vertex 16.5517 13.3517 9.4
    endloop
  endfacet
  facet normal 0.941761 0.336283 0
    outer loop
      vertex 16.5517 13.3517 8
      vertex 16.5913 13.2408 9.4
      vertex 16.5913 13.2408 8
    endloop
  endfacet
  facet normal 0 0 1
    outer loop
      vertex 39.7978 24.4667 9.4
      vertex 42 25 9.4
      vertex 41.9904 25.196 9.4
    endloop
  endfacet
  facet normal 0 0 1
    outer loop
      vertex 42 25 9.4
      vertex 40 23.8 9.4
      vertex 42 16.6226 9.4
    endloop
  endfacet
  facet normal 0 0 1
    outer loop
      vertex 39.7978 24.4667 9.4
      vertex 41.9904 25.196 9.4
      vertex 41.9616 25.3902 9.4
    endloop
  endfacet
  facet normal 0 0 1
    outer loop
      vertex 42 16.6226 9.4
      vertex 40 23.8 9.4
      vertex 41.9886 16.6035 9.4
    endloop
  endfacet
  facet normal 0 0 1
    outer loop
      vertex 41.9886 16.6035 9.4
      vertex 40 23.8 9.4
      vertex 41.9571 16.537 9.4
    endloop
  endfacet
  facet normal 0 0 1
    outer loop
      vertex 41.9571 16.537 9.4
      vertex 40 23.8 9.4
      vertex 41.9323 16.4677 9.4
    endloop
  endfacet
  facet normal 0 0 1
    outer loop
      vertex 39.7978 24.4667 9.4
      vertex 41.9616 25.3902 9.4
      vertex 41.9139 25.5806 9.4
    endloop
  endfacet
  facet normal 0 0 1
    outer loop
      vertex 40 13.7 9.4
      vertex 41.9323 16.4677 9.4
      vertex 40 23.8 9.4
    endloop
  endfacet
  facet normal 0 0 1
    outer loop
      vertex 41.9323 16.4677 9.4
      vertex 40 13.7 9.4
      vertex 41.9144 16.3963 9.4
    endloop
  endfacet
  facet normal 0 0 1
    outer loop
      vertex 39.7276 24.5613 9.4
      vertex 41.9139 25.5806 9.4
      vertex 41.8478 25.7654 9.4
    endloop
  endfacet
  facet normal -0 0 1
    outer loop
      vertex 40 13.7 9.4
      vertex 42 12.5 9.4
      vertex 42 15.8774 9.4
    endloop
  endfacet
  facet normal 0 0 1
    outer loop
      vertex 40 13.7 9.4
      vertex 42 15.8774 9.4
      vertex 41.9886 15.8965 9.4
    endloop
  endfacet
  facet normal -0 0 1
    outer loop
      vertex 39.9942 13.5824 9.4
      vertex 42 12.5 9.4
      vertex 40 13.7 9.4
    endloop
  endfacet
  facet normal 0 0 1
    outer loop
      vertex 40 13.7 9.4
      vertex 41.9886 15.8965 9.4
      vertex 41.9571 15.963 9.4
    endloop
  endfacet
  facet normal 0 0 1
    outer loop
      vertex 40 13.7 9.4
      vertex 41.9571 15.963 9.4
      vertex 41.9323 16.0323 9.4
    endloop
  endfacet
  facet normal 0 0 1
    outer loop
      vertex 40 13.7 9.4
      vertex 41.9323 16.0323 9.4
      vertex 41.9144 16.1037 9.4
    endloop
  endfacet
  facet normal -0 0 1
    outer loop
      vertex 39.9769 13.4659 9.4
      vertex 42 12.5 9.4
      vertex 39.9942 13.5824 9.4
    endloop
  endfacet
  facet normal 0 0 1
    outer loop
      vertex 40 13.7 9.4
      vertex 41.9144 16.1037 9.4
      vertex 41.9036 16.1765 9.4
    endloop
  endfacet
  facet normal 0 0 1
    outer loop
      vertex 40 13.7 9.4
      vertex 41.9036 16.1765 9.4
      vertex 41.9 16.25 9.4
    endloop
  endfacet
  facet normal 0 0 1
    outer loop
      vertex 41.9144 16.3963 9.4
      vertex 40 13.7 9.4
      vertex 41.9036 16.3235 9.4
    endloop
  endfacet
  facet normal 0 0 1
    outer loop
      vertex 41.9036 16.3235 9.4
      vertex 40 13.7 9.4
      vertex 41.9 16.25 9.4
    endloop
  endfacet
  facet normal 0 0 1
    outer loop
      vertex 39.7276 24.5613 9.4
      vertex 41.8478 25.7654 9.4
      vertex 41.7638 25.9428 9.4
    endloop
  endfacet
  facet normal -0 0 1
    outer loop
      vertex 39.9483 13.3517 9.4
      vertex 42 12.5 9.4
      vertex 39.9769 13.4659 9.4
    endloop
  endfacet
  facet normal 0 0 1
    outer loop
      vertex 39.7276 24.5613 9.4
      vertex 41.7638 25.9428 9.4
      vertex 41.6629 26.1111 9.4
    endloop
  endfacet
  facet normal -0 0 1
    outer loop
      vertex 39.9087 13.2408 9.4
      vertex 42 12.5 9.4
      vertex 39.9483 13.3517 9.4
    endloop
  endfacet
  facet normal 0 0 1
    outer loop
      vertex 39.7276 24.5613 9.4
      vertex 41.6629 26.1111 9.4
      vertex 41.546 26.2688 9.4
    endloop
  endfacet
  facet normal -0 0 1
    outer loop
      vertex 39.8583 13.1343 9.4
      vertex 42 12.5 9.4
      vertex 39.9087 13.2408 9.4
    endloop
  endfacet
  facet normal 0 0 1
    outer loop
      vertex 39.6485 24.6485 9.4
      vertex 41.546 26.2688 9.4
      vertex 41.4142 26.4142 9.4
    endloop
  endfacet
  facet normal -0 0 1
    outer loop
      vertex 39.7978 13.0333 9.4
      vertex 42 12.5 9.4
      vertex 39.8583 13.1343 9.4
    endloop
  endfacet
  facet normal 0 0 1
    outer loop
      vertex 39.6485 24.6485 9.4
      vertex 41.4142 26.4142 9.4
      vertex 41.2688 26.546 9.4
    endloop
  endfacet
  facet normal 0 0 1
    outer loop
      vertex 42 12.5 9.4
      vertex 39.7978 13.0333 9.4
      vertex 41.9904 12.304 9.4
    endloop
  endfacet
  facet normal 0 0 1
    outer loop
      vertex 39.6485 24.6485 9.4
      vertex 41.2688 26.546 9.4
      vertex 41.1111 26.6629 9.4
    endloop
  endfacet
  facet normal 0 0 1
    outer loop
      vertex 41.9904 12.304 9.4
      vertex 39.7978 13.0333 9.4
      vertex 41.9616 12.1098 9.4
    endloop
  endfacet
  facet normal 0 0 1
    outer loop
      vertex 39.5613 24.7276 9.4
      vertex 41.1111 26.6629 9.4
      vertex 40.9428 26.7638 9.4
    endloop
  endfacet
  facet normal 0 0 1
    outer loop
      vertex 41.9616 12.1098 9.4
      vertex 39.7978 13.0333 9.4
      vertex 41.9139 11.9194 9.4
    endloop
  endfacet
  facet normal 0 0 1
    outer loop
      vertex 39.5613 24.7276 9.4
      vertex 40.9428 26.7638 9.4
      vertex 40.7654 26.8478 9.4
    endloop
  endfacet
  facet normal -0 0 1
    outer loop
      vertex 39.7276 12.9387 9.4
      vertex 41.9139 11.9194 9.4
      vertex 39.7978 13.0333 9.4
    endloop
  endfacet
  facet normal 0 0 1
    outer loop
      vertex 39.5613 24.7276 9.4
      vertex 40.7654 26.8478 9.4
      vertex 40.5806 26.9139 9.4
    endloop
  endfacet
  facet normal 0 0 1
    outer loop
      vertex 41.9139 11.9194 9.4
      vertex 39.7276 12.9387 9.4
      vertex 41.8478 11.7346 9.4
    endloop
  endfacet
  facet normal 0 0 1
    outer loop
      vertex 39.4667 24.7978 9.4
      vertex 40.5806 26.9139 9.4
      vertex 40.3902 26.9616 9.4
    endloop
  endfacet
  facet normal 0 0 1
    outer loop
      vertex 41.8478 11.7346 9.4
      vertex 39.7276 12.9387 9.4
      vertex 41.7638 11.5572 9.4
    endloop
  endfacet
  facet normal 0 0 1
    outer loop
      vertex 39.4667 24.7978 9.4
      vertex 40.3902 26.9616 9.4
      vertex 40.196 26.9904 9.4
    endloop
  endfacet
  facet normal 0 0 1
    outer loop
      vertex 41.7638 11.5572 9.4
      vertex 39.7276 12.9387 9.4
      vertex 41.6629 11.3889 9.4
    endloop
  endfacet
  facet normal 0 0 1
    outer loop
      vertex 39.4667 24.7978 9.4
      vertex 40.196 26.9904 9.4
      vertex 40 27 9.4
    endloop
  endfacet
  facet normal 0 0 1
    outer loop
      vertex 41.6629 11.3889 9.4
      vertex 39.7276 12.9387 9.4
      vertex 41.546 11.2312 9.4
    endloop
  endfacet
  facet normal -0 0 1
    outer loop
      vertex 39.6485 12.8515 9.4
      vertex 41.546 11.2312 9.4
      vertex 39.7276 12.9387 9.4
    endloop
  endfacet
  facet normal 0 0 1
    outer loop
      vertex 41.546 11.2312 9.4
      vertex 39.6485 12.8515 9.4
      vertex 41.4142 11.0858 9.4
    endloop
  endfacet
  facet normal 0 0 1
    outer loop
      vertex 41.4142 11.0858 9.4
      vertex 39.6485 12.8515 9.4
      vertex 41.2688 10.954 9.4
    endloop
  endfacet
  facet normal 0 0 1
    outer loop
      vertex 41.2688 10.954 9.4
      vertex 39.6485 12.8515 9.4
      vertex 41.1111 10.8371 9.4
    endloop
  endfacet
  facet normal -0 0 1
    outer loop
      vertex 39.5613 12.7724 9.4
      vertex 41.1111 10.8371 9.4
      vertex 39.6485 12.8515 9.4
    endloop
  endfacet
  facet normal 0 0 1
    outer loop
      vertex 41.1111 10.8371 9.4
      vertex 39.5613 12.7724 9.4
      vertex 40.9428 10.7362 9.4
    endloop
  endfacet
  facet normal 0 0 1
    outer loop
      vertex 40.9428 10.7362 9.4
      vertex 39.5613 12.7724 9.4
      vertex 40.7654 10.6522 9.4
    endloop
  endfacet
  facet normal 0 0 1
    outer loop
      vertex 40.7654 10.6522 9.4
      vertex 39.5613 12.7724 9.4
      vertex 40.5806 10.5861 9.4
    endloop
  endfacet
  facet normal -0 0 1
    outer loop
      vertex 39.4667 12.7022 9.4
      vertex 40.5806 10.5861 9.4
      vertex 39.5613 12.7724 9.4
    endloop
  endfacet
  facet normal 0 0 1
    outer loop
      vertex 40.5806 10.5861 9.4
      vertex 39.4667 12.7022 9.4
      vertex 40.3902 10.5384 9.4
    endloop
  endfacet
  facet normal 0 0 1
    outer loop
      vertex 40.3902 10.5384 9.4
      vertex 39.4667 12.7022 9.4
      vertex 40.196 10.5096 9.4
    endloop
  endfacet
  facet normal 0 0 1
    outer loop
      vertex 40.196 10.5096 9.4
      vertex 39.4667 12.7022 9.4
      vertex 40 10.5 9.4
    endloop
  endfacet
  facet normal -0 0 1
    outer loop
      vertex 39.3657 12.6417 9.4
      vertex 40 10.5 9.4
      vertex 39.4667 12.7022 9.4
    endloop
  endfacet
  facet normal -0 0 1
    outer loop
      vertex 39.2592 12.5913 9.4
      vertex 40 10.5 9.4
      vertex 39.3657 12.6417 9.4
    endloop
  endfacet
  facet normal -0 0 1
    outer loop
      vertex 39.1483 12.5517 9.4
      vertex 40 10.5 9.4
      vertex 39.2592 12.5913 9.4
    endloop
  endfacet
  facet normal -0 0 1
    outer loop
      vertex 39.0341 12.5231 9.4
      vertex 40 10.5 9.4
      vertex 39.1483 12.5517 9.4
    endloop
  endfacet
  facet normal -0 0 1
    outer loop
      vertex 38.9176 12.5058 9.4
      vertex 40 10.5 9.4
      vertex 39.0341 12.5231 9.4
    endloop
  endfacet
  facet normal -0 0 1
    outer loop
      vertex 38.8 12.5 9.4
      vertex 40 10.5 9.4
      vertex 38.9176 12.5058 9.4
    endloop
  endfacet
  facet normal -0 0 1
    outer loop
      vertex 17.7 12.5 9.4
      vertex 40 10.5 9.4
      vertex 38.8 12.5 9.4
    endloop
  endfacet
  facet normal 0 0 1
    outer loop
      vertex 16.5 10.5 9.4
      vertex 17.7 12.5 9.4
      vertex 17.5824 12.5058 9.4
    endloop
  endfacet
  facet normal 0 0 1
    outer loop
      vertex 17.7 12.5 9.4
      vertex 16.5 10.5 9.4
      vertex 40 10.5 9.4
    endloop
  endfacet
  facet normal 0 0 1
    outer loop
      vertex 17.4659 12.5231 9.4
      vertex 16.5 10.5 9.4
      vertex 17.5824 12.5058 9.4
    endloop
  endfacet
  facet normal 0 0 1
    outer loop
      vertex 17.3517 12.5517 9.4
      vertex 16.5 10.5 9.4
      vertex 17.4659 12.5231 9.4
    endloop
  endfacet
  facet normal 0 0 1
    outer loop
      vertex 17.2408 12.5913 9.4
      vertex 16.5 10.5 9.4
      vertex 17.3517 12.5517 9.4
    endloop
  endfacet
  facet normal 0 0 1
    outer loop
      vertex 17.1343 12.6417 9.4
      vertex 16.5 10.5 9.4
      vertex 17.2408 12.5913 9.4
    endloop
  endfacet
  facet normal 0 0 1
    outer loop
      vertex 17.0333 12.7022 9.4
      vertex 16.5 10.5 9.4
      vertex 17.1343 12.6417 9.4
    endloop
  endfacet
  facet normal 0 0 1
    outer loop
      vertex 15.9194 10.5861 9.4
      vertex 17.0333 12.7022 9.4
      vertex 16.9387 12.7724 9.4
    endloop
  endfacet
  facet normal 0 0 1
    outer loop
      vertex 15.3889 10.8371 9.4
      vertex 16.9387 12.7724 9.4
      vertex 16.8515 12.8515 9.4
    endloop
  endfacet
  facet normal 0 0 1
    outer loop
      vertex 14.954 11.2312 9.4
      vertex 16.8515 12.8515 9.4
      vertex 16.7724 12.9387 9.4
    endloop
  endfacet
  facet normal 0 0 1
    outer loop
      vertex 14.5861 11.9194 9.4
      vertex 16.7724 12.9387 9.4
      vertex 16.7022 13.0333 9.4
    endloop
  endfacet
  facet normal 0 0 1
    outer loop
      vertex 14.5 12.5 9.4
      vertex 16.7022 13.0333 9.4
      vertex 16.6417 13.1343 9.4
    endloop
  endfacet
  facet normal 0 0 1
    outer loop
      vertex 14.5 12.5 9.4
      vertex 16.6417 13.1343 9.4
      vertex 16.5913 13.2408 9.4
    endloop
  endfacet
  facet normal 0 0 1
    outer loop
      vertex 14.5 12.5 9.4
      vertex 16.5913 13.2408 9.4
      vertex 16.5517 13.3517 9.4
    endloop
  endfacet
  facet normal 0 0 1
    outer loop
      vertex 14.5 12.5 9.4
      vertex 16.5517 13.3517 9.4
      vertex 16.5231 13.4659 9.4
    endloop
  endfacet
  facet normal 0 0 1
    outer loop
      vertex 14.5 12.5 9.4
      vertex 16.5231 13.4659 9.4
      vertex 16.5058 13.5824 9.4
    endloop
  endfacet
  facet normal 0 0 1
    outer loop
      vertex 14.5 12.5 9.4
      vertex 16.5058 13.5824 9.4
      vertex 16.5 13.7 9.4
    endloop
  endfacet
  facet normal 0 0 1
    outer loop
      vertex 42 25 9.4
      vertex 39.9942 23.9176 9.4
      vertex 40 23.8 9.4
    endloop
  endfacet
  facet normal 0 0 1
    outer loop
      vertex 42 25 9.4
      vertex 39.9769 24.0341 9.4
      vertex 39.9942 23.9176 9.4
    endloop
  endfacet
  facet normal 0 0 1
    outer loop
      vertex 42 25 9.4
      vertex 39.9483 24.1483 9.4
      vertex 39.9769 24.0341 9.4
    endloop
  endfacet
  facet normal 0 0 1
    outer loop
      vertex 42 25 9.4
      vertex 39.9087 24.2592 9.4
      vertex 39.9483 24.1483 9.4
    endloop
  endfacet
  facet normal 0 0 1
    outer loop
      vertex 42 25 9.4
      vertex 39.8583 24.3657 9.4
      vertex 39.9087 24.2592 9.4
    endloop
  endfacet
  facet normal 0 0 1
    outer loop
      vertex 42 25 9.4
      vertex 39.7978 24.4667 9.4
      vertex 39.8583 24.3657 9.4
    endloop
  endfacet
  facet normal 0 0 1
    outer loop
      vertex 41.9139 25.5806 9.4
      vertex 39.7276 24.5613 9.4
      vertex 39.7978 24.4667 9.4
    endloop
  endfacet
  facet normal 0 0 1
    outer loop
      vertex 41.546 26.2688 9.4
      vertex 39.6485 24.6485 9.4
      vertex 39.7276 24.5613 9.4
    endloop
  endfacet
  facet normal 0 0 1
    outer loop
      vertex 41.1111 26.6629 9.4
      vertex 39.5613 24.7276 9.4
      vertex 39.6485 24.6485 9.4
    endloop
  endfacet
  facet normal 0 0 1
    outer loop
      vertex 40.5806 26.9139 9.4
      vertex 39.4667 24.7978 9.4
      vertex 39.5613 24.7276 9.4
    endloop
  endfacet
  facet normal 0 0 1
    outer loop
      vertex 40 27 9.4
      vertex 39.3657 24.8583 9.4
      vertex 39.4667 24.7978 9.4
    endloop
  endfacet
  facet normal 0 0 1
    outer loop
      vertex 40 27 9.4
      vertex 39.2592 24.9087 9.4
      vertex 39.3657 24.8583 9.4
    endloop
  endfacet
  facet normal 0 0 1
    outer loop
      vertex 40 27 9.4
      vertex 39.1483 24.9483 9.4
      vertex 39.2592 24.9087 9.4
    endloop
  endfacet
  facet normal 0 0 1
    outer loop
      vertex 40 27 9.4
      vertex 39.0341 24.9769 9.4
      vertex 39.1483 24.9483 9.4
    endloop
  endfacet
  facet normal 0 0 1
    outer loop
      vertex 40 27 9.4
      vertex 38.9176 24.9942 9.4
      vertex 39.0341 24.9769 9.4
    endloop
  endfacet
  facet normal 0 0 1
    outer loop
      vertex 40 27 9.4
      vertex 38.8 25 9.4
      vertex 38.9176 24.9942 9.4
    endloop
  endfacet
  facet normal 0 0 1
    outer loop
      vertex 40 27 9.4
      vertex 17.7 25 9.4
      vertex 38.8 25 9.4
    endloop
  endfacet
  facet normal -0 0 1
    outer loop
      vertex 16.5 27 9.4
      vertex 17.7 25 9.4
      vertex 40 27 9.4
    endloop
  endfacet
  facet normal 0 0 1
    outer loop
      vertex 17.7 25 9.4
      vertex 16.5 27 9.4
      vertex 17.5824 24.9942 9.4
    endloop
  endfacet
  facet normal 0 0 1
    outer loop
      vertex 16.5 27 9.4
      vertex 17.4659 24.9769 9.4
      vertex 17.5824 24.9942 9.4
    endloop
  endfacet
  facet normal 0 0 1
    outer loop
      vertex 16.5 27 9.4
      vertex 17.3517 24.9483 9.4
      vertex 17.4659 24.9769 9.4
    endloop
  endfacet
  facet normal 0 0 1
    outer loop
      vertex 16.5 27 9.4
      vertex 17.2408 24.9087 9.4
      vertex 17.3517 24.9483 9.4
    endloop
  endfacet
  facet normal 0 0 1
    outer loop
      vertex 16.5 27 9.4
      vertex 17.1343 24.8583 9.4
      vertex 17.2408 24.9087 9.4
    endloop
  endfacet
  facet normal 0 0 1
    outer loop
      vertex 16.5 27 9.4
      vertex 17.0333 24.7978 9.4
      vertex 17.1343 24.8583 9.4
    endloop
  endfacet
  facet normal -0 0 1
    outer loop
      vertex 16.304 26.9904 9.4
      vertex 17.0333 24.7978 9.4
      vertex 16.5 27 9.4
    endloop
  endfacet
  facet normal -0 0 1
    outer loop
      vertex 16.1098 26.9616 9.4
      vertex 17.0333 24.7978 9.4
      vertex 16.304 26.9904 9.4
    endloop
  endfacet
  facet normal -0 0 1
    outer loop
      vertex 15.9194 26.9139 9.4
      vertex 17.0333 24.7978 9.4
      vertex 16.1098 26.9616 9.4
    endloop
  endfacet
  facet normal 0 0 1
    outer loop
      vertex 17.0333 24.7978 9.4
      vertex 15.9194 26.9139 9.4
      vertex 16.9387 24.7276 9.4
    endloop
  endfacet
  facet normal -0 0 1
    outer loop
      vertex 15.7346 26.8478 9.4
      vertex 16.9387 24.7276 9.4
      vertex 15.9194 26.9139 9.4
    endloop
  endfacet
  facet normal -0 0 1
    outer loop
      vertex 15.5572 26.7638 9.4
      vertex 16.9387 24.7276 9.4
      vertex 15.7346 26.8478 9.4
    endloop
  endfacet
  facet normal -0 0 1
    outer loop
      vertex 15.3889 26.6629 9.4
      vertex 16.9387 24.7276 9.4
      vertex 15.5572 26.7638 9.4
    endloop
  endfacet
  facet normal 0 0 1
    outer loop
      vertex 16.9387 24.7276 9.4
      vertex 15.3889 26.6629 9.4
      vertex 16.8515 24.6485 9.4
    endloop
  endfacet
  facet normal -0 0 1
    outer loop
      vertex 15.2312 26.546 9.4
      vertex 16.8515 24.6485 9.4
      vertex 15.3889 26.6629 9.4
    endloop
  endfacet
  facet normal -0 0 1
    outer loop
      vertex 15.0858 26.4142 9.4
      vertex 16.8515 24.6485 9.4
      vertex 15.2312 26.546 9.4
    endloop
  endfacet
  facet normal -0 0 1
    outer loop
      vertex 14.954 26.2688 9.4
      vertex 16.8515 24.6485 9.4
      vertex 15.0858 26.4142 9.4
    endloop
  endfacet
  facet normal 0 0 1
    outer loop
      vertex 16.5 23.8 9.4
      vertex 14.5 25 9.4
      vertex 16.5 13.7 9.4
    endloop
  endfacet
  facet normal 0 0 1
    outer loop
      vertex 16.8515 24.6485 9.4
      vertex 14.954 26.2688 9.4
      vertex 16.7724 24.5613 9.4
    endloop
  endfacet
  facet normal 0 0 1
    outer loop
      vertex 14.5 12.5 9.4
      vertex 16.5 13.7 9.4
      vertex 14.5 25 9.4
    endloop
  endfacet
  facet normal -0 0 1
    outer loop
      vertex 14.8371 26.1111 9.4
      vertex 16.7724 24.5613 9.4
      vertex 14.954 26.2688 9.4
    endloop
  endfacet
  facet normal 0 0 1
    outer loop
      vertex 16.7022 13.0333 9.4
      vertex 14.5 12.5 9.4
      vertex 14.5096 12.304 9.4
    endloop
  endfacet
  facet normal -0 0 1
    outer loop
      vertex 14.7362 25.9428 9.4
      vertex 16.7724 24.5613 9.4
      vertex 14.8371 26.1111 9.4
    endloop
  endfacet
  facet normal 0 0 1
    outer loop
      vertex 17.0333 12.7022 9.4
      vertex 16.304 10.5096 9.4
      vertex 16.5 10.5 9.4
    endloop
  endfacet
  facet normal -0 0 1
    outer loop
      vertex 14.6522 25.7654 9.4
      vertex 16.7724 24.5613 9.4
      vertex 14.7362 25.9428 9.4
    endloop
  endfacet
  facet normal 0 0 1
    outer loop
      vertex 17.0333 12.7022 9.4
      vertex 16.1098 10.5384 9.4
      vertex 16.304 10.5096 9.4
    endloop
  endfacet
  facet normal -0 0 1
    outer loop
      vertex 14.5861 25.5806 9.4
      vertex 16.7724 24.5613 9.4
      vertex 14.6522 25.7654 9.4
    endloop
  endfacet
  facet normal 0 0 1
    outer loop
      vertex 17.0333 12.7022 9.4
      vertex 15.9194 10.5861 9.4
      vertex 16.1098 10.5384 9.4
    endloop
  endfacet
  facet normal 0 0 1
    outer loop
      vertex 16.7724 24.5613 9.4
      vertex 14.5861 25.5806 9.4
      vertex 16.7022 24.4667 9.4
    endloop
  endfacet
  facet normal 0 0 1
    outer loop
      vertex 16.9387 12.7724 9.4
      vertex 15.7346 10.6522 9.4
      vertex 15.9194 10.5861 9.4
    endloop
  endfacet
  facet normal -0 0 1
    outer loop
      vertex 14.5384 25.3902 9.4
      vertex 16.7022 24.4667 9.4
      vertex 14.5861 25.5806 9.4
    endloop
  endfacet
  facet normal 0 0 1
    outer loop
      vertex 16.9387 12.7724 9.4
      vertex 15.5572 10.7362 9.4
      vertex 15.7346 10.6522 9.4
    endloop
  endfacet
  facet normal -0 0 1
    outer loop
      vertex 14.5096 25.196 9.4
      vertex 16.7022 24.4667 9.4
      vertex 14.5384 25.3902 9.4
    endloop
  endfacet
  facet normal 0 0 1
    outer loop
      vertex 16.9387 12.7724 9.4
      vertex 15.3889 10.8371 9.4
      vertex 15.5572 10.7362 9.4
    endloop
  endfacet
  facet normal -0 0 1
    outer loop
      vertex 14.5 25 9.4
      vertex 16.7022 24.4667 9.4
      vertex 14.5096 25.196 9.4
    endloop
  endfacet
  facet normal 0 0 1
    outer loop
      vertex 16.8515 12.8515 9.4
      vertex 15.2312 10.954 9.4
      vertex 15.3889 10.8371 9.4
    endloop
  endfacet
  facet normal 0 0 1
    outer loop
      vertex 16.7022 24.4667 9.4
      vertex 14.5 25 9.4
      vertex 16.6417 24.3657 9.4
    endloop
  endfacet
  facet normal 0 0 1
    outer loop
      vertex 16.8515 12.8515 9.4
      vertex 15.0858 11.0858 9.4
      vertex 15.2312 10.954 9.4
    endloop
  endfacet
  facet normal 0 0 1
    outer loop
      vertex 16.6417 24.3657 9.4
      vertex 14.5 25 9.4
      vertex 16.5913 24.2592 9.4
    endloop
  endfacet
  facet normal 0 0 1
    outer loop
      vertex 16.8515 12.8515 9.4
      vertex 14.954 11.2312 9.4
      vertex 15.0858 11.0858 9.4
    endloop
  endfacet
  facet normal 0 0 1
    outer loop
      vertex 16.5913 24.2592 9.4
      vertex 14.5 25 9.4
      vertex 16.5517 24.1483 9.4
    endloop
  endfacet
  facet normal 0 0 1
    outer loop
      vertex 16.7724 12.9387 9.4
      vertex 14.8371 11.3889 9.4
      vertex 14.954 11.2312 9.4
    endloop
  endfacet
  facet normal 0 0 1
    outer loop
      vertex 16.5517 24.1483 9.4
      vertex 14.5 25 9.4
      vertex 16.5231 24.0341 9.4
    endloop
  endfacet
  facet normal 0 0 1
    outer loop
      vertex 16.7724 12.9387 9.4
      vertex 14.7362 11.5572 9.4
      vertex 14.8371 11.3889 9.4
    endloop
  endfacet
  facet normal 0 0 1
    outer loop
      vertex 16.5231 24.0341 9.4
      vertex 14.5 25 9.4
      vertex 16.5058 23.9176 9.4
    endloop
  endfacet
  facet normal 0 0 1
    outer loop
      vertex 16.7724 12.9387 9.4
      vertex 14.6522 11.7346 9.4
      vertex 14.7362 11.5572 9.4
    endloop
  endfacet
  facet normal 0 0 1
    outer loop
      vertex 16.5058 23.9176 9.4
      vertex 14.5 25 9.4
      vertex 16.5 23.8 9.4
    endloop
  endfacet
  facet normal 0 0 1
    outer loop
      vertex 16.7724 12.9387 9.4
      vertex 14.5861 11.9194 9.4
      vertex 14.6522 11.7346 9.4
    endloop
  endfacet
  facet normal 0 0 1
    outer loop
      vertex 16.7022 13.0333 9.4
      vertex 14.5384 12.1098 9.4
      vertex 14.5861 11.9194 9.4
    endloop
  endfacet
  facet normal 0 0 1
    outer loop
      vertex 16.7022 13.0333 9.4
      vertex 14.5096 12.304 9.4
      vertex 14.5384 12.1098 9.4
    endloop
  endfacet
  facet normal 0.989182 0.146696 0
    outer loop
      vertex 14.5384 12.1098 10.2
      vertex 14.5096 12.304 9.4
      vertex 14.5096 12.304 10.2
    endloop
  endfacet
  facet normal 0.989182 0.146696 0
    outer loop
      vertex 14.5096 12.304 9.4
      vertex 14.5384 12.1098 10.2
      vertex 14.5384 12.1098 9.4
    endloop
  endfacet
  facet normal 1 -0 0
    outer loop
      vertex 14.5 12.5 10.2
      vertex 14.5 25 9.4
      vertex 14.5 25 10.2
    endloop
  endfacet
  facet normal 1 0 0
    outer loop
      vertex 14.5 25 9.4
      vertex 14.5 12.5 10.2
      vertex 14.5 12.5 9.4
    endloop
  endfacet
  facet normal -0.998803 -0.0489209 0
    outer loop
      vertex 42 25 9.4
      vertex 41.9904 25.196 10.2
      vertex 41.9904 25.196 9.4
    endloop
  endfacet
  facet normal -0.998803 -0.0489209 0
    outer loop
      vertex 41.9904 25.196 10.2
      vertex 42 25 9.4
      vertex 42 25 10.2
    endloop
  endfacet
  facet normal 0.998803 0.0489209 0
    outer loop
      vertex 14.5096 12.304 10.2
      vertex 14.5 12.5 9.4
      vertex 14.5 12.5 10.2
    endloop
  endfacet
  facet normal 0.998803 0.0489209 0
    outer loop
      vertex 14.5 12.5 9.4
      vertex 14.5096 12.304 10.2
      vertex 14.5096 12.304 9.4
    endloop
  endfacet
  facet normal 0.336788 -0.94158 0
    outer loop
      vertex 15.7346 26.8478 9.4
      vertex 15.9194 26.9139 10.2
      vertex 15.7346 26.8478 10.2
    endloop
  endfacet
  facet normal 0.336788 -0.94158 0
    outer loop
      vertex 15.9194 26.9139 10.2
      vertex 15.7346 26.8478 9.4
      vertex 15.9194 26.9139 9.4
    endloop
  endfacet
  facet normal 0.989182 -0.146696 0
    outer loop
      vertex 14.5096 25.196 10.2
      vertex 14.5384 25.3902 9.4
      vertex 14.5384 25.3902 10.2
    endloop
  endfacet
  facet normal 0.989182 -0.146696 0
    outer loop
      vertex 14.5384 25.3902 9.4
      vertex 14.5096 25.196 10.2
      vertex 14.5096 25.196 9.4
    endloop
  endfacet
  facet normal -0.146696 -0.989182 0
    outer loop
      vertex 40.196 26.9904 9.4
      vertex 40.3902 26.9616 10.2
      vertex 40.196 26.9904 10.2
    endloop
  endfacet
  facet normal -0.146696 -0.989182 -0
    outer loop
      vertex 40.3902 26.9616 10.2
      vertex 40.196 26.9904 9.4
      vertex 40.3902 26.9616 9.4
    endloop
  endfacet
  facet normal 0.998803 -0.0489209 0
    outer loop
      vertex 14.5 25 10.2
      vertex 14.5096 25.196 9.4
      vertex 14.5096 25.196 10.2
    endloop
  endfacet
  facet normal 0.998803 -0.0489209 0
    outer loop
      vertex 14.5096 25.196 9.4
      vertex 14.5 25 10.2
      vertex 14.5 25 9.4
    endloop
  endfacet
  facet normal -0.998803 0.0489209 0
    outer loop
      vertex 41.9904 12.304 9.4
      vertex 42 12.5 10.2
      vertex 42 12.5 9.4
    endloop
  endfacet
  facet normal -0.998803 0.0489209 0
    outer loop
      vertex 42 12.5 10.2
      vertex 41.9904 12.304 9.4
      vertex 41.9904 12.304 10.2
    endloop
  endfacet
  facet normal 0.80335 0.595508 0
    outer loop
      vertex 14.954 11.2312 10.2
      vertex 14.8371 11.3889 9.4
      vertex 14.8371 11.3889 10.2
    endloop
  endfacet
  facet normal 0.80335 0.595508 0
    outer loop
      vertex 14.8371 11.3889 9.4
      vertex 14.954 11.2312 10.2
      vertex 14.954 11.2312 9.4
    endloop
  endfacet
  facet normal -0.9038 -0.427955 0
    outer loop
      vertex 41.8478 25.7654 9.4
      vertex 41.7638 25.9428 10.2
      vertex 41.7638 25.9428 9.4
    endloop
  endfacet
  facet normal -0.9038 -0.427955 0
    outer loop
      vertex 41.7638 25.9428 10.2
      vertex 41.8478 25.7654 9.4
      vertex 41.8478 25.7654 10.2
    endloop
  endfacet
  facet normal 0 -1 0
    outer loop
      vertex 16.5 27 9.4
      vertex 40 27 10.2
      vertex 16.5 27 10.2
    endloop
  endfacet
  facet normal 0 -1 -0
    outer loop
      vertex 40 27 10.2
      vertex 16.5 27 9.4
      vertex 40 27 9.4
    endloop
  endfacet
  facet normal -0.0489209 -0.998803 0
    outer loop
      vertex 40 27 9.4
      vertex 40.196 26.9904 10.2
      vertex 40 27 10.2
    endloop
  endfacet
  facet normal -0.0489209 -0.998803 -0
    outer loop
      vertex 40.196 26.9904 10.2
      vertex 40 27 9.4
      vertex 40.196 26.9904 9.4
    endloop
  endfacet
  facet normal 0.671607 -0.740908 0
    outer loop
      vertex 15.0858 26.4142 9.4
      vertex 15.2312 26.546 10.2
      vertex 15.0858 26.4142 10.2
    endloop
  endfacet
  facet normal 0.671607 -0.740908 0
    outer loop
      vertex 15.2312 26.546 10.2
      vertex 15.0858 26.4142 9.4
      vertex 15.2312 26.546 9.4
    endloop
  endfacet
  facet normal -0.671607 0.740908 0
    outer loop
      vertex 41.4142 11.0858 9.4
      vertex 41.2688 10.954 10.2
      vertex 41.4142 11.0858 10.2
    endloop
  endfacet
  facet normal -0.671607 0.740908 0
    outer loop
      vertex 41.2688 10.954 10.2
      vertex 41.4142 11.0858 9.4
      vertex 41.2688 10.954 9.4
    endloop
  endfacet
  facet normal -0.989182 0.146696 0
    outer loop
      vertex 41.9616 12.1098 9.4
      vertex 41.9904 12.304 10.2
      vertex 41.9904 12.304 9.4
    endloop
  endfacet
  facet normal -0.989182 0.146696 0
    outer loop
      vertex 41.9904 12.304 10.2
      vertex 41.9616 12.1098 9.4
      vertex 41.9616 12.1098 10.2
    endloop
  endfacet
  facet normal -1 0 0
    outer loop
      vertex 42 12.5 9.4
      vertex 42 15.8774 10.2
      vertex 42 15.8774 9.4
    endloop
  endfacet
  facet normal -1 -0 0
    outer loop
      vertex 42 15.8774 10.2
      vertex 42 12.5 9.4
      vertex 42 12.5 10.2
    endloop
  endfacet
  facet normal -1 0 0
    outer loop
      vertex 42 16.6226 9.4
      vertex 42 25 10.2
      vertex 42 25 9.4
    endloop
  endfacet
  facet normal -1 -0 0
    outer loop
      vertex 42 25 10.2
      vertex 42 16.6226 9.4
      vertex 42 16.6226 10.2
    endloop
  endfacet
  facet normal -0.0489209 0.998803 0
    outer loop
      vertex 40.196 10.5096 9.4
      vertex 40 10.5 10.2
      vertex 40.196 10.5096 10.2
    endloop
  endfacet
  facet normal -0.0489209 0.998803 0
    outer loop
      vertex 40 10.5 10.2
      vertex 40.196 10.5096 9.4
      vertex 40 10.5 9.4
    endloop
  endfacet
  facet normal 0.0489209 0.998803 -0
    outer loop
      vertex 16.5 10.5 9.4
      vertex 16.304 10.5096 10.2
      vertex 16.5 10.5 10.2
    endloop
  endfacet
  facet normal 0.0489209 0.998803 0
    outer loop
      vertex 16.304 10.5096 10.2
      vertex 16.5 10.5 9.4
      vertex 16.304 10.5096 9.4
    endloop
  endfacet
  facet normal 0 1 -0
    outer loop
      vertex 40 10.5 9.4
      vertex 16.5 10.5 10.2
      vertex 40 10.5 10.2
    endloop
  endfacet
  facet normal 0 1 0
    outer loop
      vertex 16.5 10.5 10.2
      vertex 40 10.5 9.4
      vertex 16.5 10.5 9.4
    endloop
  endfacet
  facet normal 0.243015 0.970023 -0
    outer loop
      vertex 16.1098 10.5384 9.4
      vertex 15.9194 10.5861 10.2
      vertex 16.1098 10.5384 10.2
    endloop
  endfacet
  facet normal 0.243015 0.970023 0
    outer loop
      vertex 15.9194 10.5861 10.2
      vertex 16.1098 10.5384 9.4
      vertex 15.9194 10.5861 9.4
    endloop
  endfacet
  facet normal 0.336788 0.94158 -0
    outer loop
      vertex 15.9194 10.5861 9.4
      vertex 15.7346 10.6522 10.2
      vertex 15.9194 10.5861 10.2
    endloop
  endfacet
  facet normal 0.336788 0.94158 0
    outer loop
      vertex 15.7346 10.6522 10.2
      vertex 15.9194 10.5861 9.4
      vertex 15.7346 10.6522 9.4
    endloop
  endfacet
  facet normal -0.94158 -0.336788 0
    outer loop
      vertex 41.9139 25.5806 9.4
      vertex 41.8478 25.7654 10.2
      vertex 41.8478 25.7654 9.4
    endloop
  endfacet
  facet normal -0.94158 -0.336788 0
    outer loop
      vertex 41.8478 25.7654 10.2
      vertex 41.9139 25.5806 9.4
      vertex 41.9139 25.5806 10.2
    endloop
  endfacet
  facet normal -0.595508 -0.80335 0
    outer loop
      vertex 41.1111 26.6629 9.4
      vertex 41.2688 26.546 10.2
      vertex 41.1111 26.6629 10.2
    endloop
  endfacet
  facet normal -0.595508 -0.80335 -0
    outer loop
      vertex 41.2688 26.546 10.2
      vertex 41.1111 26.6629 9.4
      vertex 41.2688 26.546 9.4
    endloop
  endfacet
  facet normal -0.336788 -0.94158 0
    outer loop
      vertex 40.5806 26.9139 9.4
      vertex 40.7654 26.8478 10.2
      vertex 40.5806 26.9139 10.2
    endloop
  endfacet
  facet normal -0.336788 -0.94158 -0
    outer loop
      vertex 40.7654 26.8478 10.2
      vertex 40.5806 26.9139 9.4
      vertex 40.7654 26.8478 9.4
    endloop
  endfacet
  facet normal 0.146696 -0.989182 0
    outer loop
      vertex 16.1098 26.9616 9.4
      vertex 16.304 26.9904 10.2
      vertex 16.1098 26.9616 10.2
    endloop
  endfacet
  facet normal 0.146696 -0.989182 0
    outer loop
      vertex 16.304 26.9904 10.2
      vertex 16.1098 26.9616 9.4
      vertex 16.304 26.9904 9.4
    endloop
  endfacet
  facet normal 0.243015 -0.970023 0
    outer loop
      vertex 15.9194 26.9139 9.4
      vertex 16.1098 26.9616 10.2
      vertex 15.9194 26.9139 10.2
    endloop
  endfacet
  facet normal 0.243015 -0.970023 0
    outer loop
      vertex 16.1098 26.9616 10.2
      vertex 15.9194 26.9139 9.4
      vertex 16.1098 26.9616 9.4
    endloop
  endfacet
  facet normal 0.595508 -0.80335 0
    outer loop
      vertex 15.2312 26.546 9.4
      vertex 15.3889 26.6629 10.2
      vertex 15.2312 26.546 10.2
    endloop
  endfacet
  facet normal 0.595508 -0.80335 0
    outer loop
      vertex 15.3889 26.6629 10.2
      vertex 15.2312 26.546 9.4
      vertex 15.3889 26.6629 9.4
    endloop
  endfacet
  facet normal 0.80335 -0.595508 0
    outer loop
      vertex 14.8371 26.1111 10.2
      vertex 14.954 26.2688 9.4
      vertex 14.954 26.2688 10.2
    endloop
  endfacet
  facet normal 0.80335 -0.595508 0
    outer loop
      vertex 14.954 26.2688 9.4
      vertex 14.8371 26.1111 10.2
      vertex 14.8371 26.1111 9.4
    endloop
  endfacet
  facet normal 0.9038 -0.427955 0
    outer loop
      vertex 14.6522 25.7654 10.2
      vertex 14.7362 25.9428 9.4
      vertex 14.7362 25.9428 10.2
    endloop
  endfacet
  facet normal 0.9038 -0.427955 0
    outer loop
      vertex 14.7362 25.9428 9.4
      vertex 14.6522 25.7654 10.2
      vertex 14.6522 25.7654 9.4
    endloop
  endfacet
  facet normal 0.94158 -0.336788 0
    outer loop
      vertex 14.5861 25.5806 10.2
      vertex 14.6522 25.7654 9.4
      vertex 14.6522 25.7654 10.2
    endloop
  endfacet
  facet normal 0.94158 -0.336788 0
    outer loop
      vertex 14.6522 25.7654 9.4
      vertex 14.5861 25.5806 10.2
      vertex 14.5861 25.5806 9.4
    endloop
  endfacet
  facet normal -0.514196 0.857673 0
    outer loop
      vertex 41.1111 10.8371 9.4
      vertex 40.9428 10.7362 10.2
      vertex 41.1111 10.8371 10.2
    endloop
  endfacet
  facet normal -0.514196 0.857673 0
    outer loop
      vertex 40.9428 10.7362 10.2
      vertex 41.1111 10.8371 9.4
      vertex 40.9428 10.7362 9.4
    endloop
  endfacet
  facet normal -0.595508 0.80335 0
    outer loop
      vertex 41.2688 10.954 9.4
      vertex 41.1111 10.8371 10.2
      vertex 41.2688 10.954 10.2
    endloop
  endfacet
  facet normal -0.595508 0.80335 0
    outer loop
      vertex 41.1111 10.8371 10.2
      vertex 41.2688 10.954 9.4
      vertex 41.1111 10.8371 9.4
    endloop
  endfacet
  facet normal -0.970023 0.243015 0
    outer loop
      vertex 41.9139 11.9194 9.4
      vertex 41.9616 12.1098 10.2
      vertex 41.9616 12.1098 9.4
    endloop
  endfacet
  facet normal -0.970023 0.243015 0
    outer loop
      vertex 41.9616 12.1098 10.2
      vertex 41.9139 11.9194 9.4
      vertex 41.9139 11.9194 10.2
    endloop
  endfacet
  facet normal -0.94158 0.336788 0
    outer loop
      vertex 41.8478 11.7346 9.4
      vertex 41.9139 11.9194 10.2
      vertex 41.9139 11.9194 9.4
    endloop
  endfacet
  facet normal -0.94158 0.336788 0
    outer loop
      vertex 41.9139 11.9194 10.2
      vertex 41.8478 11.7346 9.4
      vertex 41.8478 11.7346 10.2
    endloop
  endfacet
  facet normal -0.336788 0.94158 0
    outer loop
      vertex 40.7654 10.6522 9.4
      vertex 40.5806 10.5861 10.2
      vertex 40.7654 10.6522 10.2
    endloop
  endfacet
  facet normal -0.336788 0.94158 0
    outer loop
      vertex 40.5806 10.5861 10.2
      vertex 40.7654 10.6522 9.4
      vertex 40.5806 10.5861 9.4
    endloop
  endfacet
  facet normal -0.427955 0.9038 0
    outer loop
      vertex 40.9428 10.7362 9.4
      vertex 40.7654 10.6522 10.2
      vertex 40.9428 10.7362 10.2
    endloop
  endfacet
  facet normal -0.427955 0.9038 0
    outer loop
      vertex 40.7654 10.6522 10.2
      vertex 40.9428 10.7362 9.4
      vertex 40.7654 10.6522 9.4
    endloop
  endfacet
  facet normal 0.595508 0.80335 -0
    outer loop
      vertex 15.3889 10.8371 9.4
      vertex 15.2312 10.954 10.2
      vertex 15.3889 10.8371 10.2
    endloop
  endfacet
  facet normal 0.595508 0.80335 0
    outer loop
      vertex 15.2312 10.954 10.2
      vertex 15.3889 10.8371 9.4
      vertex 15.2312 10.954 9.4
    endloop
  endfacet
  facet normal -0.970023 -0.243015 0
    outer loop
      vertex 41.9616 25.3902 9.4
      vertex 41.9139 25.5806 10.2
      vertex 41.9139 25.5806 9.4
    endloop
  endfacet
  facet normal -0.970023 -0.243015 0
    outer loop
      vertex 41.9139 25.5806 10.2
      vertex 41.9616 25.3902 9.4
      vertex 41.9616 25.3902 10.2
    endloop
  endfacet
  facet normal -0.989182 -0.146696 0
    outer loop
      vertex 41.9904 25.196 9.4
      vertex 41.9616 25.3902 10.2
      vertex 41.9616 25.3902 9.4
    endloop
  endfacet
  facet normal -0.989182 -0.146696 0
    outer loop
      vertex 41.9616 25.3902 10.2
      vertex 41.9904 25.196 9.4
      vertex 41.9904 25.196 10.2
    endloop
  endfacet
  facet normal -0.857673 -0.514196 0
    outer loop
      vertex 41.7638 25.9428 9.4
      vertex 41.6629 26.1111 10.2
      vertex 41.6629 26.1111 9.4
    endloop
  endfacet
  facet normal -0.857673 -0.514196 0
    outer loop
      vertex 41.6629 26.1111 10.2
      vertex 41.7638 25.9428 9.4
      vertex 41.7638 25.9428 10.2
    endloop
  endfacet
  facet normal -0.740908 -0.671607 0
    outer loop
      vertex 41.546 26.2688 9.4
      vertex 41.4142 26.4142 10.2
      vertex 41.4142 26.4142 9.4
    endloop
  endfacet
  facet normal -0.740908 -0.671607 0
    outer loop
      vertex 41.4142 26.4142 10.2
      vertex 41.546 26.2688 9.4
      vertex 41.546 26.2688 10.2
    endloop
  endfacet
  facet normal -0.514196 -0.857673 0
    outer loop
      vertex 40.9428 26.7638 9.4
      vertex 41.1111 26.6629 10.2
      vertex 40.9428 26.7638 10.2
    endloop
  endfacet
  facet normal -0.514196 -0.857673 -0
    outer loop
      vertex 41.1111 26.6629 10.2
      vertex 40.9428 26.7638 9.4
      vertex 41.1111 26.6629 9.4
    endloop
  endfacet
  facet normal -0.671607 -0.740908 0
    outer loop
      vertex 41.2688 26.546 9.4
      vertex 41.4142 26.4142 10.2
      vertex 41.2688 26.546 10.2
    endloop
  endfacet
  facet normal -0.671607 -0.740908 -0
    outer loop
      vertex 41.4142 26.4142 10.2
      vertex 41.2688 26.546 9.4
      vertex 41.4142 26.4142 9.4
    endloop
  endfacet
  facet normal -0.427955 -0.9038 0
    outer loop
      vertex 40.7654 26.8478 9.4
      vertex 40.9428 26.7638 10.2
      vertex 40.7654 26.8478 10.2
    endloop
  endfacet
  facet normal -0.427955 -0.9038 -0
    outer loop
      vertex 40.9428 26.7638 10.2
      vertex 40.7654 26.8478 9.4
      vertex 40.9428 26.7638 9.4
    endloop
  endfacet
  facet normal 0.0489209 -0.998803 0
    outer loop
      vertex 16.304 26.9904 9.4
      vertex 16.5 27 10.2
      vertex 16.304 26.9904 10.2
    endloop
  endfacet
  facet normal 0.0489209 -0.998803 0
    outer loop
      vertex 16.5 27 10.2
      vertex 16.304 26.9904 9.4
      vertex 16.5 27 9.4
    endloop
  endfacet
  facet normal 0.514196 -0.857673 0
    outer loop
      vertex 15.3889 26.6629 9.4
      vertex 15.5572 26.7638 10.2
      vertex 15.3889 26.6629 10.2
    endloop
  endfacet
  facet normal 0.514196 -0.857673 0
    outer loop
      vertex 15.5572 26.7638 10.2
      vertex 15.3889 26.6629 9.4
      vertex 15.5572 26.7638 9.4
    endloop
  endfacet
  facet normal 0.427955 -0.9038 0
    outer loop
      vertex 15.5572 26.7638 9.4
      vertex 15.7346 26.8478 10.2
      vertex 15.5572 26.7638 10.2
    endloop
  endfacet
  facet normal 0.427955 -0.9038 0
    outer loop
      vertex 15.7346 26.8478 10.2
      vertex 15.5572 26.7638 9.4
      vertex 15.7346 26.8478 9.4
    endloop
  endfacet
  facet normal 0.740908 -0.671607 0
    outer loop
      vertex 14.954 26.2688 10.2
      vertex 15.0858 26.4142 9.4
      vertex 15.0858 26.4142 10.2
    endloop
  endfacet
  facet normal 0.740908 -0.671607 0
    outer loop
      vertex 15.0858 26.4142 9.4
      vertex 14.954 26.2688 10.2
      vertex 14.954 26.2688 9.4
    endloop
  endfacet
  facet normal 0.970023 -0.243015 0
    outer loop
      vertex 14.5384 25.3902 10.2
      vertex 14.5861 25.5806 9.4
      vertex 14.5861 25.5806 10.2
    endloop
  endfacet
  facet normal 0.970023 -0.243015 0
    outer loop
      vertex 14.5861 25.5806 9.4
      vertex 14.5384 25.3902 10.2
      vertex 14.5384 25.3902 9.4
    endloop
  endfacet
  facet normal 0.857673 -0.514196 0
    outer loop
      vertex 14.7362 25.9428 10.2
      vertex 14.8371 26.1111 9.4
      vertex 14.8371 26.1111 10.2
    endloop
  endfacet
  facet normal 0.857673 -0.514196 0
    outer loop
      vertex 14.8371 26.1111 9.4
      vertex 14.7362 25.9428 10.2
      vertex 14.7362 25.9428 9.4
    endloop
  endfacet
  facet normal -0.80335 0.595508 0
    outer loop
      vertex 41.546 11.2312 9.4
      vertex 41.6629 11.3889 10.2
      vertex 41.6629 11.3889 9.4
    endloop
  endfacet
  facet normal -0.80335 0.595508 0
    outer loop
      vertex 41.6629 11.3889 10.2
      vertex 41.546 11.2312 9.4
      vertex 41.546 11.2312 10.2
    endloop
  endfacet
  facet normal -0.857673 0.514196 0
    outer loop
      vertex 41.6629 11.3889 9.4
      vertex 41.7638 11.5572 10.2
      vertex 41.7638 11.5572 9.4
    endloop
  endfacet
  facet normal -0.857673 0.514196 0
    outer loop
      vertex 41.7638 11.5572 10.2
      vertex 41.6629 11.3889 9.4
      vertex 41.6629 11.3889 10.2
    endloop
  endfacet
  facet normal -0.146696 0.989182 0
    outer loop
      vertex 40.3902 10.5384 9.4
      vertex 40.196 10.5096 10.2
      vertex 40.3902 10.5384 10.2
    endloop
  endfacet
  facet normal -0.146696 0.989182 0
    outer loop
      vertex 40.196 10.5096 10.2
      vertex 40.3902 10.5384 9.4
      vertex 40.196 10.5096 9.4
    endloop
  endfacet
  facet normal 0.146696 0.989182 -0
    outer loop
      vertex 16.304 10.5096 9.4
      vertex 16.1098 10.5384 10.2
      vertex 16.304 10.5096 10.2
    endloop
  endfacet
  facet normal 0.146696 0.989182 0
    outer loop
      vertex 16.1098 10.5384 10.2
      vertex 16.304 10.5096 9.4
      vertex 16.1098 10.5384 9.4
    endloop
  endfacet
  facet normal 0.514196 0.857673 -0
    outer loop
      vertex 15.5572 10.7362 9.4
      vertex 15.3889 10.8371 10.2
      vertex 15.5572 10.7362 10.2
    endloop
  endfacet
  facet normal 0.514196 0.857673 0
    outer loop
      vertex 15.3889 10.8371 10.2
      vertex 15.5572 10.7362 9.4
      vertex 15.3889 10.8371 9.4
    endloop
  endfacet
  facet normal 0.671607 0.740908 -0
    outer loop
      vertex 15.2312 10.954 9.4
      vertex 15.0858 11.0858 10.2
      vertex 15.2312 10.954 10.2
    endloop
  endfacet
  facet normal 0.671607 0.740908 0
    outer loop
      vertex 15.0858 11.0858 10.2
      vertex 15.2312 10.954 9.4
      vertex 15.0858 11.0858 9.4
    endloop
  endfacet
  facet normal 0.740908 0.671607 0
    outer loop
      vertex 15.0858 11.0858 10.2
      vertex 14.954 11.2312 9.4
      vertex 14.954 11.2312 10.2
    endloop
  endfacet
  facet normal 0.740908 0.671607 0
    outer loop
      vertex 14.954 11.2312 9.4
      vertex 15.0858 11.0858 10.2
      vertex 15.0858 11.0858 9.4
    endloop
  endfacet
  facet normal 0.9038 0.427955 0
    outer loop
      vertex 14.7362 11.5572 10.2
      vertex 14.6522 11.7346 9.4
      vertex 14.6522 11.7346 10.2
    endloop
  endfacet
  facet normal 0.9038 0.427955 0
    outer loop
      vertex 14.6522 11.7346 9.4
      vertex 14.7362 11.5572 10.2
      vertex 14.7362 11.5572 9.4
    endloop
  endfacet
  facet normal 0.970023 0.243015 0
    outer loop
      vertex 14.5861 11.9194 10.2
      vertex 14.5384 12.1098 9.4
      vertex 14.5384 12.1098 10.2
    endloop
  endfacet
  facet normal 0.970023 0.243015 0
    outer loop
      vertex 14.5384 12.1098 9.4
      vertex 14.5861 11.9194 10.2
      vertex 14.5861 11.9194 9.4
    endloop
  endfacet
  facet normal -0.80335 -0.595508 0
    outer loop
      vertex 41.6629 26.1111 9.4
      vertex 41.546 26.2688 10.2
      vertex 41.546 26.2688 9.4
    endloop
  endfacet
  facet normal -0.80335 -0.595508 0
    outer loop
      vertex 41.546 26.2688 10.2
      vertex 41.6629 26.1111 9.4
      vertex 41.6629 26.1111 10.2
    endloop
  endfacet
  facet normal -0.243015 -0.970023 0
    outer loop
      vertex 40.3902 26.9616 9.4
      vertex 40.5806 26.9139 10.2
      vertex 40.3902 26.9616 10.2
    endloop
  endfacet
  facet normal -0.243015 -0.970023 -0
    outer loop
      vertex 40.5806 26.9139 10.2
      vertex 40.3902 26.9616 9.4
      vertex 40.5806 26.9139 9.4
    endloop
  endfacet
  facet normal -0.740908 0.671607 0
    outer loop
      vertex 41.4142 11.0858 9.4
      vertex 41.546 11.2312 10.2
      vertex 41.546 11.2312 9.4
    endloop
  endfacet
  facet normal -0.740908 0.671607 0
    outer loop
      vertex 41.546 11.2312 10.2
      vertex 41.4142 11.0858 9.4
      vertex 41.4142 11.0858 10.2
    endloop
  endfacet
  facet normal -0.9038 0.427955 0
    outer loop
      vertex 41.7638 11.5572 9.4
      vertex 41.8478 11.7346 10.2
      vertex 41.8478 11.7346 9.4
    endloop
  endfacet
  facet normal -0.9038 0.427955 0
    outer loop
      vertex 41.8478 11.7346 10.2
      vertex 41.7638 11.5572 9.4
      vertex 41.7638 11.5572 10.2
    endloop
  endfacet
  facet normal -0.243015 0.970023 0
    outer loop
      vertex 40.5806 10.5861 9.4
      vertex 40.3902 10.5384 10.2
      vertex 40.5806 10.5861 10.2
    endloop
  endfacet
  facet normal -0.243015 0.970023 0
    outer loop
      vertex 40.3902 10.5384 10.2
      vertex 40.5806 10.5861 9.4
      vertex 40.3902 10.5384 9.4
    endloop
  endfacet
  facet normal 0.427955 0.9038 -0
    outer loop
      vertex 15.7346 10.6522 9.4
      vertex 15.5572 10.7362 10.2
      vertex 15.7346 10.6522 10.2
    endloop
  endfacet
  facet normal 0.427955 0.9038 0
    outer loop
      vertex 15.5572 10.7362 10.2
      vertex 15.7346 10.6522 9.4
      vertex 15.5572 10.7362 9.4
    endloop
  endfacet
  facet normal 0.857673 0.514196 0
    outer loop
      vertex 14.8371 11.3889 10.2
      vertex 14.7362 11.5572 9.4
      vertex 14.7362 11.5572 10.2
    endloop
  endfacet
  facet normal 0.857673 0.514196 0
    outer loop
      vertex 14.7362 11.5572 9.4
      vertex 14.8371 11.3889 10.2
      vertex 14.8371 11.3889 9.4
    endloop
  endfacet
  facet normal 0.94158 0.336788 0
    outer loop
      vertex 14.6522 11.7346 10.2
      vertex 14.5861 11.9194 9.4
      vertex 14.5861 11.9194 10.2
    endloop
  endfacet
  facet normal 0.94158 0.336788 0
    outer loop
      vertex 14.5861 11.9194 9.4
      vertex 14.6522 11.7346 10.2
      vertex 14.6522 11.7346 9.4
    endloop
  endfacet
  facet normal -0.595693 -0.803212 0
    outer loop
      vertex 46.8611 17.1646 8
      vertex 46.9478 17.1003 10.2
      vertex 46.8611 17.1646 10.2
    endloop
  endfacet
  facet normal -0.595693 -0.803212 -0
    outer loop
      vertex 46.9478 17.1003 10.2
      vertex 46.8611 17.1646 8
      vertex 46.9478 17.1003 8
    endloop
  endfacet
  facet normal 0.243625 0.969869 -0
    outer loop
      vertex 46.0354 15.1711 8
      vertex 45.9307 15.1974 10.2
      vertex 46.0354 15.1711 10.2
    endloop
  endfacet
  facet normal 0.243625 0.969869 0
    outer loop
      vertex 45.9307 15.1974 10.2
      vertex 46.0354 15.1711 8
      vertex 45.9307 15.1974 8
    endloop
  endfacet
  facet normal -0.514087 -0.857738 0
    outer loop
      vertex 46.7685 17.2201 8
      vertex 46.8611 17.1646 10.2
      vertex 46.7685 17.2201 10.2
    endloop
  endfacet
  facet normal -0.514087 -0.857738 -0
    outer loop
      vertex 46.8611 17.1646 10.2
      vertex 46.7685 17.2201 8
      vertex 46.8611 17.1646 8
    endloop
  endfacet
  facet normal 0.428206 -0.903681 0
    outer loop
      vertex 45.7315 17.2201 8
      vertex 45.829 17.2663 10.2
      vertex 45.7315 17.2201 10.2
    endloop
  endfacet
  facet normal 0.428206 -0.903681 0
    outer loop
      vertex 45.829 17.2663 10.2
      vertex 45.7315 17.2201 8
      vertex 45.829 17.2663 8
    endloop
  endfacet
  facet normal 0.941805 -0.33616 0
    outer loop
      vertex 45.1974 16.5693 10.2
      vertex 45.2337 16.671 8
      vertex 45.2337 16.671 10.2
    endloop
  endfacet
  facet normal 0.941805 -0.33616 0
    outer loop
      vertex 45.2337 16.671 8
      vertex 45.1974 16.5693 10.2
      vertex 45.1974 16.5693 8
    endloop
  endfacet
  facet normal 0.857738 0.514087 0
    outer loop
      vertex 45.3354 15.6389 10.2
      vertex 45.2799 15.7315 8
      vertex 45.2799 15.7315 10.2
    endloop
  endfacet
  facet normal 0.857738 0.514087 0
    outer loop
      vertex 45.2799 15.7315 8
      vertex 45.3354 15.6389 10.2
      vertex 45.3354 15.6389 8
    endloop
  endfacet
  facet normal -0.969869 -0.243625 0
    outer loop
      vertex 47.3289 16.4646 8
      vertex 47.3026 16.5693 10.2
      vertex 47.3026 16.5693 8
    endloop
  endfacet
  facet normal -0.969869 -0.243625 0
    outer loop
      vertex 47.3026 16.5693 10.2
      vertex 47.3289 16.4646 8
      vertex 47.3289 16.4646 10.2
    endloop
  endfacet
  facet normal -0.941805 -0.33616 0
    outer loop
      vertex 47.3026 16.5693 8
      vertex 47.2663 16.671 10.2
      vertex 47.2663 16.671 8
    endloop
  endfacet
  facet normal -0.941805 -0.33616 0
    outer loop
      vertex 47.2663 16.671 10.2
      vertex 47.3026 16.5693 8
      vertex 47.3026 16.5693 10.2
    endloop
  endfacet
  facet normal -0.740987 -0.671519 0
    outer loop
      vertex 47.1003 16.9478 8
      vertex 47.0278 17.0278 10.2
      vertex 47.0278 17.0278 8
    endloop
  endfacet
  facet normal -0.740987 -0.671519 0
    outer loop
      vertex 47.0278 17.0278 10.2
      vertex 47.1003 16.9478 8
      vertex 47.1003 16.9478 10.2
    endloop
  endfacet
  facet normal -0.428206 -0.903681 0
    outer loop
      vertex 46.671 17.2663 8
      vertex 46.7685 17.2201 10.2
      vertex 46.671 17.2663 10.2
    endloop
  endfacet
  facet normal -0.428206 -0.903681 -0
    outer loop
      vertex 46.7685 17.2201 10.2
      vertex 46.671 17.2663 8
      vertex 46.7685 17.2201 8
    endloop
  endfacet
  facet normal 0.998794 0.0491058 0
    outer loop
      vertex 45.1553 16.1422 10.2
      vertex 45.15 16.25 8
      vertex 45.15 16.25 10.2
    endloop
  endfacet
  facet normal 0.998794 0.0491058 0
    outer loop
      vertex 45.15 16.25 8
      vertex 45.1553 16.1422 10.2
      vertex 45.1553 16.1422 8
    endloop
  endfacet
  facet normal 0.671519 -0.740987 0
    outer loop
      vertex 45.4722 17.0278 8
      vertex 45.5522 17.1003 10.2
      vertex 45.4722 17.0278 10.2
    endloop
  endfacet
  facet normal 0.671519 -0.740987 0
    outer loop
      vertex 45.5522 17.1003 10.2
      vertex 45.4722 17.0278 8
      vertex 45.5522 17.1003 8
    endloop
  endfacet
  facet normal -0.941805 0.33616 0
    outer loop
      vertex 47.2663 15.829 8
      vertex 47.3026 15.9307 10.2
      vertex 47.3026 15.9307 8
    endloop
  endfacet
  facet normal -0.941805 0.33616 0
    outer loop
      vertex 47.3026 15.9307 10.2
      vertex 47.2663 15.829 8
      vertex 47.2663 15.829 10.2
    endloop
  endfacet
  facet normal -0.33616 0.941805 0
    outer loop
      vertex 46.671 15.2337 8
      vertex 46.5693 15.1974 10.2
      vertex 46.671 15.2337 10.2
    endloop
  endfacet
  facet normal -0.33616 0.941805 0
    outer loop
      vertex 46.5693 15.1974 10.2
      vertex 46.671 15.2337 8
      vertex 46.5693 15.1974 8
    endloop
  endfacet
  facet normal -0.740987 0.671519 0
    outer loop
      vertex 47.0278 15.4722 8
      vertex 47.1003 15.5522 10.2
      vertex 47.1003 15.5522 8
    endloop
  endfacet
  facet normal -0.740987 0.671519 0
    outer loop
      vertex 47.1003 15.5522 10.2
      vertex 47.0278 15.4722 8
      vertex 47.0278 15.4722 10.2
    endloop
  endfacet
  facet normal -0.989233 -0.146347 0
    outer loop
      vertex 47.3447 16.3578 8
      vertex 47.3289 16.4646 10.2
      vertex 47.3289 16.4646 8
    endloop
  endfacet
  facet normal -0.989233 -0.146347 0
    outer loop
      vertex 47.3289 16.4646 10.2
      vertex 47.3447 16.3578 8
      vertex 47.3447 16.3578 10.2
    endloop
  endfacet
  facet normal -0.903681 -0.428206 0
    outer loop
      vertex 47.2663 16.671 8
      vertex 47.2201 16.7685 10.2
      vertex 47.2201 16.7685 8
    endloop
  endfacet
  facet normal -0.903681 -0.428206 0
    outer loop
      vertex 47.2201 16.7685 10.2
      vertex 47.2663 16.671 8
      vertex 47.2663 16.671 10.2
    endloop
  endfacet
  facet normal -0.857738 -0.514087 0
    outer loop
      vertex 47.2201 16.7685 8
      vertex 47.1646 16.8611 10.2
      vertex 47.1646 16.8611 8
    endloop
  endfacet
  facet normal -0.857738 -0.514087 0
    outer loop
      vertex 47.1646 16.8611 10.2
      vertex 47.2201 16.7685 8
      vertex 47.2201 16.7685 10.2
    endloop
  endfacet
  facet normal -0.803212 -0.595693 0
    outer loop
      vertex 47.1646 16.8611 8
      vertex 47.1003 16.9478 10.2
      vertex 47.1003 16.9478 8
    endloop
  endfacet
  facet normal -0.803212 -0.595693 0
    outer loop
      vertex 47.1003 16.9478 10.2
      vertex 47.1646 16.8611 8
      vertex 47.1646 16.8611 10.2
    endloop
  endfacet
  facet normal -0.671519 -0.740987 0
    outer loop
      vertex 46.9478 17.1003 8
      vertex 47.0278 17.0278 10.2
      vertex 46.9478 17.1003 10.2
    endloop
  endfacet
  facet normal -0.671519 -0.740987 -0
    outer loop
      vertex 47.0278 17.0278 10.2
      vertex 46.9478 17.1003 8
      vertex 47.0278 17.0278 8
    endloop
  endfacet
  facet normal 0.0491058 -0.998794 0
    outer loop
      vertex 46.1422 17.3447 8
      vertex 46.25 17.35 10.2
      vertex 46.1422 17.3447 10.2
    endloop
  endfacet
  facet normal 0.0491058 -0.998794 0
    outer loop
      vertex 46.25 17.35 10.2
      vertex 46.1422 17.3447 8
      vertex 46.25 17.35 8
    endloop
  endfacet
  facet normal -0.33616 -0.941805 0
    outer loop
      vertex 46.5693 17.3026 8
      vertex 46.671 17.2663 10.2
      vertex 46.5693 17.3026 10.2
    endloop
  endfacet
  facet normal -0.33616 -0.941805 -0
    outer loop
      vertex 46.671 17.2663 10.2
      vertex 46.5693 17.3026 8
      vertex 46.671 17.2663 8
    endloop
  endfacet
  facet normal -0.146347 -0.989233 0
    outer loop
      vertex 46.3578 17.3447 8
      vertex 46.4646 17.3289 10.2
      vertex 46.3578 17.3447 10.2
    endloop
  endfacet
  facet normal -0.146347 -0.989233 -0
    outer loop
      vertex 46.4646 17.3289 10.2
      vertex 46.3578 17.3447 8
      vertex 46.4646 17.3289 8
    endloop
  endfacet
  facet normal 0.989233 -0.146347 0
    outer loop
      vertex 45.1553 16.3578 10.2
      vertex 45.1711 16.4646 8
      vertex 45.1711 16.4646 10.2
    endloop
  endfacet
  facet normal 0.989233 -0.146347 0
    outer loop
      vertex 45.1711 16.4646 8
      vertex 45.1553 16.3578 10.2
      vertex 45.1553 16.3578 8
    endloop
  endfacet
  facet normal 0.998794 -0.0491058 0
    outer loop
      vertex 45.15 16.25 10.2
      vertex 45.1553 16.3578 8
      vertex 45.1553 16.3578 10.2
    endloop
  endfacet
  facet normal 0.998794 -0.0491058 0
    outer loop
      vertex 45.1553 16.3578 8
      vertex 45.15 16.25 10.2
      vertex 45.15 16.25 8
    endloop
  endfacet
  facet normal 0.803212 -0.595693 0
    outer loop
      vertex 45.3354 16.8611 10.2
      vertex 45.3997 16.9478 8
      vertex 45.3997 16.9478 10.2
    endloop
  endfacet
  facet normal 0.803212 -0.595693 0
    outer loop
      vertex 45.3997 16.9478 8
      vertex 45.3354 16.8611 10.2
      vertex 45.3354 16.8611 8
    endloop
  endfacet
  facet normal 0.903681 -0.428206 0
    outer loop
      vertex 45.2337 16.671 10.2
      vertex 45.2799 16.7685 8
      vertex 45.2799 16.7685 10.2
    endloop
  endfacet
  facet normal 0.903681 -0.428206 0
    outer loop
      vertex 45.2799 16.7685 8
      vertex 45.2337 16.671 10.2
      vertex 45.2337 16.671 8
    endloop
  endfacet
  facet normal 0.857738 -0.514087 0
    outer loop
      vertex 45.2799 16.7685 10.2
      vertex 45.3354 16.8611 8
      vertex 45.3354 16.8611 10.2
    endloop
  endfacet
  facet normal 0.857738 -0.514087 0
    outer loop
      vertex 45.3354 16.8611 8
      vertex 45.2799 16.7685 10.2
      vertex 45.2799 16.7685 8
    endloop
  endfacet
  facet normal 0.146347 -0.989233 0
    outer loop
      vertex 46.0354 17.3289 8
      vertex 46.1422 17.3447 10.2
      vertex 46.0354 17.3289 10.2
    endloop
  endfacet
  facet normal 0.146347 -0.989233 0
    outer loop
      vertex 46.1422 17.3447 10.2
      vertex 46.0354 17.3289 8
      vertex 46.1422 17.3447 8
    endloop
  endfacet
  facet normal 0.33616 -0.941805 0
    outer loop
      vertex 45.829 17.2663 8
      vertex 45.9307 17.3026 10.2
      vertex 45.829 17.2663 10.2
    endloop
  endfacet
  facet normal 0.33616 -0.941805 0
    outer loop
      vertex 45.9307 17.3026 10.2
      vertex 45.829 17.2663 8
      vertex 45.9307 17.3026 8
    endloop
  endfacet
  facet normal 0.243625 -0.969869 0
    outer loop
      vertex 45.9307 17.3026 8
      vertex 46.0354 17.3289 10.2
      vertex 45.9307 17.3026 10.2
    endloop
  endfacet
  facet normal 0.243625 -0.969869 0
    outer loop
      vertex 46.0354 17.3289 10.2
      vertex 45.9307 17.3026 8
      vertex 46.0354 17.3289 8
    endloop
  endfacet
  facet normal 0.514087 -0.857738 0
    outer loop
      vertex 45.6389 17.1646 8
      vertex 45.7315 17.2201 10.2
      vertex 45.6389 17.1646 10.2
    endloop
  endfacet
  facet normal 0.514087 -0.857738 0
    outer loop
      vertex 45.7315 17.2201 10.2
      vertex 45.6389 17.1646 8
      vertex 45.7315 17.2201 8
    endloop
  endfacet
  facet normal 0.595693 -0.803212 0
    outer loop
      vertex 45.5522 17.1003 8
      vertex 45.6389 17.1646 10.2
      vertex 45.5522 17.1003 10.2
    endloop
  endfacet
  facet normal 0.595693 -0.803212 0
    outer loop
      vertex 45.6389 17.1646 10.2
      vertex 45.5522 17.1003 8
      vertex 45.6389 17.1646 8
    endloop
  endfacet
  facet normal 0.740987 -0.671519 0
    outer loop
      vertex 45.3997 16.9478 10.2
      vertex 45.4722 17.0278 8
      vertex 45.4722 17.0278 10.2
    endloop
  endfacet
  facet normal 0.740987 -0.671519 0
    outer loop
      vertex 45.4722 17.0278 8
      vertex 45.3997 16.9478 10.2
      vertex 45.3997 16.9478 8
    endloop
  endfacet
  facet normal -0.998794 -0.0491058 0
    outer loop
      vertex 47.35 16.25 8
      vertex 47.3447 16.3578 10.2
      vertex 47.3447 16.3578 8
    endloop
  endfacet
  facet normal -0.998794 -0.0491058 0
    outer loop
      vertex 47.3447 16.3578 10.2
      vertex 47.35 16.25 8
      vertex 47.35 16.25 10.2
    endloop
  endfacet
  facet normal -0.146347 0.989233 0
    outer loop
      vertex 46.4646 15.1711 8
      vertex 46.3578 15.1553 10.2
      vertex 46.4646 15.1711 10.2
    endloop
  endfacet
  facet normal -0.146347 0.989233 0
    outer loop
      vertex 46.3578 15.1553 10.2
      vertex 46.4646 15.1711 8
      vertex 46.3578 15.1553 8
    endloop
  endfacet
  facet normal -0.969869 0.243625 0
    outer loop
      vertex 47.3026 15.9307 8
      vertex 47.3289 16.0354 10.2
      vertex 47.3289 16.0354 8
    endloop
  endfacet
  facet normal -0.969869 0.243625 0
    outer loop
      vertex 47.3289 16.0354 10.2
      vertex 47.3026 15.9307 8
      vertex 47.3026 15.9307 10.2
    endloop
  endfacet
  facet normal -0.243625 0.969869 0
    outer loop
      vertex 46.5693 15.1974 8
      vertex 46.4646 15.1711 10.2
      vertex 46.5693 15.1974 10.2
    endloop
  endfacet
  facet normal -0.243625 0.969869 0
    outer loop
      vertex 46.4646 15.1711 10.2
      vertex 46.5693 15.1974 8
      vertex 46.4646 15.1711 8
    endloop
  endfacet
  facet normal -0.514087 0.857738 0
    outer loop
      vertex 46.8611 15.3354 8
      vertex 46.7685 15.2799 10.2
      vertex 46.8611 15.3354 10.2
    endloop
  endfacet
  facet normal -0.514087 0.857738 0
    outer loop
      vertex 46.7685 15.2799 10.2
      vertex 46.8611 15.3354 8
      vertex 46.7685 15.2799 8
    endloop
  endfacet
  facet normal -0.671519 0.740987 0
    outer loop
      vertex 47.0278 15.4722 8
      vertex 46.9478 15.3997 10.2
      vertex 47.0278 15.4722 10.2
    endloop
  endfacet
  facet normal -0.671519 0.740987 0
    outer loop
      vertex 46.9478 15.3997 10.2
      vertex 47.0278 15.4722 8
      vertex 46.9478 15.3997 8
    endloop
  endfacet
  facet normal -0.803212 0.595693 0
    outer loop
      vertex 47.1003 15.5522 8
      vertex 47.1646 15.6389 10.2
      vertex 47.1646 15.6389 8
    endloop
  endfacet
  facet normal -0.803212 0.595693 0
    outer loop
      vertex 47.1646 15.6389 10.2
      vertex 47.1003 15.5522 8
      vertex 47.1003 15.5522 10.2
    endloop
  endfacet
  facet normal -0.903681 0.428206 0
    outer loop
      vertex 47.2201 15.7315 8
      vertex 47.2663 15.829 10.2
      vertex 47.2663 15.829 8
    endloop
  endfacet
  facet normal -0.903681 0.428206 0
    outer loop
      vertex 47.2663 15.829 10.2
      vertex 47.2201 15.7315 8
      vertex 47.2201 15.7315 10.2
    endloop
  endfacet
  facet normal -0.857738 0.514087 0
    outer loop
      vertex 47.1646 15.6389 8
      vertex 47.2201 15.7315 10.2
      vertex 47.2201 15.7315 8
    endloop
  endfacet
  facet normal -0.857738 0.514087 0
    outer loop
      vertex 47.2201 15.7315 10.2
      vertex 47.1646 15.6389 8
      vertex 47.1646 15.6389 10.2
    endloop
  endfacet
  facet normal 0.0491058 0.998794 -0
    outer loop
      vertex 46.25 15.15 8
      vertex 46.1422 15.1553 10.2
      vertex 46.25 15.15 10.2
    endloop
  endfacet
  facet normal 0.0491058 0.998794 0
    outer loop
      vertex 46.1422 15.1553 10.2
      vertex 46.25 15.15 8
      vertex 46.1422 15.1553 8
    endloop
  endfacet
  facet normal -0.0491058 0.998794 0
    outer loop
      vertex 46.3578 15.1553 8
      vertex 46.25 15.15 10.2
      vertex 46.3578 15.1553 10.2
    endloop
  endfacet
  facet normal -0.0491058 0.998794 0
    outer loop
      vertex 46.25 15.15 10.2
      vertex 46.3578 15.1553 8
      vertex 46.25 15.15 8
    endloop
  endfacet
  facet normal 0.428206 0.903681 -0
    outer loop
      vertex 45.829 15.2337 8
      vertex 45.7315 15.2799 10.2
      vertex 45.829 15.2337 10.2
    endloop
  endfacet
  facet normal 0.428206 0.903681 0
    outer loop
      vertex 45.7315 15.2799 10.2
      vertex 45.829 15.2337 8
      vertex 45.7315 15.2799 8
    endloop
  endfacet
  facet normal 0.595693 0.803212 -0
    outer loop
      vertex 45.6389 15.3354 8
      vertex 45.5522 15.3997 10.2
      vertex 45.6389 15.3354 10.2
    endloop
  endfacet
  facet normal 0.595693 0.803212 0
    outer loop
      vertex 45.5522 15.3997 10.2
      vertex 45.6389 15.3354 8
      vertex 45.5522 15.3997 8
    endloop
  endfacet
  facet normal 0.941805 0.33616 0
    outer loop
      vertex 45.2337 15.829 10.2
      vertex 45.1974 15.9307 8
      vertex 45.1974 15.9307 10.2
    endloop
  endfacet
  facet normal 0.941805 0.33616 0
    outer loop
      vertex 45.1974 15.9307 8
      vertex 45.2337 15.829 10.2
      vertex 45.2337 15.829 8
    endloop
  endfacet
  facet normal 0.989233 0.146347 0
    outer loop
      vertex 45.1711 16.0354 10.2
      vertex 45.1553 16.1422 8
      vertex 45.1553 16.1422 10.2
    endloop
  endfacet
  facet normal 0.989233 0.146347 0
    outer loop
      vertex 45.1553 16.1422 8
      vertex 45.1711 16.0354 10.2
      vertex 45.1711 16.0354 8
    endloop
  endfacet
  facet normal 0.671519 0.740987 -0
    outer loop
      vertex 45.5522 15.3997 8
      vertex 45.4722 15.4722 10.2
      vertex 45.5522 15.3997 10.2
    endloop
  endfacet
  facet normal 0.671519 0.740987 0
    outer loop
      vertex 45.4722 15.4722 10.2
      vertex 45.5522 15.3997 8
      vertex 45.4722 15.4722 8
    endloop
  endfacet
  facet normal 0.740987 0.671519 0
    outer loop
      vertex 45.4722 15.4722 10.2
      vertex 45.3997 15.5522 8
      vertex 45.3997 15.5522 10.2
    endloop
  endfacet
  facet normal 0.740987 0.671519 0
    outer loop
      vertex 45.3997 15.5522 8
      vertex 45.4722 15.4722 10.2
      vertex 45.4722 15.4722 8
    endloop
  endfacet
  facet normal -0.0491058 -0.998794 0
    outer loop
      vertex 46.25 17.35 8
      vertex 46.3578 17.3447 10.2
      vertex 46.25 17.35 10.2
    endloop
  endfacet
  facet normal -0.0491058 -0.998794 -0
    outer loop
      vertex 46.3578 17.3447 10.2
      vertex 46.25 17.35 8
      vertex 46.3578 17.3447 8
    endloop
  endfacet
  facet normal -0.243625 -0.969869 0
    outer loop
      vertex 46.4646 17.3289 8
      vertex 46.5693 17.3026 10.2
      vertex 46.4646 17.3289 10.2
    endloop
  endfacet
  facet normal -0.243625 -0.969869 -0
    outer loop
      vertex 46.5693 17.3026 10.2
      vertex 46.4646 17.3289 8
      vertex 46.5693 17.3026 8
    endloop
  endfacet
  facet normal 0.969869 -0.243625 0
    outer loop
      vertex 45.1711 16.4646 10.2
      vertex 45.1974 16.5693 8
      vertex 45.1974 16.5693 10.2
    endloop
  endfacet
  facet normal 0.969869 -0.243625 0
    outer loop
      vertex 45.1974 16.5693 8
      vertex 45.1711 16.4646 10.2
      vertex 45.1711 16.4646 8
    endloop
  endfacet
  facet normal -0.989233 0.146347 0
    outer loop
      vertex 47.3289 16.0354 8
      vertex 47.3447 16.1422 10.2
      vertex 47.3447 16.1422 8
    endloop
  endfacet
  facet normal -0.989233 0.146347 0
    outer loop
      vertex 47.3447 16.1422 10.2
      vertex 47.3289 16.0354 8
      vertex 47.3289 16.0354 10.2
    endloop
  endfacet
  facet normal -0.998794 0.0491058 0
    outer loop
      vertex 47.3447 16.1422 8
      vertex 47.35 16.25 10.2
      vertex 47.35 16.25 8
    endloop
  endfacet
  facet normal -0.998794 0.0491058 0
    outer loop
      vertex 47.35 16.25 10.2
      vertex 47.3447 16.1422 8
      vertex 47.3447 16.1422 10.2
    endloop
  endfacet
  facet normal -0.428206 0.903681 0
    outer loop
      vertex 46.7685 15.2799 8
      vertex 46.671 15.2337 10.2
      vertex 46.7685 15.2799 10.2
    endloop
  endfacet
  facet normal -0.428206 0.903681 0
    outer loop
      vertex 46.671 15.2337 10.2
      vertex 46.7685 15.2799 8
      vertex 46.671 15.2337 8
    endloop
  endfacet
  facet normal -0.595693 0.803212 0
    outer loop
      vertex 46.9478 15.3997 8
      vertex 46.8611 15.3354 10.2
      vertex 46.9478 15.3997 10.2
    endloop
  endfacet
  facet normal -0.595693 0.803212 0
    outer loop
      vertex 46.8611 15.3354 10.2
      vertex 46.9478 15.3997 8
      vertex 46.8611 15.3354 8
    endloop
  endfacet
  facet normal 0.146347 0.989233 -0
    outer loop
      vertex 46.1422 15.1553 8
      vertex 46.0354 15.1711 10.2
      vertex 46.1422 15.1553 10.2
    endloop
  endfacet
  facet normal 0.146347 0.989233 0
    outer loop
      vertex 46.0354 15.1711 10.2
      vertex 46.1422 15.1553 8
      vertex 46.0354 15.1711 8
    endloop
  endfacet
  facet normal 0.514087 0.857738 -0
    outer loop
      vertex 45.7315 15.2799 8
      vertex 45.6389 15.3354 10.2
      vertex 45.7315 15.2799 10.2
    endloop
  endfacet
  facet normal 0.514087 0.857738 0
    outer loop
      vertex 45.6389 15.3354 10.2
      vertex 45.7315 15.2799 8
      vertex 45.6389 15.3354 8
    endloop
  endfacet
  facet normal 0.33616 0.941805 -0
    outer loop
      vertex 45.9307 15.1974 8
      vertex 45.829 15.2337 10.2
      vertex 45.9307 15.1974 10.2
    endloop
  endfacet
  facet normal 0.33616 0.941805 0
    outer loop
      vertex 45.829 15.2337 10.2
      vertex 45.9307 15.1974 8
      vertex 45.829 15.2337 8
    endloop
  endfacet
  facet normal 0.969869 0.243625 0
    outer loop
      vertex 45.1974 15.9307 10.2
      vertex 45.1711 16.0354 8
      vertex 45.1711 16.0354 10.2
    endloop
  endfacet
  facet normal 0.969869 0.243625 0
    outer loop
      vertex 45.1711 16.0354 8
      vertex 45.1974 15.9307 10.2
      vertex 45.1974 15.9307 8
    endloop
  endfacet
  facet normal 0.903681 0.428206 0
    outer loop
      vertex 45.2799 15.7315 10.2
      vertex 45.2337 15.829 8
      vertex 45.2337 15.829 10.2
    endloop
  endfacet
  facet normal 0.903681 0.428206 0
    outer loop
      vertex 45.2337 15.829 8
      vertex 45.2799 15.7315 10.2
      vertex 45.2799 15.7315 8
    endloop
  endfacet
  facet normal 0.803212 0.595693 0
    outer loop
      vertex 45.3997 15.5522 10.2
      vertex 45.3354 15.6389 8
      vertex 45.3354 15.6389 10.2
    endloop
  endfacet
  facet normal 0.803212 0.595693 0
    outer loop
      vertex 45.3354 15.6389 8
      vertex 45.3997 15.5522 10.2
      vertex 45.3997 15.5522 8
    endloop
  endfacet
  facet normal 0 0 -1
    outer loop
      vertex 0 9.5 3.1
      vertex 2 19 3.1
      vertex 2 9.5 3.1
    endloop
  endfacet
  facet normal -0 0 -1
    outer loop
      vertex 2 19 3.1
      vertex 0 9.5 3.1
      vertex 0 19 3.1
    endloop
  endfacet
  facet normal 0 1 0
    outer loop
      vertex 1.25 9.5 1.6
      vertex 2 9.5 3.1
      vertex 2 9.5 1.6
    endloop
  endfacet
  facet normal 0 1 0
    outer loop
      vertex 2 9.5 3.1
      vertex 1.25 9.5 1.6
      vertex 0 9.5 3.1
    endloop
  endfacet
  facet normal 0 1 0
    outer loop
      vertex 0 9.5 0
      vertex 1.25 9.5 1.6
      vertex 1.25 9.5 0
    endloop
  endfacet
  facet normal 0 1 0
    outer loop
      vertex 1.25 9.5 1.6
      vertex 0 9.5 0
      vertex 0 9.5 3.1
    endloop
  endfacet
  facet normal 0 -1 0
    outer loop
      vertex 0 19 3.1
      vertex 1.25 19 1.6
      vertex 2 19 3.1
    endloop
  endfacet
  facet normal 0 -1 0
    outer loop
      vertex 0 19 0
      vertex 1.25 19 1.6
      vertex 0 19 3.1
    endloop
  endfacet
  facet normal 0 -1 -0
    outer loop
      vertex 1.25 19 1.6
      vertex 0 19 0
      vertex 1.25 19 0
    endloop
  endfacet
  facet normal 0 -1 -0
    outer loop
      vertex 2 19 3.1
      vertex 1.25 19 1.6
      vertex 2 19 1.6
    endloop
  endfacet
endsolid OpenSCAD_Model
